model,date,timestamp,direction,held_shares,equity_marked,marked_leverage
A,2025-04-02,2025-04-02 10:00:00,0,0,100000.0,0.0
A,2025-04-02,2025-04-02 10:30:00,0,0,100000.0,0.0
A,2025-04-02,2025-04-02 11:00:00,0,0,100000.0,0.0
A,2025-04-02,2025-04-02 11:30:00,1,180,99999.19,1.0081642261302315
A,2025-04-02,2025-04-02 12:00:00,1,180,99827.38000000002,1.0081782773423482
A,2025-04-02,2025-04-02 12:30:00,1,180,100181.74600000001,1.0081493488843767
A,2025-04-02,2025-04-02 13:00:00,1,180,100426.042,1.0081295248099091
A,2025-04-02,2025-04-02 13:30:00,1,180,100486.00000000001,1.0081246740839518
A,2025-04-02,2025-04-02 14:00:00,1,180,100099.41400000002,1.0081560517427204
A,2025-04-02,2025-04-02 14:30:00,1,180,99587.54800000001,1.0081979727023704
A,2025-04-02,2025-04-02 15:00:00,1,180,99644.82400000002,1.008193260494895
A,2025-04-02,2025-04-02 15:30:00,1,180,99927.604,1.0081700748073574
A,2025-04-02,2025-04-02 16:00:00,0,0,100216.72000000002,0.0
A,2025-04-03,2025-04-03 10:00:00,0,0,100216.72000000002,0.0
A,2025-04-03,2025-04-03 10:30:00,-1,-185,100215.88750000001,0.9966127476544075
A,2025-04-03,2025-04-03 11:00:00,-1,-185,100736.44050000001,0.9862953019468659
A,2025-04-03,2025-04-03 11:30:00,-1,-185,100456.85000000002,0.9918235391613412
A,2025-04-03,2025-04-03 12:00:00,-1,-185,100100.00350000002,0.9989241908468063
A,2025-04-03,2025-04-03 12:30:00,-1,-185,99665.88250000002,1.0076310316120463
A,2025-04-03,2025-04-03 13:00:00,-1,-185,100131.2685,0.9983000465034556
A,2025-04-03,2025-04-03 13:30:00,-1,-185,100373.15600000002,0.9934843784328151
A,2025-04-03,2025-04-03 14:00:00,-1,-185,100416.37200000002,0.992626446412543
A,2025-04-03,2025-04-03 14:30:00,-1,-185,100625.16300000002,0.9884918695734186
A,2025-04-03,2025-04-03 15:00:00,-1,-185,100431.09800000003,0.9923342718009512
A,2025-04-03,2025-04-03 15:30:00,-1,-185,100911.19150000002,0.9828555735564769
A,2025-04-03,2025-04-03 16:00:00,0,0,101368.38200000001,0.0
A,2025-04-04,2025-04-04 10:00:00,0,0,101368.38200000001,0.0
A,2025-04-04,2025-04-04 10:30:00,-1,-194,101367.509,0.9821779856502145
A,2025-04-04,2025-04-04 11:00:00,-1,-194,101545.9502,0.9786948116026393
A,2025-04-04,2025-04-04 11:30:00,-1,-194,101329.89240000001,0.9829138277067784
A,2025-04-04,2025-04-04 12:00:00,-1,-194,101571.015,0.9782065267340294
A,2025-04-04,2025-04-04 12:30:00,-1,-194,102111.1498,0.967742457053402
A,2025-04-04,2025-04-04 13:00:00,-1,-194,102172.8418,0.9665543334236595
A,2025-04-04,2025-04-04 13:30:00,-1,-194,102383.0796,0.9625161265416752
A,2025-04-04,2025-04-04 14:00:00,-1,-194,101636.6064,0.9769298869467173
A,2025-04-04,2025-04-04 14:30:00,-1,-194,102769.8574,0.9551301313764401
A,2025-04-04,2025-04-04 15:00:00,-1,-194,102940.558,0.9518880478576771
A,2025-04-04,2025-04-04 15:30:00,-1,-194,102504.62060000001,0.9601891468295429
A,2025-04-04,2025-04-04 16:00:00,0,0,103462.4374,0.0
A,2025-04-07,2025-04-07 10:00:00,0,0,103462.4374,0.0
A,2025-04-07,2025-04-07 10:30:00,0,0,103462.4374,0.0
A,2025-04-07,2025-04-07 11:00:00,0,0,103462.4374,0.0
A,2025-04-07,2025-04-07 11:30:00,0,0,103462.4374,0.0
A,2025-04-07,2025-04-07 12:00:00,0,0,103462.4374,0.0
A,2025-04-07,2025-04-07 12:30:00,0,0,103462.4374,0.0
A,2025-04-07,2025-04-07 13:00:00,0,0,103462.4374,0.0
A,2025-04-07,2025-04-07 13:30:00,0,0,103462.4374,0.0
A,2025-04-07,2025-04-07 14:00:00,1,210,103461.49239999999,1.0276682612399666
A,2025-04-07,2025-04-07 14:30:00,1,210,102617.94339999999,1.0278957023026833
A,2025-04-07,2025-04-07 15:00:00,1,210,102185.72139999998,1.0280136946804392
A,2025-04-07,2025-04-07 15:30:00,1,210,101673.1114,1.0281549326127932
A,2025-04-07,2025-04-07 16:00:00,0,0,102452.04339999998,0.0
A,2025-04-08,2025-04-08 10:00:00,0,0,102452.04339999998,0.0
A,2025-04-08,2025-04-08 10:30:00,0,0,102452.04339999998,0.0
A,2025-04-08,2025-04-08 11:00:00,0,0,102452.04339999998,0.0
A,2025-04-08,2025-04-08 11:30:00,0,0,102452.04339999998,0.0
A,2025-04-08,2025-04-08 12:00:00,0,0,102452.04339999998,0.0
A,2025-04-08,2025-04-08 12:30:00,0,0,102452.04339999998,0.0
A,2025-04-08,2025-04-08 13:00:00,0,0,102452.04339999998,0.0
A,2025-04-08,2025-04-08 13:30:00,0,0,102452.04339999998,0.0
A,2025-04-08,2025-04-08 14:00:00,0,0,102452.04339999998,0.0
A,2025-04-08,2025-04-08 14:30:00,0,0,102452.04339999998,0.0
A,2025-04-08,2025-04-08 15:00:00,0,0,102452.04339999998,0.0
A,2025-04-08,2025-04-08 15:30:00,-1,-197,102451.15689999999,0.9507178019968265
A,2025-04-08,2025-04-08 16:00:00,0,0,102603.77279999999,0.0
A,2025-04-09,2025-04-09 10:00:00,0,0,102603.77279999999,0.0
A,2025-04-09,2025-04-09 10:30:00,0,0,102603.77279999999,0.0
A,2025-04-09,2025-04-09 11:00:00,-1,-206,102602.8458,0.9844298295281787
A,2025-04-09,2025-04-09 11:30:00,-1,-206,101564.3792,1.0047200544499562
A,2025-04-09,2025-04-09 12:00:00,-1,-206,102033.4412,0.9955040759715159
A,2025-04-09,2025-04-09 12:30:00,-1,-206,101384.1498,1.008283821501258
A,2025-04-09,2025-04-09 13:00:00,-1,-206,100921.2472,1.0174953584996915
A,2025-04-09,2025-04-09 13:30:00,1,206,96120.33479999998,1.1182437017479057
A,2025-04-09,2025-04-09 14:00:00,1,206,98333.45459999998,1.1155824764443902
A,2025-04-09,2025-04-09 14:30:00,1,206,98893.67159999996,1.1149277200058982
A,2025-04-09,2025-04-09 15:00:00,1,206,97431.21579999996,1.1166528007135885
A,2025-04-09,2025-04-09 15:30:00,1,206,99370.91179999997,1.1143757664503995
A,2025-04-09,2025-04-09 16:00:00,0,0,101004.47119999997,0.0
A,2025-04-10,2025-04-10 10:00:00,0,0,101004.47119999997,0.0
A,2025-04-10,2025-04-10 10:30:00,0,0,101004.47119999997,0.0
A,2025-04-10,2025-04-10 11:00:00,0,0,101004.47119999997,0.0
A,2025-04-10,2025-04-10 11:30:00,-1,-192,101003.60719999997,0.9900230969176717
A,2025-04-10,2025-04-10 12:00:00,-1,-192,102049.75759999998,0.9696226226018984
A,2025-04-10,2025-04-10 12:30:00,-1,-192,103318.32079999997,0.9454391984272359
A,2025-04-10,2025-04-10 13:00:00,-1,-192,101788.21519999998,0.9746835211233769
A,2025-04-10,2025-04-10 13:30:00,-1,-192,101927.58799999997,0.971983396683536
A,2025-04-10,2025-04-10 14:00:00,-1,-192,100929.14959999998,0.9914911796700606
A,2025-04-10,2025-04-10 14:30:00,-1,-192,100098.71119999998,1.0080129782929714
A,2025-04-10,2025-04-10 15:00:00,-1,-192,100705.79599999997,0.9959080726594925
A,2025-04-10,2025-04-10 15:30:00,-1,-192,101274.69199999998,0.9846963464475411
A,2025-04-10,2025-04-10 16:00:00,0,0,100853.82799999998,0.0
A,2025-04-11,2025-04-11 10:00:00,0,0,100853.82799999998,0.0
A,2025-04-11,2025-04-11 10:30:00,-1,-193,100852.95949999998,0.990444064261694
A,2025-04-11,2025-04-11 11:00:00,-1,-193,100394.33359999998,0.9995369001582777
A,2025-04-11,2025-04-11 11:30:00,-1,-193,100386.65219999998,0.9996899010045881
A,2025-04-11,2025-04-11 12:00:00,-1,-193,99620.98259999999,1.015059170877923
A,2025-04-11,2025-04-11 12:30:00,-1,-193,99513.50089999998,1.0172355789364056
A,2025-04-11,2025-04-11 13:00:00,1,193,98684.68169999999,1.0341600554607657
A,2025-04-11,2025-04-11 13:30:00,1,193,98301.84689999997,1.0342930911911485
A,2025-04-11,2025-04-11 14:00:00,1,193,99241.1779,1.03396850250404
A,2025-04-11,2025-04-11 14:30:00,1,193,98949.49699999999,1.0340686340224652
A,2025-04-11,2025-04-11 15:00:00,1,193,98751.82639999998,1.0341368288860329
A,2025-04-11,2025-04-11 15:30:00,1,193,99197.0388,1.0339836172609622
A,2025-04-11,2025-04-11 16:00:00,0,0,99090.63789999999,0.0
A,2025-04-14,2025-04-14 10:00:00,0,0,99090.63789999999,0.0
A,2025-04-14,2025-04-14 10:30:00,0,0,99090.63789999999,0.0
A,2025-04-14,2025-04-14 11:00:00,0,0,99090.63789999999,0.0
A,2025-04-14,2025-04-14 11:30:00,0,0,99090.63789999999,0.0
A,2025-04-14,2025-04-14 12:00:00,0,0,99090.63789999999,0.0
A,2025-04-14,2025-04-14 12:30:00,0,0,99090.63789999999,0.0
A,2025-04-14,2025-04-14 13:00:00,0,0,99090.63789999999,0.0
A,2025-04-14,2025-04-14 13:30:00,0,0,99090.63789999999,0.0
A,2025-04-14,2025-04-14 14:00:00,0,0,99090.63789999999,0.0
A,2025-04-14,2025-04-14 14:30:00,0,0,99090.63789999999,0.0
A,2025-04-14,2025-04-14 15:00:00,0,0,99090.63789999999,0.0
A,2025-04-14,2025-04-14 15:30:00,0,0,99090.63789999999,0.0
A,2025-04-14,2025-04-14 16:00:00,0,0,99090.63789999999,0.0
A,2025-04-15,2025-04-15 10:00:00,0,0,99090.63789999999,0.0
A,2025-04-15,2025-04-15 10:30:00,0,0,99090.63789999999,0.0
A,2025-04-15,2025-04-15 11:00:00,0,0,99090.63789999999,0.0
A,2025-04-15,2025-04-15 11:30:00,0,0,99090.63789999999,0.0
A,2025-04-15,2025-04-15 12:00:00,0,0,99090.63789999999,0.0
A,2025-04-15,2025-04-15 12:30:00,0,0,99090.63789999999,0.0
A,2025-04-15,2025-04-15 13:00:00,0,0,99090.63789999999,0.0
A,2025-04-15,2025-04-15 13:30:00,0,0,99090.63789999999,0.0
A,2025-04-15,2025-04-15 14:00:00,0,0,99090.63789999999,0.0
A,2025-04-15,2025-04-15 14:30:00,0,0,99090.63789999999,0.0
A,2025-04-15,2025-04-15 15:00:00,0,0,99090.63789999999,0.0
A,2025-04-15,2025-04-15 15:30:00,0,0,99090.63789999999,0.0
A,2025-04-15,2025-04-15 16:00:00,0,0,99090.63789999999,0.0
A,2025-04-16,2025-04-16 10:00:00,0,0,99090.63789999999,0.0
A,2025-04-16,2025-04-16 10:30:00,0,0,99090.63789999999,0.0
A,2025-04-16,2025-04-16 11:00:00,0,0,99090.63789999999,0.0
A,2025-04-16,2025-04-16 11:30:00,0,0,99090.63789999999,0.0
A,2025-04-16,2025-04-16 12:00:00,0,0,99090.63789999999,0.0
A,2025-04-16,2025-04-16 12:30:00,0,0,99090.63789999999,0.0
A,2025-04-16,2025-04-16 13:00:00,0,0,99090.63789999999,0.0
A,2025-04-16,2025-04-16 13:30:00,0,0,99090.63789999999,0.0
A,2025-04-16,2025-04-16 14:00:00,0,0,99090.63789999999,0.0
A,2025-04-16,2025-04-16 14:30:00,0,0,99090.63789999999,0.0
A,2025-04-16,2025-04-16 15:00:00,0,0,99090.63789999999,0.0
A,2025-04-16,2025-04-16 15:30:00,0,0,99090.63789999999,0.0
A,2025-04-16,2025-04-16 16:00:00,0,0,99090.63789999999,0.0
A,2025-04-17,2025-04-17 10:00:00,0,0,99090.63789999999,0.0
A,2025-04-17,2025-04-17 10:30:00,0,0,99090.63789999999,0.0
A,2025-04-17,2025-04-17 11:00:00,0,0,99090.63789999999,0.0
A,2025-04-17,2025-04-17 11:30:00,0,0,99090.63789999999,0.0
A,2025-04-17,2025-04-17 12:00:00,0,0,99090.63789999999,0.0
A,2025-04-17,2025-04-17 12:30:00,0,0,99090.63789999999,0.0
A,2025-04-17,2025-04-17 13:00:00,0,0,99090.63789999999,0.0
A,2025-04-17,2025-04-17 13:30:00,0,0,99090.63789999999,0.0
A,2025-04-17,2025-04-17 14:00:00,0,0,99090.63789999999,0.0
A,2025-04-17,2025-04-17 14:30:00,0,0,99090.63789999999,0.0
A,2025-04-17,2025-04-17 15:00:00,0,0,99090.63789999999,0.0
A,2025-04-17,2025-04-17 15:30:00,0,0,99090.63789999999,0.0
A,2025-04-17,2025-04-17 16:00:00,0,0,99090.63789999999,0.0
A,2025-04-21,2025-04-21 10:00:00,0,0,99090.63789999999,0.0
A,2025-04-21,2025-04-21 10:30:00,0,0,99090.63789999999,0.0
A,2025-04-21,2025-04-21 11:00:00,0,0,99090.63789999999,0.0
A,2025-04-21,2025-04-21 11:30:00,-1,-192,99089.77389999999,0.9884722766533632
A,2025-04-21,2025-04-21 12:00:00,-1,-192,99473.48589999999,0.9808018842134496
A,2025-04-21,2025-04-21 12:30:00,-1,-192,99364.67949999997,0.9829709036599874
A,2025-04-21,2025-04-21 13:00:00,-1,-192,99439.13709999998,0.9814861034227541
A,2025-04-21,2025-04-21 13:30:00,-1,-192,99693.01869999999,0.9764399841570854
A,2025-04-21,2025-04-21 14:00:00,-1,-192,99867.31629999998,0.9729905198223499
A,2025-04-21,2025-04-21 14:30:00,-1,-192,99687.31629999998,0.9765530421847661
A,2025-04-21,2025-04-21 15:00:00,-1,-192,99910.66989999998,0.9721343926250666
A,2025-04-21,2025-04-21 15:30:00,-1,-192,99595.67469999997,0.9783717404747903
A,2025-04-21,2025-04-21 16:00:00,0,0,98934.27309999998,0.0
A,2025-04-22,2025-04-22 10:00:00,0,0,98934.27309999998,0.0
A,2025-04-22,2025-04-22 10:30:00,0,0,98934.27309999998,0.0
A,2025-04-22,2025-04-22 11:00:00,0,0,98934.27309999998,0.0
A,2025-04-22,2025-04-22 11:30:00,0,0,98934.27309999998,0.0
A,2025-04-22,2025-04-22 12:00:00,1,190,98933.41809999998,1.004812922763052
A,2025-04-22,2025-04-22 12:30:00,1,190,99434.98009999999,1.0047886458017206
A,2025-04-22,2025-04-22 13:00:00,1,190,99195.99809999997,1.0048001825589779
A,2025-04-22,2025-04-22 13:30:00,1,190,98248.58209999997,1.0048464709599103
A,2025-04-22,2025-04-22 14:00:00,1,190,98106.89909999998,1.004853470085877
A,2025-04-22,2025-04-22 14:30:00,1,190,98776.61109999998,1.0048205632355414
A,2025-04-22,2025-04-22 15:00:00,1,190,99055.74009999997,1.0048069793786742
A,2025-04-22,2025-04-22 15:30:00,1,190,98637.75909999998,1.0048273491241553
A,2025-04-22,2025-04-22 16:00:00,0,0,99129.02309999998,0.0
A,2025-04-23,2025-04-23 10:00:00,0,0,99129.02309999998,0.0
A,2025-04-23,2025-04-23 10:30:00,0,0,99129.02309999998,0.0
A,2025-04-23,2025-04-23 11:00:00,0,0,99129.02309999998,0.0
A,2025-04-23,2025-04-23 11:30:00,0,0,99129.02309999998,0.0
A,2025-04-23,2025-04-23 12:00:00,0,0,99129.02309999998,0.0
A,2025-04-23,2025-04-23 12:30:00,0,0,99129.02309999998,0.0
A,2025-04-23,2025-04-23 13:00:00,0,0,99129.02309999998,0.0
A,2025-04-23,2025-04-23 13:30:00,0,0,99129.02309999998,0.0
A,2025-04-23,2025-04-23 14:00:00,0,0,99129.02309999998,0.0
A,2025-04-23,2025-04-23 14:30:00,0,0,99129.02309999998,0.0
A,2025-04-23,2025-04-23 15:00:00,0,0,99129.02309999998,0.0
A,2025-04-23,2025-04-23 15:30:00,0,0,99129.02309999998,0.0
A,2025-04-23,2025-04-23 16:00:00,0,0,99129.02309999998,0.0
A,2025-04-24,2025-04-24 10:00:00,0,0,99129.02309999998,0.0
A,2025-04-24,2025-04-24 10:30:00,1,184,99128.19509999998,1.0005542731807493
A,2025-04-24,2025-04-24 11:00:00,1,184,99193.80949999997,1.00055390654192
A,2025-04-24,2025-04-24 11:30:00,1,184,99182.87989999997,1.0005539675804478
A,2025-04-24,2025-04-24 12:00:00,1,184,99256.01989999998,1.0005535593715664
A,2025-04-24,2025-04-24 12:30:00,1,184,99552.38869999998,1.0005519114178727
A,2025-04-24,2025-04-24 13:00:00,1,184,99735.33989999996,1.0005508990098706
A,2025-04-24,2025-04-24 13:30:00,1,184,99647.88469999998,1.000551382502152
A,2025-04-24,2025-04-24 14:00:00,1,184,99700.58229999997,1.0005510910641895
A,2025-04-24,2025-04-24 14:30:00,1,184,99740.82309999997,1.0005508687244835
A,2025-04-24,2025-04-24 15:00:00,1,184,99850.59749999996,1.0005502631068386
A,2025-04-24,2025-04-24 15:30:00,1,184,99636.55029999997,1.0005514452260198
A,2025-04-24,2025-04-24 16:00:00,0,0,99961.36549999999,0.0
A,2025-04-25,2025-04-25 10:00:00,0,0,99961.36549999999,0.0
A,2025-04-25,2025-04-25 10:30:00,0,0,99961.36549999999,0.0
A,2025-04-25,2025-04-25 11:00:00,0,0,99961.36549999999,0.0
A,2025-04-25,2025-04-25 11:30:00,0,0,99961.36549999999,0.0
A,2025-04-25,2025-04-25 12:00:00,0,0,99961.36549999999,0.0
A,2025-04-25,2025-04-25 12:30:00,0,0,99961.36549999999,0.0
A,2025-04-25,2025-04-25 13:00:00,0,0,99961.36549999999,0.0
A,2025-04-25,2025-04-25 13:30:00,0,0,99961.36549999999,0.0
A,2025-04-25,2025-04-25 14:00:00,0,0,99961.36549999999,0.0
A,2025-04-25,2025-04-25 14:30:00,0,0,99961.36549999999,0.0
A,2025-04-25,2025-04-25 15:00:00,0,0,99961.36549999999,0.0
A,2025-04-25,2025-04-25 15:30:00,0,0,99961.36549999999,0.0
A,2025-04-25,2025-04-25 16:00:00,0,0,99961.36549999999,0.0
A,2025-04-28,2025-04-28 10:00:00,0,0,99961.36549999999,0.0
A,2025-04-28,2025-04-28 10:30:00,0,0,99961.36549999999,0.0
A,2025-04-28,2025-04-28 11:00:00,0,0,99961.36549999999,0.0
A,2025-04-28,2025-04-28 11:30:00,0,0,99961.36549999999,0.0
A,2025-04-28,2025-04-28 12:00:00,0,0,99961.36549999999,0.0
A,2025-04-28,2025-04-28 12:30:00,0,0,99961.36549999999,0.0
A,2025-04-28,2025-04-28 13:00:00,0,0,99961.36549999999,0.0
A,2025-04-28,2025-04-28 13:30:00,0,0,99961.36549999999,0.0
A,2025-04-28,2025-04-28 14:00:00,0,0,99961.36549999999,0.0
A,2025-04-28,2025-04-28 14:30:00,0,0,99961.36549999999,0.0
A,2025-04-28,2025-04-28 15:00:00,0,0,99961.36549999999,0.0
A,2025-04-28,2025-04-28 15:30:00,0,0,99961.36549999999,0.0
A,2025-04-28,2025-04-28 16:00:00,0,0,99961.36549999999,0.0
A,2025-04-29,2025-04-29 10:00:00,0,0,99961.36549999999,0.0
A,2025-04-29,2025-04-29 10:30:00,0,0,99961.36549999999,0.0
A,2025-04-29,2025-04-29 11:00:00,0,0,99961.36549999999,0.0
A,2025-04-29,2025-04-29 11:30:00,0,0,99961.36549999999,0.0
A,2025-04-29,2025-04-29 12:00:00,0,0,99961.36549999999,0.0
A,2025-04-29,2025-04-29 12:30:00,0,0,99961.36549999999,0.0
A,2025-04-29,2025-04-29 13:00:00,0,0,99961.36549999999,0.0
A,2025-04-29,2025-04-29 13:30:00,0,0,99961.36549999999,0.0
A,2025-04-29,2025-04-29 14:00:00,0,0,99961.36549999999,0.0
A,2025-04-29,2025-04-29 14:30:00,0,0,99961.36549999999,0.0
A,2025-04-29,2025-04-29 15:00:00,0,0,99961.36549999999,0.0
A,2025-04-29,2025-04-29 15:30:00,0,0,99961.36549999999,0.0
A,2025-04-29,2025-04-29 16:00:00,0,0,99961.36549999999,0.0
A,2025-04-30,2025-04-30 10:00:00,0,0,99961.36549999999,0.0
A,2025-04-30,2025-04-30 10:30:00,0,0,99961.36549999999,0.0
A,2025-04-30,2025-04-30 11:00:00,0,0,99961.36549999999,0.0
A,2025-04-30,2025-04-30 11:30:00,0,0,99961.36549999999,0.0
A,2025-04-30,2025-04-30 12:00:00,0,0,99961.36549999999,0.0
A,2025-04-30,2025-04-30 12:30:00,0,0,99961.36549999999,0.0
A,2025-04-30,2025-04-30 13:00:00,0,0,99961.36549999999,0.0
A,2025-04-30,2025-04-30 13:30:00,0,0,99961.36549999999,0.0
A,2025-04-30,2025-04-30 14:00:00,0,0,99961.36549999999,0.0
A,2025-04-30,2025-04-30 14:30:00,0,0,99961.36549999999,0.0
A,2025-04-30,2025-04-30 15:00:00,0,0,99961.36549999999,0.0
A,2025-04-30,2025-04-30 15:30:00,0,0,99961.36549999999,0.0
A,2025-04-30,2025-04-30 16:00:00,0,0,99961.36549999999,0.0
A,2025-05-01,2025-05-01 10:00:00,0,0,99961.36549999999,0.0
A,2025-05-01,2025-05-01 10:30:00,0,0,99961.36549999999,0.0
A,2025-05-01,2025-05-01 11:00:00,1,179,99960.55999999998,1.0031108459176301
A,2025-05-01,2025-05-01 11:30:00,1,179,99956.99789999999,1.0031109567767442
A,2025-05-01,2025-05-01 12:00:00,1,179,99420.98239999998,1.0031277291019811
A,2025-05-01,2025-05-01 12:30:00,1,179,99412.39039999997,1.003127999424909
A,2025-05-01,2025-05-01 13:00:00,1,179,99314.51319999999,1.0031310821548691
A,2025-05-01,2025-05-01 13:30:00,1,179,99597.49429999998,1.0031221859765203
A,2025-05-01,2025-05-01 14:00:00,1,179,99465.78609999998,1.0031263202372662
A,2025-05-01,2025-05-01 14:30:00,1,179,99696.26649999998,1.003119092729516
A,2025-05-01,2025-05-01 15:00:00,1,179,99670.4726,1.0031198999251059
A,2025-05-01,2025-05-01 15:30:00,1,179,99734.53669999998,1.0031178958692653
A,2025-05-01,2025-05-01 16:00:00,0,0,99084.1044,0.0
A,2025-05-02,2025-05-02 10:00:00,0,0,99084.1044,0.0
A,2025-05-02,2025-05-02 10:30:00,1,176,99083.3124,1.0001576168541577
A,2025-05-02,2025-05-02 11:00:00,1,176,98990.13799999999,1.0001577652109144
A,2025-05-02,2025-05-02 11:30:00,1,176,98810.7588,1.000158051614922
A,2025-05-02,2025-05-02 12:00:00,1,176,99082.87240000001,1.000157617554091
A,2025-05-02,2025-05-02 12:30:00,1,176,99254.3844,1.0001573451902845
A,2025-05-02,2025-05-02 13:00:00,1,176,99296.3604,1.00015727867504
A,2025-05-02,2025-05-02 13:30:00,1,176,99168.63720000001,1.0001574812404501
A,2025-05-02,2025-05-02 14:00:00,1,176,99250.002,1.000157352137887
A,2025-05-02,2025-05-02 14:30:00,1,176,99327.88199999998,1.0001572287628162
A,2025-05-02,2025-05-02 15:00:00,1,176,99216.75559999999,1.0001574048647888
A,2025-05-02,2025-05-02 15:30:00,1,176,99317.3748,1.0001572453967038
A,2025-05-02,2025-05-02 16:00:00,0,0,99164.3428,0.0
A,2025-05-05,2025-05-05 10:00:00,0,0,99164.3428,0.0
A,2025-05-05,2025-05-05 10:30:00,0,0,99164.3428,0.0
A,2025-05-05,2025-05-05 11:00:00,0,0,99164.3428,0.0
A,2025-05-05,2025-05-05 11:30:00,0,0,99164.3428,0.0
A,2025-05-05,2025-05-05 12:00:00,0,0,99164.3428,0.0
A,2025-05-05,2025-05-05 12:30:00,0,0,99164.3428,0.0
A,2025-05-05,2025-05-05 13:00:00,0,0,99164.3428,0.0
A,2025-05-05,2025-05-05 13:30:00,0,0,99164.3428,0.0
A,2025-05-05,2025-05-05 14:00:00,0,0,99164.3428,0.0
A,2025-05-05,2025-05-05 14:30:00,0,0,99164.3428,0.0
A,2025-05-05,2025-05-05 15:00:00,0,0,99164.3428,0.0
A,2025-05-05,2025-05-05 15:30:00,0,0,99164.3428,0.0
A,2025-05-05,2025-05-05 16:00:00,0,0,99164.3428,0.0
A,2025-05-06,2025-05-06 10:00:00,0,0,99164.3428,0.0
A,2025-05-06,2025-05-06 10:30:00,0,0,99164.3428,0.0
A,2025-05-06,2025-05-06 11:00:00,0,0,99164.3428,0.0
A,2025-05-06,2025-05-06 11:30:00,0,0,99164.3428,0.0
A,2025-05-06,2025-05-06 12:00:00,0,0,99164.3428,0.0
A,2025-05-06,2025-05-06 12:30:00,0,0,99164.3428,0.0
A,2025-05-06,2025-05-06 13:00:00,0,0,99164.3428,0.0
A,2025-05-06,2025-05-06 13:30:00,0,0,99164.3428,0.0
A,2025-05-06,2025-05-06 14:00:00,0,0,99164.3428,0.0
A,2025-05-06,2025-05-06 14:30:00,0,0,99164.3428,0.0
A,2025-05-06,2025-05-06 15:00:00,0,0,99164.3428,0.0
A,2025-05-06,2025-05-06 15:30:00,0,0,99164.3428,0.0
A,2025-05-06,2025-05-06 16:00:00,0,0,99164.3428,0.0
A,2025-05-07,2025-05-07 10:00:00,0,0,99164.3428,0.0
A,2025-05-07,2025-05-07 10:30:00,0,0,99164.3428,0.0
A,2025-05-07,2025-05-07 11:00:00,0,0,99164.3428,0.0
A,2025-05-07,2025-05-07 11:30:00,0,0,99164.3428,0.0
A,2025-05-07,2025-05-07 12:00:00,0,0,99164.3428,0.0
A,2025-05-07,2025-05-07 12:30:00,0,0,99164.3428,0.0
A,2025-05-07,2025-05-07 13:00:00,0,0,99164.3428,0.0
A,2025-05-07,2025-05-07 13:30:00,0,0,99164.3428,0.0
A,2025-05-07,2025-05-07 14:00:00,0,0,99164.3428,0.0
A,2025-05-07,2025-05-07 14:30:00,0,0,99164.3428,0.0
A,2025-05-07,2025-05-07 15:00:00,0,0,99164.3428,0.0
A,2025-05-07,2025-05-07 15:30:00,0,0,99164.3428,0.0
A,2025-05-07,2025-05-07 16:00:00,0,0,99164.3428,0.0
A,2025-05-08,2025-05-08 10:00:00,0,0,99164.3428,0.0
A,2025-05-08,2025-05-08 10:30:00,0,0,99164.3428,0.0
A,2025-05-08,2025-05-08 11:00:00,0,0,99164.3428,0.0
A,2025-05-08,2025-05-08 11:30:00,0,0,99164.3428,0.0
A,2025-05-08,2025-05-08 12:00:00,1,176,99163.5508,1.0030144584132823
A,2025-05-08,2025-05-08 12:30:00,1,176,99238.8084,1.0030121724033116
A,2025-05-08,2025-05-08 13:00:00,1,176,99469.7908,1.0030051777287945
A,2025-05-08,2025-05-08 13:30:00,1,176,99310.5636,1.0030099960081185
A,2025-05-08,2025-05-08 14:00:00,1,176,99039.7524,1.0030182264470202
A,2025-05-08,2025-05-08 14:30:00,1,176,99104.0628,1.0030162678658618
A,2025-05-08,2025-05-08 15:00:00,1,176,99153.0612,1.0030147773188467
A,2025-05-08,2025-05-08 15:30:00,1,176,99291.3092,1.0030105797013704
A,2025-05-08,2025-05-08 16:00:00,0,0,98583.52519999999,0.0
A,2025-05-09,2025-05-09 10:00:00,0,0,98583.52519999999,0.0
A,2025-05-09,2025-05-09 10:30:00,0,0,98583.52519999999,0.0
A,2025-05-09,2025-05-09 11:00:00,0,0,98583.52519999999,0.0
A,2025-05-09,2025-05-09 11:30:00,0,0,98583.52519999999,0.0
A,2025-05-09,2025-05-09 12:00:00,0,0,98583.52519999999,0.0
A,2025-05-09,2025-05-09 12:30:00,0,0,98583.52519999999,0.0
A,2025-05-09,2025-05-09 13:00:00,0,0,98583.52519999999,0.0
A,2025-05-09,2025-05-09 13:30:00,0,0,98583.52519999999,0.0
A,2025-05-09,2025-05-09 14:00:00,0,0,98583.52519999999,0.0
A,2025-05-09,2025-05-09 14:30:00,0,0,98583.52519999999,0.0
A,2025-05-09,2025-05-09 15:00:00,0,0,98583.52519999999,0.0
A,2025-05-09,2025-05-09 15:30:00,0,0,98583.52519999999,0.0
A,2025-05-09,2025-05-09 16:00:00,0,0,98583.52519999999,0.0
A,2025-05-12,2025-05-12 10:00:00,0,0,98583.52519999999,0.0
A,2025-05-12,2025-05-12 10:30:00,0,0,98583.52519999999,0.0
A,2025-05-12,2025-05-12 11:00:00,0,0,98583.52519999999,0.0
A,2025-05-12,2025-05-12 11:30:00,0,0,98583.52519999999,0.0
A,2025-05-12,2025-05-12 12:00:00,0,0,98583.52519999999,0.0
A,2025-05-12,2025-05-12 12:30:00,0,0,98583.52519999999,0.0
A,2025-05-12,2025-05-12 13:00:00,0,0,98583.52519999999,0.0
A,2025-05-12,2025-05-12 13:30:00,0,0,98583.52519999999,0.0
A,2025-05-12,2025-05-12 14:00:00,0,0,98583.52519999999,0.0
A,2025-05-12,2025-05-12 14:30:00,0,0,98583.52519999999,0.0
A,2025-05-12,2025-05-12 15:00:00,0,0,98583.52519999999,0.0
A,2025-05-12,2025-05-12 15:30:00,0,0,98583.52519999999,0.0
A,2025-05-12,2025-05-12 16:00:00,0,0,98583.52519999999,0.0
A,2025-05-13,2025-05-13 10:00:00,0,0,98583.52519999999,0.0
A,2025-05-13,2025-05-13 10:30:00,0,0,98583.52519999999,0.0
A,2025-05-13,2025-05-13 11:00:00,0,0,98583.52519999999,0.0
A,2025-05-13,2025-05-13 11:30:00,0,0,98583.52519999999,0.0
A,2025-05-13,2025-05-13 12:00:00,0,0,98583.52519999999,0.0
A,2025-05-13,2025-05-13 12:30:00,0,0,98583.52519999999,0.0
A,2025-05-13,2025-05-13 13:00:00,0,0,98583.52519999999,0.0
A,2025-05-13,2025-05-13 13:30:00,0,0,98583.52519999999,0.0
A,2025-05-13,2025-05-13 14:00:00,0,0,98583.52519999999,0.0
A,2025-05-13,2025-05-13 14:30:00,0,0,98583.52519999999,0.0
A,2025-05-13,2025-05-13 15:00:00,0,0,98583.52519999999,0.0
A,2025-05-13,2025-05-13 15:30:00,0,0,98583.52519999999,0.0
A,2025-05-13,2025-05-13 16:00:00,0,0,98583.52519999999,0.0
A,2025-05-14,2025-05-14 10:00:00,0,0,98583.52519999999,0.0
A,2025-05-14,2025-05-14 10:30:00,0,0,98583.52519999999,0.0
A,2025-05-14,2025-05-14 11:00:00,0,0,98583.52519999999,0.0
A,2025-05-14,2025-05-14 11:30:00,0,0,98583.52519999999,0.0
A,2025-05-14,2025-05-14 12:00:00,0,0,98583.52519999999,0.0
A,2025-05-14,2025-05-14 12:30:00,0,0,98583.52519999999,0.0
A,2025-05-14,2025-05-14 13:00:00,0,0,98583.52519999999,0.0
A,2025-05-14,2025-05-14 13:30:00,0,0,98583.52519999999,0.0
A,2025-05-14,2025-05-14 14:00:00,0,0,98583.52519999999,0.0
A,2025-05-14,2025-05-14 14:30:00,0,0,98583.52519999999,0.0
A,2025-05-14,2025-05-14 15:00:00,0,0,98583.52519999999,0.0
A,2025-05-14,2025-05-14 15:30:00,0,0,98583.52519999999,0.0
A,2025-05-14,2025-05-14 16:00:00,0,0,98583.52519999999,0.0
A,2025-05-15,2025-05-15 10:00:00,0,0,98583.52519999999,0.0
A,2025-05-15,2025-05-15 10:30:00,0,0,98583.52519999999,0.0
A,2025-05-15,2025-05-15 11:00:00,0,0,98583.52519999999,0.0
A,2025-05-15,2025-05-15 11:30:00,0,0,98583.52519999999,0.0
A,2025-05-15,2025-05-15 12:00:00,0,0,98583.52519999999,0.0
A,2025-05-15,2025-05-15 12:30:00,0,0,98583.52519999999,0.0
A,2025-05-15,2025-05-15 13:00:00,0,0,98583.52519999999,0.0
A,2025-05-15,2025-05-15 13:30:00,0,0,98583.52519999999,0.0
A,2025-05-15,2025-05-15 14:00:00,0,0,98583.52519999999,0.0
A,2025-05-15,2025-05-15 14:30:00,0,0,98583.52519999999,0.0
A,2025-05-15,2025-05-15 15:00:00,0,0,98583.52519999999,0.0
A,2025-05-15,2025-05-15 15:30:00,0,0,98583.52519999999,0.0
A,2025-05-15,2025-05-15 16:00:00,0,0,98583.52519999999,0.0
A,2025-05-16,2025-05-16 10:00:00,0,0,98583.52519999999,0.0
A,2025-05-16,2025-05-16 10:30:00,0,0,98583.52519999999,0.0
A,2025-05-16,2025-05-16 11:00:00,0,0,98583.52519999999,0.0
A,2025-05-16,2025-05-16 11:30:00,0,0,98583.52519999999,0.0
A,2025-05-16,2025-05-16 12:00:00,0,0,98583.52519999999,0.0
A,2025-05-16,2025-05-16 12:30:00,0,0,98583.52519999999,0.0
A,2025-05-16,2025-05-16 13:00:00,0,0,98583.52519999999,0.0
A,2025-05-16,2025-05-16 13:30:00,0,0,98583.52519999999,0.0
A,2025-05-16,2025-05-16 14:00:00,0,0,98583.52519999999,0.0
A,2025-05-16,2025-05-16 14:30:00,0,0,98583.52519999999,0.0
A,2025-05-16,2025-05-16 15:00:00,0,0,98583.52519999999,0.0
A,2025-05-16,2025-05-16 15:30:00,1,167,98582.77369999999,1.000146853242779
A,2025-05-16,2025-05-16 16:00:00,0,0,98650.10809999998,0.0
A,2025-05-19,2025-05-19 10:00:00,0,0,98650.10809999998,0.0
A,2025-05-19,2025-05-19 10:30:00,0,0,98650.10809999998,0.0
A,2025-05-19,2025-05-19 11:00:00,0,0,98650.10809999998,0.0
A,2025-05-19,2025-05-19 11:30:00,0,0,98650.10809999998,0.0
A,2025-05-19,2025-05-19 12:00:00,0,0,98650.10809999998,0.0
A,2025-05-19,2025-05-19 12:30:00,0,0,98650.10809999998,0.0
A,2025-05-19,2025-05-19 13:00:00,0,0,98650.10809999998,0.0
A,2025-05-19,2025-05-19 13:30:00,0,0,98650.10809999998,0.0
A,2025-05-19,2025-05-19 14:00:00,0,0,98650.10809999998,0.0
A,2025-05-19,2025-05-19 14:30:00,0,0,98650.10809999998,0.0
A,2025-05-19,2025-05-19 15:00:00,0,0,98650.10809999998,0.0
A,2025-05-19,2025-05-19 15:30:00,0,0,98650.10809999998,0.0
A,2025-05-19,2025-05-19 16:00:00,0,0,98650.10809999998,0.0
A,2025-05-20,2025-05-20 10:00:00,0,0,98650.10809999998,0.0
A,2025-05-20,2025-05-20 10:30:00,0,0,98650.10809999998,0.0
A,2025-05-20,2025-05-20 11:00:00,0,0,98650.10809999998,0.0
A,2025-05-20,2025-05-20 11:30:00,0,0,98650.10809999998,0.0
A,2025-05-20,2025-05-20 12:00:00,0,0,98650.10809999998,0.0
A,2025-05-20,2025-05-20 12:30:00,0,0,98650.10809999998,0.0
A,2025-05-20,2025-05-20 13:00:00,0,0,98650.10809999998,0.0
A,2025-05-20,2025-05-20 13:30:00,0,0,98650.10809999998,0.0
A,2025-05-20,2025-05-20 14:00:00,0,0,98650.10809999998,0.0
A,2025-05-20,2025-05-20 14:30:00,0,0,98650.10809999998,0.0
A,2025-05-20,2025-05-20 15:00:00,0,0,98650.10809999998,0.0
A,2025-05-20,2025-05-20 15:30:00,0,0,98650.10809999998,0.0
A,2025-05-20,2025-05-20 16:00:00,0,0,98650.10809999998,0.0
A,2025-05-21,2025-05-21 10:00:00,0,0,98650.10809999998,0.0
A,2025-05-21,2025-05-21 10:30:00,0,0,98650.10809999998,0.0
A,2025-05-21,2025-05-21 11:00:00,0,0,98650.10809999998,0.0
A,2025-05-21,2025-05-21 11:30:00,0,0,98650.10809999998,0.0
A,2025-05-21,2025-05-21 12:00:00,0,0,98650.10809999998,0.0
A,2025-05-21,2025-05-21 12:30:00,0,0,98650.10809999998,0.0
A,2025-05-21,2025-05-21 13:00:00,0,0,98650.10809999998,0.0
A,2025-05-21,2025-05-21 13:30:00,-1,-168,98649.35209999999,0.9896753412129101
A,2025-05-21,2025-05-21 14:00:00,-1,-168,98341.99609999997,0.9958938305503852
A,2025-05-21,2025-05-21 14:30:00,-1,-168,98527.40089999998,0.992138039845523
A,2025-05-21,2025-05-21 15:00:00,-1,-168,98719.50889999999,0.988261342535913
A,2025-05-21,2025-05-21 15:30:00,-1,-168,99010.16569999998,0.9824245511791929
A,2025-05-21,2025-05-21 16:00:00,0,0,98917.53049999998,0.0
A,2025-05-22,2025-05-22 10:00:00,0,0,98917.53049999998,0.0
A,2025-05-22,2025-05-22 10:30:00,0,0,98917.53049999998,0.0
A,2025-05-22,2025-05-22 11:00:00,0,0,98917.53049999998,0.0
A,2025-05-22,2025-05-22 11:30:00,0,0,98917.53049999998,0.0
A,2025-05-22,2025-05-22 12:00:00,0,0,98917.53049999998,0.0
A,2025-05-22,2025-05-22 12:30:00,0,0,98917.53049999998,0.0
A,2025-05-22,2025-05-22 13:00:00,0,0,98917.53049999998,0.0
A,2025-05-22,2025-05-22 13:30:00,0,0,98917.53049999998,0.0
A,2025-05-22,2025-05-22 14:00:00,0,0,98917.53049999998,0.0
A,2025-05-22,2025-05-22 14:30:00,0,0,98917.53049999998,0.0
A,2025-05-22,2025-05-22 15:00:00,0,0,98917.53049999998,0.0
A,2025-05-22,2025-05-22 15:30:00,0,0,98917.53049999998,0.0
A,2025-05-22,2025-05-22 16:00:00,0,0,98917.53049999998,0.0
A,2025-05-23,2025-05-23 10:00:00,0,0,98917.53049999998,0.0
A,2025-05-23,2025-05-23 10:30:00,0,0,98917.53049999998,0.0
A,2025-05-23,2025-05-23 11:00:00,0,0,98917.53049999998,0.0
A,2025-05-23,2025-05-23 11:30:00,0,0,98917.53049999998,0.0
A,2025-05-23,2025-05-23 12:00:00,0,0,98917.53049999998,0.0
A,2025-05-23,2025-05-23 12:30:00,0,0,98917.53049999998,0.0
A,2025-05-23,2025-05-23 13:00:00,0,0,98917.53049999998,0.0
A,2025-05-23,2025-05-23 13:30:00,0,0,98917.53049999998,0.0
A,2025-05-23,2025-05-23 14:00:00,0,0,98917.53049999998,0.0
A,2025-05-23,2025-05-23 14:30:00,0,0,98917.53049999998,0.0
A,2025-05-23,2025-05-23 15:00:00,0,0,98917.53049999998,0.0
A,2025-05-23,2025-05-23 15:30:00,0,0,98917.53049999998,0.0
A,2025-05-23,2025-05-23 16:00:00,0,0,98917.53049999998,0.0
A,2025-05-27,2025-05-27 10:00:00,0,0,98917.53049999998,0.0
A,2025-05-27,2025-05-27 10:30:00,1,169,98916.76999999997,0.9986661149570496
A,2025-05-27,2025-05-27 11:00:00,1,169,98948.00119999997,0.9986665359744533
A,2025-05-27,2025-05-27 11:30:00,1,169,99071.50639999997,0.9986681983065115
A,2025-05-27,2025-05-27 12:00:00,1,169,99100.06739999996,0.9986685821366054
A,2025-05-27,2025-05-27 12:30:00,1,169,99165.60559999998,0.998669462065989
A,2025-05-27,2025-05-27 13:00:00,1,169,99264.45369999997,0.9986707870231298
A,2025-05-27,2025-05-27 13:30:00,1,169,99301.71819999997,0.9986712858307827
A,2025-05-27,2025-05-27 14:00:00,1,169,99440.34889999997,0.9986731382033599
A,2025-05-27,2025-05-27 14:30:00,1,169,99389.09119999995,0.9986724539040764
A,2025-05-27,2025-05-27 15:00:00,1,169,99330.29609999996,0.9986716681095249
A,2025-05-27,2025-05-27 15:30:00,1,169,99326.93299999996,0.9986716231336774
A,2025-05-27,2025-05-27 16:00:00,0,0,99465.63129999996,0.0
A,2025-05-28,2025-05-28 10:00:00,0,0,99465.63129999996,0.0
A,2025-05-28,2025-05-28 10:30:00,0,0,99465.63129999996,0.0
A,2025-05-28,2025-05-28 11:00:00,-1,-169,99464.87079999996,0.9956393961354248
A,2025-05-28,2025-05-28 11:30:00,-1,-169,99464.04269999996,0.9956560110742416
A,2025-05-28,2025-05-28 12:00:00,-1,-169,99507.71229999997,0.9947802045892279
A,2025-05-28,2025-05-28 12:30:00,-1,-169,99383.37899999997,0.9972757688184463
A,2025-05-28,2025-05-28 13:00:00,-1,-169,99358.18109999996,0.9977822913265877
A,2025-05-28,2025-05-28 13:30:00,-1,-169,99310.26959999996,0.998746106515454
A,2025-05-28,2025-05-28 14:00:00,-1,-169,99402.27319999995,0.9968961303392009
A,2025-05-28,2025-05-28 14:30:00,-1,-169,99338.00249999997,0.9981881022824072
A,2025-05-28,2025-05-28 15:00:00,-1,-169,99398.48759999996,0.9969721823010921
A,2025-05-28,2025-05-28 15:30:00,-1,-169,99454.05479999997,0.9958564293750649
A,2025-05-28,2025-05-28 16:00:00,0,0,99735.49049999997,0.0
A,2025-05-29,2025-05-29 10:00:00,0,0,99735.49049999997,0.0
A,2025-05-29,2025-05-29 10:30:00,0,0,99735.49049999997,0.0
A,2025-05-29,2025-05-29 11:00:00,0,0,99735.49049999997,0.0
A,2025-05-29,2025-05-29 11:30:00,0,0,99735.49049999997,0.0
A,2025-05-29,2025-05-29 12:00:00,0,0,99735.49049999997,0.0
A,2025-05-29,2025-05-29 12:30:00,0,0,99735.49049999997,0.0
A,2025-05-29,2025-05-29 13:00:00,0,0,99735.49049999997,0.0
A,2025-05-29,2025-05-29 13:30:00,0,0,99735.49049999997,0.0
A,2025-05-29,2025-05-29 14:00:00,0,0,99735.49049999997,0.0
A,2025-05-29,2025-05-29 14:30:00,0,0,99735.49049999997,0.0
A,2025-05-29,2025-05-29 15:00:00,0,0,99735.49049999997,0.0
A,2025-05-29,2025-05-29 15:30:00,0,0,99735.49049999997,0.0
A,2025-05-29,2025-05-29 16:00:00,0,0,99735.49049999997,0.0
A,2025-05-30,2025-05-30 10:00:00,0,0,99735.49049999997,0.0
A,2025-05-30,2025-05-30 10:30:00,0,0,99735.49049999997,0.0
A,2025-05-30,2025-05-30 11:00:00,0,0,99735.49049999997,0.0
A,2025-05-30,2025-05-30 11:30:00,0,0,99735.49049999997,0.0
A,2025-05-30,2025-05-30 12:00:00,0,0,99735.49049999997,0.0
A,2025-05-30,2025-05-30 12:30:00,-1,-170,99734.72549999997,0.9916095673216649
A,2025-05-30,2025-05-30 13:00:00,-1,-170,99910.52249999996,0.9881052418677927
A,2025-05-30,2025-05-30 13:30:00,-1,-170,99599.49049999996,0.9943137510326928
A,2025-05-30,2025-05-30 14:00:00,-1,-170,99601.19049999995,0.994279711947821
A,2025-05-30,2025-05-30 14:30:00,-1,-170,99187.07049999997,1.0026061108438526
A,2025-05-30,2025-05-30 15:00:00,-1,-170,99134.65949999997,1.003664858504911
A,2025-05-30,2025-05-30 15:30:00,-1,-170,98801.69749999997,1.0104172147447166
A,2025-05-30,2025-05-30 16:00:00,0,0,99007.14249999997,0.0
A,2025-06-02,2025-06-02 10:00:00,0,0,99007.14249999997,0.0
A,2025-06-02,2025-06-02 10:30:00,0,0,99007.14249999997,0.0
A,2025-06-02,2025-06-02 11:00:00,0,0,99007.14249999997,0.0
A,2025-06-02,2025-06-02 11:30:00,0,0,99007.14249999997,0.0
A,2025-06-02,2025-06-02 12:00:00,0,0,99007.14249999997,0.0
A,2025-06-02,2025-06-02 12:30:00,0,0,99007.14249999997,0.0
A,2025-06-02,2025-06-02 13:00:00,0,0,99007.14249999997,0.0
A,2025-06-02,2025-06-02 13:30:00,0,0,99007.14249999997,0.0
A,2025-06-02,2025-06-02 14:00:00,0,0,99007.14249999997,0.0
A,2025-06-02,2025-06-02 14:30:00,0,0,99007.14249999997,0.0
A,2025-06-02,2025-06-02 15:00:00,0,0,99007.14249999997,0.0
A,2025-06-02,2025-06-02 15:30:00,1,169,99006.38199999997,1.0052823948258207
A,2025-06-02,2025-06-02 16:00:00,0,0,99072.83279999996,0.0
A,2025-06-03,2025-06-03 10:00:00,0,0,99072.83279999996,0.0
A,2025-06-03,2025-06-03 10:30:00,1,168,99072.07679999997,1.00124256202127
A,2025-06-03,2025-06-03 11:00:00,1,168,99168.12239999996,1.0012413585839963
A,2025-06-03,2025-06-03 11:30:00,1,168,99260.00159999997,1.001240209530684
A,2025-06-03,2025-06-03 12:00:00,1,168,99371.90639999998,1.00123881290457
A,2025-06-03,2025-06-03 12:30:00,1,168,99442.90319999997,1.0012379284598363
A,2025-06-03,2025-06-03 13:00:00,1,168,99520.58639999997,1.0012369621648454
A,2025-06-03,2025-06-03 13:30:00,1,168,99558.16799999998,1.001236495231612
A,2025-06-03,2025-06-03 14:00:00,1,168,99457.11599999998,1.001237751555153
A,2025-06-03,2025-06-03 14:30:00,1,168,99462.12239999996,1.001237689253251
A,2025-06-03,2025-06-03 15:00:00,1,168,99493.84079999996,1.0012372946808585
A,2025-06-03,2025-06-03 15:30:00,1,168,99470.45519999997,1.0012375855700322
A,2025-06-03,2025-06-03 16:00:00,0,0,99447.99359999997,0.0
A,2025-06-04,2025-06-04 10:00:00,0,0,99447.99359999997,0.0
A,2025-06-04,2025-06-04 10:30:00,0,0,99447.99359999997,0.0
A,2025-06-04,2025-06-04 11:00:00,0,0,99447.99359999997,0.0
A,2025-06-04,2025-06-04 11:30:00,0,0,99447.99359999997,0.0
A,2025-06-04,2025-06-04 12:00:00,0,0,99447.99359999997,0.0
A,2025-06-04,2025-06-04 12:30:00,0,0,99447.99359999997,0.0
A,2025-06-04,2025-06-04 13:00:00,0,0,99447.99359999997,0.0
A,2025-06-04,2025-06-04 13:30:00,0,0,99447.99359999997,0.0
A,2025-06-04,2025-06-04 14:00:00,0,0,99447.99359999997,0.0
A,2025-06-04,2025-06-04 14:30:00,0,0,99447.99359999997,0.0
A,2025-06-04,2025-06-04 15:00:00,0,0,99447.99359999997,0.0
A,2025-06-04,2025-06-04 15:30:00,0,0,99447.99359999997,0.0
A,2025-06-04,2025-06-04 16:00:00,0,0,99447.99359999997,0.0
A,2025-06-05,2025-06-05 10:00:00,0,0,99447.99359999997,0.0
A,2025-06-05,2025-06-05 10:30:00,0,0,99447.99359999997,0.0
A,2025-06-05,2025-06-05 11:00:00,1,168,99447.23759999998,1.003386374605543
A,2025-06-05,2025-06-05 11:30:00,1,168,99667.72079999998,1.0033788833264865
A,2025-06-05,2025-06-05 12:00:00,1,168,99684.43679999997,1.0033783167243617
A,2025-06-05,2025-06-05 12:30:00,1,168,99537.43679999997,1.0033833059281674
A,2025-06-05,2025-06-05 13:00:00,1,168,98999.56799999997,1.0034016875710006
A,2025-06-05,2025-06-05 13:30:00,1,168,99296.91119999997,1.0033915012655503
A,2025-06-05,2025-06-05 14:00:00,1,168,99189.99599999997,1.0033951569067512
A,2025-06-05,2025-06-05 14:30:00,1,168,99108.14639999997,1.003397960836043
A,2025-06-05,2025-06-05 15:00:00,1,168,99096.45359999998,1.0033983617754816
A,2025-06-05,2025-06-05 15:30:00,1,168,98632.70639999998,1.0034143400530275
A,2025-06-05,2025-06-05 16:00:00,0,0,98726.51759999999,0.0
A,2025-06-06,2025-06-06 10:00:00,0,0,98726.51759999999,0.0
A,2025-06-06,2025-06-06 10:30:00,0,0,98726.51759999999,0.0
A,2025-06-06,2025-06-06 11:00:00,0,0,98726.51759999999,0.0
A,2025-06-06,2025-06-06 11:30:00,0,0,98726.51759999999,0.0
A,2025-06-06,2025-06-06 12:00:00,0,0,98726.51759999999,0.0
A,2025-06-06,2025-06-06 12:30:00,0,0,98726.51759999999,0.0
A,2025-06-06,2025-06-06 13:00:00,0,0,98726.51759999999,0.0
A,2025-06-06,2025-06-06 13:30:00,0,0,98726.51759999999,0.0
A,2025-06-06,2025-06-06 14:00:00,0,0,98726.51759999999,0.0
A,2025-06-06,2025-06-06 14:30:00,0,0,98726.51759999999,0.0
A,2025-06-06,2025-06-06 15:00:00,0,0,98726.51759999999,0.0
A,2025-06-06,2025-06-06 15:30:00,0,0,98726.51759999999,0.0
A,2025-06-06,2025-06-06 16:00:00,0,0,98726.51759999999,0.0
A,2025-06-09,2025-06-09 10:00:00,0,0,98726.51759999999,0.0
A,2025-06-09,2025-06-09 10:30:00,0,0,98726.51759999999,0.0
A,2025-06-09,2025-06-09 11:00:00,0,0,98726.51759999999,0.0
A,2025-06-09,2025-06-09 11:30:00,0,0,98726.51759999999,0.0
A,2025-06-09,2025-06-09 12:00:00,0,0,98726.51759999999,0.0
A,2025-06-09,2025-06-09 12:30:00,0,0,98726.51759999999,0.0
A,2025-06-09,2025-06-09 13:00:00,0,0,98726.51759999999,0.0
A,2025-06-09,2025-06-09 13:30:00,0,0,98726.51759999999,0.0
A,2025-06-09,2025-06-09 14:00:00,0,0,98726.51759999999,0.0
A,2025-06-09,2025-06-09 14:30:00,0,0,98726.51759999999,0.0
A,2025-06-09,2025-06-09 15:00:00,0,0,98726.51759999999,0.0
A,2025-06-09,2025-06-09 15:30:00,0,0,98726.51759999999,0.0
A,2025-06-09,2025-06-09 16:00:00,0,0,98726.51759999999,0.0
A,2025-06-10,2025-06-10 10:00:00,0,0,98726.51759999999,0.0
A,2025-06-10,2025-06-10 10:30:00,0,0,98726.51759999999,0.0
A,2025-06-10,2025-06-10 11:00:00,0,0,98726.51759999999,0.0
A,2025-06-10,2025-06-10 11:30:00,0,0,98726.51759999999,0.0
A,2025-06-10,2025-06-10 12:00:00,0,0,98726.51759999999,0.0
A,2025-06-10,2025-06-10 12:30:00,0,0,98726.51759999999,0.0
A,2025-06-10,2025-06-10 13:00:00,0,0,98726.51759999999,0.0
A,2025-06-10,2025-06-10 13:30:00,0,0,98726.51759999999,0.0
A,2025-06-10,2025-06-10 14:00:00,0,0,98726.51759999999,0.0
A,2025-06-10,2025-06-10 14:30:00,0,0,98726.51759999999,0.0
A,2025-06-10,2025-06-10 15:00:00,0,0,98726.51759999999,0.0
A,2025-06-10,2025-06-10 15:30:00,0,0,98726.51759999999,0.0
A,2025-06-10,2025-06-10 16:00:00,0,0,98726.51759999999,0.0
A,2025-06-11,2025-06-11 10:00:00,0,0,98726.51759999999,0.0
A,2025-06-11,2025-06-11 10:30:00,0,0,98726.51759999999,0.0
A,2025-06-11,2025-06-11 11:00:00,0,0,98726.51759999999,0.0
A,2025-06-11,2025-06-11 11:30:00,0,0,98726.51759999999,0.0
A,2025-06-11,2025-06-11 12:00:00,0,0,98726.51759999999,0.0
A,2025-06-11,2025-06-11 12:30:00,0,0,98726.51759999999,0.0
A,2025-06-11,2025-06-11 13:00:00,0,0,98726.51759999999,0.0
A,2025-06-11,2025-06-11 13:30:00,0,0,98726.51759999999,0.0
A,2025-06-11,2025-06-11 14:00:00,0,0,98726.51759999999,0.0
A,2025-06-11,2025-06-11 14:30:00,-1,-164,98725.7796,0.991972641763773
A,2025-06-11,2025-06-11 15:00:00,-1,-164,98699.7036,0.9924989116178055
A,2025-06-11,2025-06-11 15:30:00,-1,-164,98751.88839999998,0.9914459883888156
A,2025-06-11,2025-06-11 16:00:00,0,0,98597.85959999998,0.0
A,2025-06-12,2025-06-12 10:00:00,0,0,98597.85959999998,0.0
A,2025-06-12,2025-06-12 10:30:00,0,0,98597.85959999998,0.0
A,2025-06-12,2025-06-12 11:00:00,0,0,98597.85959999998,0.0
A,2025-06-12,2025-06-12 11:30:00,0,0,98597.85959999998,0.0
A,2025-06-12,2025-06-12 12:00:00,0,0,98597.85959999998,0.0
A,2025-06-12,2025-06-12 12:30:00,0,0,98597.85959999998,0.0
A,2025-06-12,2025-06-12 13:00:00,0,0,98597.85959999998,0.0
A,2025-06-12,2025-06-12 13:30:00,0,0,98597.85959999998,0.0
A,2025-06-12,2025-06-12 14:00:00,0,0,98597.85959999998,0.0
A,2025-06-12,2025-06-12 14:30:00,0,0,98597.85959999998,0.0
A,2025-06-12,2025-06-12 15:00:00,0,0,98597.85959999998,0.0
A,2025-06-12,2025-06-12 15:30:00,0,0,98597.85959999998,0.0
A,2025-06-12,2025-06-12 16:00:00,0,0,98597.85959999998,0.0
A,2025-06-13,2025-06-13 10:00:00,0,0,98597.85959999998,0.0
A,2025-06-13,2025-06-13 10:30:00,-1,-165,98597.11709999999,0.9931170137630729
A,2025-06-13,2025-06-13 11:00:00,-1,-165,98210.75309999999,1.0009579948939422
A,2025-06-13,2025-06-13 11:30:00,-1,-165,97985.16509999998,1.005564734206893
A,2025-06-13,2025-06-13 12:00:00,-1,-165,97876.90859999998,1.0077829838610168
A,2025-06-13,2025-06-13 12:30:00,-1,-165,97932.51359999998,1.0066429868496711
A,2025-06-13,2025-06-13 13:00:00,-1,-165,97917.92759999998,1.0069418993708361
A,2025-06-13,2025-06-13 13:30:00,-1,-165,98163.99209999999,1.0019111631056008
A,2025-06-13,2025-06-13 14:00:00,-1,-165,98124.50759999998,1.0027167157983274
A,2025-06-13,2025-06-13 14:30:00,-1,-165,98552.83109999998,0.9940126468878276
A,2025-06-13,2025-06-13 15:00:00,-1,-165,98561.01509999999,0.9938470743286816
A,2025-06-13,2025-06-13 15:30:00,-1,-165,98684.07209999998,0.9913607882016051
A,2025-06-13,2025-06-13 16:00:00,0,0,98571.77309999999,0.0
A,2025-06-16,2025-06-16 10:00:00,0,0,98571.77309999999,0.0
A,2025-06-16,2025-06-16 10:30:00,0,0,98571.77309999999,0.0
A,2025-06-16,2025-06-16 11:00:00,0,0,98571.77309999999,0.0
A,2025-06-16,2025-06-16 11:30:00,0,0,98571.77309999999,0.0
A,2025-06-16,2025-06-16 12:00:00,0,0,98571.77309999999,0.0
A,2025-06-16,2025-06-16 12:30:00,0,0,98571.77309999999,0.0
A,2025-06-16,2025-06-16 13:00:00,0,0,98571.77309999999,0.0
A,2025-06-16,2025-06-16 13:30:00,0,0,98571.77309999999,0.0
A,2025-06-16,2025-06-16 14:00:00,0,0,98571.77309999999,0.0
A,2025-06-16,2025-06-16 14:30:00,0,0,98571.77309999999,0.0
A,2025-06-16,2025-06-16 15:00:00,0,0,98571.77309999999,0.0
A,2025-06-16,2025-06-16 15:30:00,0,0,98571.77309999999,0.0
A,2025-06-16,2025-06-16 16:00:00,0,0,98571.77309999999,0.0
A,2025-06-17,2025-06-17 10:00:00,0,0,98571.77309999999,0.0
A,2025-06-17,2025-06-17 10:30:00,0,0,98571.77309999999,0.0
A,2025-06-17,2025-06-17 11:00:00,0,0,98571.77309999999,0.0
A,2025-06-17,2025-06-17 11:30:00,0,0,98571.77309999999,0.0
A,2025-06-17,2025-06-17 12:00:00,0,0,98571.77309999999,0.0
A,2025-06-17,2025-06-17 12:30:00,0,0,98571.77309999999,0.0
A,2025-06-17,2025-06-17 13:00:00,0,0,98571.77309999999,0.0
A,2025-06-17,2025-06-17 13:30:00,-1,-164,98571.0351,0.9906016742234658
A,2025-06-17,2025-06-17 14:00:00,-1,-164,98714.5351,0.9877079631811994
A,2025-06-17,2025-06-17 14:30:00,-1,-164,98805.85029999999,0.9858709469554559
A,2025-06-17,2025-06-17 15:00:00,-1,-164,98678.6519,0.9884307671617066
A,2025-06-17,2025-06-17 15:30:00,-1,-164,98659.08669999999,0.9888250952154823
A,2025-06-17,2025-06-17 16:00:00,0,0,98779.00349999999,0.0
A,2025-06-18,2025-06-18 10:00:00,0,0,98779.00349999999,0.0
A,2025-06-18,2025-06-18 10:30:00,1,165,98778.261,0.9977599372801269
A,2025-06-18,2025-06-18 11:00:00,1,165,98795.9655,0.9977603387053291
A,2025-06-18,2025-06-18 11:30:00,1,165,98679.5085,0.997757695560472
A,2025-06-18,2025-06-18 12:00:00,1,165,98608.82249999998,0.997756088203974
A,2025-06-18,2025-06-18 12:30:00,1,165,98567.127,0.9977551389927395
A,2025-06-18,2025-06-18 13:00:00,1,165,98559.73499999999,0.9977549706277112
A,2025-06-18,2025-06-18 13:30:00,1,165,98463.771,0.997752782594524
A,2025-06-18,2025-06-18 14:00:00,1,165,98592.53699999998,0.9977557175549707
A,2025-06-18,2025-06-18 14:30:00,1,165,98548.251,0.9977547090105131
A,2025-06-18,2025-06-18 15:00:00,1,165,98164.34549999998,0.9977459280263831
A,2025-06-18,2025-06-18 15:30:00,1,165,98138.11049999998,0.9977453254513191
A,2025-06-18,2025-06-18 16:00:00,0,0,98235.79049999999,0.0
A,2025-06-20,2025-06-20 10:00:00,0,0,98235.79049999999,0.0
A,2025-06-20,2025-06-20 10:30:00,0,0,98235.79049999999,0.0
A,2025-06-20,2025-06-20 11:00:00,-1,-164,98235.05249999999,0.9893200596599672
A,2025-06-20,2025-06-20 11:30:00,-1,-164,98091.96249999998,0.9922219468287223
A,2025-06-20,2025-06-20 12:00:00,-1,-164,98167.99289999998,0.9906789853498168
A,2025-06-20,2025-06-20 12:30:00,-1,-164,98116.48049999998,0.9917241171323918
A,2025-06-20,2025-06-20 13:00:00,-1,-164,98064.95169999999,0.9927706801695187
A,2025-06-20,2025-06-20 13:30:00,-1,-164,98378.9789,0.986409725787467
A,2025-06-20,2025-06-20 14:00:00,-1,-164,98275.93769999998,0.9884924537331586
A,2025-06-20,2025-06-20 14:30:00,-1,-164,98122.20409999997,0.9916079371886025
A,2025-06-20,2025-06-20 15:00:00,-1,-164,98357.70809999999,0.9868393059882615
A,2025-06-20,2025-06-20 15:30:00,-1,-164,98362.61169999998,0.9867402575281562
A,2025-06-20,2025-06-20 16:00:00,0,0,98227.77089999999,0.0
A,2025-06-23,2025-06-23 10:00:00,0,0,98227.77089999999,0.0
A,2025-06-23,2025-06-23 10:30:00,0,0,98227.77089999999,0.0
A,2025-06-23,2025-06-23 11:00:00,0,0,98227.77089999999,0.0
A,2025-06-23,2025-06-23 11:30:00,0,0,98227.77089999999,0.0
A,2025-06-23,2025-06-23 12:00:00,0,0,98227.77089999999,0.0
A,2025-06-23,2025-06-23 12:30:00,0,0,98227.77089999999,0.0
A,2025-06-23,2025-06-23 13:00:00,0,0,98227.77089999999,0.0
A,2025-06-23,2025-06-23 13:30:00,0,0,98227.77089999999,0.0
A,2025-06-23,2025-06-23 14:00:00,0,0,98227.77089999999,0.0
A,2025-06-23,2025-06-23 14:30:00,0,0,98227.77089999999,0.0
A,2025-06-23,2025-06-23 15:00:00,0,0,98227.77089999999,0.0
A,2025-06-23,2025-06-23 15:30:00,1,165,98227.0284,1.0037759423861388
A,2025-06-23,2025-06-23 16:00:00,0,0,98379.32339999998,0.0
A,2025-06-24,2025-06-24 10:00:00,0,0,98379.32339999998,0.0
A,2025-06-24,2025-06-24 10:30:00,0,0,98379.32339999998,0.0
A,2025-06-24,2025-06-24 11:00:00,0,0,98379.32339999998,0.0
A,2025-06-24,2025-06-24 11:30:00,1,163,98378.58989999998,1.0009203364277943
A,2025-06-24,2025-06-24 12:00:00,1,163,98379.38859999998,1.0009203289559785
A,2025-06-24,2025-06-24 12:30:00,1,163,98495.62389999998,1.000919242870038
A,2025-06-24,2025-06-24 13:00:00,1,163,98518.37869999999,1.0009190305524183
A,2025-06-24,2025-06-24 13:30:00,1,163,98471.23909999998,1.0009194705055764
A,2025-06-24,2025-06-24 14:00:00,1,163,98606.15419999999,1.000918212465891
A,2025-06-24,2025-06-24 14:30:00,1,163,98578.52569999997,1.0009184698123357
A,2025-06-24,2025-06-24 15:00:00,1,163,98628.11029999997,1.0009180080579931
A,2025-06-24,2025-06-24 15:30:00,1,163,98654.92379999998,1.0009177585518547
A,2025-06-24,2025-06-24 16:00:00,0,0,98540.41629999998,0.0
A,2025-06-25,2025-06-25 10:00:00,0,0,98540.41629999998,0.0
A,2025-06-25,2025-06-25 10:30:00,0,0,98540.41629999998,0.0
A,2025-06-25,2025-06-25 11:00:00,0,0,98540.41629999998,0.0
A,2025-06-25,2025-06-25 11:30:00,0,0,98540.41629999998,0.0
A,2025-06-25,2025-06-25 12:00:00,0,0,98540.41629999998,0.0
A,2025-06-25,2025-06-25 12:30:00,0,0,98540.41629999998,0.0
A,2025-06-25,2025-06-25 13:00:00,0,0,98540.41629999998,0.0
A,2025-06-25,2025-06-25 13:30:00,0,0,98540.41629999998,0.0
A,2025-06-25,2025-06-25 14:00:00,0,0,98540.41629999998,0.0
A,2025-06-25,2025-06-25 14:30:00,0,0,98540.41629999998,0.0
A,2025-06-25,2025-06-25 15:00:00,0,0,98540.41629999998,0.0
A,2025-06-25,2025-06-25 15:30:00,0,0,98540.41629999998,0.0
A,2025-06-25,2025-06-25 16:00:00,0,0,98540.41629999998,0.0
A,2025-06-26,2025-06-26 10:00:00,0,0,98540.41629999998,0.0
A,2025-06-26,2025-06-26 10:30:00,0,0,98540.41629999998,0.0
A,2025-06-26,2025-06-26 11:00:00,0,0,98540.41629999998,0.0
A,2025-06-26,2025-06-26 11:30:00,0,0,98540.41629999998,0.0
A,2025-06-26,2025-06-26 12:00:00,0,0,98540.41629999998,0.0
A,2025-06-26,2025-06-26 12:30:00,1,162,98539.68729999998,1.001531105934411
A,2025-06-26,2025-06-26 13:00:00,1,162,98531.60349999998,1.0015312315504947
A,2025-06-26,2025-06-26 13:30:00,1,162,98594.60529999997,1.0015302530959067
A,2025-06-26,2025-06-26 14:00:00,1,162,98604.30909999998,1.0015301025013725
A,2025-06-26,2025-06-26 14:30:00,1,162,98677.80849999997,1.0015289628163968
A,2025-06-26,2025-06-26 15:00:00,1,162,98630.45589999997,1.001529696873276
A,2025-06-26,2025-06-26 15:30:00,1,162,98653.57329999997,1.0015293384208317
A,2025-06-26,2025-06-26 16:00:00,0,0,98697.26469999997,0.0
A,2025-06-27,2025-06-27 10:00:00,0,0,98697.26469999997,0.0
A,2025-06-27,2025-06-27 10:30:00,0,0,98697.26469999997,0.0
A,2025-06-27,2025-06-27 11:00:00,0,0,98697.26469999997,0.0
A,2025-06-27,2025-06-27 11:30:00,0,0,98697.26469999997,0.0
A,2025-06-27,2025-06-27 12:00:00,1,161,98696.54019999997,1.0019169152192837
A,2025-06-27,2025-06-27 12:30:00,1,161,98760.76309999998,1.0019156686730788
A,2025-06-27,2025-06-27 13:00:00,1,161,98703.76909999998,1.001916774827599
A,2025-06-27,2025-06-27 13:30:00,1,161,98614.65559999997,1.001918506928295
A,2025-06-27,2025-06-27 14:00:00,1,161,98410.74909999999,1.0019224820634967
A,2025-06-27,2025-06-27 14:30:00,1,161,98132.99189999998,1.001927923487677
A,2025-06-27,2025-06-27 15:00:00,1,161,97919.45759999998,1.0019321277367863
A,2025-06-27,2025-06-27 15:30:00,1,161,98139.41579999999,1.00192779729182
A,2025-06-27,2025-06-27 16:00:00,0,0,98536.86039999998,0.0
A,2025-06-30,2025-06-30 10:00:00,0,0,98536.86039999998,0.0
A,2025-06-30,2025-06-30 10:30:00,0,0,98536.86039999998,0.0
A,2025-06-30,2025-06-30 11:00:00,0,0,98536.86039999998,0.0
A,2025-06-30,2025-06-30 11:30:00,0,0,98536.86039999998,0.0
A,2025-06-30,2025-06-30 12:00:00,0,0,98536.86039999998,0.0
A,2025-06-30,2025-06-30 12:30:00,0,0,98536.86039999998,0.0
A,2025-06-30,2025-06-30 13:00:00,0,0,98536.86039999998,0.0
A,2025-06-30,2025-06-30 13:30:00,0,0,98536.86039999998,0.0
A,2025-06-30,2025-06-30 14:00:00,0,0,98536.86039999998,0.0
A,2025-06-30,2025-06-30 14:30:00,0,0,98536.86039999998,0.0
A,2025-06-30,2025-06-30 15:00:00,0,0,98536.86039999998,0.0
A,2025-06-30,2025-06-30 15:30:00,0,0,98536.86039999998,0.0
A,2025-06-30,2025-06-30 16:00:00,0,0,98536.86039999998,0.0
A,2025-07-01,2025-07-01 10:00:00,0,0,98536.86039999998,0.0
A,2025-07-01,2025-07-01 10:30:00,0,0,98536.86039999998,0.0
A,2025-07-01,2025-07-01 11:00:00,0,0,98536.86039999998,0.0
A,2025-07-01,2025-07-01 11:30:00,0,0,98536.86039999998,0.0
A,2025-07-01,2025-07-01 12:00:00,0,0,98536.86039999998,0.0
A,2025-07-01,2025-07-01 12:30:00,0,0,98536.86039999998,0.0
A,2025-07-01,2025-07-01 13:00:00,0,0,98536.86039999998,0.0
A,2025-07-01,2025-07-01 13:30:00,0,0,98536.86039999998,0.0
A,2025-07-01,2025-07-01 14:00:00,0,0,98536.86039999998,0.0
A,2025-07-01,2025-07-01 14:30:00,0,0,98536.86039999998,0.0
A,2025-07-01,2025-07-01 15:00:00,0,0,98536.86039999998,0.0
A,2025-07-01,2025-07-01 15:30:00,0,0,98536.86039999998,0.0
A,2025-07-01,2025-07-01 16:00:00,0,0,98536.86039999998,0.0
A,2025-07-02,2025-07-02 10:00:00,0,0,98536.86039999998,0.0
A,2025-07-02,2025-07-02 10:30:00,1,160,98536.14039999997,1.0017676722397788
A,2025-07-02,2025-07-02 11:00:00,1,160,98563.27639999999,1.0017671855721713
A,2025-07-02,2025-07-02 11:30:00,1,160,98553.70839999999,1.0017673571378265
A,2025-07-02,2025-07-02 12:00:00,1,160,98634.26839999999,1.0017659136406187
A,2025-07-02,2025-07-02 12:30:00,1,160,98614.33239999997,1.0017662706399868
A,2025-07-02,2025-07-02 13:00:00,1,160,98679.48439999999,1.001765104480015
A,2025-07-02,2025-07-02 13:30:00,1,160,98666.18839999998,1.0017653423409232
A,2025-07-02,2025-07-02 14:00:00,1,160,98663.78839999999,1.0017653852829354
A,2025-07-02,2025-07-02 14:30:00,1,160,98686.14039999997,1.0017649854305177
A,2025-07-02,2025-07-02 15:00:00,1,160,98727.26039999998,1.0017642503123687
A,2025-07-02,2025-07-02 15:30:00,1,160,98708.46039999998,1.0017645863312443
A,2025-07-02,2025-07-02 16:00:00,0,0,98822.63639999999,0.0
A,2025-07-03,2025-07-03 10:00:00,0,0,98822.63639999999,0.0
A,2025-07-03,2025-07-03 10:30:00,0,0,98822.63639999999,0.0
A,2025-07-03,2025-07-03 11:00:00,1,158,98821.9254,0.9969875956292591
A,2025-07-03,2025-07-03 11:30:00,1,158,98836.11379999999,0.9969880280744102
A,2025-07-03,2025-07-03 12:00:00,1,158,98915.68259999999,0.9969904509358358
A,2025-07-03,2025-07-03 12:30:00,1,158,98890.46579999999,0.9969896835090043
A,2025-07-03,2025-07-03 13:00:00,0,0,98827.5186,0.0
A,2025-07-07,2025-07-07 10:00:00,0,0,98827.5186,0.0
A,2025-07-07,2025-07-07 10:30:00,0,0,98827.5186,0.0
A,2025-07-07,2025-07-07 11:00:00,-1,-158,98826.8076,0.9918363911615414
A,2025-07-07,2025-07-07 11:30:00,-1,-158,98836.256,0.9916459785769305
A,2025-07-07,2025-07-07 12:00:00,-1,-158,98881.9496,0.9907256339128652
A,2025-07-07,2025-07-07 12:30:00,-1,-158,99066.28820000001,0.9870213710096387
A,2025-07-07,2025-07-07 13:00:00,-1,-158,99189.9864,0.9845433893516494
A,2025-07-07,2025-07-07 13:30:00,-1,-158,99131.68440000001,0.9857105524981878
A,2025-07-07,2025-07-07 14:00:00,-1,-158,99152.95120000001,0.9852846477856525
A,2025-07-07,2025-07-07 14:30:00,-1,-158,99477.53060000001,0.9788069789500785
A,2025-07-07,2025-07-07 15:00:00,-1,-158,99133.28020000001,0.9856785874820674
A,2025-07-07,2025-07-07 15:30:00,-1,-158,99242.7584,0.9834881151388875
A,2025-07-07,2025-07-07 16:00:00,0,0,99049.8246,0.0
A,2025-07-08,2025-07-08 10:00:00,0,0,99049.8246,0.0
A,2025-07-08,2025-07-08 10:30:00,0,0,99049.8246,0.0
A,2025-07-08,2025-07-08 11:00:00,0,0,99049.8246,0.0
A,2025-07-08,2025-07-08 11:30:00,0,0,99049.8246,0.0
A,2025-07-08,2025-07-08 12:00:00,0,0,99049.8246,0.0
A,2025-07-08,2025-07-08 12:30:00,0,0,99049.8246,0.0
A,2025-07-08,2025-07-08 13:00:00,0,0,99049.8246,0.0
A,2025-07-08,2025-07-08 13:30:00,0,0,99049.8246,0.0
A,2025-07-08,2025-07-08 14:00:00,0,0,99049.8246,0.0
A,2025-07-08,2025-07-08 14:30:00,0,0,99049.8246,0.0
A,2025-07-08,2025-07-08 15:00:00,0,0,99049.8246,0.0
A,2025-07-08,2025-07-08 15:30:00,0,0,99049.8246,0.0
A,2025-07-08,2025-07-08 16:00:00,0,0,99049.8246,0.0
A,2025-07-09,2025-07-09 10:00:00,0,0,99049.8246,0.0
A,2025-07-09,2025-07-09 10:30:00,0,0,99049.8246,0.0
A,2025-07-09,2025-07-09 11:00:00,0,0,99049.8246,0.0
A,2025-07-09,2025-07-09 11:30:00,0,0,99049.8246,0.0
A,2025-07-09,2025-07-09 12:00:00,0,0,99049.8246,0.0
A,2025-07-09,2025-07-09 12:30:00,0,0,99049.8246,0.0
A,2025-07-09,2025-07-09 13:00:00,0,0,99049.8246,0.0
A,2025-07-09,2025-07-09 13:30:00,0,0,99049.8246,0.0
A,2025-07-09,2025-07-09 14:00:00,0,0,99049.8246,0.0
A,2025-07-09,2025-07-09 14:30:00,0,0,99049.8246,0.0
A,2025-07-09,2025-07-09 15:00:00,0,0,99049.8246,0.0
A,2025-07-09,2025-07-09 15:30:00,0,0,99049.8246,0.0
A,2025-07-09,2025-07-09 16:00:00,0,0,99049.8246,0.0
A,2025-07-10,2025-07-10 10:00:00,0,0,99049.8246,0.0
A,2025-07-10,2025-07-10 10:30:00,0,0,99049.8246,0.0
A,2025-07-10,2025-07-10 11:00:00,0,0,99049.8246,0.0
A,2025-07-10,2025-07-10 11:30:00,1,159,99049.1091,1.0013327358640525
A,2025-07-10,2025-07-10 12:00:00,1,159,99077.6337,1.0013323521673894
A,2025-07-10,2025-07-10 12:30:00,1,159,99058.6173,1.0013326079406117
A,2025-07-10,2025-07-10 13:00:00,1,159,99052.2732,1.0013326932914852
A,2025-07-10,2025-07-10 13:30:00,1,159,99141.05879999998,1.0013314998003633
A,2025-07-10,2025-07-10 14:00:00,1,159,99219.58889999999,1.0013304459478567
A,2025-07-10,2025-07-10 14:30:00,1,159,99223.5162,1.0013303932883606
A,2025-07-10,2025-07-10 15:00:00,1,159,99166.43519999999,1.0013311590734686
A,2025-07-10,2025-07-10 15:30:00,1,159,99161.6652,1.001331223106568
A,2025-07-10,2025-07-10 16:00:00,0,0,99097.54049999999,0.0
A,2025-07-11,2025-07-11 10:00:00,0,0,99097.54049999999,0.0
A,2025-07-11,2025-07-11 10:30:00,0,0,99097.54049999999,0.0
A,2025-07-11,2025-07-11 11:00:00,0,0,99097.54049999999,0.0
A,2025-07-11,2025-07-11 11:30:00,0,0,99097.54049999999,0.0
A,2025-07-11,2025-07-11 12:00:00,0,0,99097.54049999999,0.0
A,2025-07-11,2025-07-11 12:30:00,0,0,99097.54049999999,0.0
A,2025-07-11,2025-07-11 13:00:00,0,0,99097.54049999999,0.0
A,2025-07-11,2025-07-11 13:30:00,0,0,99097.54049999999,0.0
A,2025-07-11,2025-07-11 14:00:00,0,0,99097.54049999999,0.0
A,2025-07-11,2025-07-11 14:30:00,0,0,99097.54049999999,0.0
A,2025-07-11,2025-07-11 15:00:00,0,0,99097.54049999999,0.0
A,2025-07-11,2025-07-11 15:30:00,0,0,99097.54049999999,0.0
A,2025-07-11,2025-07-11 16:00:00,0,0,99097.54049999999,0.0
A,2025-07-14,2025-07-14 10:00:00,0,0,99097.54049999999,0.0
A,2025-07-14,2025-07-14 10:30:00,0,0,99097.54049999999,0.0
A,2025-07-14,2025-07-14 11:00:00,0,0,99097.54049999999,0.0
A,2025-07-14,2025-07-14 11:30:00,0,0,99097.54049999999,0.0
A,2025-07-14,2025-07-14 12:00:00,0,0,99097.54049999999,0.0
A,2025-07-14,2025-07-14 12:30:00,0,0,99097.54049999999,0.0
A,2025-07-14,2025-07-14 13:00:00,0,0,99097.54049999999,0.0
A,2025-07-14,2025-07-14 13:30:00,0,0,99097.54049999999,0.0
A,2025-07-14,2025-07-14 14:00:00,0,0,99097.54049999999,0.0
A,2025-07-14,2025-07-14 14:30:00,0,0,99097.54049999999,0.0
A,2025-07-14,2025-07-14 15:00:00,0,0,99097.54049999999,0.0
A,2025-07-14,2025-07-14 15:30:00,0,0,99097.54049999999,0.0
A,2025-07-14,2025-07-14 16:00:00,0,0,99097.54049999999,0.0
A,2025-07-15,2025-07-15 10:00:00,0,0,99097.54049999999,0.0
A,2025-07-15,2025-07-15 10:30:00,0,0,99097.54049999999,0.0
A,2025-07-15,2025-07-15 11:00:00,0,0,99097.54049999999,0.0
A,2025-07-15,2025-07-15 11:30:00,0,0,99097.54049999999,0.0
A,2025-07-15,2025-07-15 12:00:00,0,0,99097.54049999999,0.0
A,2025-07-15,2025-07-15 12:30:00,0,0,99097.54049999999,0.0
A,2025-07-15,2025-07-15 13:00:00,-1,-158,99096.82949999999,0.9908351911500863
A,2025-07-15,2025-07-15 13:30:00,-1,-158,98989.6897,0.9929899376177153
A,2025-07-15,2025-07-15 14:00:00,-1,-158,98871.52149999999,0.9953718978624195
A,2025-07-15,2025-07-15 14:30:00,-1,-158,98869.94149999999,0.9954037850826485
A,2025-07-15,2025-07-15 15:00:00,-1,-158,99118.88629999998,0.9903921731210978
A,2025-07-15,2025-07-15 15:30:00,-1,-158,99070.0327,0.9913736790358402
A,2025-07-15,2025-07-15 16:00:00,0,0,99258.4003,0.0
A,2025-07-16,2025-07-16 10:00:00,0,0,99258.4003,0.0
A,2025-07-16,2025-07-16 10:30:00,0,0,99258.4003,0.0
A,2025-07-16,2025-07-16 11:00:00,0,0,99258.4003,0.0
A,2025-07-16,2025-07-16 11:30:00,0,0,99258.4003,0.0
A,2025-07-16,2025-07-16 12:00:00,0,0,99258.4003,0.0
A,2025-07-16,2025-07-16 12:30:00,0,0,99258.4003,0.0
A,2025-07-16,2025-07-16 13:00:00,0,0,99258.4003,0.0
A,2025-07-16,2025-07-16 13:30:00,0,0,99258.4003,0.0
A,2025-07-16,2025-07-16 14:00:00,0,0,99258.4003,0.0
A,2025-07-16,2025-07-16 14:30:00,0,0,99258.4003,0.0
A,2025-07-16,2025-07-16 15:00:00,1,160,99257.68029999999,1.0036161201724154
A,2025-07-16,2025-07-16 15:30:00,1,160,99225.7763,1.0036172828612075
A,2025-07-16,2025-07-16 16:00:00,0,0,99239.4083,0.0
A,2025-07-17,2025-07-17 10:00:00,0,0,99239.4083,0.0
A,2025-07-17,2025-07-17 10:30:00,0,0,99239.4083,0.0
A,2025-07-17,2025-07-17 11:00:00,0,0,99239.4083,0.0
A,2025-07-17,2025-07-17 11:30:00,0,0,99239.4083,0.0
A,2025-07-17,2025-07-17 12:00:00,1,159,99238.69279999999,1.0021438654016614
A,2025-07-17,2025-07-17 12:30:00,1,159,99179.24269999999,1.0021451504791536
A,2025-07-17,2025-07-17 13:00:00,1,159,99176.04679999998,1.0021452196055876
A,2025-07-17,2025-07-17 13:30:00,1,159,99207.78319999998,1.0021445333535084
A,2025-07-17,2025-07-17 14:00:00,1,159,99272.90959999998,1.0021431264668001
A,2025-07-17,2025-07-17 14:30:00,1,159,99337.79749999999,1.002141726566869
A,2025-07-17,2025-07-17 15:00:00,1,159,99359.99389999999,1.002141248118575
A,2025-07-17,2025-07-17 15:30:00,1,159,99358.40389999998,1.0021412823842677
A,2025-07-17,2025-07-17 16:00:00,0,0,99368.78659999998,0.0
A,2025-07-18,2025-07-18 10:00:00,0,0,99368.78659999998,0.0
A,2025-07-18,2025-07-18 10:30:00,-1,-158,99368.07559999998,0.9948059958202513
A,2025-07-18,2025-07-18 11:00:00,-1,-158,99401.1608,0.9941420342044939
A,2025-07-18,2025-07-18 11:30:00,-1,-158,99328.67039999999,0.9955973658135265
A,2025-07-18,2025-07-18 12:00:00,-1,-158,99254.6316,0.9970859777993475
A,2025-07-18,2025-07-18 12:30:00,-1,-158,99438.97019999998,0.9933838071866921
A,2025-07-18,2025-07-18 13:00:00,-1,-158,99479.93959999998,0.9925628603819541
A,2025-07-18,2025-07-18 13:30:00,-1,-158,99434.23019999999,0.9934788311963016
A,2025-07-18,2025-07-18 14:00:00,-1,-158,99412.1892,0.9939208118756527
A,2025-07-18,2025-07-18 14:30:00,-1,-158,99412.1892,0.9939208118756527
A,2025-07-18,2025-07-18 15:00:00,-1,-158,99391.69659999998,0.9943319188697702
A,2025-07-18,2025-07-18 15:30:00,-1,-158,99366.49559999998,0.9948377146954553
A,2025-07-18,2025-07-18 16:00:00,0,0,99335.8436,0.0
A,2025-07-21,2025-07-21 10:00:00,0,0,99335.8436,0.0
A,2025-07-21,2025-07-21 10:30:00,0,0,99335.8436,0.0
A,2025-07-21,2025-07-21 11:00:00,0,0,99335.8436,0.0
A,2025-07-21,2025-07-21 11:30:00,0,0,99335.8436,0.0
A,2025-07-21,2025-07-21 12:00:00,0,0,99335.8436,0.0
A,2025-07-21,2025-07-21 12:30:00,0,0,99335.8436,0.0
A,2025-07-21,2025-07-21 13:00:00,0,0,99335.8436,0.0
A,2025-07-21,2025-07-21 13:30:00,0,0,99335.8436,0.0
A,2025-07-21,2025-07-21 14:00:00,0,0,99335.8436,0.0
A,2025-07-21,2025-07-21 14:30:00,0,0,99335.8436,0.0
A,2025-07-21,2025-07-21 15:00:00,0,0,99335.8436,0.0
A,2025-07-21,2025-07-21 15:30:00,0,0,99335.8436,0.0
A,2025-07-21,2025-07-21 16:00:00,0,0,99335.8436,0.0
A,2025-07-22,2025-07-22 10:00:00,0,0,99335.8436,0.0
A,2025-07-22,2025-07-22 10:30:00,0,0,99335.8436,0.0
A,2025-07-22,2025-07-22 11:00:00,0,0,99335.8436,0.0
A,2025-07-22,2025-07-22 11:30:00,0,0,99335.8436,0.0
A,2025-07-22,2025-07-22 12:00:00,0,0,99335.8436,0.0
A,2025-07-22,2025-07-22 12:30:00,0,0,99335.8436,0.0
A,2025-07-22,2025-07-22 13:00:00,0,0,99335.8436,0.0
A,2025-07-22,2025-07-22 13:30:00,0,0,99335.8436,0.0
A,2025-07-22,2025-07-22 14:00:00,0,0,99335.8436,0.0
A,2025-07-22,2025-07-22 14:30:00,0,0,99335.8436,0.0
A,2025-07-22,2025-07-22 15:00:00,0,0,99335.8436,0.0
A,2025-07-22,2025-07-22 15:30:00,0,0,99335.8436,0.0
A,2025-07-22,2025-07-22 16:00:00,0,0,99335.8436,0.0
A,2025-07-23,2025-07-23 10:00:00,0,0,99335.8436,0.0
A,2025-07-23,2025-07-23 10:30:00,1,158,99335.1326,1.0004656076736338
A,2025-07-23,2025-07-23 11:00:00,1,158,99333.5526,1.0004656150795919
A,2025-07-23,2025-07-23 11:30:00,1,158,99354.0294,1.0004655191166307
A,2025-07-23,2025-07-23 12:00:00,1,158,99528.9354,1.0004647010421053
A,2025-07-23,2025-07-23 12:30:00,1,158,99481.6618,1.00046492186764
A,2025-07-23,2025-07-23 13:00:00,1,158,99510.1334,1.0004647888453138
A,2025-07-23,2025-07-23 13:30:00,1,158,99551.76640000001,1.0004645944685115
A,2025-07-23,2025-07-23 14:00:00,1,158,99621.09680000001,1.0004642711381992
A,2025-07-23,2025-07-23 14:30:00,1,158,99729.8166,1.0004637650160884
A,2025-07-23,2025-07-23 15:00:00,1,158,99735.3466,1.0004637393018292
A,2025-07-23,2025-07-23 15:30:00,1,158,99744.795,1.0004636953737787
A,2025-07-23,2025-07-23 16:00:00,0,0,99881.1648,0.0
A,2025-07-24,2025-07-24 10:00:00,0,0,99881.1648,0.0
A,2025-07-24,2025-07-24 10:30:00,0,0,99881.1648,0.0
A,2025-07-24,2025-07-24 11:00:00,0,0,99881.1648,0.0
A,2025-07-24,2025-07-24 11:30:00,0,0,99881.1648,0.0
A,2025-07-24,2025-07-24 12:00:00,0,0,99881.1648,0.0
A,2025-07-24,2025-07-24 12:30:00,0,0,99881.1648,0.0
A,2025-07-24,2025-07-24 13:00:00,0,0,99881.1648,0.0
A,2025-07-24,2025-07-24 13:30:00,0,0,99881.1648,0.0
A,2025-07-24,2025-07-24 14:00:00,0,0,99881.1648,0.0
A,2025-07-24,2025-07-24 14:30:00,0,0,99881.1648,0.0
A,2025-07-24,2025-07-24 15:00:00,0,0,99881.1648,0.0
A,2025-07-24,2025-07-24 15:30:00,0,0,99881.1648,0.0
A,2025-07-24,2025-07-24 16:00:00,0,0,99881.1648,0.0
A,2025-07-25,2025-07-25 10:00:00,0,0,99881.1648,0.0
A,2025-07-25,2025-07-25 10:30:00,0,0,99881.1648,0.0
A,2025-07-25,2025-07-25 11:00:00,0,0,99881.1648,0.0
A,2025-07-25,2025-07-25 11:30:00,0,0,99881.1648,0.0
A,2025-07-25,2025-07-25 12:00:00,0,0,99881.1648,0.0
A,2025-07-25,2025-07-25 12:30:00,1,157,99880.4583,0.9981502708022717
A,2025-07-25,2025-07-25 13:00:00,1,157,99892.9712,0.9981505025050251
A,2025-07-25,2025-07-25 13:30:00,1,157,99924.27699999999,0.9981510819437804
A,2025-07-25,2025-07-25 14:00:00,1,157,99938.37559999998,0.9981513427760778
A,2025-07-25,2025-07-25 14:30:00,1,157,99970.4821,0.9981519364904613
A,2025-07-25,2025-07-25 15:00:00,1,157,99945.4249,0.998151473164631
A,2025-07-25,2025-07-25 15:30:00,1,157,99968.9121,0.9981519074668413
A,2025-07-25,2025-07-25 16:00:00,0,0,99932.17409999999,0.0
A,2025-07-28,2025-07-28 10:00:00,0,0,99932.17409999999,0.0
A,2025-07-28,2025-07-28 10:30:00,0,0,99932.17409999999,0.0
A,2025-07-28,2025-07-28 11:00:00,0,0,99932.17409999999,0.0
A,2025-07-28,2025-07-28 11:30:00,0,0,99932.17409999999,0.0
A,2025-07-28,2025-07-28 12:00:00,0,0,99932.17409999999,0.0
A,2025-07-28,2025-07-28 12:30:00,0,0,99932.17409999999,0.0
A,2025-07-28,2025-07-28 13:00:00,0,0,99932.17409999999,0.0
A,2025-07-28,2025-07-28 13:30:00,0,0,99932.17409999999,0.0
A,2025-07-28,2025-07-28 14:00:00,0,0,99932.17409999999,0.0
A,2025-07-28,2025-07-28 14:30:00,0,0,99932.17409999999,0.0
A,2025-07-28,2025-07-28 15:00:00,0,0,99932.17409999999,0.0
A,2025-07-28,2025-07-28 15:30:00,0,0,99932.17409999999,0.0
A,2025-07-28,2025-07-28 16:00:00,0,0,99932.17409999999,0.0
A,2025-07-29,2025-07-29 10:00:00,0,0,99932.17409999999,0.0
A,2025-07-29,2025-07-29 10:30:00,0,0,99932.17409999999,0.0
A,2025-07-29,2025-07-29 11:00:00,0,0,99932.17409999999,0.0
A,2025-07-29,2025-07-29 11:30:00,-1,-157,99931.46759999999,0.9952513216167358
A,2025-07-29,2025-07-29 12:00:00,-1,-157,99831.27019999998,0.9972538904949245
A,2025-07-29,2025-07-29 12:30:00,-1,-157,99865.70029999998,0.9965653092205875
A,2025-07-29,2025-07-29 13:00:00,-1,-157,99788.2365,0.9981152066957312
A,2025-07-29,2025-07-29 13:30:00,-1,-157,99782.8357,0.9982233557629793
A,2025-07-29,2025-07-29 14:00:00,-1,-157,99878.22889999999,0.9963148625676124
A,2025-07-29,2025-07-29 14:30:00,-1,-157,99919.72399999999,0.9954858242002351
A,2025-07-29,2025-07-29 15:00:00,-1,-157,99918.95469999999,0.9955011879242569
A,2025-07-29,2025-07-29 15:30:00,-1,-157,99952.59979999998,0.9948294811637308
A,2025-07-29,2025-07-29 16:00:00,0,0,99927.62109999999,0.0
A,2025-07-30,2025-07-30 10:00:00,0,0,99927.62109999999,0.0
A,2025-07-30,2025-07-30 10:30:00,1,157,99926.91459999999,0.9970671955481353
A,2025-07-30,2025-07-30 11:00:00,1,157,99909.70739999998,0.9970666904385311
A,2025-07-30,2025-07-30 11:30:00,1,157,99762.51989999998,0.997062362695993
A,2025-07-30,2025-07-30 12:00:00,1,157,99896.3781,0.9970662990433284
A,2025-07-30,2025-07-30 12:30:00,1,157,99964.50039999999,0.9970682982576085
A,2025-07-30,2025-07-30 13:00:00,1,157,99943.35249999998,0.9970676779128459
A,2025-07-30,2025-07-30 13:30:00,1,157,99900.30309999999,0.9970664143060044
A,2025-07-30,2025-07-30 14:00:00,1,157,99969.1947,0.9970684359228915
A,2025-07-30,2025-07-30 14:30:00,1,157,99994.2362,0.9970691700728247
A,2025-07-30,2025-07-30 15:00:00,-1,-157,99355.59159999999,0.9970645527312226
A,2025-07-30,2025-07-30 15:30:00,-1,-157,99446.38469999998,0.9952412618977793
A,2025-07-30,2025-07-30 16:00:00,0,0,99084.01299999999,0.0
A,2025-07-31,2025-07-31 10:00:00,0,0,99084.01299999999,0.0
A,2025-07-31,2025-07-31 10:30:00,0,0,99084.01299999999,0.0
A,2025-07-31,2025-07-31 11:00:00,0,0,99084.01299999999,0.0
A,2025-07-31,2025-07-31 11:30:00,0,0,99084.01299999999,0.0
A,2025-07-31,2025-07-31 12:00:00,0,0,99084.01299999999,0.0
A,2025-07-31,2025-07-31 12:30:00,0,0,99084.01299999999,0.0
A,2025-07-31,2025-07-31 13:00:00,0,0,99084.01299999999,0.0
A,2025-07-31,2025-07-31 13:30:00,0,0,99084.01299999999,0.0
A,2025-07-31,2025-07-31 14:00:00,0,0,99084.01299999999,0.0
A,2025-07-31,2025-07-31 14:30:00,0,0,99084.01299999999,0.0
A,2025-07-31,2025-07-31 15:00:00,0,0,99084.01299999999,0.0
A,2025-07-31,2025-07-31 15:30:00,0,0,99084.01299999999,0.0
A,2025-07-31,2025-07-31 16:00:00,0,0,99084.01299999999,0.0
A,2025-08-01,2025-08-01 10:00:00,0,0,99084.01299999999,0.0
A,2025-08-01,2025-08-01 10:30:00,0,0,99084.01299999999,0.0
A,2025-08-01,2025-08-01 11:00:00,0,0,99084.01299999999,0.0
A,2025-08-01,2025-08-01 11:30:00,0,0,99084.01299999999,0.0
A,2025-08-01,2025-08-01 12:00:00,0,0,99084.01299999999,0.0
A,2025-08-01,2025-08-01 12:30:00,0,0,99084.01299999999,0.0
A,2025-08-01,2025-08-01 13:00:00,0,0,99084.01299999999,0.0
A,2025-08-01,2025-08-01 13:30:00,0,0,99084.01299999999,0.0
A,2025-08-01,2025-08-01 14:00:00,0,0,99084.01299999999,0.0
A,2025-08-01,2025-08-01 14:30:00,0,0,99084.01299999999,0.0
A,2025-08-01,2025-08-01 15:00:00,0,0,99084.01299999999,0.0
A,2025-08-01,2025-08-01 15:30:00,0,0,99084.01299999999,0.0
A,2025-08-01,2025-08-01 16:00:00,0,0,99084.01299999999,0.0
A,2025-08-04,2025-08-04 10:00:00,0,0,99084.01299999999,0.0
A,2025-08-04,2025-08-04 10:30:00,0,0,99084.01299999999,0.0
A,2025-08-04,2025-08-04 11:00:00,0,0,99084.01299999999,0.0
A,2025-08-04,2025-08-04 11:30:00,0,0,99084.01299999999,0.0
A,2025-08-04,2025-08-04 12:00:00,0,0,99084.01299999999,0.0
A,2025-08-04,2025-08-04 12:30:00,0,0,99084.01299999999,0.0
A,2025-08-04,2025-08-04 13:00:00,0,0,99084.01299999999,0.0
A,2025-08-04,2025-08-04 13:30:00,0,0,99084.01299999999,0.0
A,2025-08-04,2025-08-04 14:00:00,0,0,99084.01299999999,0.0
A,2025-08-04,2025-08-04 14:30:00,0,0,99084.01299999999,0.0
A,2025-08-04,2025-08-04 15:00:00,0,0,99084.01299999999,0.0
A,2025-08-04,2025-08-04 15:30:00,0,0,99084.01299999999,0.0
A,2025-08-04,2025-08-04 16:00:00,0,0,99084.01299999999,0.0
A,2025-08-05,2025-08-05 10:00:00,0,0,99084.01299999999,0.0
A,2025-08-05,2025-08-05 10:30:00,-1,-157,99083.30649999999,0.9952537716330653
A,2025-08-05,2025-08-05 11:00:00,-1,-157,99391.733,0.9890622190881813
A,2025-08-05,2025-08-05 11:30:00,-1,-157,99384.6994,0.989202987919889
A,2025-08-05,2025-08-05 12:00:00,-1,-157,99364.3365,0.9896106386218358
A,2025-08-05,2025-08-05 12:30:00,-1,-157,99213.34959999999,0.9926385088000296
A,2025-08-05,2025-08-05 13:00:00,-1,-157,99235.17259999999,0.9922003037862406
A,2025-08-05,2025-08-05 13:30:00,-1,-157,99105.5377,0.9948061994118014
A,2025-08-05,2025-08-05 14:00:00,-1,-157,99039.45640000001,0.9961371779096314
A,2025-08-05,2025-08-05 14:30:00,-1,-157,99288.4113,0.9911320808896857
A,2025-08-05,2025-08-05 15:00:00,-1,-157,99304.0485,0.9908185415018602
A,2025-08-05,2025-08-05 15:30:00,-1,-157,99219.5197,0.9925145938798572
A,2025-08-05,2025-08-05 16:00:00,0,0,99376.9436,0.0
A,2025-08-06,2025-08-06 10:00:00,0,0,99376.9436,0.0
A,2025-08-06,2025-08-06 10:30:00,0,0,99376.9436,0.0
A,2025-08-06,2025-08-06 11:00:00,1,158,99376.2326,1.000432302562454
A,2025-08-06,2025-08-06 11:30:00,1,158,99523.5518,1.000431662648921
A,2025-08-06,2025-08-06 12:00:00,1,158,99644.09,1.000431140472054
A,2025-08-06,2025-08-06 12:30:00,1,158,99598.3964,1.0004313382700205
A,2025-08-06,2025-08-06 13:00:00,1,158,99574.75959999999,1.0004314406599883
A,2025-08-06,2025-08-06 13:30:00,1,158,99583.79719999999,1.0004314015051436
A,2025-08-06,2025-08-06 14:00:00,1,158,99573.9696,1.0004314440829525
A,2025-08-06,2025-08-06 14:30:00,1,158,99681.10939999999,1.0004309803558427
A,2025-08-06,2025-08-06 15:00:00,1,158,99629.9174,1.0004312018028432
A,2025-08-06,2025-08-06 15:30:00,1,158,99697.66780000001,1.0004309087759824
A,2025-08-06,2025-08-06 16:00:00,0,0,99659.14739999999,0.0
A,2025-08-07,2025-08-07 10:00:00,0,0,99659.14739999999,0.0
A,2025-08-07,2025-08-07 10:30:00,0,0,99659.14739999999,0.0
A,2025-08-07,2025-08-07 11:00:00,0,0,99659.14739999999,0.0
A,2025-08-07,2025-08-07 11:30:00,0,0,99659.14739999999,0.0
A,2025-08-07,2025-08-07 12:00:00,0,0,99659.14739999999,0.0
A,2025-08-07,2025-08-07 12:30:00,0,0,99659.14739999999,0.0
A,2025-08-07,2025-08-07 13:00:00,-1,-156,99658.44539999998,0.9853773336103034
A,2025-08-07,2025-08-07 13:30:00,-1,-156,99843.57059999998,0.98169614138379
A,2025-08-07,2025-08-07 14:00:00,-1,-156,99733.52819999997,0.9838826738709523
A,2025-08-07,2025-08-07 14:30:00,-1,-156,99887.12579999997,0.9808320343120739
A,2025-08-07,2025-08-07 15:00:00,-1,-156,99768.78419999997,0.9831816152371239
A,2025-08-07,2025-08-07 15:30:00,-1,-156,99793.79099999997,0.9826846602109748
A,2025-08-07,2025-08-07 16:00:00,0,0,99500.62019999998,0.0
A,2025-08-08,2025-08-08 10:00:00,0,0,99500.62019999998,0.0
A,2025-08-08,2025-08-08 10:30:00,0,0,99500.62019999998,0.0
A,2025-08-08,2025-08-08 11:00:00,0,0,99500.62019999998,0.0
A,2025-08-08,2025-08-08 11:30:00,0,0,99500.62019999998,0.0
A,2025-08-08,2025-08-08 12:00:00,0,0,99500.62019999998,0.0
A,2025-08-08,2025-08-08 12:30:00,0,0,99500.62019999998,0.0
A,2025-08-08,2025-08-08 13:00:00,0,0,99500.62019999998,0.0
A,2025-08-08,2025-08-08 13:30:00,0,0,99500.62019999998,0.0
A,2025-08-08,2025-08-08 14:00:00,0,0,99500.62019999998,0.0
A,2025-08-08,2025-08-08 14:30:00,0,0,99500.62019999998,0.0
A,2025-08-08,2025-08-08 15:00:00,0,0,99500.62019999998,0.0
A,2025-08-08,2025-08-08 15:30:00,0,0,99500.62019999998,0.0
A,2025-08-08,2025-08-08 16:00:00,0,0,99500.62019999998,0.0
A,2025-08-11,2025-08-11 10:00:00,0,0,99500.62019999998,0.0
A,2025-08-11,2025-08-11 10:30:00,0,0,99500.62019999998,0.0
A,2025-08-11,2025-08-11 11:00:00,0,0,99500.62019999998,0.0
A,2025-08-11,2025-08-11 11:30:00,0,0,99500.62019999998,0.0
A,2025-08-11,2025-08-11 12:00:00,0,0,99500.62019999998,0.0
A,2025-08-11,2025-08-11 12:30:00,0,0,99500.62019999998,0.0
A,2025-08-11,2025-08-11 13:00:00,0,0,99500.62019999998,0.0
A,2025-08-11,2025-08-11 13:30:00,0,0,99500.62019999998,0.0
A,2025-08-11,2025-08-11 14:00:00,0,0,99500.62019999998,0.0
A,2025-08-11,2025-08-11 14:30:00,0,0,99500.62019999998,0.0
A,2025-08-11,2025-08-11 15:00:00,0,0,99500.62019999998,0.0
A,2025-08-11,2025-08-11 15:30:00,0,0,99500.62019999998,0.0
A,2025-08-11,2025-08-11 16:00:00,0,0,99500.62019999998,0.0
A,2025-08-12,2025-08-12 10:00:00,0,0,99500.62019999998,0.0
A,2025-08-12,2025-08-12 10:30:00,1,156,99499.91819999997,0.9995959855975041
A,2025-08-12,2025-08-12 11:00:00,1,156,99585.37499999996,0.9995963322927693
A,2025-08-12,2025-08-12 11:30:00,1,156,99686.60339999996,0.9995967422037778
A,2025-08-12,2025-08-12 12:00:00,1,156,99789.28259999996,0.9995971571399996
A,2025-08-12,2025-08-12 12:30:00,1,156,99818.84459999997,0.9995972764445327
A,2025-08-12,2025-08-12 13:00:00,1,156,99869.40419999996,0.9995974803262122
A,2025-08-12,2025-08-12 13:30:00,1,156,99843.72659999997,0.9995973768070476
A,2025-08-12,2025-08-12 14:00:00,1,156,99928.52819999996,0.9995977184821586
A,2025-08-12,2025-08-12 14:30:00,1,156,99953.86259999996,0.9995978204448104
A,2025-08-12,2025-08-12 15:00:00,1,156,99916.84379999997,0.9995976714388574
A,2025-08-12,2025-08-12 15:30:00,1,156,99965.85899999995,0.9995978687083562
A,2025-08-12,2025-08-12 16:00:00,0,0,100021.92539999996,0.0
A,2025-08-13,2025-08-13 10:00:00,0,0,100021.92539999996,0.0
A,2025-08-13,2025-08-13 10:30:00,0,0,100021.92539999996,0.0
A,2025-08-13,2025-08-13 11:00:00,0,0,100021.92539999996,0.0
A,2025-08-13,2025-08-13 11:30:00,0,0,100021.92539999996,0.0
A,2025-08-13,2025-08-13 12:00:00,0,0,100021.92539999996,0.0
A,2025-08-13,2025-08-13 12:30:00,0,0,100021.92539999996,0.0
A,2025-08-13,2025-08-13 13:00:00,0,0,100021.92539999996,0.0
A,2025-08-13,2025-08-13 13:30:00,0,0,100021.92539999996,0.0
A,2025-08-13,2025-08-13 14:00:00,0,0,100021.92539999996,0.0
A,2025-08-13,2025-08-13 14:30:00,0,0,100021.92539999996,0.0
A,2025-08-13,2025-08-13 15:00:00,0,0,100021.92539999996,0.0
A,2025-08-13,2025-08-13 15:30:00,0,0,100021.92539999996,0.0
A,2025-08-13,2025-08-13 16:00:00,0,0,100021.92539999996,0.0
A,2025-08-14,2025-08-14 10:00:00,0,0,100021.92539999996,0.0
A,2025-08-14,2025-08-14 10:30:00,0,0,100021.92539999996,0.0
A,2025-08-14,2025-08-14 11:00:00,0,0,100021.92539999996,0.0
A,2025-08-14,2025-08-14 11:30:00,0,0,100021.92539999996,0.0
A,2025-08-14,2025-08-14 12:00:00,0,0,100021.92539999996,0.0
A,2025-08-14,2025-08-14 12:30:00,0,0,100021.92539999996,0.0
A,2025-08-14,2025-08-14 13:00:00,0,0,100021.92539999996,0.0
A,2025-08-14,2025-08-14 13:30:00,0,0,100021.92539999996,0.0
A,2025-08-14,2025-08-14 14:00:00,0,0,100021.92539999996,0.0
A,2025-08-14,2025-08-14 14:30:00,0,0,100021.92539999996,0.0
A,2025-08-14,2025-08-14 15:00:00,0,0,100021.92539999996,0.0
A,2025-08-14,2025-08-14 15:30:00,0,0,100021.92539999996,0.0
A,2025-08-14,2025-08-14 16:00:00,0,0,100021.92539999996,0.0
A,2025-08-15,2025-08-15 10:00:00,0,0,100021.92539999996,0.0
A,2025-08-15,2025-08-15 10:30:00,0,0,100021.92539999996,0.0
A,2025-08-15,2025-08-15 11:00:00,0,0,100021.92539999996,0.0
A,2025-08-15,2025-08-15 11:30:00,0,0,100021.92539999996,0.0
A,2025-08-15,2025-08-15 12:00:00,0,0,100021.92539999996,0.0
A,2025-08-15,2025-08-15 12:30:00,0,0,100021.92539999996,0.0
A,2025-08-15,2025-08-15 13:00:00,0,0,100021.92539999996,0.0
A,2025-08-15,2025-08-15 13:30:00,0,0,100021.92539999996,0.0
A,2025-08-15,2025-08-15 14:00:00,0,0,100021.92539999996,0.0
A,2025-08-15,2025-08-15 14:30:00,0,0,100021.92539999996,0.0
A,2025-08-15,2025-08-15 15:00:00,0,0,100021.92539999996,0.0
A,2025-08-15,2025-08-15 15:30:00,0,0,100021.92539999996,0.0
A,2025-08-15,2025-08-15 16:00:00,0,0,100021.92539999996,0.0
A,2025-08-18,2025-08-18 10:00:00,0,0,100021.92539999996,0.0
A,2025-08-18,2025-08-18 10:30:00,0,0,100021.92539999996,0.0
A,2025-08-18,2025-08-18 11:00:00,0,0,100021.92539999996,0.0
A,2025-08-18,2025-08-18 11:30:00,0,0,100021.92539999996,0.0
A,2025-08-18,2025-08-18 12:00:00,0,0,100021.92539999996,0.0
A,2025-08-18,2025-08-18 12:30:00,0,0,100021.92539999996,0.0
A,2025-08-18,2025-08-18 13:00:00,0,0,100021.92539999996,0.0
A,2025-08-18,2025-08-18 13:30:00,0,0,100021.92539999996,0.0
A,2025-08-18,2025-08-18 14:00:00,0,0,100021.92539999996,0.0
A,2025-08-18,2025-08-18 14:30:00,0,0,100021.92539999996,0.0
A,2025-08-18,2025-08-18 15:00:00,0,0,100021.92539999996,0.0
A,2025-08-18,2025-08-18 15:30:00,0,0,100021.92539999996,0.0
A,2025-08-18,2025-08-18 16:00:00,0,0,100021.92539999996,0.0
A,2025-08-19,2025-08-19 10:00:00,0,0,100021.92539999996,0.0
A,2025-08-19,2025-08-19 10:30:00,0,0,100021.92539999996,0.0
A,2025-08-19,2025-08-19 11:00:00,-1,-156,100021.22339999996,0.9973802420017194
A,2025-08-19,2025-08-19 11:30:00,-1,-156,99972.22379999995,0.9983592222542924
A,2025-08-19,2025-08-19 12:00:00,-1,-156,100102.90499999996,0.9957504270230724
A,2025-08-19,2025-08-19 12:30:00,-1,-156,100165.89779999995,0.9944953301262185
A,2025-08-19,2025-08-19 13:00:00,-1,-156,100261.57259999996,0.9925920790913272
A,2025-08-19,2025-08-19 13:30:00,-1,-156,100266.23699999996,0.9924993834165735
A,2025-08-19,2025-08-19 14:00:00,-1,-156,100241.35499999995,0.9929939634195891
A,2025-08-19,2025-08-19 14:30:00,-1,-156,100361.14739999996,0.9906150993247815
A,2025-08-19,2025-08-19 15:00:00,-1,-156,100367.35619999995,0.9904919583803887
A,2025-08-19,2025-08-19 15:30:00,-1,-156,100339.35419999996,0.9910474508515428
A,2025-08-19,2025-08-19 16:00:00,0,0,100245.31739999994,0.0
A,2025-08-20,2025-08-20 10:00:00,0,0,100245.31739999994,0.0
A,2025-08-20,2025-08-20 10:30:00,-1,-158,100244.60639999995,0.9964186302595933
A,2025-08-20,2025-08-20 11:00:00,-1,-158,100364.37039999996,0.9940363198850899
A,2025-08-20,2025-08-20 11:30:00,-1,-158,99866.46499999995,1.0039780100357016
A,2025-08-20,2025-08-20 12:00:00,-1,-158,100049.23939999995,1.0003170538845703
A,2025-08-20,2025-08-20 12:30:00,-1,-158,99694.71899999995,1.0074303012981063
A,2025-08-20,2025-08-20 13:00:00,-1,-158,99885.37759999995,1.0035985707681807
A,2025-08-20,2025-08-20 13:30:00,-1,-158,99830.21979999996,1.0047055911620866
A,2025-08-20,2025-08-20 14:00:00,-1,-158,99734.10839999995,1.0066374784977778
A,2025-08-20,2025-08-20 14:30:00,-1,-158,99948.40379999996,1.0023351268367133
A,2025-08-20,2025-08-20 15:00:00,-1,-158,99805.01879999995,1.0052117839989834
A,2025-08-20,2025-08-20 15:30:00,-1,-158,99562.37819999996,1.0100986277967396
A,2025-08-20,2025-08-20 16:00:00,0,0,99586.86819999995,0.0
A,2025-08-21,2025-08-21 10:00:00,0,0,99586.86819999995,0.0
A,2025-08-21,2025-08-21 10:30:00,0,0,99586.86819999995,0.0
A,2025-08-21,2025-08-21 11:00:00,0,0,99586.86819999995,0.0
A,2025-08-21,2025-08-21 11:30:00,0,0,99586.86819999995,0.0
A,2025-08-21,2025-08-21 12:00:00,0,0,99586.86819999995,0.0
A,2025-08-21,2025-08-21 12:30:00,0,0,99586.86819999995,0.0
A,2025-08-21,2025-08-21 13:00:00,0,0,99586.86819999995,0.0
A,2025-08-21,2025-08-21 13:30:00,0,0,99586.86819999995,0.0
A,2025-08-21,2025-08-21 14:00:00,0,0,99586.86819999995,0.0
A,2025-08-21,2025-08-21 14:30:00,0,0,99586.86819999995,0.0
A,2025-08-21,2025-08-21 15:00:00,0,0,99586.86819999995,0.0
A,2025-08-21,2025-08-21 15:30:00,0,0,99586.86819999995,0.0
A,2025-08-21,2025-08-21 16:00:00,0,0,99586.86819999995,0.0
A,2025-08-22,2025-08-22 10:00:00,0,0,99586.86819999995,0.0
A,2025-08-22,2025-08-22 10:30:00,1,156,99586.16619999995,1.0064154352394383
A,2025-08-22,2025-08-22 11:00:00,1,156,99810.24459999996,1.0064010323044539
A,2025-08-22,2025-08-22 11:30:00,1,156,99855.35979999995,1.0063981402829019
A,2025-08-22,2025-08-22 12:00:00,1,156,99771.19779999995,1.0064035374345286
A,2025-08-22,2025-08-22 12:30:00,1,156,99671.79459999995,1.0064099237157715
A,2025-08-22,2025-08-22 13:00:00,1,156,99668.69019999995,1.0064101233669072
A,2025-08-22,2025-08-22 13:30:00,1,156,99883.36179999994,1.0063963465835213
A,2025-08-22,2025-08-22 14:00:00,1,156,99827.35779999995,1.0063999349885633
A,2025-08-22,2025-08-22 14:30:00,1,156,99769.79379999994,1.0064036275476402
A,2025-08-22,2025-08-22 15:00:00,1,156,99776.01819999995,1.0064032280654798
A,2025-08-22,2025-08-22 15:30:00,1,156,99715.34979999994,1.0064071238909704
A,2025-08-22,2025-08-22 16:00:00,0,0,99750.43419999995,0.0
A,2025-08-25,2025-08-25 10:00:00,0,0,99750.43419999995,0.0
A,2025-08-25,2025-08-25 10:30:00,0,0,99750.43419999995,0.0
A,2025-08-25,2025-08-25 11:00:00,0,0,99750.43419999995,0.0
A,2025-08-25,2025-08-25 11:30:00,0,0,99750.43419999995,0.0
A,2025-08-25,2025-08-25 12:00:00,0,0,99750.43419999995,0.0
A,2025-08-25,2025-08-25 12:30:00,0,0,99750.43419999995,0.0
A,2025-08-25,2025-08-25 13:00:00,0,0,99750.43419999995,0.0
A,2025-08-25,2025-08-25 13:30:00,0,0,99750.43419999995,0.0
A,2025-08-25,2025-08-25 14:00:00,0,0,99750.43419999995,0.0
A,2025-08-25,2025-08-25 14:30:00,0,0,99750.43419999995,0.0
A,2025-08-25,2025-08-25 15:00:00,0,0,99750.43419999995,0.0
A,2025-08-25,2025-08-25 15:30:00,0,0,99750.43419999995,0.0
A,2025-08-25,2025-08-25 16:00:00,0,0,99750.43419999995,0.0
A,2025-08-26,2025-08-26 10:00:00,0,0,99750.43419999995,0.0
A,2025-08-26,2025-08-26 10:30:00,0,0,99750.43419999995,0.0
A,2025-08-26,2025-08-26 11:00:00,0,0,99750.43419999995,0.0
A,2025-08-26,2025-08-26 11:30:00,0,0,99750.43419999995,0.0
A,2025-08-26,2025-08-26 12:00:00,0,0,99750.43419999995,0.0
A,2025-08-26,2025-08-26 12:30:00,0,0,99750.43419999995,0.0
A,2025-08-26,2025-08-26 13:00:00,0,0,99750.43419999995,0.0
A,2025-08-26,2025-08-26 13:30:00,0,0,99750.43419999995,0.0
A,2025-08-26,2025-08-26 14:00:00,0,0,99750.43419999995,0.0
A,2025-08-26,2025-08-26 14:30:00,0,0,99750.43419999995,0.0
A,2025-08-26,2025-08-26 15:00:00,0,0,99750.43419999995,0.0
A,2025-08-26,2025-08-26 15:30:00,0,0,99750.43419999995,0.0
A,2025-08-26,2025-08-26 16:00:00,0,0,99750.43419999995,0.0
A,2025-08-27,2025-08-27 10:00:00,0,0,99750.43419999995,0.0
A,2025-08-27,2025-08-27 10:30:00,0,0,99750.43419999995,0.0
A,2025-08-27,2025-08-27 11:00:00,0,0,99750.43419999995,0.0
A,2025-08-27,2025-08-27 11:30:00,0,0,99750.43419999995,0.0
A,2025-08-27,2025-08-27 12:00:00,0,0,99750.43419999995,0.0
A,2025-08-27,2025-08-27 12:30:00,0,0,99750.43419999995,0.0
A,2025-08-27,2025-08-27 13:00:00,0,0,99750.43419999995,0.0
A,2025-08-27,2025-08-27 13:30:00,0,0,99750.43419999995,0.0
A,2025-08-27,2025-08-27 14:00:00,0,0,99750.43419999995,0.0
A,2025-08-27,2025-08-27 14:30:00,0,0,99750.43419999995,0.0
A,2025-08-27,2025-08-27 15:00:00,0,0,99750.43419999995,0.0
A,2025-08-27,2025-08-27 15:30:00,0,0,99750.43419999995,0.0
A,2025-08-27,2025-08-27 16:00:00,0,0,99750.43419999995,0.0
A,2025-08-28,2025-08-28 10:00:00,0,0,99750.43419999995,0.0
A,2025-08-28,2025-08-28 10:30:00,0,0,99750.43419999995,0.0
A,2025-08-28,2025-08-28 11:00:00,0,0,99750.43419999995,0.0
A,2025-08-28,2025-08-28 11:30:00,0,0,99750.43419999995,0.0
A,2025-08-28,2025-08-28 12:00:00,0,0,99750.43419999995,0.0
A,2025-08-28,2025-08-28 12:30:00,0,0,99750.43419999995,0.0
A,2025-08-28,2025-08-28 13:00:00,0,0,99750.43419999995,0.0
A,2025-08-28,2025-08-28 13:30:00,0,0,99750.43419999995,0.0
A,2025-08-28,2025-08-28 14:00:00,0,0,99750.43419999995,0.0
A,2025-08-28,2025-08-28 14:30:00,1,154,99749.74119999995,0.9986583945142109
A,2025-08-28,2025-08-28 15:00:00,1,154,99800.39179999995,0.9986590754045522
A,2025-08-28,2025-08-28 15:30:00,1,154,99793.49259999995,0.9986589827000408
A,2025-08-28,2025-08-28 16:00:00,0,0,99790.50499999996,0.0
A,2025-08-29,2025-08-29 10:00:00,0,0,99790.50499999996,0.0
A,2025-08-29,2025-08-29 10:30:00,0,0,99790.50499999996,0.0
A,2025-08-29,2025-08-29 11:00:00,-1,-155,99789.80749999997,0.9971262896764285
A,2025-08-29,2025-08-29 11:30:00,-1,-155,99680.96649999998,0.999306938902925
A,2025-08-29,2025-08-29 12:00:00,-1,-155,99785.93249999997,0.9972038443394818
A,2025-08-29,2025-08-29 12:30:00,-1,-155,99716.38399999996,0.9985968203580271
A,2025-08-29,2025-08-29 13:00:00,-1,-155,99640.63549999996,1.000116187536761
A,2025-08-29,2025-08-29 13:30:00,-1,-155,99750.39099999997,0.9979154567925456
A,2025-08-29,2025-08-29 14:00:00,-1,-155,99649.90449999996,0.9999301454423376
A,2025-08-29,2025-08-29 14:30:00,-1,-155,99704.01499999997,0.9988447606648542
A,2025-08-29,2025-08-29 15:00:00,-1,-155,99674.64249999997,0.9994337877860964
A,2025-08-29,2025-08-29 15:30:00,-1,-155,99651.45449999996,0.9998990381018477
A,2025-08-29,2025-08-29 16:00:00,0,0,99585.84299999998,0.0
A,2025-09-02,2025-09-02 10:00:00,0,0,99585.84299999998,0.0
A,2025-09-02,2025-09-02 10:30:00,0,0,99585.84299999998,0.0
A,2025-09-02,2025-09-02 11:00:00,-1,-156,99585.14099999997,0.9961161976966023
A,2025-09-02,2025-09-02 11:30:00,-1,-156,99764.04179999998,0.9925366836931824
A,2025-09-02,2025-09-02 12:00:00,-1,-156,99967.84019999996,0.9884746194606697
A,2025-09-02,2025-09-02 12:30:00,-1,-156,99900.94739999996,0.9898060846618162
A,2025-09-02,2025-09-02 13:00:00,-1,-156,99700.26899999997,0.9938112002486176
A,2025-09-02,2025-09-02 13:30:00,-1,-156,99588.19859999997,0.9960549120726844
A,2025-09-02,2025-09-02 14:00:00,-1,-156,99484.02179999996,0.9981451232402835
A,2025-09-02,2025-09-02 14:30:00,-1,-156,99575.81219999996,0.9963032046451141
A,2025-09-02,2025-09-02 15:00:00,-1,-156,99515.14379999998,0.9975202306847295
A,2025-09-02,2025-09-02 15:30:00,-1,-156,99355.68059999996,1.000726197028336
A,2025-09-02,2025-09-02 16:00:00,0,0,99176.84219999996,0.0
A,2025-09-03,2025-09-03 10:00:00,0,0,99176.84219999996,0.0
A,2025-09-03,2025-09-03 10:30:00,0,0,99176.84219999996,0.0
A,2025-09-03,2025-09-03 11:00:00,1,154,99176.14919999996,0.9972180650062993
A,2025-09-03,2025-09-03 11:30:00,1,154,98939.65139999997,0.9972114152809723
A,2025-09-03,2025-09-03 12:00:00,1,154,98919.69299999996,0.9972108526458936
A,2025-09-03,2025-09-03 12:30:00,1,154,98938.12679999997,0.9972113723099115
A,2025-09-03,2025-09-03 13:00:00,1,154,98843.66319999995,0.9972087072547919
A,2025-09-03,2025-09-03 13:30:00,1,154,98909.69839999996,0.9972105708088989
A,2025-09-03,2025-09-03 14:00:00,1,154,98712.47059999996,0.997204997521357
A,2025-09-03,2025-09-03 14:30:00,1,154,98731.02759999996,0.9972055228563227
A,2025-09-03,2025-09-03 15:00:00,1,154,98695.46899999997,0.9972045160452102
A,2025-09-03,2025-09-03 15:30:00,1,154,98722.34199999996,0.9972052769979874
A,2025-09-03,2025-09-03 16:00:00,0,0,99137.06399999997,0.0
A,2025-09-04,2025-09-04 10:00:00,0,0,99137.06399999997,0.0
A,2025-09-04,2025-09-04 10:30:00,0,0,99137.06399999997,0.0
A,2025-09-04,2025-09-04 11:00:00,0,0,99137.06399999997,0.0
A,2025-09-04,2025-09-04 11:30:00,0,0,99137.06399999997,0.0
A,2025-09-04,2025-09-04 12:00:00,0,0,99137.06399999997,0.0
A,2025-09-04,2025-09-04 12:30:00,0,0,99137.06399999997,0.0
A,2025-09-04,2025-09-04 13:00:00,0,0,99137.06399999997,0.0
A,2025-09-04,2025-09-04 13:30:00,1,154,99136.37099999997,1.0020932761397936
A,2025-09-04,2025-09-04 14:00:00,1,154,99176.81139999998,1.002092422584177
A,2025-09-04,2025-09-04 14:30:00,1,154,99190.31719999998,1.002092137678939
A,2025-09-04,2025-09-04 15:00:00,1,154,99251.74779999997,1.0020908427770783
A,2025-09-04,2025-09-04 15:30:00,1,154,99291.78779999996,1.0020899996323767
A,2025-09-04,2025-09-04 16:00:00,0,0,99479.88339999996,0.0
A,2025-09-05,2025-09-05 10:00:00,0,0,99479.88339999996,0.0
A,2025-09-05,2025-09-05 10:30:00,-1,-153,99479.19489999996,0.9915819845461982
A,2025-09-05,2025-09-05 11:00:00,-1,-153,99829.36599999995,0.9845961197429627
A,2025-09-05,2025-09-05 11:30:00,-1,-153,99522.57039999995,0.9907139818004544
A,2025-09-05,2025-09-05 12:00:00,-1,-153,99601.25829999994,0.9891412596742271
A,2025-09-05,2025-09-05 12:30:00,-1,-153,99594.38859999995,0.989278464228657
A,2025-09-05,2025-09-05 13:00:00,-1,-153,99489.12459999995,0.9913832109444458
A,2025-09-05,2025-09-05 13:30:00,-1,-153,99607.36299999995,0.9890193499048865
A,2025-09-05,2025-09-05 14:00:00,-1,-153,99687.29019999996,0.9874245954776694
A,2025-09-05,2025-09-05 14:30:00,-1,-153,99600.87579999997,0.9891488986284599
A,2025-09-05,2025-09-05 15:00:00,-1,-153,99515.04279999995,0.9908645650504614
A,2025-09-05,2025-09-05 15:30:00,-1,-153,99378.03129999996,0.9936093501582581
A,2025-09-05,2025-09-05 16:00:00,0,0,99366.37269999996,0.0
A,2025-09-08,2025-09-08 10:00:00,0,0,99366.37269999996,0.0
A,2025-09-08,2025-09-08 10:30:00,0,0,99366.37269999996,0.0
A,2025-09-08,2025-09-08 11:00:00,0,0,99366.37269999996,0.0
A,2025-09-08,2025-09-08 11:30:00,0,0,99366.37269999996,0.0
A,2025-09-08,2025-09-08 12:00:00,0,0,99366.37269999996,0.0
A,2025-09-08,2025-09-08 12:30:00,0,0,99366.37269999996,0.0
A,2025-09-08,2025-09-08 13:00:00,0,0,99366.37269999996,0.0
A,2025-09-08,2025-09-08 13:30:00,0,0,99366.37269999996,0.0
A,2025-09-08,2025-09-08 14:00:00,0,0,99366.37269999996,0.0
A,2025-09-08,2025-09-08 14:30:00,0,0,99366.37269999996,0.0
A,2025-09-08,2025-09-08 15:00:00,0,0,99366.37269999996,0.0
A,2025-09-08,2025-09-08 15:30:00,0,0,99366.37269999996,0.0
A,2025-09-08,2025-09-08 16:00:00,0,0,99366.37269999996,0.0
A,2025-09-09,2025-09-09 10:00:00,0,0,99366.37269999996,0.0
A,2025-09-09,2025-09-09 10:30:00,0,0,99366.37269999996,0.0
A,2025-09-09,2025-09-09 11:00:00,0,0,99366.37269999996,0.0
A,2025-09-09,2025-09-09 11:30:00,0,0,99366.37269999996,0.0
A,2025-09-09,2025-09-09 12:00:00,0,0,99366.37269999996,0.0
A,2025-09-09,2025-09-09 12:30:00,0,0,99366.37269999996,0.0
A,2025-09-09,2025-09-09 13:00:00,0,0,99366.37269999996,0.0
A,2025-09-09,2025-09-09 13:30:00,0,0,99366.37269999996,0.0
A,2025-09-09,2025-09-09 14:00:00,0,0,99366.37269999996,0.0
A,2025-09-09,2025-09-09 14:30:00,0,0,99366.37269999996,0.0
A,2025-09-09,2025-09-09 15:00:00,0,0,99366.37269999996,0.0
A,2025-09-09,2025-09-09 15:30:00,0,0,99366.37269999996,0.0
A,2025-09-09,2025-09-09 16:00:00,0,0,99366.37269999996,0.0
A,2025-09-10,2025-09-10 10:00:00,0,0,99366.37269999996,0.0
A,2025-09-10,2025-09-10 10:30:00,0,0,99366.37269999996,0.0
A,2025-09-10,2025-09-10 11:00:00,0,0,99366.37269999996,0.0
A,2025-09-10,2025-09-10 11:30:00,0,0,99366.37269999996,0.0
A,2025-09-10,2025-09-10 12:00:00,0,0,99366.37269999996,0.0
A,2025-09-10,2025-09-10 12:30:00,0,0,99366.37269999996,0.0
A,2025-09-10,2025-09-10 13:00:00,0,0,99366.37269999996,0.0
A,2025-09-10,2025-09-10 13:30:00,0,0,99366.37269999996,0.0
A,2025-09-10,2025-09-10 14:00:00,0,0,99366.37269999996,0.0
A,2025-09-10,2025-09-10 14:30:00,0,0,99366.37269999996,0.0
A,2025-09-10,2025-09-10 15:00:00,0,0,99366.37269999996,0.0
A,2025-09-10,2025-09-10 15:30:00,0,0,99366.37269999996,0.0
A,2025-09-10,2025-09-10 16:00:00,0,0,99366.37269999996,0.0
A,2025-09-11,2025-09-11 10:00:00,0,0,99366.37269999996,0.0
A,2025-09-11,2025-09-11 10:30:00,0,0,99366.37269999996,0.0
A,2025-09-11,2025-09-11 11:00:00,0,0,99366.37269999996,0.0
A,2025-09-11,2025-09-11 11:30:00,1,151,99365.69319999997,0.9963245272262644
A,2025-09-11,2025-09-11 12:00:00,1,151,99329.54379999997,0.9963231895966891
A,2025-09-11,2025-09-11 12:30:00,1,151,99355.13829999998,0.996324136765859
A,2025-09-11,2025-09-11 13:00:00,1,151,99315.99909999996,0.996322688153877
A,2025-09-11,2025-09-11 13:30:00,1,151,99315.24409999995,0.9963226601987483
A,2025-09-11,2025-09-11 14:00:00,1,151,99385.26279999997,0.996325250950587
A,2025-09-11,2025-09-11 14:30:00,1,151,99347.61849999997,0.9963238585331569
A,2025-09-11,2025-09-11 15:00:00,1,151,99373.96799999996,0.9963248332802815
A,2025-09-11,2025-09-11 15:30:00,1,151,99409.34729999996,0.9963261412541237
A,2025-09-11,2025-09-11 16:00:00,0,0,99392.10309999996,0.0
A,2025-09-12,2025-09-12 10:00:00,0,0,99392.10309999996,0.0
A,2025-09-12,2025-09-12 10:30:00,0,0,99392.10309999996,0.0
A,2025-09-12,2025-09-12 11:00:00,0,0,99392.10309999996,0.0
A,2025-09-12,2025-09-12 11:30:00,0,0,99392.10309999996,0.0
A,2025-09-12,2025-09-12 12:00:00,0,0,99392.10309999996,0.0
A,2025-09-12,2025-09-12 12:30:00,0,0,99392.10309999996,0.0
A,2025-09-12,2025-09-12 13:00:00,0,0,99392.10309999996,0.0
A,2025-09-12,2025-09-12 13:30:00,0,0,99392.10309999996,0.0
A,2025-09-12,2025-09-12 14:00:00,0,0,99392.10309999996,0.0
A,2025-09-12,2025-09-12 14:30:00,0,0,99392.10309999996,0.0
A,2025-09-12,2025-09-12 15:00:00,0,0,99392.10309999996,0.0
A,2025-09-12,2025-09-12 15:30:00,0,0,99392.10309999996,0.0
A,2025-09-12,2025-09-12 16:00:00,0,0,99392.10309999996,0.0
A,2025-09-15,2025-09-15 10:00:00,0,0,99392.10309999996,0.0
A,2025-09-15,2025-09-15 10:30:00,0,0,99392.10309999996,0.0
A,2025-09-15,2025-09-15 11:00:00,0,0,99392.10309999996,0.0
A,2025-09-15,2025-09-15 11:30:00,0,0,99392.10309999996,0.0
A,2025-09-15,2025-09-15 12:00:00,0,0,99392.10309999996,0.0
A,2025-09-15,2025-09-15 12:30:00,0,0,99392.10309999996,0.0
A,2025-09-15,2025-09-15 13:00:00,0,0,99392.10309999996,0.0
A,2025-09-15,2025-09-15 13:30:00,0,0,99392.10309999996,0.0
A,2025-09-15,2025-09-15 14:00:00,0,0,99392.10309999996,0.0
A,2025-09-15,2025-09-15 14:30:00,0,0,99392.10309999996,0.0
A,2025-09-15,2025-09-15 15:00:00,0,0,99392.10309999996,0.0
A,2025-09-15,2025-09-15 15:30:00,0,0,99392.10309999996,0.0
A,2025-09-15,2025-09-15 16:00:00,0,0,99392.10309999996,0.0
A,2025-09-16,2025-09-16 10:00:00,0,0,99392.10309999996,0.0
A,2025-09-16,2025-09-16 10:30:00,0,0,99392.10309999996,0.0
A,2025-09-16,2025-09-16 11:00:00,0,0,99392.10309999996,0.0
A,2025-09-16,2025-09-16 11:30:00,0,0,99392.10309999996,0.0
A,2025-09-16,2025-09-16 12:00:00,0,0,99392.10309999996,0.0
A,2025-09-16,2025-09-16 12:30:00,0,0,99392.10309999996,0.0
A,2025-09-16,2025-09-16 13:00:00,0,0,99392.10309999996,0.0
A,2025-09-16,2025-09-16 13:30:00,0,0,99392.10309999996,0.0
A,2025-09-16,2025-09-16 14:00:00,0,0,99392.10309999996,0.0
A,2025-09-16,2025-09-16 14:30:00,0,0,99392.10309999996,0.0
A,2025-09-16,2025-09-16 15:00:00,0,0,99392.10309999996,0.0
A,2025-09-16,2025-09-16 15:30:00,0,0,99392.10309999996,0.0
A,2025-09-16,2025-09-16 16:00:00,0,0,99392.10309999996,0.0
A,2025-09-17,2025-09-17 10:00:00,0,0,99392.10309999996,0.0
A,2025-09-17,2025-09-17 10:30:00,-1,-151,99391.42359999997,0.9986724095981258
A,2025-09-17,2025-09-17 11:00:00,-1,-151,99362.82419999997,0.9992476834208183
A,2025-09-17,2025-09-17 11:30:00,-1,-151,99425.30799999996,0.9979912569141858
A,2025-09-17,2025-09-17 12:00:00,-1,-151,99376.36889999997,0.9989751919784626
A,2025-09-17,2025-09-17 12:30:00,-1,-151,99430.57789999996,0.9978853617826559
A,2025-09-17,2025-09-17 13:00:00,-1,-151,99520.92119999995,0.9960717174310083
A,2025-09-17,2025-09-17 13:30:00,-1,-151,99466.42529999996,0.9971653299176124
A,2025-09-17,2025-09-17 14:00:00,-1,-151,99314.62499999997,1.0002179548077639
A,2025-09-17,2025-09-17 14:30:00,-1,-151,99212.23189999996,1.0022823022490643
A,2025-09-17,2025-09-17 15:00:00,-1,-151,99611.27959999997,0.9942610605716988
A,2025-09-17,2025-09-17 15:30:00,-1,-151,99255.90109999996,1.001401366553107
A,2025-09-17,2025-09-17 16:00:00,0,0,99389.24919999996,0.0
A,2025-09-18,2025-09-18 10:00:00,0,0,99389.24919999996,0.0
A,2025-09-18,2025-09-18 10:30:00,1,150,99388.57419999996,1.0000940329416663
A,2025-09-18,2025-09-18 11:00:00,1,150,99129.79419999996,1.0000942784162468
A,2025-09-18,2025-09-18 11:30:00,1,150,99224.02419999996,1.0000941888829382
A,2025-09-18,2025-09-18 12:00:00,1,150,99099.86919999997,1.0000943068853216
A,2025-09-18,2025-09-18 12:30:00,1,150,99237.47919999996,1.0000941761124464
A,2025-09-18,2025-09-18 13:00:00,1,150,99312.28419999997,1.0000941051761654
A,2025-09-18,2025-09-18 13:30:00,1,150,99213.55419999997,1.0000941988226848
A,2025-09-18,2025-09-18 14:00:00,1,150,99129.79419999996,1.0000942784162468
A,2025-09-18,2025-09-18 14:30:00,1,150,99135.76419999996,1.0000942727387583
A,2025-09-18,2025-09-18 15:00:00,1,150,99204.56919999997,1.0000942073543124
A,2025-09-18,2025-09-18 15:30:00,1,150,99117.82419999997,1.0000942898018137
A,2025-09-18,2025-09-18 16:00:00,0,0,99054.32919999996,0.0
A,2025-09-19,2025-09-19 10:00:00,0,0,99054.32919999996,0.0
A,2025-09-19,2025-09-19 10:30:00,0,0,99054.32919999996,0.0
A,2025-09-19,2025-09-19 11:00:00,0,0,99054.32919999996,0.0
A,2025-09-19,2025-09-19 11:30:00,0,0,99054.32919999996,0.0
A,2025-09-19,2025-09-19 12:00:00,0,0,99054.32919999996,0.0
A,2025-09-19,2025-09-19 12:30:00,0,0,99054.32919999996,0.0
A,2025-09-19,2025-09-19 13:00:00,0,0,99054.32919999996,0.0
A,2025-09-19,2025-09-19 13:30:00,0,0,99054.32919999996,0.0
A,2025-09-19,2025-09-19 14:00:00,0,0,99054.32919999996,0.0
A,2025-09-19,2025-09-19 14:30:00,0,0,99054.32919999996,0.0
A,2025-09-19,2025-09-19 15:00:00,0,0,99054.32919999996,0.0
A,2025-09-19,2025-09-19 15:30:00,1,149,99053.65869999997,0.998586536814112
A,2025-09-19,2025-09-19 16:00:00,0,0,99030.63819999997,0.0
A,2025-09-22,2025-09-22 10:00:00,0,0,99030.63819999997,0.0
A,2025-09-22,2025-09-22 10:30:00,0,0,99030.63819999997,0.0
A,2025-09-22,2025-09-22 11:00:00,1,149,99029.96769999998,1.0004955297991078
A,2025-09-22,2025-09-22 11:30:00,1,149,99025.49769999996,1.000495552167268
A,2025-09-22,2025-09-22 12:00:00,1,149,98974.09269999998,1.00049580954633
A,2025-09-22,2025-09-22 12:30:00,1,149,99163.32269999998,1.0004948634098163
A,2025-09-22,2025-09-22 13:00:00,1,149,99245.27269999997,1.0004944547852508
A,2025-09-22,2025-09-22 13:30:00,1,149,99257.93769999998,1.0004943916943785
A,2025-09-22,2025-09-22 14:00:00,1,149,99238.56769999997,1.0004944881928202
A,2025-09-22,2025-09-22 14:30:00,1,149,99266.87769999997,1.0004943471693382
A,2025-09-22,2025-09-22 15:00:00,1,149,99301.14769999997,1.0004941765642859
A,2025-09-22,2025-09-22 15:30:00,1,149,99354.04269999998,1.0004939134701163
A,2025-09-22,2025-09-22 16:00:00,0,0,99309.41719999998,0.0
A,2025-09-23,2025-09-23 10:00:00,0,0,99309.41719999998,0.0
A,2025-09-23,2025-09-23 10:30:00,0,0,99309.41719999998,0.0
A,2025-09-23,2025-09-23 11:00:00,0,0,99309.41719999998,0.0
A,2025-09-23,2025-09-23 11:30:00,0,0,99309.41719999998,0.0
A,2025-09-23,2025-09-23 12:00:00,-1,-148,99308.75119999998,0.9919011407324999
A,2025-09-23,2025-09-23 12:30:00,-1,-148,99359.17479999998,0.990890274583883
A,2025-09-23,2025-09-23 13:00:00,-1,-148,99372.49479999999,0.9906234134317016
A,2025-09-23,2025-09-23 13:30:00,-1,-148,99598.93479999997,0.9860976946914097
A,2025-09-23,2025-09-23 14:00:00,-1,-148,99658.13479999997,0.9849178915196798
A,2025-09-23,2025-09-23 14:30:00,-1,-148,99738.05479999998,0.9833273788692338
A,2025-09-23,2025-09-23 15:00:00,-1,-148,99819.45479999998,0.9817100303376934
A,2025-09-23,2025-09-23 15:30:00,-1,-148,99779.49479999999,0.9825036716862593
A,2025-09-23,2025-09-23 16:00:00,0,0,99657.46879999997,0.0
A,2025-09-24,2025-09-24 10:00:00,0,0,99657.46879999997,0.0
A,2025-09-24,2025-09-24 10:30:00,0,0,99657.46879999997,0.0
A,2025-09-24,2025-09-24 11:00:00,0,0,99657.46879999997,0.0
A,2025-09-24,2025-09-24 11:30:00,0,0,99657.46879999997,0.0
A,2025-09-24,2025-09-24 12:00:00,-1,-150,99656.79379999997,0.9939814058115929
A,2025-09-24,2025-09-24 12:30:00,-1,-150,99575.79379999997,0.9956034113985646
A,2025-09-24,2025-09-24 13:00:00,-1,-150,99637.29379999997,0.9943716476169491
A,2025-09-24,2025-09-24 13:30:00,-1,-150,99506.79379999997,0.996987202696908
A,2025-09-24,2025-09-24 14:00:00,-1,-150,99632.79379999997,0.9944617251112358
A,2025-09-24,2025-09-24 14:30:00,-1,-150,99655.29379999997,0.9940114189899667
A,2025-09-24,2025-09-24 15:00:00,-1,-150,99546.91879999997,0.9961822645584489
A,2025-09-24,2025-09-24 15:30:00,-1,-150,99593.41879999997,0.9952502504111248
A,2025-09-24,2025-09-24 16:00:00,0,0,99548.11879999997,0.0
A,2025-09-25,2025-09-25 10:00:00,0,0,99548.11879999997,0.0
A,2025-09-25,2025-09-25 10:30:00,0,0,99548.11879999997,0.0
A,2025-09-25,2025-09-25 11:00:00,0,0,99548.11879999997,0.0
A,2025-09-25,2025-09-25 11:30:00,0,0,99548.11879999997,0.0
A,2025-09-25,2025-09-25 12:00:00,0,0,99548.11879999997,0.0
A,2025-09-25,2025-09-25 12:30:00,0,0,99548.11879999997,0.0
A,2025-09-25,2025-09-25 13:00:00,0,0,99548.11879999997,0.0
A,2025-09-25,2025-09-25 13:30:00,0,0,99548.11879999997,0.0
A,2025-09-25,2025-09-25 14:00:00,0,0,99548.11879999997,0.0
A,2025-09-25,2025-09-25 14:30:00,0,0,99548.11879999997,0.0
A,2025-09-25,2025-09-25 15:00:00,0,0,99548.11879999997,0.0
A,2025-09-25,2025-09-25 15:30:00,0,0,99548.11879999997,0.0
A,2025-09-25,2025-09-25 16:00:00,0,0,99548.11879999997,0.0
A,2025-09-26,2025-09-26 10:00:00,0,0,99548.11879999997,0.0
A,2025-09-26,2025-09-26 10:30:00,0,0,99548.11879999997,0.0
A,2025-09-26,2025-09-26 11:00:00,0,0,99548.11879999997,0.0
A,2025-09-26,2025-09-26 11:30:00,0,0,99548.11879999997,0.0
A,2025-09-26,2025-09-26 12:00:00,0,0,99548.11879999997,0.0
A,2025-09-26,2025-09-26 12:30:00,0,0,99548.11879999997,0.0
A,2025-09-26,2025-09-26 13:00:00,0,0,99548.11879999997,0.0
A,2025-09-26,2025-09-26 13:30:00,0,0,99548.11879999997,0.0
A,2025-09-26,2025-09-26 14:00:00,0,0,99548.11879999997,0.0
A,2025-09-26,2025-09-26 14:30:00,0,0,99548.11879999997,0.0
A,2025-09-26,2025-09-26 15:00:00,0,0,99548.11879999997,0.0
A,2025-09-26,2025-09-26 15:30:00,0,0,99548.11879999997,0.0
A,2025-09-26,2025-09-26 16:00:00,0,0,99548.11879999997,0.0
A,2025-09-29,2025-09-29 10:00:00,0,0,99548.11879999997,0.0
A,2025-09-29,2025-09-29 10:30:00,0,0,99548.11879999997,0.0
A,2025-09-29,2025-09-29 11:00:00,0,0,99548.11879999997,0.0
A,2025-09-29,2025-09-29 11:30:00,0,0,99548.11879999997,0.0
A,2025-09-29,2025-09-29 12:00:00,0,0,99548.11879999997,0.0
A,2025-09-29,2025-09-29 12:30:00,0,0,99548.11879999997,0.0
A,2025-09-29,2025-09-29 13:00:00,0,0,99548.11879999997,0.0
A,2025-09-29,2025-09-29 13:30:00,0,0,99548.11879999997,0.0
A,2025-09-29,2025-09-29 14:00:00,0,0,99548.11879999997,0.0
A,2025-09-29,2025-09-29 14:30:00,0,0,99548.11879999997,0.0
A,2025-09-29,2025-09-29 15:00:00,0,0,99548.11879999997,0.0
A,2025-09-29,2025-09-29 15:30:00,0,0,99548.11879999997,0.0
A,2025-09-29,2025-09-29 16:00:00,0,0,99548.11879999997,0.0
A,2025-09-30,2025-09-30 10:00:00,0,0,99548.11879999997,0.0
A,2025-09-30,2025-09-30 10:30:00,0,0,99548.11879999997,0.0
A,2025-09-30,2025-09-30 11:00:00,0,0,99548.11879999997,0.0
A,2025-09-30,2025-09-30 11:30:00,0,0,99548.11879999997,0.0
A,2025-09-30,2025-09-30 12:00:00,0,0,99548.11879999997,0.0
A,2025-09-30,2025-09-30 12:30:00,0,0,99548.11879999997,0.0
A,2025-09-30,2025-09-30 13:00:00,0,0,99548.11879999997,0.0
A,2025-09-30,2025-09-30 13:30:00,0,0,99548.11879999997,0.0
A,2025-09-30,2025-09-30 14:00:00,0,0,99548.11879999997,0.0
A,2025-09-30,2025-09-30 14:30:00,0,0,99548.11879999997,0.0
A,2025-09-30,2025-09-30 15:00:00,0,0,99548.11879999997,0.0
A,2025-09-30,2025-09-30 15:30:00,1,150,99547.44379999996,1.0026450322574736
A,2025-09-30,2025-09-30 16:00:00,0,0,99663.01879999996,0.0
A,2025-10-01,2025-10-01 10:00:00,0,0,99663.01879999996,0.0
A,2025-10-01,2025-10-01 10:30:00,0,0,99663.01879999996,0.0
A,2025-10-01,2025-10-01 11:00:00,0,0,99663.01879999996,0.0
A,2025-10-01,2025-10-01 11:30:00,0,0,99663.01879999996,0.0
A,2025-10-01,2025-10-01 12:00:00,0,0,99663.01879999996,0.0
A,2025-10-01,2025-10-01 12:30:00,0,0,99663.01879999996,0.0
A,2025-10-01,2025-10-01 13:00:00,0,0,99663.01879999996,0.0
A,2025-10-01,2025-10-01 13:30:00,1,150,99662.34379999996,1.0053928211951206
A,2025-10-01,2025-10-01 14:00:00,1,150,99655.33879999995,1.0053932002687653
A,2025-10-01,2025-10-01 14:30:00,1,150,99776.53879999997,1.0053866490706533
A,2025-10-01,2025-10-01 15:00:00,1,150,99827.53879999997,1.0053838971336038
A,2025-10-01,2025-10-01 15:30:00,1,150,99827.53879999997,1.0053838971336038
A,2025-10-01,2025-10-01 16:00:00,0,0,99729.36379999996,0.0
A,2025-10-02,2025-10-02 10:00:00,0,0,99729.36379999996,0.0
A,2025-10-02,2025-10-02 10:30:00,0,0,99729.36379999996,0.0
A,2025-10-02,2025-10-02 11:00:00,0,0,99729.36379999996,0.0
A,2025-10-02,2025-10-02 11:30:00,0,0,99729.36379999996,0.0
A,2025-10-02,2025-10-02 12:00:00,0,0,99729.36379999996,0.0
A,2025-10-02,2025-10-02 12:30:00,0,0,99729.36379999996,0.0
A,2025-10-02,2025-10-02 13:00:00,0,0,99729.36379999996,0.0
A,2025-10-02,2025-10-02 13:30:00,0,0,99729.36379999996,0.0
A,2025-10-02,2025-10-02 14:00:00,0,0,99729.36379999996,0.0
A,2025-10-02,2025-10-02 14:30:00,0,0,99729.36379999996,0.0
A,2025-10-02,2025-10-02 15:00:00,0,0,99729.36379999996,0.0
A,2025-10-02,2025-10-02 15:30:00,0,0,99729.36379999996,0.0
A,2025-10-02,2025-10-02 16:00:00,0,0,99729.36379999996,0.0
A,2025-10-03,2025-10-03 10:00:00,0,0,99729.36379999996,0.0
A,2025-10-03,2025-10-03 10:30:00,0,0,99729.36379999996,0.0
A,2025-10-03,2025-10-03 11:00:00,1,148,99728.69779999997,0.9974140061417711
A,2025-10-03,2025-10-03 11:30:00,1,148,99678.37779999996,0.9974127006709778
A,2025-10-03,2025-10-03 12:00:00,1,148,99789.37779999996,0.9974155786348639
A,2025-10-03,2025-10-03 12:30:00,1,148,99777.53779999996,0.9974152719571322
A,2025-10-03,2025-10-03 13:00:00,1,148,99743.49779999997,0.9974143898530902
A,2025-10-03,2025-10-03 13:30:00,1,148,99457.11779999996,0.9974069447646917
A,2025-10-03,2025-10-03 14:00:00,1,148,99305.41779999997,0.9974029835862595
A,2025-10-03,2025-10-03 14:30:00,1,148,99499.29779999996,0.9974080440193824
A,2025-10-03,2025-10-03 15:00:00,1,148,99403.09779999996,0.997405535584828
A,2025-10-03,2025-10-03 15:30:00,1,148,99361.65779999996,0.9974044535315718
A,2025-10-03,2025-10-03 16:00:00,0,0,99300.31179999997,0.0
A,2025-10-06,2025-10-06 10:00:00,0,0,99300.31179999997,0.0
A,2025-10-06,2025-10-06 10:30:00,0,0,99300.31179999997,0.0
A,2025-10-06,2025-10-06 11:00:00,0,0,99300.31179999997,0.0
A,2025-10-06,2025-10-06 11:30:00,0,0,99300.31179999997,0.0
A,2025-10-06,2025-10-06 12:00:00,1,148,99299.64579999997,1.0013211950449883
A,2025-10-06,2025-10-06 12:30:00,1,148,99295.20579999995,1.0013212541224226
A,2025-10-06,2025-10-06 13:00:00,1,148,99281.88579999997,1.0013214313864294
A,2025-10-06,2025-10-06 13:30:00,1,148,99336.64579999997,1.001320702938412
A,2025-10-06,2025-10-06 14:00:00,1,148,99366.24579999996,1.0013203095170176
A,2025-10-06,2025-10-06 14:30:00,1,148,99360.32579999996,1.001320388182544
A,2025-10-06,2025-10-06 15:00:00,1,148,99341.08579999997,1.0013206439102564
A,2025-10-06,2025-10-06 15:30:00,1,148,99284.84579999997,1.0013213919903177
A,2025-10-06,2025-10-06 16:00:00,0,0,99266.41979999996,0.0
A,2025-10-07,2025-10-07 10:00:00,0,0,99266.41979999996,0.0
A,2025-10-07,2025-10-07 10:30:00,0,0,99266.41979999996,0.0
A,2025-10-07,2025-10-07 11:00:00,0,0,99266.41979999996,0.0
A,2025-10-07,2025-10-07 11:30:00,-1,-147,99265.75829999996,0.991044763922385
A,2025-10-07,2025-10-07 12:00:00,-1,-147,99412.75829999996,0.9881006389901168
A,2025-10-07,2025-10-07 12:30:00,-1,-147,99389.23829999997,0.9885711137399876
A,2025-10-07,2025-10-07 13:00:00,-1,-147,99393.64829999996,0.988482882763848
A,2025-10-07,2025-10-07 13:30:00,-1,-147,99311.32829999996,0.9901311530438973
A,2025-10-07,2025-10-07 14:00:00,-1,-147,99398.05829999996,0.9883946596168071
A,2025-10-07,2025-10-07 14:30:00,-1,-147,99352.48829999997,0.9893066764790835
A,2025-10-07,2025-10-07 15:00:00,-1,-147,99299.56829999996,0.9903668433168812
A,2025-10-07,2025-10-07 15:30:00,-1,-147,99362.77829999995,0.9891006640662751
A,2025-10-07,2025-10-07 16:00:00,0,0,99281.26679999995,0.0
A,2025-10-08,2025-10-08 10:00:00,0,0,99281.26679999995,0.0
A,2025-10-08,2025-10-08 10:30:00,1,148,99280.60079999996,1.0016325364541916
A,2025-10-08,2025-10-08 11:00:00,1,148,99256.92079999996,1.0016329259329595
A,2025-10-08,2025-10-08 11:30:00,1,148,99372.36079999995,1.001631028977225
A,2025-10-08,2025-10-08 12:00:00,1,148,99412.32079999996,1.0016303733651497
A,2025-10-08,2025-10-08 12:30:00,1,148,99389.38079999996,1.001630749670593
A,2025-10-08,2025-10-08 13:00:00,1,148,99400.48079999996,1.0016305675656252
A,2025-10-08,2025-10-08 13:30:00,1,148,99429.34079999996,1.001630094282995
A,2025-10-08,2025-10-08 14:00:00,1,148,99390.12079999996,1.0016307375289963
A,2025-10-08,2025-10-08 14:30:00,1,148,99419.72079999997,1.0016302520133413
A,2025-10-08,2025-10-08 15:00:00,1,148,99329.54439999996,1.0016317320388317
A,2025-10-08,2025-10-08 15:30:00,1,148,99423.42079999996,1.0016301913442114
A,2025-10-08,2025-10-08 16:00:00,0,0,99457.53479999996,0.0
A,2025-10-09,2025-10-09 10:00:00,0,0,99457.53479999996,0.0
A,2025-10-09,2025-10-09 10:30:00,0,0,99457.53479999996,0.0
A,2025-10-09,2025-10-09 11:00:00,0,0,99457.53479999996,0.0
A,2025-10-09,2025-10-09 11:30:00,0,0,99457.53479999996,0.0
A,2025-10-09,2025-10-09 12:00:00,0,0,99457.53479999996,0.0
A,2025-10-09,2025-10-09 12:30:00,0,0,99457.53479999996,0.0
A,2025-10-09,2025-10-09 13:00:00,-1,-148,99456.86879999997,0.9966579603398898
A,2025-10-09,2025-10-09 13:30:00,-1,-148,99499.78879999997,0.9957966865553792
A,2025-10-09,2025-10-09 14:00:00,-1,-148,99394.70879999998,0.9979066410826893
A,2025-10-09,2025-10-09 14:30:00,-1,-148,99448.72879999995,0.9968213892342891
A,2025-10-09,2025-10-09 15:00:00,-1,-148,99433.18879999997,0.9971334641537717
A,2025-10-09,2025-10-09 15:30:00,-1,-148,99350.30879999997,0.9987995125386067
A,2025-10-09,2025-10-09 16:00:00,0,0,99249.00279999997,0.0
A,2025-10-10,2025-10-10 10:00:00,0,0,99249.00279999997,0.0
A,2025-10-10,2025-10-10 10:30:00,0,0,99249.00279999997,0.0
A,2025-10-10,2025-10-10 11:00:00,-1,-147,99248.34129999997,0.9904707092570828
A,2025-10-10,2025-10-10 11:30:00,-1,-147,100175.17629999998,0.9720545907339722
A,2025-10-10,2025-10-10 12:00:00,-1,-147,100307.47629999998,0.9694535600632993
A,2025-10-10,2025-10-10 12:30:00,-1,-147,100310.41629999997,0.9693958373094702
A,2025-10-10,2025-10-10 13:00:00,-1,-147,100672.03629999998,0.9623216491946534
A,2025-10-10,2025-10-10 13:30:00,-1,-147,100554.43629999997,0.9646166153287862
A,2025-10-10,2025-10-10 14:00:00,-1,-147,100583.83629999998,0.9640423706925167
A,2025-10-10,2025-10-10 14:30:00,-1,-147,100661.74629999997,0.9625222446592905
A,2025-10-10,2025-10-10 15:00:00,-1,-147,100940.31129999997,0.9571062715753685
A,2025-10-10,2025-10-10 15:30:00,-1,-147,101101.27629999997,0.9539903305849763
A,2025-10-10,2025-10-10 16:00:00,0,0,101556.31479999998,0.0
A,2025-10-13,2025-10-13 10:00:00,0,0,101556.31479999998,0.0
A,2025-10-13,2025-10-13 10:30:00,0,0,101556.31479999998,0.0
A,2025-10-13,2025-10-13 11:00:00,0,0,101556.31479999998,0.0
A,2025-10-13,2025-10-13 11:30:00,0,0,101556.31479999998,0.0
A,2025-10-13,2025-10-13 12:00:00,0,0,101556.31479999998,0.0
A,2025-10-13,2025-10-13 12:30:00,0,0,101556.31479999998,0.0
A,2025-10-13,2025-10-13 13:00:00,0,0,101556.31479999998,0.0
A,2025-10-13,2025-10-13 13:30:00,0,0,101556.31479999998,0.0
A,2025-10-13,2025-10-13 14:00:00,0,0,101556.31479999998,0.0
A,2025-10-13,2025-10-13 14:30:00,0,0,101556.31479999998,0.0
A,2025-10-13,2025-10-13 15:00:00,0,0,101556.31479999998,0.0
A,2025-10-13,2025-10-13 15:30:00,0,0,101556.31479999998,0.0
A,2025-10-13,2025-10-13 16:00:00,0,0,101556.31479999998,0.0
A,2025-10-14,2025-10-14 10:00:00,0,0,101556.31479999998,0.0
A,2025-10-14,2025-10-14 10:30:00,0,0,101556.31479999998,0.0
A,2025-10-14,2025-10-14 11:00:00,0,0,101556.31479999998,0.0
A,2025-10-14,2025-10-14 11:30:00,0,0,101556.31479999998,0.0
A,2025-10-14,2025-10-14 12:00:00,0,0,101556.31479999998,0.0
A,2025-10-14,2025-10-14 12:30:00,0,0,101556.31479999998,0.0
A,2025-10-14,2025-10-14 13:00:00,0,0,101556.31479999998,0.0
A,2025-10-14,2025-10-14 13:30:00,0,0,101556.31479999998,0.0
A,2025-10-14,2025-10-14 14:00:00,0,0,101556.31479999998,0.0
A,2025-10-14,2025-10-14 14:30:00,0,0,101556.31479999998,0.0
A,2025-10-14,2025-10-14 15:00:00,0,0,101556.31479999998,0.0
A,2025-10-14,2025-10-14 15:30:00,0,0,101556.31479999998,0.0
A,2025-10-14,2025-10-14 16:00:00,0,0,101556.31479999998,0.0
A,2025-10-15,2025-10-15 10:00:00,0,0,101556.31479999998,0.0
A,2025-10-15,2025-10-15 10:30:00,0,0,101556.31479999998,0.0
A,2025-10-15,2025-10-15 11:00:00,0,0,101556.31479999998,0.0
A,2025-10-15,2025-10-15 11:30:00,0,0,101556.31479999998,0.0
A,2025-10-15,2025-10-15 12:00:00,0,0,101556.31479999998,0.0
A,2025-10-15,2025-10-15 12:30:00,0,0,101556.31479999998,0.0
A,2025-10-15,2025-10-15 13:00:00,0,0,101556.31479999998,0.0
A,2025-10-15,2025-10-15 13:30:00,0,0,101556.31479999998,0.0
A,2025-10-15,2025-10-15 14:00:00,0,0,101556.31479999998,0.0
A,2025-10-15,2025-10-15 14:30:00,0,0,101556.31479999998,0.0
A,2025-10-15,2025-10-15 15:00:00,0,0,101556.31479999998,0.0
A,2025-10-15,2025-10-15 15:30:00,0,0,101556.31479999998,0.0
A,2025-10-15,2025-10-15 16:00:00,0,0,101556.31479999998,0.0
A,2025-10-16,2025-10-16 10:00:00,0,0,101556.31479999998,0.0
A,2025-10-16,2025-10-16 10:30:00,0,0,101556.31479999998,0.0
A,2025-10-16,2025-10-16 11:00:00,0,0,101556.31479999998,0.0
A,2025-10-16,2025-10-16 11:30:00,0,0,101556.31479999998,0.0
A,2025-10-16,2025-10-16 12:00:00,0,0,101556.31479999998,0.0
A,2025-10-16,2025-10-16 12:30:00,0,0,101556.31479999998,0.0
A,2025-10-16,2025-10-16 13:00:00,0,0,101556.31479999998,0.0
A,2025-10-16,2025-10-16 13:30:00,0,0,101556.31479999998,0.0
A,2025-10-16,2025-10-16 14:00:00,-1,-152,101555.63079999998,0.9905420232001554
A,2025-10-16,2025-10-16 14:30:00,-1,-152,102081.55079999997,0.9802868316142395
A,2025-10-16,2025-10-16 15:00:00,-1,-152,101742.59079999998,0.9868842459238814
A,2025-10-16,2025-10-16 15:30:00,-1,-152,101981.23079999998,0.9822348604170801
A,2025-10-16,2025-10-16 16:00:00,0,0,101732.78679999997,0.0
A,2025-10-17,2025-10-17 10:00:00,0,0,101732.78679999997,0.0
A,2025-10-17,2025-10-17 10:30:00,1,153,101732.09829999997,0.9962165500718865
A,2025-10-17,2025-10-17 11:00:00,1,153,101299.10829999998,0.9962003782021448
A,2025-10-17,2025-10-17 11:30:00,1,153,101274.62829999997,0.996199459761434
A,2025-10-17,2025-10-17 12:00:00,1,153,101629.58829999997,0.9962127338461335
A,2025-10-17,2025-10-17 12:30:00,1,153,101842.25829999997,0.9962206425267381
A,2025-10-17,2025-10-17 13:00:00,1,153,101670.89829999997,0.9962142726538694
A,2025-10-17,2025-10-17 13:30:00,1,153,101546.96829999998,0.9962096524746769
A,2025-10-17,2025-10-17 14:00:00,1,153,101804.00829999997,0.9962192225391977
A,2025-10-17,2025-10-17 14:30:00,1,153,102076.34829999997,0.996229309664676
A,2025-10-17,2025-10-17 15:00:00,1,153,102033.50829999997,0.9962277264948267
A,2025-10-17,2025-10-17 15:30:00,1,153,102147.49329999997,0.9962319359235811
A,2025-10-17,2025-10-17 16:00:00,0,0,102035.87979999997,0.0
A,2025-10-20,2025-10-20 10:00:00,0,0,102035.87979999997,0.0
A,2025-10-20,2025-10-20 10:30:00,1,152,102035.19579999997,0.9985338804044321
A,2025-10-20,2025-10-20 11:00:00,1,152,102175.03579999998,0.9985358869822879
A,2025-10-20,2025-10-20 11:30:00,1,152,102137.03579999998,0.9985353422602462
A,2025-10-20,2025-10-20 12:00:00,1,152,102086.87579999998,0.9985346226062098
A,2025-10-20,2025-10-20 12:30:00,1,152,102115.75579999998,0.9985350370388192
A,2025-10-20,2025-10-20 13:00:00,1,152,102144.63579999997,0.9985354512370783
A,2025-10-20,2025-10-20 13:30:00,1,152,102235.75979999999,0.9985367566075448
A,2025-10-20,2025-10-20 14:00:00,1,152,102258.63579999997,0.9985370839457259
A,2025-10-20,2025-10-20 14:30:00,1,152,102275.35579999998,0.9985373231035978
A,2025-10-20,2025-10-20 15:00:00,1,152,102240.39579999997,0.9985368229570178
A,2025-10-20,2025-10-20 15:30:00,1,152,102251.03579999998,0.9985369752117467
A,2025-10-20,2025-10-20 16:00:00,0,0,102186.51179999998,0.0
A,2025-10-21,2025-10-21 10:00:00,0,0,102186.51179999998,0.0
A,2025-10-21,2025-10-21 10:30:00,0,0,102186.51179999998,0.0
A,2025-10-21,2025-10-21 11:00:00,0,0,102186.51179999998,0.0
A,2025-10-21,2025-10-21 11:30:00,0,0,102186.51179999998,0.0
A,2025-10-21,2025-10-21 12:00:00,0,0,102186.51179999998,0.0
A,2025-10-21,2025-10-21 12:30:00,0,0,102186.51179999998,0.0
A,2025-10-21,2025-10-21 13:00:00,0,0,102186.51179999998,0.0
A,2025-10-21,2025-10-21 13:30:00,0,0,102186.51179999998,0.0
A,2025-10-21,2025-10-21 14:00:00,0,0,102186.51179999998,0.0
A,2025-10-21,2025-10-21 14:30:00,0,0,102186.51179999998,0.0
A,2025-10-21,2025-10-21 15:00:00,0,0,102186.51179999998,0.0
A,2025-10-21,2025-10-21 15:30:00,0,0,102186.51179999998,0.0
A,2025-10-21,2025-10-21 16:00:00,0,0,102186.51179999998,0.0
A,2025-10-22,2025-10-22 10:00:00,0,0,102186.51179999998,0.0
A,2025-10-22,2025-10-22 10:30:00,-1,-152,102185.82779999998,0.9956302374838717
A,2025-10-22,2025-10-22 11:00:00,-1,-152,102072.96779999997,0.997836765161638
A,2025-10-22,2025-10-22 11:30:00,-1,-152,102405.84779999999,0.991342605729592
A,2025-10-22,2025-10-22 12:00:00,-1,-152,102235.91179999997,0.994652605035015
A,2025-10-22,2025-10-22 12:30:00,-1,-152,102445.36779999998,0.9905744122868971
A,2025-10-22,2025-10-22 13:00:00,-1,-152,102512.24779999997,0.9892757419372482
A,2025-10-22,2025-10-22 13:30:00,-1,-152,102797.99259999997,0.9837462059546096
A,2025-10-22,2025-10-22 14:00:00,-1,-152,102878.56779999999,0.982192522318531
A,2025-10-22,2025-10-22 14:30:00,-1,-152,102747.84779999999,0.9847143484401043
A,2025-10-22,2025-10-22 15:00:00,-1,-152,102618.64779999998,0.9872131641945102
A,2025-10-22,2025-10-22 15:30:00,-1,-152,102471.20779999997,0.990072452332313
A,2025-10-22,2025-10-22 16:00:00,0,0,102418.84379999999,0.0
A,2025-10-23,2025-10-23 10:00:00,0,0,102418.84379999999,0.0
A,2025-10-23,2025-10-23 10:30:00,0,0,102418.84379999999,0.0
A,2025-10-23,2025-10-23 11:00:00,0,0,102418.84379999999,0.0
A,2025-10-23,2025-10-23 11:30:00,0,0,102418.84379999999,0.0
A,2025-10-23,2025-10-23 12:00:00,0,0,102418.84379999999,0.0
A,2025-10-23,2025-10-23 12:30:00,0,0,102418.84379999999,0.0
A,2025-10-23,2025-10-23 13:00:00,0,0,102418.84379999999,0.0
A,2025-10-23,2025-10-23 13:30:00,0,0,102418.84379999999,0.0
A,2025-10-23,2025-10-23 14:00:00,0,0,102418.84379999999,0.0
A,2025-10-23,2025-10-23 14:30:00,0,0,102418.84379999999,0.0
A,2025-10-23,2025-10-23 15:00:00,0,0,102418.84379999999,0.0
A,2025-10-23,2025-10-23 15:30:00,0,0,102418.84379999999,0.0
A,2025-10-23,2025-10-23 16:00:00,0,0,102418.84379999999,0.0
A,2025-10-24,2025-10-24 10:00:00,0,0,102418.84379999999,0.0
A,2025-10-24,2025-10-24 10:30:00,0,0,102418.84379999999,0.0
A,2025-10-24,2025-10-24 11:00:00,0,0,102418.84379999999,0.0
A,2025-10-24,2025-10-24 11:30:00,0,0,102418.84379999999,0.0
A,2025-10-24,2025-10-24 12:00:00,0,0,102418.84379999999,0.0
A,2025-10-24,2025-10-24 12:30:00,0,0,102418.84379999999,0.0
A,2025-10-24,2025-10-24 13:00:00,0,0,102418.84379999999,0.0
A,2025-10-24,2025-10-24 13:30:00,0,0,102418.84379999999,0.0
A,2025-10-24,2025-10-24 14:00:00,0,0,102418.84379999999,0.0
A,2025-10-24,2025-10-24 14:30:00,0,0,102418.84379999999,0.0
A,2025-10-24,2025-10-24 15:00:00,0,0,102418.84379999999,0.0
A,2025-10-24,2025-10-24 15:30:00,0,0,102418.84379999999,0.0
A,2025-10-24,2025-10-24 16:00:00,0,0,102418.84379999999,0.0
A,2025-10-27,2025-10-27 10:00:00,0,0,102418.84379999999,0.0
A,2025-10-27,2025-10-27 10:30:00,0,0,102418.84379999999,0.0
A,2025-10-27,2025-10-27 11:00:00,0,0,102418.84379999999,0.0
A,2025-10-27,2025-10-27 11:30:00,0,0,102418.84379999999,0.0
A,2025-10-27,2025-10-27 12:00:00,0,0,102418.84379999999,0.0
A,2025-10-27,2025-10-27 12:30:00,0,0,102418.84379999999,0.0
A,2025-10-27,2025-10-27 13:00:00,0,0,102418.84379999999,0.0
A,2025-10-27,2025-10-27 13:30:00,0,0,102418.84379999999,0.0
A,2025-10-27,2025-10-27 14:00:00,0,0,102418.84379999999,0.0
A,2025-10-27,2025-10-27 14:30:00,0,0,102418.84379999999,0.0
A,2025-10-27,2025-10-27 15:00:00,0,0,102418.84379999999,0.0
A,2025-10-27,2025-10-27 15:30:00,0,0,102418.84379999999,0.0
A,2025-10-27,2025-10-27 16:00:00,0,0,102418.84379999999,0.0
A,2025-10-28,2025-10-28 10:00:00,0,0,102418.84379999999,0.0
A,2025-10-28,2025-10-28 10:30:00,0,0,102418.84379999999,0.0
A,2025-10-28,2025-10-28 11:00:00,0,0,102418.84379999999,0.0
A,2025-10-28,2025-10-28 11:30:00,0,0,102418.84379999999,0.0
A,2025-10-28,2025-10-28 12:00:00,0,0,102418.84379999999,0.0
A,2025-10-28,2025-10-28 12:30:00,0,0,102418.84379999999,0.0
A,2025-10-28,2025-10-28 13:00:00,0,0,102418.84379999999,0.0
A,2025-10-28,2025-10-28 13:30:00,0,0,102418.84379999999,0.0
A,2025-10-28,2025-10-28 14:00:00,0,0,102418.84379999999,0.0
A,2025-10-28,2025-10-28 14:30:00,0,0,102418.84379999999,0.0
A,2025-10-28,2025-10-28 15:00:00,0,0,102418.84379999999,0.0
A,2025-10-28,2025-10-28 15:30:00,0,0,102418.84379999999,0.0
A,2025-10-28,2025-10-28 16:00:00,0,0,102418.84379999999,0.0
A,2025-10-29,2025-10-29 10:00:00,0,0,102418.84379999999,0.0
A,2025-10-29,2025-10-29 10:30:00,0,0,102418.84379999999,0.0
A,2025-10-29,2025-10-29 11:00:00,0,0,102418.84379999999,0.0
A,2025-10-29,2025-10-29 11:30:00,0,0,102418.84379999999,0.0
A,2025-10-29,2025-10-29 12:00:00,0,0,102418.84379999999,0.0
A,2025-10-29,2025-10-29 12:30:00,0,0,102418.84379999999,0.0
A,2025-10-29,2025-10-29 13:00:00,0,0,102418.84379999999,0.0
A,2025-10-29,2025-10-29 13:30:00,0,0,102418.84379999999,0.0
A,2025-10-29,2025-10-29 14:00:00,0,0,102418.84379999999,0.0
A,2025-10-29,2025-10-29 14:30:00,0,0,102418.84379999999,0.0
A,2025-10-29,2025-10-29 15:00:00,0,0,102418.84379999999,0.0
A,2025-10-29,2025-10-29 15:30:00,0,0,102418.84379999999,0.0
A,2025-10-29,2025-10-29 16:00:00,0,0,102418.84379999999,0.0
A,2025-10-30,2025-10-30 10:00:00,0,0,102418.84379999999,0.0
A,2025-10-30,2025-10-30 10:30:00,-1,-149,102418.1733,0.9942821348874811
A,2025-10-30,2025-10-30 11:00:00,-1,-149,102261.7233,0.9973331830209827
A,2025-10-30,2025-10-30 11:30:00,-1,-149,102215.53330000001,0.9982357544477047
A,2025-10-30,2025-10-30 12:00:00,-1,-149,102431.5833,0.9940210501461614
A,2025-10-30,2025-10-30 12:30:00,-1,-149,102200.6333,0.9985270805557718
A,2025-10-30,2025-10-30 13:00:00,-1,-149,102273.64330000001,0.9971003937042692
A,2025-10-30,2025-10-30 13:30:00,-1,-149,102285.5633,0.9968676586444533
A,2025-10-30,2025-10-30 14:00:00,-1,-149,102278.1133,0.9970131116996269
A,2025-10-30,2025-10-30 14:30:00,-1,-149,102489.6933,0.9928904724315338
A,2025-10-30,2025-10-30 15:00:00,-1,-149,102580.5833,0.9911247014716479
A,2025-10-30,2025-10-30 15:30:00,-1,-149,102735.5433,0.9881214109469744
A,2025-10-30,2025-10-30 16:00:00,0,0,102955.3928,0.0
A,2025-10-31,2025-10-31 10:00:00,0,0,102955.3928,0.0
A,2025-10-31,2025-10-31 10:30:00,0,0,102955.3928,0.0
A,2025-10-31,2025-10-31 11:00:00,0,0,102955.3928,0.0
A,2025-10-31,2025-10-31 11:30:00,0,0,102955.3928,0.0
A,2025-10-31,2025-10-31 12:00:00,0,0,102955.3928,0.0
A,2025-10-31,2025-10-31 12:30:00,0,0,102955.3928,0.0
A,2025-10-31,2025-10-31 13:00:00,0,0,102955.3928,0.0
A,2025-10-31,2025-10-31 13:30:00,0,0,102955.3928,0.0
A,2025-10-31,2025-10-31 14:00:00,0,0,102955.3928,0.0
A,2025-10-31,2025-10-31 14:30:00,0,0,102955.3928,0.0
A,2025-10-31,2025-10-31 15:00:00,0,0,102955.3928,0.0
A,2025-10-31,2025-10-31 15:30:00,0,0,102955.3928,0.0
A,2025-10-31,2025-10-31 16:00:00,0,0,102955.3928,0.0
A,2025-11-03,2025-11-03 10:00:00,0,0,102955.3928,0.0
A,2025-11-03,2025-11-03 10:30:00,-1,-150,102954.7178,0.991294883623099
A,2025-11-03,2025-11-03 11:00:00,-1,-150,102650.2028,0.9972021214555262
A,2025-11-03,2025-11-03 11:30:00,-1,-150,102705.70280000001,0.9961228754670475
A,2025-11-03,2025-11-03 12:00:00,-1,-150,102498.70280000001,1.000154120974885
A,2025-11-03,2025-11-03 12:30:00,-1,-150,102599.9528,0.9981802837632494
A,2025-11-03,2025-11-03 13:00:00,-1,-150,102434.9528,1.0013989092207596
A,2025-11-03,2025-11-03 13:30:00,-1,-150,102467.2028,1.0007689992294784
A,2025-11-03,2025-11-03 14:00:00,-1,-150,102440.2028,1.0012963387065845
A,2025-11-03,2025-11-03 14:30:00,-1,-150,102525.59779999999,0.9996294310804791
A,2025-11-03,2025-11-03 15:00:00,-1,-150,102492.7028,1.0002712115032641
A,2025-11-03,2025-11-03 15:30:00,-1,-150,102543.7028,0.9992763787734024
A,2025-11-03,2025-11-03 16:00:00,0,0,102511.5278,0.0
A,2025-11-04,2025-11-04 10:00:00,0,0,102511.5278,0.0
A,2025-11-04,2025-11-04 10:30:00,0,0,102511.5278,0.0
A,2025-11-04,2025-11-04 11:00:00,0,0,102511.5278,0.0
A,2025-11-04,2025-11-04 11:30:00,0,0,102511.5278,0.0
A,2025-11-04,2025-11-04 12:00:00,0,0,102511.5278,0.0
A,2025-11-04,2025-11-04 12:30:00,-1,-151,102510.8483,0.9971426604612343
A,2025-11-04,2025-11-04 13:00:00,-1,-151,102664.86830000002,0.9941465049344439
A,2025-11-04,2025-11-04 13:30:00,-1,-151,102770.5683,0.9920955161245324
A,2025-11-04,2025-11-04 14:00:00,-1,-151,102640.7083,0.994615895494556
A,2025-11-04,2025-11-04 14:30:00,-1,-151,102618.0583,0.9950561498784468
A,2025-11-04,2025-11-04 15:00:00,-1,-151,102769.81330000001,0.9921101510846084
A,2025-11-04,2025-11-04 15:30:00,-1,-151,102655.0533,0.9943371682025126
A,2025-11-04,2025-11-04 16:00:00,0,0,102766.86880000001,0.0
A,2025-11-05,2025-11-05 10:00:00,0,0,102766.86880000001,0.0
A,2025-11-05,2025-11-05 10:30:00,0,0,102766.86880000001,0.0
A,2025-11-05,2025-11-05 11:00:00,0,0,102766.86880000001,0.0
A,2025-11-05,2025-11-05 11:30:00,1,151,102766.18930000001,0.9967221777678585
A,2025-11-05,2025-11-05 12:00:00,1,151,102921.44750000001,0.9967271224007997
A,2025-11-05,2025-11-05 12:30:00,1,151,103021.36420000001,0.9967302966465666
A,2025-11-05,2025-11-05 13:00:00,1,151,103046.7473,0.9967311020597348
A,2025-11-05,2025-11-05 13:30:00,1,151,103074.2293,0.9967319736243713
A,2025-11-05,2025-11-05 14:00:00,1,151,103106.69430000002,0.9967330026213437
A,2025-11-05,2025-11-05 14:30:00,1,151,103047.04930000001,0.9967311116398944
A,2025-11-05,2025-11-05 15:00:00,1,151,103049.31430000001,0.9967311834893015
A,2025-11-05,2025-11-05 15:30:00,1,151,102980.60930000001,0.9967290026511815
A,2025-11-05,2025-11-05 16:00:00,0,0,102650.74980000002,0.0
A,2025-11-06,2025-11-06 10:00:00,0,0,102650.74980000002,0.0
A,2025-11-06,2025-11-06 10:30:00,0,0,102650.74980000002,0.0
A,2025-11-06,2025-11-06 11:00:00,-1,-152,102650.06580000003,0.9934559632790803
A,2025-11-06,2025-11-06 11:30:00,-1,-152,102584.70580000001,0.9947260578876661
A,2025-11-06,2025-11-06 12:00:00,-1,-152,102873.50580000001,0.9891262012381034
A,2025-11-06,2025-11-06 12:30:00,-1,-152,102858.30580000003,0.9894201465643814
A,2025-11-06,2025-11-06 13:00:00,-1,-152,102630.30580000003,0.9938397747617347
A,2025-11-06,2025-11-06 13:30:00,-1,-152,102643.98580000001,0.9935740433805329
A,2025-11-06,2025-11-06 14:00:00,-1,-152,102571.02580000003,0.9949920964912486
A,2025-11-06,2025-11-06 14:30:00,-1,-152,102271.58580000003,1.0008332148106769
A,2025-11-06,2025-11-06 15:00:00,-1,-152,102330.86580000003,0.9996741374194449
A,2025-11-06,2025-11-06 15:30:00,-1,-152,102428.52580000003,0.9977675574434554
A,2025-11-06,2025-11-06 16:00:00,0,0,102740.58180000003,0.0
A,2025-11-07,2025-11-07 10:00:00,0,0,102740.58180000003,0.0
A,2025-11-07,2025-11-07 10:30:00,0,0,102740.58180000003,0.0
A,2025-11-07,2025-11-07 11:00:00,-1,-154,102739.88880000003,0.9943308406617622
A,2025-11-07,2025-11-07 11:30:00,-1,-154,102832.28880000004,0.9925388337753303
A,2025-11-07,2025-11-07 12:00:00,-1,-154,102944.70880000004,0.9903628966309724
A,2025-11-07,2025-11-07 12:30:00,-1,-154,102718.32880000003,0.9947494394982794
A,2025-11-07,2025-11-07 13:00:00,-1,-154,102649.02880000003,0.9960961267273089
A,2025-11-07,2025-11-07 13:30:00,-1,-154,102441.12880000003,1.0001471205967418
A,2025-11-07,2025-11-07 14:00:00,-1,-154,102418.04420000003,1.0005979454155596
A,2025-11-07,2025-11-07 14:30:00,-1,-154,102248.61340000003,1.0039130310592552
A,2025-11-07,2025-11-07 15:00:00,-1,-154,101749.66880000004,1.0137395159757017
A,2025-11-07,2025-11-07 15:30:00,-1,-154,101914.44880000003,1.0104836086794395
A,2025-11-07,2025-11-07 16:00:00,0,0,101567.25580000003,0.0
A,2025-11-10,2025-11-10 10:00:00,0,0,101567.25580000003,0.0
A,2025-11-10,2025-11-10 10:30:00,0,0,101567.25580000003,0.0
A,2025-11-10,2025-11-10 11:00:00,0,0,101567.25580000003,0.0
A,2025-11-10,2025-11-10 11:30:00,0,0,101567.25580000003,0.0
A,2025-11-10,2025-11-10 12:00:00,0,0,101567.25580000003,0.0
A,2025-11-10,2025-11-10 12:30:00,0,0,101567.25580000003,0.0
A,2025-11-10,2025-11-10 13:00:00,0,0,101567.25580000003,0.0
A,2025-11-10,2025-11-10 13:30:00,0,0,101567.25580000003,0.0
A,2025-11-10,2025-11-10 14:00:00,0,0,101567.25580000003,0.0
A,2025-11-10,2025-11-10 14:30:00,1,149,101566.58530000004,0.9986797793821268
A,2025-11-10,2025-11-10 15:00:00,1,149,101643.32030000004,0.9986807760745686
A,2025-11-10,2025-11-10 15:30:00,1,149,101635.87030000004,0.9986806793742776
A,2025-11-10,2025-11-10 16:00:00,0,0,101667.97980000004,0.0
A,2025-11-11,2025-11-11 10:00:00,0,0,101667.97980000004,0.0
A,2025-11-11,2025-11-11 10:30:00,-1,-149,101667.30930000005,0.9956532310824119
A,2025-11-11,2025-11-11 11:00:00,-1,-149,101684.44430000005,0.9953169405283356
A,2025-11-11,2025-11-11 11:30:00,-1,-149,101678.48430000005,0.9954338983001534
A,2025-11-11,2025-11-11 12:00:00,-1,-149,101617.39430000004,0.9966335064743926
A,2025-11-11,2025-11-11 12:30:00,-1,-149,101420.71430000005,1.0005054756353648
A,2025-11-11,2025-11-11 13:00:00,-1,-149,101261.28430000004,1.0036551551025505
A,2025-11-11,2025-11-11 13:30:00,-1,-149,101142.08430000006,1.0060165430069148
A,2025-11-11,2025-11-11 14:00:00,-1,-149,101111.98630000006,1.0066136738528293
A,2025-11-11,2025-11-11 14:30:00,-1,-149,101104.83430000006,1.0067556186084363
A,2025-11-11,2025-11-11 15:00:00,-1,-149,101104.08930000005,1.006770405675371
A,2025-11-11,2025-11-11 15:30:00,-1,-149,101149.53430000004,1.0058687932090653
A,2025-11-11,2025-11-11 16:00:00,0,0,101125.02380000005,0.0
A,2025-11-12,2025-11-12 10:00:00,0,0,101125.02380000005,0.0
A,2025-11-12,2025-11-12 10:30:00,0,0,101125.02380000005,0.0
A,2025-11-12,2025-11-12 11:00:00,0,0,101125.02380000005,0.0
A,2025-11-12,2025-11-12 11:30:00,0,0,101125.02380000005,0.0
A,2025-11-12,2025-11-12 12:00:00,0,0,101125.02380000005,0.0
A,2025-11-12,2025-11-12 12:30:00,0,0,101125.02380000005,0.0
A,2025-11-12,2025-11-12 13:00:00,0,0,101125.02380000005,0.0
A,2025-11-12,2025-11-12 13:30:00,0,0,101125.02380000005,0.0
A,2025-11-12,2025-11-12 14:00:00,0,0,101125.02380000005,0.0
A,2025-11-12,2025-11-12 14:30:00,0,0,101125.02380000005,0.0
A,2025-11-12,2025-11-12 15:00:00,0,0,101125.02380000005,0.0
A,2025-11-12,2025-11-12 15:30:00,0,0,101125.02380000005,0.0
A,2025-11-12,2025-11-12 16:00:00,0,0,101125.02380000005,0.0
A,2025-11-13,2025-11-13 10:00:00,0,0,101125.02380000005,0.0
A,2025-11-13,2025-11-13 10:30:00,0,0,101125.02380000005,0.0
A,2025-11-13,2025-11-13 11:00:00,-1,-148,101124.35780000006,0.9897951609043488
A,2025-11-13,2025-11-13 11:30:00,-1,-148,101222.03780000005,0.9878749941546815
A,2025-11-13,2025-11-13 12:00:00,-1,-148,101300.47780000005,0.9863357228903411
A,2025-11-13,2025-11-13 12:30:00,-1,-148,101182.95100000006,0.9886429068470234
A,2025-11-13,2025-11-13 13:00:00,-1,-148,101430.71780000004,0.9837852098883595
A,2025-11-13,2025-11-13 13:30:00,-1,-148,101648.27780000005,0.9795392716432225
A,2025-11-13,2025-11-13 14:00:00,-1,-148,101648.27780000005,0.9795392716432225
A,2025-11-13,2025-11-13 14:30:00,-1,-148,101546.15780000004,0.981529997386075
A,2025-11-13,2025-11-13 15:00:00,-1,-148,101811.07780000006,0.9763739088910808
A,2025-11-13,2025-11-13 15:30:00,-1,-148,101808.11780000005,0.9764313705836918
A,2025-11-13,2025-11-13 16:00:00,0,0,101754.17180000005,0.0
A,2025-11-14,2025-11-14 10:00:00,0,0,101754.17180000005,0.0
A,2025-11-14,2025-11-14 10:30:00,0,0,101754.17180000005,0.0
A,2025-11-14,2025-11-14 11:00:00,0,0,101754.17180000005,0.0
A,2025-11-14,2025-11-14 11:30:00,1,152,101753.48780000006,1.007542465782681
A,2025-11-14,2025-11-14 12:00:00,1,152,101779.32780000006,1.0075405508818849
A,2025-11-14,2025-11-14 12:30:00,1,152,101823.40780000007,1.0075372865295118
A,2025-11-14,2025-11-14 13:00:00,1,152,101684.64700000006,1.0075475720538218
A,2025-11-14,2025-11-14 13:30:00,1,152,101527.00780000006,1.007559291036251
A,2025-11-14,2025-11-14 14:00:00,1,152,101566.52780000005,1.0075563496815725
A,2025-11-14,2025-11-14 14:30:00,1,152,101686.62300000007,1.0075474253875059
A,2025-11-14,2025-11-14 15:00:00,1,152,101782.36780000005,1.0075403256633606
A,2025-11-14,2025-11-14 15:30:00,1,152,101446.44780000007,1.0075652939717812
A,2025-11-14,2025-11-14 16:00:00,0,0,101365.20380000005,0.0
A,2025-11-17,2025-11-17 10:00:00,0,0,101365.20380000005,0.0
A,2025-11-17,2025-11-17 10:30:00,0,0,101365.20380000005,0.0
A,2025-11-17,2025-11-17 11:00:00,0,0,101365.20380000005,0.0
A,2025-11-17,2025-11-17 11:30:00,0,0,101365.20380000005,0.0
A,2025-11-17,2025-11-17 12:00:00,0,0,101365.20380000005,0.0
A,2025-11-17,2025-11-17 12:30:00,0,0,101365.20380000005,0.0
A,2025-11-17,2025-11-17 13:00:00,-1,-150,101364.52880000004,0.9903360789854523
A,2025-11-17,2025-11-17 13:30:00,-1,-150,101453.47880000004,0.9885910388318785
A,2025-11-17,2025-11-17 14:00:00,-1,-150,101771.14880000004,0.9823838207474372
A,2025-11-17,2025-11-17 14:30:00,-1,-150,101883.97880000004,0.9801884572650784
A,2025-11-17,2025-11-17 15:00:00,-1,-150,102365.47880000004,0.9708741771644988
A,2025-11-17,2025-11-17 15:30:00,-1,-150,102167.47880000004,0.9746937202486782
A,2025-11-17,2025-11-17 16:00:00,0,0,101898.30380000004,0.0
A,2025-11-18,2025-11-18 10:00:00,0,0,101898.30380000004,0.0
A,2025-11-18,2025-11-18 10:30:00,0,0,101898.30380000004,0.0
A,2025-11-18,2025-11-18 11:00:00,0,0,101898.30380000004,0.0
A,2025-11-18,2025-11-18 11:30:00,0,0,101898.30380000004,0.0
A,2025-11-18,2025-11-18 12:00:00,0,0,101898.30380000004,0.0
A,2025-11-18,2025-11-18 12:30:00,0,0,101898.30380000004,0.0
A,2025-11-18,2025-11-18 13:00:00,0,0,101898.30380000004,0.0
A,2025-11-18,2025-11-18 13:30:00,0,0,101898.30380000004,0.0
A,2025-11-18,2025-11-18 14:00:00,0,0,101898.30380000004,0.0
A,2025-11-18,2025-11-18 14:30:00,0,0,101898.30380000004,0.0
A,2025-11-18,2025-11-18 15:00:00,0,0,101898.30380000004,0.0
A,2025-11-18,2025-11-18 15:30:00,0,0,101898.30380000004,0.0
A,2025-11-18,2025-11-18 16:00:00,0,0,101898.30380000004,0.0
A,2025-11-19,2025-11-19 10:00:00,0,0,101898.30380000004,0.0
A,2025-11-19,2025-11-19 10:30:00,0,0,101898.30380000004,0.0
A,2025-11-19,2025-11-19 11:00:00,0,0,101898.30380000004,0.0
A,2025-11-19,2025-11-19 11:30:00,0,0,101898.30380000004,0.0
A,2025-11-19,2025-11-19 12:00:00,0,0,101898.30380000004,0.0
A,2025-11-19,2025-11-19 12:30:00,0,0,101898.30380000004,0.0
A,2025-11-19,2025-11-19 13:00:00,0,0,101898.30380000004,0.0
A,2025-11-19,2025-11-19 13:30:00,0,0,101898.30380000004,0.0
A,2025-11-19,2025-11-19 14:00:00,0,0,101898.30380000004,0.0
A,2025-11-19,2025-11-19 14:30:00,0,0,101898.30380000004,0.0
A,2025-11-19,2025-11-19 15:00:00,0,0,101898.30380000004,0.0
A,2025-11-19,2025-11-19 15:30:00,0,0,101898.30380000004,0.0
A,2025-11-19,2025-11-19 16:00:00,0,0,101898.30380000004,0.0
A,2025-11-20,2025-11-20 10:00:00,0,0,101898.30380000004,0.0
A,2025-11-20,2025-11-20 10:30:00,0,0,101898.30380000004,0.0
A,2025-11-20,2025-11-20 11:00:00,0,0,101898.30380000004,0.0
A,2025-11-20,2025-11-20 11:30:00,0,0,101898.30380000004,0.0
A,2025-11-20,2025-11-20 12:00:00,-1,-150,101897.62880000003,0.9711953179424717
A,2025-11-20,2025-11-20 12:30:00,-1,-150,102103.12880000003,0.9672279504132097
A,2025-11-20,2025-11-20 13:00:00,-1,-150,102308.53880000004,0.9632782478953746
A,2025-11-20,2025-11-20 13:30:00,-1,-150,101944.12880000002,0.97029619228057
A,2025-11-20,2025-11-20 14:00:00,-1,-150,102598.12880000003,0.957736765273247
A,2025-11-20,2025-11-20 14:30:00,-1,-150,102319.12880000002,0.963075049169105
A,2025-11-20,2025-11-20 15:00:00,-1,-150,102149.62880000002,0.9663324395751499
A,2025-11-20,2025-11-20 15:30:00,-1,-150,102428.62880000003,0.960976449193665
A,2025-11-20,2025-11-20 16:00:00,0,0,102979.95380000003,0.0
A,2025-11-21,2025-11-21 10:00:00,0,0,102979.95380000003,0.0
A,2025-11-21,2025-11-21 10:30:00,0,0,102979.95380000003,0.0
A,2025-11-21,2025-11-21 11:00:00,0,0,102979.95380000003,0.0
A,2025-11-21,2025-11-21 11:30:00,0,0,102979.95380000003,0.0
A,2025-11-21,2025-11-21 12:00:00,1,157,102979.24730000003,1.0074723084521902
A,2025-11-21,2025-11-21 12:30:00,1,157,102932.14730000003,1.0074757276534536
A,2025-11-21,2025-11-21 13:00:00,1,157,102886.61730000003,1.0074790358570762
A,2025-11-21,2025-11-21 13:30:00,1,157,102556.91730000003,1.0075030794631732
A,2025-11-21,2025-11-21 14:00:00,1,157,103210.03730000003,1.0074555994758851
A,2025-11-21,2025-11-21 14:30:00,1,157,103514.61730000003,1.007433662221538
A,2025-11-21,2025-11-21 15:00:00,1,157,103112.69730000001,1.0074626376784732
A,2025-11-21,2025-11-21 15:30:00,1,157,102762.58730000003,1.0074880627300047
A,2025-11-21,2025-11-21 16:00:00,0,0,102697.51080000002,0.0
A,2025-11-24,2025-11-24 10:00:00,0,0,102697.51080000002,0.0
A,2025-11-24,2025-11-24 10:30:00,1,154,102696.81780000002,0.9978594487666781
A,2025-11-24,2025-11-24 11:00:00,1,154,102888.10120000003,0.9978634283514212
A,2025-11-24,2025-11-24 11:30:00,1,154,103077.96780000003,0.9978673638538688
A,2025-11-24,2025-11-24 12:00:00,1,154,103011.74780000003,0.9978659929115383
A,2025-11-24,2025-11-24 12:30:00,1,154,103124.16780000004,0.9978683192825724
A,2025-11-24,2025-11-24 13:00:00,1,154,103261.22780000004,0.9978711486907187
A,2025-11-24,2025-11-24 13:30:00,1,154,103268.92780000002,0.9978713074234123
A,2025-11-24,2025-11-24 14:00:00,1,154,103281.24780000003,0.9978715613464922
A,2025-11-24,2025-11-24 14:30:00,1,154,103239.66780000004,0.9978707041132108
A,2025-11-24,2025-11-24 15:00:00,1,154,103147.26780000003,0.9978687966759695
A,2025-11-24,2025-11-24 15:30:00,1,154,103233.50780000002,0.9978705770569579
A,2025-11-24,2025-11-24 16:00:00,0,0,103203.55480000003,0.0
A,2025-11-25,2025-11-25 10:00:00,0,0,103203.55480000003,0.0
A,2025-11-25,2025-11-25 10:30:00,0,0,103203.55480000003,0.0
A,2025-11-25,2025-11-25 11:00:00,0,0,103203.55480000003,0.0
A,2025-11-25,2025-11-25 11:30:00,0,0,103203.55480000003,0.0
A,2025-11-25,2025-11-25 12:00:00,0,0,103203.55480000003,0.0
A,2025-11-25,2025-11-25 12:30:00,1,154,103202.86180000003,1.0047475253249225
A,2025-11-25,2025-11-25 13:00:00,1,154,103203.01580000002,1.004747518240644
A,2025-11-25,2025-11-25 13:30:00,1,154,103312.20180000001,1.0047425008030366
A,2025-11-25,2025-11-25 14:00:00,1,154,103278.32180000003,1.004744056559602
A,2025-11-25,2025-11-25 14:30:00,1,154,103204.40180000002,1.0047474544830894
A,2025-11-25,2025-11-25 15:00:00,1,154,103306.04180000002,1.0047427835919658
A,2025-11-25,2025-11-25 15:30:00,1,154,103386.12180000002,1.0047391099643703
A,2025-11-25,2025-11-25 16:00:00,0,0,103462.42880000002,0.0
A,2025-11-26,2025-11-26 10:00:00,0,0,103462.42880000002,0.0
A,2025-11-26,2025-11-26 10:30:00,1,152,103461.74480000003,0.9963721392798315
A,2025-11-26,2025-11-26 11:00:00,1,152,103673.02480000003,0.9963795326631579
A,2025-11-26,2025-11-26 11:30:00,1,152,103832.62480000002,0.9963850976441846
A,2025-11-26,2025-11-26 12:00:00,1,152,103949.45200000002,0.9963891603776803
A,2025-11-26,2025-11-26 12:30:00,1,152,103882.78480000002,0.9963868431066547
A,2025-11-26,2025-11-26 13:00:00,1,152,103901.02480000003,0.9963874774024364
A,2025-11-26,2025-11-26 13:30:00,1,152,103897.98480000003,0.9963873717019387
A,2025-11-26,2025-11-26 14:00:00,1,152,103793.81920000001,0.9963837461335076
A,2025-11-26,2025-11-26 14:30:00,1,152,103922.30480000003,0.9963882171327668
A,2025-11-26,2025-11-26 15:00:00,1,152,103869.10480000002,0.9963863672386245
A,2025-11-26,2025-11-26 15:30:00,1,152,103918.50480000002,0.9963880850602844
A,2025-11-26,2025-11-26 16:00:00,0,0,103686.02080000001,0.0
A,2025-11-28,2025-11-28 10:00:00,0,0,103686.02080000001,0.0
A,2025-11-28,2025-11-28 10:30:00,0,0,103686.02080000001,0.0
A,2025-11-28,2025-11-28 11:00:00,0,0,103686.02080000001,0.0
A,2025-11-28,2025-11-28 11:30:00,0,0,103686.02080000001,0.0
A,2025-11-28,2025-11-28 12:00:00,0,0,103686.02080000001,0.0
A,2025-11-28,2025-11-28 12:30:00,0,0,103686.02080000001,0.0
A,2025-11-28,2025-11-28 13:00:00,0,0,103686.02080000001,0.0
A,2025-12-01,2025-12-01 10:00:00,0,0,103686.02080000001,0.0
A,2025-12-01,2025-12-01 10:30:00,-1,-152,103685.33680000002,0.9963858264672192
A,2025-12-01,2025-12-01 11:00:00,-1,-152,103372.9768,1.0024182644994704
A,2025-12-01,2025-12-01 11:30:00,-1,-152,103467.21680000001,1.0005944220971834
A,2025-12-01,2025-12-01 12:00:00,-1,-152,103342.57680000002,1.0030073103421973
A,2025-12-01,2025-12-01 12:30:00,-1,-152,103330.4168,1.0032430257263802
A,2025-12-01,2025-12-01 13:00:00,-1,-152,103331.17680000002,1.0032282918895392
A,2025-12-01,2025-12-01 13:30:00,-1,-152,103257.45680000001,1.0046584838994406
A,2025-12-01,2025-12-01 14:00:00,-1,-152,103208.0568,1.0056180032642568
A,2025-12-01,2025-12-01 14:30:00,-1,-152,103561.45680000001,0.9987738990554639
A,2025-12-01,2025-12-01 15:00:00,-1,-152,103614.65680000001,0.9977476468367744
A,2025-12-01,2025-12-01 15:30:00,-1,-152,103519.65680000001,0.9995809800636819
A,2025-12-01,2025-12-01 16:00:00,0,0,103594.21280000001,0.0
