model,date,timestamp,direction,held_shares,equity_marked,marked_leverage
B,2025-04-02,2025-04-02 10:00:00,0,0,100000.0,0.0
B,2025-04-02,2025-04-02 10:30:00,0,0,100000.0,0.0
B,2025-04-02,2025-04-02 11:00:00,0,0,100000.0,0.0
B,2025-04-02,2025-04-02 11:30:00,1,180,99999.19,1.0081642261302315
B,2025-04-02,2025-04-02 12:00:00,0,0,99826.57,0.0
B,2025-04-02,2025-04-02 12:30:00,1,180,99825.76000000001,1.0117444835882041
B,2025-04-02,2025-04-02 13:00:00,1,180,100070.056,1.0117158123704857
B,2025-04-02,2025-04-02 13:30:00,1,180,100130.01400000001,1.011708796924766
B,2025-04-02,2025-04-02 14:00:00,1,180,99743.42800000001,1.0117541779293968
B,2025-04-02,2025-04-02 14:30:00,0,0,99230.75200000001,0.0
B,2025-04-02,2025-04-02 15:00:00,0,0,99230.75200000001,0.0
B,2025-04-02,2025-04-02 15:30:00,0,0,99230.75200000001,0.0
B,2025-04-02,2025-04-02 16:00:00,0,0,99230.75200000001,0.0
B,2025-04-03,2025-04-03 10:00:00,0,0,99230.75200000001,0.0
B,2025-04-03,2025-04-03 10:30:00,-1,-183,99229.92850000001,0.9956339513033107
B,2025-04-03,2025-04-03 11:00:00,-1,-183,99744.85390000002,0.9853316392496113
B,2025-04-03,2025-04-03 11:30:00,-1,-183,99468.28600000001,0.9908517806368957
B,2025-04-03,2025-04-03 12:00:00,0,0,99114.4738,0.0
B,2025-04-03,2025-04-03 12:30:00,0,0,99114.4738,0.0
B,2025-04-03,2025-04-03 13:00:00,0,0,99114.4738,0.0
B,2025-04-03,2025-04-03 13:30:00,0,0,99114.4738,0.0
B,2025-04-03,2025-04-03 14:00:00,0,0,99114.4738,0.0
B,2025-04-03,2025-04-03 14:30:00,-1,-183,99113.65030000001,0.9927172957729314
B,2025-04-03,2025-04-03 15:00:00,0,0,98920.8598,0.0
B,2025-04-03,2025-04-03 15:30:00,-1,-183,98920.0363,0.9918000666969022
B,2025-04-03,2025-04-03 16:00:00,0,0,99372.2842,0.0
B,2025-04-04,2025-04-04 10:00:00,0,0,99372.2842,0.0
B,2025-04-04,2025-04-04 10:30:00,-1,-191,99371.42469999999,0.9864136898099642
B,2025-04-04,2025-04-04 11:00:00,-1,-191,99547.1065,0.9829080456497247
B,2025-04-04,2025-04-04 11:30:00,-1,-191,99334.38979999999,0.9871542856147891
B,2025-04-04,2025-04-04 12:00:00,-1,-191,99571.78369999999,0.9824166150796797
B,2025-04-04,2025-04-04 12:30:00,-1,-191,100103.56589999999,0.9718853831559663
B,2025-04-04,2025-04-04 13:00:00,-1,-191,100164.30389999998,0.97068966402511
B,2025-04-04,2025-04-04 13:30:00,-1,-191,100371.29059999998,0.9666256876844425
B,2025-04-04,2025-04-04 14:00:00,-1,-191,99636.36079999998,0.9811317556672545
B,2025-04-04,2025-04-04 14:30:00,-1,-191,100752.08729999998,0.9591927441884375
B,2025-04-04,2025-04-04 15:00:00,-1,-191,100920.14819999998,0.9559301281327292
B,2025-04-04,2025-04-04 15:30:00,-1,-191,100490.9521,0.9642838909872364
B,2025-04-04,2025-04-04 16:00:00,0,0,101433.95729999998,0.0
B,2025-04-07,2025-04-07 10:00:00,0,0,101433.95729999998,0.0
B,2025-04-07,2025-04-07 10:30:00,0,0,101433.95729999998,0.0
B,2025-04-07,2025-04-07 11:00:00,0,0,101433.95729999998,0.0
B,2025-04-07,2025-04-07 11:30:00,0,0,101433.95729999998,0.0
B,2025-04-07,2025-04-07 12:00:00,0,0,101433.95729999998,0.0
B,2025-04-07,2025-04-07 12:30:00,0,0,101433.95729999998,0.0
B,2025-04-07,2025-04-07 13:00:00,0,0,101433.95729999998,0.0
B,2025-04-07,2025-04-07 13:30:00,0,0,101433.95729999998,0.0
B,2025-04-07,2025-04-07 14:00:00,1,205,101433.03479999998,1.0232619600177832
B,2025-04-07,2025-04-07 14:30:00,0,0,100608.64779999998,0.0
B,2025-04-07,2025-04-07 15:00:00,0,0,100608.64779999998,0.0
B,2025-04-07,2025-04-07 15:30:00,0,0,100608.64779999998,0.0
B,2025-04-07,2025-04-07 16:00:00,0,0,100608.64779999998,0.0
B,2025-04-08,2025-04-08 10:00:00,0,0,100608.64779999998,0.0
B,2025-04-08,2025-04-08 10:30:00,0,0,100608.64779999998,0.0
B,2025-04-08,2025-04-08 11:00:00,0,0,100608.64779999998,0.0
B,2025-04-08,2025-04-08 11:30:00,0,0,100608.64779999998,0.0
B,2025-04-08,2025-04-08 12:00:00,0,0,100608.64779999998,0.0
B,2025-04-08,2025-04-08 12:30:00,0,0,100608.64779999998,0.0
B,2025-04-08,2025-04-08 13:00:00,0,0,100608.64779999998,0.0
B,2025-04-08,2025-04-08 13:30:00,0,0,100608.64779999998,0.0
B,2025-04-08,2025-04-08 14:00:00,0,0,100608.64779999998,0.0
B,2025-04-08,2025-04-08 14:30:00,0,0,100608.64779999998,0.0
B,2025-04-08,2025-04-08 15:00:00,0,0,100608.64779999998,0.0
B,2025-04-08,2025-04-08 15:30:00,-1,-193,100607.77929999998,0.948479640082862
B,2025-04-08,2025-04-08 16:00:00,0,0,100757.29639999998,0.0
B,2025-04-09,2025-04-09 10:00:00,0,0,100757.29639999998,0.0
B,2025-04-09,2025-04-09 10:30:00,0,0,100757.29639999998,0.0
B,2025-04-09,2025-04-09 11:00:00,-1,-202,100756.38739999998,0.9830050139332409
B,2025-04-09,2025-04-09 11:30:00,0,0,99737.17619999999,0.0
B,2025-04-09,2025-04-09 12:00:00,0,0,99737.17619999999,0.0
B,2025-04-09,2025-04-09 12:30:00,0,0,99737.17619999999,0.0
B,2025-04-09,2025-04-09 13:00:00,0,0,99737.17619999999,0.0
B,2025-04-09,2025-04-09 13:30:00,1,202,99736.26719999999,1.056775593863413
B,2025-04-09,2025-04-09 14:00:00,1,202,101906.41379999998,1.0555665300038262
B,2025-04-09,2025-04-09 14:30:00,1,202,102455.75279999997,1.0552685978605196
B,2025-04-09,2025-04-09 15:00:00,1,202,101021.69419999997,1.0560531660535153
B,2025-04-09,2025-04-09 15:30:00,1,202,102923.72619999999,1.0550173027062444
B,2025-04-09,2025-04-09 16:00:00,0,0,104525.56599999998,0.0
B,2025-04-10,2025-04-10 10:00:00,0,0,104525.56599999998,0.0
B,2025-04-10,2025-04-10 10:30:00,0,0,104525.56599999998,0.0
B,2025-04-10,2025-04-10 11:00:00,0,0,104525.56599999998,0.0
B,2025-04-10,2025-04-10 11:30:00,-1,-198,104524.67499999997,0.9865687312589111
B,2025-04-10,2025-04-10 12:00:00,-1,-198,105603.51759999998,0.9662740003274286
B,2025-04-10,2025-04-10 12:30:00,-1,-198,106911.72339999997,0.942214047220195
B,2025-04-10,2025-04-10 13:00:00,-1,-198,105333.80199999997,0.9713088017083067
B,2025-04-10,2025-04-10 13:30:00,-1,-198,105477.53019999998,0.9686226119086737
B,2025-04-10,2025-04-10 14:00:00,0,0,104446.99959999998,0.0
B,2025-04-10,2025-04-10 14:30:00,0,0,104446.99959999998,0.0
B,2025-04-10,2025-04-10 15:00:00,0,0,104446.99959999998,0.0
B,2025-04-10,2025-04-10 15:30:00,0,0,104446.99959999998,0.0
B,2025-04-10,2025-04-10 16:00:00,0,0,104446.99959999998,0.0
B,2025-04-11,2025-04-11 10:00:00,0,0,104446.99959999998,0.0
B,2025-04-11,2025-04-11 10:30:00,-1,-200,104446.09959999999,0.9910579753233792
B,2025-04-11,2025-04-11 11:00:00,0,0,103969.93959999998,0.0
B,2025-04-11,2025-04-11 11:30:00,0,0,103969.93959999998,0.0
B,2025-04-11,2025-04-11 12:00:00,0,0,103969.93959999998,0.0
B,2025-04-11,2025-04-11 12:30:00,0,0,103969.93959999998,0.0
B,2025-04-11,2025-04-11 13:00:00,1,200,103969.03959999999,1.0171995471621151
B,2025-04-11,2025-04-11 13:30:00,0,0,103571.41959999998,0.0
B,2025-04-11,2025-04-11 14:00:00,1,200,103570.51959999999,1.0266815345783011
B,2025-04-11,2025-04-11 14:30:00,1,200,103268.25959999999,1.0267596298291835
B,2025-04-11,2025-04-11 15:00:00,0,0,103062.51959999997,0.0
B,2025-04-11,2025-04-11 15:30:00,1,200,103061.61959999998,1.0313072937580736
B,2025-04-11,2025-04-11 16:00:00,0,0,102951.35959999997,0.0
B,2025-04-14,2025-04-14 10:00:00,0,0,102951.35959999997,0.0
B,2025-04-14,2025-04-14 10:30:00,0,0,102951.35959999997,0.0
B,2025-04-14,2025-04-14 11:00:00,0,0,102951.35959999997,0.0
B,2025-04-14,2025-04-14 11:30:00,0,0,102951.35959999997,0.0
B,2025-04-14,2025-04-14 12:00:00,0,0,102951.35959999997,0.0
B,2025-04-14,2025-04-14 12:30:00,0,0,102951.35959999997,0.0
B,2025-04-14,2025-04-14 13:00:00,0,0,102951.35959999997,0.0
B,2025-04-14,2025-04-14 13:30:00,0,0,102951.35959999997,0.0
B,2025-04-14,2025-04-14 14:00:00,0,0,102951.35959999997,0.0
B,2025-04-14,2025-04-14 14:30:00,0,0,102951.35959999997,0.0
B,2025-04-14,2025-04-14 15:00:00,0,0,102951.35959999997,0.0
B,2025-04-14,2025-04-14 15:30:00,0,0,102951.35959999997,0.0
B,2025-04-14,2025-04-14 16:00:00,0,0,102951.35959999997,0.0
B,2025-04-15,2025-04-15 10:00:00,0,0,102951.35959999997,0.0
B,2025-04-15,2025-04-15 10:30:00,0,0,102951.35959999997,0.0
B,2025-04-15,2025-04-15 11:00:00,0,0,102951.35959999997,0.0
B,2025-04-15,2025-04-15 11:30:00,0,0,102951.35959999997,0.0
B,2025-04-15,2025-04-15 12:00:00,0,0,102951.35959999997,0.0
B,2025-04-15,2025-04-15 12:30:00,0,0,102951.35959999997,0.0
B,2025-04-15,2025-04-15 13:00:00,0,0,102951.35959999997,0.0
B,2025-04-15,2025-04-15 13:30:00,0,0,102951.35959999997,0.0
B,2025-04-15,2025-04-15 14:00:00,0,0,102951.35959999997,0.0
B,2025-04-15,2025-04-15 14:30:00,0,0,102951.35959999997,0.0
B,2025-04-15,2025-04-15 15:00:00,0,0,102951.35959999997,0.0
B,2025-04-15,2025-04-15 15:30:00,0,0,102951.35959999997,0.0
B,2025-04-15,2025-04-15 16:00:00,0,0,102951.35959999997,0.0
B,2025-04-16,2025-04-16 10:00:00,0,0,102951.35959999997,0.0
B,2025-04-16,2025-04-16 10:30:00,0,0,102951.35959999997,0.0
B,2025-04-16,2025-04-16 11:00:00,0,0,102951.35959999997,0.0
B,2025-04-16,2025-04-16 11:30:00,0,0,102951.35959999997,0.0
B,2025-04-16,2025-04-16 12:00:00,0,0,102951.35959999997,0.0
B,2025-04-16,2025-04-16 12:30:00,0,0,102951.35959999997,0.0
B,2025-04-16,2025-04-16 13:00:00,0,0,102951.35959999997,0.0
B,2025-04-16,2025-04-16 13:30:00,0,0,102951.35959999997,0.0
B,2025-04-16,2025-04-16 14:00:00,0,0,102951.35959999997,0.0
B,2025-04-16,2025-04-16 14:30:00,0,0,102951.35959999997,0.0
B,2025-04-16,2025-04-16 15:00:00,0,0,102951.35959999997,0.0
B,2025-04-16,2025-04-16 15:30:00,0,0,102951.35959999997,0.0
B,2025-04-16,2025-04-16 16:00:00,0,0,102951.35959999997,0.0
B,2025-04-17,2025-04-17 10:00:00,0,0,102951.35959999997,0.0
B,2025-04-17,2025-04-17 10:30:00,0,0,102951.35959999997,0.0
B,2025-04-17,2025-04-17 11:00:00,0,0,102951.35959999997,0.0
B,2025-04-17,2025-04-17 11:30:00,0,0,102951.35959999997,0.0
B,2025-04-17,2025-04-17 12:00:00,0,0,102951.35959999997,0.0
B,2025-04-17,2025-04-17 12:30:00,0,0,102951.35959999997,0.0
B,2025-04-17,2025-04-17 13:00:00,0,0,102951.35959999997,0.0
B,2025-04-17,2025-04-17 13:30:00,0,0,102951.35959999997,0.0
B,2025-04-17,2025-04-17 14:00:00,0,0,102951.35959999997,0.0
B,2025-04-17,2025-04-17 14:30:00,0,0,102951.35959999997,0.0
B,2025-04-17,2025-04-17 15:00:00,0,0,102951.35959999997,0.0
B,2025-04-17,2025-04-17 15:30:00,0,0,102951.35959999997,0.0
B,2025-04-17,2025-04-17 16:00:00,0,0,102951.35959999997,0.0
B,2025-04-21,2025-04-21 10:00:00,0,0,102951.35959999997,0.0
B,2025-04-21,2025-04-21 10:30:00,0,0,102951.35959999997,0.0
B,2025-04-21,2025-04-21 11:00:00,0,0,102951.35959999997,0.0
B,2025-04-21,2025-04-21 11:30:00,-1,-200,102950.45959999997,0.9910459884921197
B,2025-04-21,2025-04-21 12:00:00,-1,-200,103350.15959999997,0.9833457480214673
B,2025-04-21,2025-04-21 12:30:00,-1,-200,103236.81959999996,0.9855231921538199
B,2025-04-21,2025-04-21 13:00:00,-1,-200,103314.37959999997,0.984032623470354
B,2025-04-21,2025-04-21 13:30:00,0,0,103577.93959999997,0.0
B,2025-04-21,2025-04-21 14:00:00,-1,-200,103577.03959999997,0.9772310580693602
B,2025-04-21,2025-04-21 14:30:00,0,0,103388.63959999998,0.0
B,2025-04-21,2025-04-21 15:00:00,-1,-200,103387.73959999999,0.9785835379652698
B,2025-04-21,2025-04-21 15:30:00,0,0,103058.71959999998,0.0
B,2025-04-21,2025-04-21 16:00:00,0,0,103058.71959999998,0.0
B,2025-04-22,2025-04-22 10:00:00,0,0,103058.71959999998,0.0
B,2025-04-22,2025-04-22 10:30:00,0,0,103058.71959999998,0.0
B,2025-04-22,2025-04-22 11:00:00,0,0,103058.71959999998,0.0
B,2025-04-22,2025-04-22 11:30:00,0,0,103058.71959999998,0.0
B,2025-04-22,2025-04-22 12:00:00,1,198,103057.82859999998,1.0052146916668108
B,2025-04-22,2025-04-22 12:30:00,1,198,103580.50899999999,1.0051883776705521
B,2025-04-22,2025-04-22 13:00:00,1,198,103331.46459999996,1.0052008824425394
B,2025-04-22,2025-04-22 13:30:00,0,0,102343.26639999996,0.0
B,2025-04-22,2025-04-22 14:00:00,0,0,102343.26639999996,0.0
B,2025-04-22,2025-04-22 14:30:00,0,0,102343.26639999996,0.0
B,2025-04-22,2025-04-22 15:00:00,0,0,102343.26639999996,0.0
B,2025-04-22,2025-04-22 15:30:00,0,0,102343.26639999996,0.0
B,2025-04-22,2025-04-22 16:00:00,0,0,102343.26639999996,0.0
B,2025-04-23,2025-04-23 10:00:00,0,0,102343.26639999996,0.0
B,2025-04-23,2025-04-23 10:30:00,0,0,102343.26639999996,0.0
B,2025-04-23,2025-04-23 11:00:00,0,0,102343.26639999996,0.0
B,2025-04-23,2025-04-23 11:30:00,0,0,102343.26639999996,0.0
B,2025-04-23,2025-04-23 12:00:00,0,0,102343.26639999996,0.0
B,2025-04-23,2025-04-23 12:30:00,0,0,102343.26639999996,0.0
B,2025-04-23,2025-04-23 13:00:00,0,0,102343.26639999996,0.0
B,2025-04-23,2025-04-23 13:30:00,0,0,102343.26639999996,0.0
B,2025-04-23,2025-04-23 14:00:00,0,0,102343.26639999996,0.0
B,2025-04-23,2025-04-23 14:30:00,0,0,102343.26639999996,0.0
B,2025-04-23,2025-04-23 15:00:00,0,0,102343.26639999996,0.0
B,2025-04-23,2025-04-23 15:30:00,0,0,102343.26639999996,0.0
B,2025-04-23,2025-04-23 16:00:00,0,0,102343.26639999996,0.0
B,2025-04-24,2025-04-24 10:00:00,0,0,102343.26639999996,0.0
B,2025-04-24,2025-04-24 10:30:00,1,190,102342.41139999997,1.0007324490304128
B,2025-04-24,2025-04-24 11:00:00,0,0,102409.31039999996,0.0
B,2025-04-24,2025-04-24 11:30:00,0,0,102409.31039999996,0.0
B,2025-04-24,2025-04-24 12:00:00,0,0,102409.31039999996,0.0
B,2025-04-24,2025-04-24 12:30:00,0,0,102409.31039999996,0.0
B,2025-04-24,2025-04-24 13:00:00,1,190,102408.45539999996,1.006209053710618
B,2025-04-24,2025-04-24 13:30:00,0,0,102317.29339999997,0.0
B,2025-04-24,2025-04-24 14:00:00,0,0,102317.29339999997,0.0
B,2025-04-24,2025-04-24 14:30:00,0,0,102317.29339999997,0.0
B,2025-04-24,2025-04-24 15:00:00,0,0,102317.29339999997,0.0
B,2025-04-24,2025-04-24 15:30:00,0,0,102317.29339999997,0.0
B,2025-04-24,2025-04-24 16:00:00,0,0,102317.29339999997,0.0
B,2025-04-25,2025-04-25 10:00:00,0,0,102317.29339999997,0.0
B,2025-04-25,2025-04-25 10:30:00,0,0,102317.29339999997,0.0
B,2025-04-25,2025-04-25 11:00:00,0,0,102317.29339999997,0.0
B,2025-04-25,2025-04-25 11:30:00,0,0,102317.29339999997,0.0
B,2025-04-25,2025-04-25 12:00:00,0,0,102317.29339999997,0.0
B,2025-04-25,2025-04-25 12:30:00,0,0,102317.29339999997,0.0
B,2025-04-25,2025-04-25 13:00:00,0,0,102317.29339999997,0.0
B,2025-04-25,2025-04-25 13:30:00,0,0,102317.29339999997,0.0
B,2025-04-25,2025-04-25 14:00:00,0,0,102317.29339999997,0.0
B,2025-04-25,2025-04-25 14:30:00,0,0,102317.29339999997,0.0
B,2025-04-25,2025-04-25 15:00:00,0,0,102317.29339999997,0.0
B,2025-04-25,2025-04-25 15:30:00,0,0,102317.29339999997,0.0
B,2025-04-25,2025-04-25 16:00:00,0,0,102317.29339999997,0.0
B,2025-04-28,2025-04-28 10:00:00,0,0,102317.29339999997,0.0
B,2025-04-28,2025-04-28 10:30:00,0,0,102317.29339999997,0.0
B,2025-04-28,2025-04-28 11:00:00,0,0,102317.29339999997,0.0
B,2025-04-28,2025-04-28 11:30:00,0,0,102317.29339999997,0.0
B,2025-04-28,2025-04-28 12:00:00,0,0,102317.29339999997,0.0
B,2025-04-28,2025-04-28 12:30:00,0,0,102317.29339999997,0.0
B,2025-04-28,2025-04-28 13:00:00,0,0,102317.29339999997,0.0
B,2025-04-28,2025-04-28 13:30:00,0,0,102317.29339999997,0.0
B,2025-04-28,2025-04-28 14:00:00,0,0,102317.29339999997,0.0
B,2025-04-28,2025-04-28 14:30:00,0,0,102317.29339999997,0.0
B,2025-04-28,2025-04-28 15:00:00,0,0,102317.29339999997,0.0
B,2025-04-28,2025-04-28 15:30:00,0,0,102317.29339999997,0.0
B,2025-04-28,2025-04-28 16:00:00,0,0,102317.29339999997,0.0
B,2025-04-29,2025-04-29 10:00:00,0,0,102317.29339999997,0.0
B,2025-04-29,2025-04-29 10:30:00,0,0,102317.29339999997,0.0
B,2025-04-29,2025-04-29 11:00:00,0,0,102317.29339999997,0.0
B,2025-04-29,2025-04-29 11:30:00,0,0,102317.29339999997,0.0
B,2025-04-29,2025-04-29 12:00:00,0,0,102317.29339999997,0.0
B,2025-04-29,2025-04-29 12:30:00,0,0,102317.29339999997,0.0
B,2025-04-29,2025-04-29 13:00:00,0,0,102317.29339999997,0.0
B,2025-04-29,2025-04-29 13:30:00,0,0,102317.29339999997,0.0
B,2025-04-29,2025-04-29 14:00:00,0,0,102317.29339999997,0.0
B,2025-04-29,2025-04-29 14:30:00,0,0,102317.29339999997,0.0
B,2025-04-29,2025-04-29 15:00:00,0,0,102317.29339999997,0.0
B,2025-04-29,2025-04-29 15:30:00,0,0,102317.29339999997,0.0
B,2025-04-29,2025-04-29 16:00:00,0,0,102317.29339999997,0.0
B,2025-04-30,2025-04-30 10:00:00,0,0,102317.29339999997,0.0
B,2025-04-30,2025-04-30 10:30:00,0,0,102317.29339999997,0.0
B,2025-04-30,2025-04-30 11:00:00,0,0,102317.29339999997,0.0
B,2025-04-30,2025-04-30 11:30:00,0,0,102317.29339999997,0.0
B,2025-04-30,2025-04-30 12:00:00,0,0,102317.29339999997,0.0
B,2025-04-30,2025-04-30 12:30:00,0,0,102317.29339999997,0.0
B,2025-04-30,2025-04-30 13:00:00,0,0,102317.29339999997,0.0
B,2025-04-30,2025-04-30 13:30:00,0,0,102317.29339999997,0.0
B,2025-04-30,2025-04-30 14:00:00,0,0,102317.29339999997,0.0
B,2025-04-30,2025-04-30 14:30:00,0,0,102317.29339999997,0.0
B,2025-04-30,2025-04-30 15:00:00,0,0,102317.29339999997,0.0
B,2025-04-30,2025-04-30 15:30:00,0,0,102317.29339999997,0.0
B,2025-04-30,2025-04-30 16:00:00,0,0,102317.29339999997,0.0
B,2025-05-01,2025-05-01 10:00:00,0,0,102317.29339999997,0.0
B,2025-05-01,2025-05-01 10:30:00,0,0,102317.29339999997,0.0
B,2025-05-01,2025-05-01 11:00:00,1,183,102316.46989999997,1.0019132442723186
B,2025-05-01,2025-05-01 11:30:00,0,0,102312.00469999996,0.0
B,2025-05-01,2025-05-01 12:00:00,0,0,102312.00469999996,0.0
B,2025-05-01,2025-05-01 12:30:00,0,0,102312.00469999996,0.0
B,2025-05-01,2025-05-01 13:00:00,0,0,102312.00469999996,0.0
B,2025-05-01,2025-05-01 13:30:00,0,0,102312.00469999996,0.0
B,2025-05-01,2025-05-01 14:00:00,0,0,102312.00469999996,0.0
B,2025-05-01,2025-05-01 14:30:00,0,0,102312.00469999996,0.0
B,2025-05-01,2025-05-01 15:00:00,0,0,102312.00469999996,0.0
B,2025-05-01,2025-05-01 15:30:00,0,0,102312.00469999996,0.0
B,2025-05-01,2025-05-01 16:00:00,0,0,102312.00469999996,0.0
B,2025-05-02,2025-05-02 10:00:00,0,0,102312.00469999996,0.0
B,2025-05-02,2025-05-02 10:30:00,1,182,102311.18569999996,1.0016236396720797
B,2025-05-02,2025-05-02 11:00:00,0,0,102214.01589999995,0.0
B,2025-05-02,2025-05-02 11:30:00,0,0,102214.01589999995,0.0
B,2025-05-02,2025-05-02 12:00:00,0,0,102214.01589999995,0.0
B,2025-05-02,2025-05-02 12:30:00,0,0,102214.01589999995,0.0
B,2025-05-02,2025-05-02 13:00:00,0,0,102214.01589999995,0.0
B,2025-05-02,2025-05-02 13:30:00,0,0,102214.01589999995,0.0
B,2025-05-02,2025-05-02 14:00:00,0,0,102214.01589999995,0.0
B,2025-05-02,2025-05-02 14:30:00,0,0,102214.01589999995,0.0
B,2025-05-02,2025-05-02 15:00:00,0,0,102214.01589999995,0.0
B,2025-05-02,2025-05-02 15:30:00,0,0,102214.01589999995,0.0
B,2025-05-02,2025-05-02 16:00:00,0,0,102214.01589999995,0.0
B,2025-05-05,2025-05-05 10:00:00,0,0,102214.01589999995,0.0
B,2025-05-05,2025-05-05 10:30:00,0,0,102214.01589999995,0.0
B,2025-05-05,2025-05-05 11:00:00,0,0,102214.01589999995,0.0
B,2025-05-05,2025-05-05 11:30:00,0,0,102214.01589999995,0.0
B,2025-05-05,2025-05-05 12:00:00,0,0,102214.01589999995,0.0
B,2025-05-05,2025-05-05 12:30:00,0,0,102214.01589999995,0.0
B,2025-05-05,2025-05-05 13:00:00,0,0,102214.01589999995,0.0
B,2025-05-05,2025-05-05 13:30:00,0,0,102214.01589999995,0.0
B,2025-05-05,2025-05-05 14:00:00,0,0,102214.01589999995,0.0
B,2025-05-05,2025-05-05 14:30:00,0,0,102214.01589999995,0.0
B,2025-05-05,2025-05-05 15:00:00,0,0,102214.01589999995,0.0
B,2025-05-05,2025-05-05 15:30:00,0,0,102214.01589999995,0.0
B,2025-05-05,2025-05-05 16:00:00,0,0,102214.01589999995,0.0
B,2025-05-06,2025-05-06 10:00:00,0,0,102214.01589999995,0.0
B,2025-05-06,2025-05-06 10:30:00,0,0,102214.01589999995,0.0
B,2025-05-06,2025-05-06 11:00:00,0,0,102214.01589999995,0.0
B,2025-05-06,2025-05-06 11:30:00,0,0,102214.01589999995,0.0
B,2025-05-06,2025-05-06 12:00:00,0,0,102214.01589999995,0.0
B,2025-05-06,2025-05-06 12:30:00,0,0,102214.01589999995,0.0
B,2025-05-06,2025-05-06 13:00:00,0,0,102214.01589999995,0.0
B,2025-05-06,2025-05-06 13:30:00,0,0,102214.01589999995,0.0
B,2025-05-06,2025-05-06 14:00:00,0,0,102214.01589999995,0.0
B,2025-05-06,2025-05-06 14:30:00,0,0,102214.01589999995,0.0
B,2025-05-06,2025-05-06 15:00:00,0,0,102214.01589999995,0.0
B,2025-05-06,2025-05-06 15:30:00,0,0,102214.01589999995,0.0
B,2025-05-06,2025-05-06 16:00:00,0,0,102214.01589999995,0.0
B,2025-05-07,2025-05-07 10:00:00,0,0,102214.01589999995,0.0
B,2025-05-07,2025-05-07 10:30:00,0,0,102214.01589999995,0.0
B,2025-05-07,2025-05-07 11:00:00,0,0,102214.01589999995,0.0
B,2025-05-07,2025-05-07 11:30:00,0,0,102214.01589999995,0.0
B,2025-05-07,2025-05-07 12:00:00,0,0,102214.01589999995,0.0
B,2025-05-07,2025-05-07 12:30:00,0,0,102214.01589999995,0.0
B,2025-05-07,2025-05-07 13:00:00,0,0,102214.01589999995,0.0
B,2025-05-07,2025-05-07 13:30:00,0,0,102214.01589999995,0.0
B,2025-05-07,2025-05-07 14:00:00,0,0,102214.01589999995,0.0
B,2025-05-07,2025-05-07 14:30:00,0,0,102214.01589999995,0.0
B,2025-05-07,2025-05-07 15:00:00,0,0,102214.01589999995,0.0
B,2025-05-07,2025-05-07 15:30:00,0,0,102214.01589999995,0.0
B,2025-05-07,2025-05-07 16:00:00,0,0,102214.01589999995,0.0
B,2025-05-08,2025-05-08 10:00:00,0,0,102214.01589999995,0.0
B,2025-05-08,2025-05-08 10:30:00,0,0,102214.01589999995,0.0
B,2025-05-08,2025-05-08 11:00:00,0,0,102214.01589999995,0.0
B,2025-05-08,2025-05-08 11:30:00,0,0,102214.01589999995,0.0
B,2025-05-08,2025-05-08 12:00:00,1,182,102213.19689999995,1.0062618577582132
B,2025-05-08,2025-05-08 12:30:00,1,182,102291.02009999995,1.006257093725083
B,2025-05-08,2025-05-08 13:00:00,1,182,102529.87689999996,1.0062425170043294
B,2025-05-08,2025-05-08 13:30:00,1,182,102365.22149999994,1.006252558150329
B,2025-05-08,2025-05-08 14:00:00,1,182,102085.17809999996,1.006269710372382
B,2025-05-08,2025-05-08 14:30:00,0,0,102150.86189999996,0.0
B,2025-05-08,2025-05-08 15:00:00,1,182,102150.04289999996,1.006777787657689
B,2025-05-08,2025-05-08 15:30:00,1,182,102293.00389999997,1.0067683152669646
B,2025-05-08,2025-05-08 16:00:00,0,0,101561.09089999997,0.0
B,2025-05-09,2025-05-09 10:00:00,0,0,101561.09089999997,0.0
B,2025-05-09,2025-05-09 10:30:00,0,0,101561.09089999997,0.0
B,2025-05-09,2025-05-09 11:00:00,0,0,101561.09089999997,0.0
B,2025-05-09,2025-05-09 11:30:00,0,0,101561.09089999997,0.0
B,2025-05-09,2025-05-09 12:00:00,0,0,101561.09089999997,0.0
B,2025-05-09,2025-05-09 12:30:00,0,0,101561.09089999997,0.0
B,2025-05-09,2025-05-09 13:00:00,0,0,101561.09089999997,0.0
B,2025-05-09,2025-05-09 13:30:00,0,0,101561.09089999997,0.0
B,2025-05-09,2025-05-09 14:00:00,0,0,101561.09089999997,0.0
B,2025-05-09,2025-05-09 14:30:00,0,0,101561.09089999997,0.0
B,2025-05-09,2025-05-09 15:00:00,0,0,101561.09089999997,0.0
B,2025-05-09,2025-05-09 15:30:00,0,0,101561.09089999997,0.0
B,2025-05-09,2025-05-09 16:00:00,0,0,101561.09089999997,0.0
B,2025-05-12,2025-05-12 10:00:00,0,0,101561.09089999997,0.0
B,2025-05-12,2025-05-12 10:30:00,0,0,101561.09089999997,0.0
B,2025-05-12,2025-05-12 11:00:00,0,0,101561.09089999997,0.0
B,2025-05-12,2025-05-12 11:30:00,0,0,101561.09089999997,0.0
B,2025-05-12,2025-05-12 12:00:00,0,0,101561.09089999997,0.0
B,2025-05-12,2025-05-12 12:30:00,0,0,101561.09089999997,0.0
B,2025-05-12,2025-05-12 13:00:00,0,0,101561.09089999997,0.0
B,2025-05-12,2025-05-12 13:30:00,0,0,101561.09089999997,0.0
B,2025-05-12,2025-05-12 14:00:00,0,0,101561.09089999997,0.0
B,2025-05-12,2025-05-12 14:30:00,0,0,101561.09089999997,0.0
B,2025-05-12,2025-05-12 15:00:00,0,0,101561.09089999997,0.0
B,2025-05-12,2025-05-12 15:30:00,0,0,101561.09089999997,0.0
B,2025-05-12,2025-05-12 16:00:00,0,0,101561.09089999997,0.0
B,2025-05-13,2025-05-13 10:00:00,0,0,101561.09089999997,0.0
B,2025-05-13,2025-05-13 10:30:00,0,0,101561.09089999997,0.0
B,2025-05-13,2025-05-13 11:00:00,0,0,101561.09089999997,0.0
B,2025-05-13,2025-05-13 11:30:00,0,0,101561.09089999997,0.0
B,2025-05-13,2025-05-13 12:00:00,0,0,101561.09089999997,0.0
B,2025-05-13,2025-05-13 12:30:00,0,0,101561.09089999997,0.0
B,2025-05-13,2025-05-13 13:00:00,0,0,101561.09089999997,0.0
B,2025-05-13,2025-05-13 13:30:00,0,0,101561.09089999997,0.0
B,2025-05-13,2025-05-13 14:00:00,0,0,101561.09089999997,0.0
B,2025-05-13,2025-05-13 14:30:00,0,0,101561.09089999997,0.0
B,2025-05-13,2025-05-13 15:00:00,0,0,101561.09089999997,0.0
B,2025-05-13,2025-05-13 15:30:00,0,0,101561.09089999997,0.0
B,2025-05-13,2025-05-13 16:00:00,0,0,101561.09089999997,0.0
B,2025-05-14,2025-05-14 10:00:00,0,0,101561.09089999997,0.0
B,2025-05-14,2025-05-14 10:30:00,0,0,101561.09089999997,0.0
B,2025-05-14,2025-05-14 11:00:00,0,0,101561.09089999997,0.0
B,2025-05-14,2025-05-14 11:30:00,0,0,101561.09089999997,0.0
B,2025-05-14,2025-05-14 12:00:00,0,0,101561.09089999997,0.0
B,2025-05-14,2025-05-14 12:30:00,0,0,101561.09089999997,0.0
B,2025-05-14,2025-05-14 13:00:00,0,0,101561.09089999997,0.0
B,2025-05-14,2025-05-14 13:30:00,0,0,101561.09089999997,0.0
B,2025-05-14,2025-05-14 14:00:00,0,0,101561.09089999997,0.0
B,2025-05-14,2025-05-14 14:30:00,0,0,101561.09089999997,0.0
B,2025-05-14,2025-05-14 15:00:00,0,0,101561.09089999997,0.0
B,2025-05-14,2025-05-14 15:30:00,0,0,101561.09089999997,0.0
B,2025-05-14,2025-05-14 16:00:00,0,0,101561.09089999997,0.0
B,2025-05-15,2025-05-15 10:00:00,0,0,101561.09089999997,0.0
B,2025-05-15,2025-05-15 10:30:00,0,0,101561.09089999997,0.0
B,2025-05-15,2025-05-15 11:00:00,0,0,101561.09089999997,0.0
B,2025-05-15,2025-05-15 11:30:00,0,0,101561.09089999997,0.0
B,2025-05-15,2025-05-15 12:00:00,0,0,101561.09089999997,0.0
B,2025-05-15,2025-05-15 12:30:00,0,0,101561.09089999997,0.0
B,2025-05-15,2025-05-15 13:00:00,0,0,101561.09089999997,0.0
B,2025-05-15,2025-05-15 13:30:00,0,0,101561.09089999997,0.0
B,2025-05-15,2025-05-15 14:00:00,0,0,101561.09089999997,0.0
B,2025-05-15,2025-05-15 14:30:00,0,0,101561.09089999997,0.0
B,2025-05-15,2025-05-15 15:00:00,0,0,101561.09089999997,0.0
B,2025-05-15,2025-05-15 15:30:00,0,0,101561.09089999997,0.0
B,2025-05-15,2025-05-15 16:00:00,0,0,101561.09089999997,0.0
B,2025-05-16,2025-05-16 10:00:00,0,0,101561.09089999997,0.0
B,2025-05-16,2025-05-16 10:30:00,0,0,101561.09089999997,0.0
B,2025-05-16,2025-05-16 11:00:00,0,0,101561.09089999997,0.0
B,2025-05-16,2025-05-16 11:30:00,0,0,101561.09089999997,0.0
B,2025-05-16,2025-05-16 12:00:00,0,0,101561.09089999997,0.0
B,2025-05-16,2025-05-16 12:30:00,0,0,101561.09089999997,0.0
B,2025-05-16,2025-05-16 13:00:00,0,0,101561.09089999997,0.0
B,2025-05-16,2025-05-16 13:30:00,0,0,101561.09089999997,0.0
B,2025-05-16,2025-05-16 14:00:00,0,0,101561.09089999997,0.0
B,2025-05-16,2025-05-16 14:30:00,0,0,101561.09089999997,0.0
B,2025-05-16,2025-05-16 15:00:00,0,0,101561.09089999997,0.0
B,2025-05-16,2025-05-16 15:30:00,1,172,101560.31689999996,0.9998911730453653
B,2025-05-16,2025-05-16 16:00:00,0,0,101629.66729999996,0.0
B,2025-05-19,2025-05-19 10:00:00,0,0,101629.66729999996,0.0
B,2025-05-19,2025-05-19 10:30:00,0,0,101629.66729999996,0.0
B,2025-05-19,2025-05-19 11:00:00,0,0,101629.66729999996,0.0
B,2025-05-19,2025-05-19 11:30:00,0,0,101629.66729999996,0.0
B,2025-05-19,2025-05-19 12:00:00,0,0,101629.66729999996,0.0
B,2025-05-19,2025-05-19 12:30:00,0,0,101629.66729999996,0.0
B,2025-05-19,2025-05-19 13:00:00,0,0,101629.66729999996,0.0
B,2025-05-19,2025-05-19 13:30:00,0,0,101629.66729999996,0.0
B,2025-05-19,2025-05-19 14:00:00,0,0,101629.66729999996,0.0
B,2025-05-19,2025-05-19 14:30:00,0,0,101629.66729999996,0.0
B,2025-05-19,2025-05-19 15:00:00,0,0,101629.66729999996,0.0
B,2025-05-19,2025-05-19 15:30:00,0,0,101629.66729999996,0.0
B,2025-05-19,2025-05-19 16:00:00,0,0,101629.66729999996,0.0
B,2025-05-20,2025-05-20 10:00:00,0,0,101629.66729999996,0.0
B,2025-05-20,2025-05-20 10:30:00,0,0,101629.66729999996,0.0
B,2025-05-20,2025-05-20 11:00:00,0,0,101629.66729999996,0.0
B,2025-05-20,2025-05-20 11:30:00,0,0,101629.66729999996,0.0
B,2025-05-20,2025-05-20 12:00:00,0,0,101629.66729999996,0.0
B,2025-05-20,2025-05-20 12:30:00,0,0,101629.66729999996,0.0
B,2025-05-20,2025-05-20 13:00:00,0,0,101629.66729999996,0.0
B,2025-05-20,2025-05-20 13:30:00,0,0,101629.66729999996,0.0
B,2025-05-20,2025-05-20 14:00:00,0,0,101629.66729999996,0.0
B,2025-05-20,2025-05-20 14:30:00,0,0,101629.66729999996,0.0
B,2025-05-20,2025-05-20 15:00:00,0,0,101629.66729999996,0.0
B,2025-05-20,2025-05-20 15:30:00,0,0,101629.66729999996,0.0
B,2025-05-20,2025-05-20 16:00:00,0,0,101629.66729999996,0.0
B,2025-05-21,2025-05-21 10:00:00,0,0,101629.66729999996,0.0
B,2025-05-21,2025-05-21 10:30:00,0,0,101629.66729999996,0.0
B,2025-05-21,2025-05-21 11:00:00,0,0,101629.66729999996,0.0
B,2025-05-21,2025-05-21 11:30:00,0,0,101629.66729999996,0.0
B,2025-05-21,2025-05-21 12:00:00,0,0,101629.66729999996,0.0
B,2025-05-21,2025-05-21 12:30:00,0,0,101629.66729999996,0.0
B,2025-05-21,2025-05-21 13:00:00,0,0,101629.66729999996,0.0
B,2025-05-21,2025-05-21 13:30:00,-1,-173,101628.88879999996,0.9892513033164252
B,2025-05-21,2025-05-21 14:00:00,-1,-173,101312.38529999995,0.9954657952367849
B,2025-05-21,2025-05-21 14:30:00,-1,-173,101503.30809999995,0.9917124208486763
B,2025-05-21,2025-05-21 15:00:00,-1,-173,101701.13359999996,0.9878382112743731
B,2025-05-21,2025-05-21 15:30:00,-1,-173,102000.44089999996,0.9820051532738036
B,2025-05-21,2025-05-21 16:00:00,0,0,101905.04869999994,0.0
B,2025-05-22,2025-05-22 10:00:00,0,0,101905.04869999994,0.0
B,2025-05-22,2025-05-22 10:30:00,0,0,101905.04869999994,0.0
B,2025-05-22,2025-05-22 11:00:00,0,0,101905.04869999994,0.0
B,2025-05-22,2025-05-22 11:30:00,0,0,101905.04869999994,0.0
B,2025-05-22,2025-05-22 12:00:00,0,0,101905.04869999994,0.0
B,2025-05-22,2025-05-22 12:30:00,0,0,101905.04869999994,0.0
B,2025-05-22,2025-05-22 13:00:00,0,0,101905.04869999994,0.0
B,2025-05-22,2025-05-22 13:30:00,0,0,101905.04869999994,0.0
B,2025-05-22,2025-05-22 14:00:00,0,0,101905.04869999994,0.0
B,2025-05-22,2025-05-22 14:30:00,0,0,101905.04869999994,0.0
B,2025-05-22,2025-05-22 15:00:00,0,0,101905.04869999994,0.0
B,2025-05-22,2025-05-22 15:30:00,0,0,101905.04869999994,0.0
B,2025-05-22,2025-05-22 16:00:00,0,0,101905.04869999994,0.0
B,2025-05-23,2025-05-23 10:00:00,0,0,101905.04869999994,0.0
B,2025-05-23,2025-05-23 10:30:00,0,0,101905.04869999994,0.0
B,2025-05-23,2025-05-23 11:00:00,0,0,101905.04869999994,0.0
B,2025-05-23,2025-05-23 11:30:00,0,0,101905.04869999994,0.0
B,2025-05-23,2025-05-23 12:00:00,0,0,101905.04869999994,0.0
B,2025-05-23,2025-05-23 12:30:00,0,0,101905.04869999994,0.0
B,2025-05-23,2025-05-23 13:00:00,0,0,101905.04869999994,0.0
B,2025-05-23,2025-05-23 13:30:00,0,0,101905.04869999994,0.0
B,2025-05-23,2025-05-23 14:00:00,0,0,101905.04869999994,0.0
B,2025-05-23,2025-05-23 14:30:00,0,0,101905.04869999994,0.0
B,2025-05-23,2025-05-23 15:00:00,0,0,101905.04869999994,0.0
B,2025-05-23,2025-05-23 15:30:00,0,0,101905.04869999994,0.0
B,2025-05-23,2025-05-23 16:00:00,0,0,101905.04869999994,0.0
B,2025-05-27,2025-05-27 10:00:00,0,0,101905.04869999994,0.0
B,2025-05-27,2025-05-27 10:30:00,1,174,101904.26569999995,0.9980686647546302
B,2025-05-27,2025-05-27 11:00:00,1,174,101936.42089999994,0.9980692739821324
B,2025-05-27,2025-05-27 11:30:00,1,174,102063.58009999993,0.9980716794393543
B,2025-05-27,2025-05-27 12:00:00,1,174,102092.98609999994,0.9980722348564948
B,2025-05-27,2025-05-27 12:30:00,1,174,102160.46329999994,0.9980735081494101
B,2025-05-27,2025-05-27 13:00:00,1,174,102262.23589999994,0.9980754254171363
B,2025-05-27,2025-05-27 13:30:00,1,174,102300.60289999994,0.9980761472130097
B,2025-05-27,2025-05-27 14:00:00,1,174,102443.33509999994,0.9980788276776832
B,2025-05-27,2025-05-27 14:30:00,1,174,102390.56089999992,0.9980778374659736
B,2025-05-27,2025-05-27 15:00:00,1,174,102330.02629999992,0.9980767003868157
B,2025-05-27,2025-05-27 15:30:00,1,174,102326.56369999993,0.9980766353048175
B,2025-05-27,2025-05-27 16:00:00,0,0,102469.36549999993,0.0
B,2025-05-28,2025-05-28 10:00:00,0,0,102469.36549999993,0.0
B,2025-05-28,2025-05-28 10:30:00,0,0,102469.36549999993,0.0
B,2025-05-28,2025-05-28 11:00:00,-1,-174,102468.58249999993,0.9950470369783839
B,2025-05-28,2025-05-28 11:30:00,0,0,102466.94689999992,0.0
B,2025-05-28,2025-05-28 12:00:00,-1,-174,102466.16389999993,0.9946400501483015
B,2025-05-28,2025-05-28 12:30:00,0,0,102337.36909999994,0.0
B,2025-05-28,2025-05-28 13:00:00,0,0,102337.36909999994,0.0
B,2025-05-28,2025-05-28 13:30:00,0,0,102337.36909999994,0.0
B,2025-05-28,2025-05-28 14:00:00,0,0,102337.36909999994,0.0
B,2025-05-28,2025-05-28 14:30:00,0,0,102337.36909999994,0.0
B,2025-05-28,2025-05-28 15:00:00,0,0,102337.36909999994,0.0
B,2025-05-28,2025-05-28 15:30:00,0,0,102337.36909999994,0.0
B,2025-05-28,2025-05-28 16:00:00,0,0,102337.36909999994,0.0
B,2025-05-29,2025-05-29 10:00:00,0,0,102337.36909999994,0.0
B,2025-05-29,2025-05-29 10:30:00,0,0,102337.36909999994,0.0
B,2025-05-29,2025-05-29 11:00:00,0,0,102337.36909999994,0.0
B,2025-05-29,2025-05-29 11:30:00,0,0,102337.36909999994,0.0
B,2025-05-29,2025-05-29 12:00:00,0,0,102337.36909999994,0.0
B,2025-05-29,2025-05-29 12:30:00,0,0,102337.36909999994,0.0
B,2025-05-29,2025-05-29 13:00:00,0,0,102337.36909999994,0.0
B,2025-05-29,2025-05-29 13:30:00,0,0,102337.36909999994,0.0
B,2025-05-29,2025-05-29 14:00:00,0,0,102337.36909999994,0.0
B,2025-05-29,2025-05-29 14:30:00,0,0,102337.36909999994,0.0
B,2025-05-29,2025-05-29 15:00:00,0,0,102337.36909999994,0.0
B,2025-05-29,2025-05-29 15:30:00,0,0,102337.36909999994,0.0
B,2025-05-29,2025-05-29 16:00:00,0,0,102337.36909999994,0.0
B,2025-05-30,2025-05-30 10:00:00,0,0,102337.36909999994,0.0
B,2025-05-30,2025-05-30 10:30:00,0,0,102337.36909999994,0.0
B,2025-05-30,2025-05-30 11:00:00,0,0,102337.36909999994,0.0
B,2025-05-30,2025-05-30 11:30:00,0,0,102337.36909999994,0.0
B,2025-05-30,2025-05-30 12:00:00,0,0,102337.36909999994,0.0
B,2025-05-30,2025-05-30 12:30:00,-1,-175,102336.58159999993,0.9948218751133276
B,2025-05-30,2025-05-30 13:00:00,-1,-175,102517.54909999993,0.9913005470006897
B,2025-05-30,2025-05-30 13:30:00,0,0,102196.58159999992,0.0
B,2025-05-30,2025-05-30 14:00:00,0,0,102196.58159999992,0.0
B,2025-05-30,2025-05-30 14:30:00,0,0,102196.58159999992,0.0
B,2025-05-30,2025-05-30 15:00:00,0,0,102196.58159999992,0.0
B,2025-05-30,2025-05-30 15:30:00,0,0,102196.58159999992,0.0
B,2025-05-30,2025-05-30 16:00:00,0,0,102196.58159999992,0.0
B,2025-06-02,2025-06-02 10:00:00,0,0,102196.58159999992,0.0
B,2025-06-02,2025-06-02 10:30:00,0,0,102196.58159999992,0.0
B,2025-06-02,2025-06-02 11:00:00,0,0,102196.58159999992,0.0
B,2025-06-02,2025-06-02 11:30:00,0,0,102196.58159999992,0.0
B,2025-06-02,2025-06-02 12:00:00,0,0,102196.58159999992,0.0
B,2025-06-02,2025-06-02 12:30:00,0,0,102196.58159999992,0.0
B,2025-06-02,2025-06-02 13:00:00,0,0,102196.58159999992,0.0
B,2025-06-02,2025-06-02 13:30:00,0,0,102196.58159999992,0.0
B,2025-06-02,2025-06-02 14:00:00,0,0,102196.58159999992,0.0
B,2025-06-02,2025-06-02 14:30:00,0,0,102196.58159999992,0.0
B,2025-06-02,2025-06-02 15:00:00,0,0,102196.58159999992,0.0
B,2025-06-02,2025-06-02 15:30:00,1,175,102195.79409999991,1.008485338439188
B,2025-06-02,2025-06-02 16:00:00,0,0,102264.60409999991,0.0
B,2025-06-03,2025-06-03 10:00:00,0,0,102264.60409999991,0.0
B,2025-06-03,2025-06-03 10:30:00,1,173,102263.82559999991,0.9988616883896438
B,2025-06-03,2025-06-03 11:00:00,1,173,102362.72969999991,0.9988627882400062
B,2025-06-03,2025-06-03 11:30:00,1,173,102457.34339999991,0.9988638383922814
B,2025-06-03,2025-06-03 12:00:00,1,173,102572.57869999991,0.9988651148145513
B,2025-06-03,2025-06-03 12:30:00,1,173,102645.68849999992,0.9988659231410395
B,2025-06-03,2025-06-03 13:00:00,1,173,102725.68369999992,0.9988668062766087
B,2025-06-03,2025-06-03 13:30:00,1,173,102764.38379999992,0.9988672330267024
B,2025-06-03,2025-06-03 14:00:00,1,173,102660.32429999992,0.9988660848210479
B,2025-06-03,2025-06-03 14:30:00,1,173,102665.47969999991,0.9988661417611833
B,2025-06-03,2025-06-03 15:00:00,1,173,102698.14209999991,0.9988665023765808
B,2025-06-03,2025-06-03 15:30:00,1,173,102674.06049999992,0.998866236521347
B,2025-06-03,2025-06-03 16:00:00,0,0,102650.93039999992,0.0
B,2025-06-04,2025-06-04 10:00:00,0,0,102650.93039999992,0.0
B,2025-06-04,2025-06-04 10:30:00,0,0,102650.93039999992,0.0
B,2025-06-04,2025-06-04 11:00:00,0,0,102650.93039999992,0.0
B,2025-06-04,2025-06-04 11:30:00,0,0,102650.93039999992,0.0
B,2025-06-04,2025-06-04 12:00:00,0,0,102650.93039999992,0.0
B,2025-06-04,2025-06-04 12:30:00,0,0,102650.93039999992,0.0
B,2025-06-04,2025-06-04 13:00:00,0,0,102650.93039999992,0.0
B,2025-06-04,2025-06-04 13:30:00,0,0,102650.93039999992,0.0
B,2025-06-04,2025-06-04 14:00:00,0,0,102650.93039999992,0.0
B,2025-06-04,2025-06-04 14:30:00,0,0,102650.93039999992,0.0
B,2025-06-04,2025-06-04 15:00:00,0,0,102650.93039999992,0.0
B,2025-06-04,2025-06-04 15:30:00,0,0,102650.93039999992,0.0
B,2025-06-04,2025-06-04 16:00:00,0,0,102650.93039999992,0.0
B,2025-06-05,2025-06-05 10:00:00,0,0,102650.93039999992,0.0
B,2025-06-05,2025-06-05 10:30:00,0,0,102650.93039999992,0.0
B,2025-06-05,2025-06-05 11:00:00,1,173,102650.15189999992,1.0010093828219662
B,2025-06-05,2025-06-05 11:30:00,1,173,102877.19709999993,1.0010071551609183
B,2025-06-05,2025-06-05 12:00:00,1,173,102894.41059999992,1.0010069866710531
B,2025-06-05,2025-06-05 12:30:00,1,173,102743.03559999992,1.0010084703006388
B,2025-06-05,2025-06-05 13:00:00,0,0,102188.38029999992,0.0
B,2025-06-05,2025-06-05 13:30:00,0,0,102188.38029999992,0.0
B,2025-06-05,2025-06-05 14:00:00,0,0,102188.38029999992,0.0
B,2025-06-05,2025-06-05 14:30:00,0,0,102188.38029999992,0.0
B,2025-06-05,2025-06-05 15:00:00,0,0,102188.38029999992,0.0
B,2025-06-05,2025-06-05 15:30:00,0,0,102188.38029999992,0.0
B,2025-06-05,2025-06-05 16:00:00,0,0,102188.38029999992,0.0
B,2025-06-06,2025-06-06 10:00:00,0,0,102188.38029999992,0.0
B,2025-06-06,2025-06-06 10:30:00,0,0,102188.38029999992,0.0
B,2025-06-06,2025-06-06 11:00:00,0,0,102188.38029999992,0.0
B,2025-06-06,2025-06-06 11:30:00,0,0,102188.38029999992,0.0
B,2025-06-06,2025-06-06 12:00:00,0,0,102188.38029999992,0.0
B,2025-06-06,2025-06-06 12:30:00,0,0,102188.38029999992,0.0
B,2025-06-06,2025-06-06 13:00:00,0,0,102188.38029999992,0.0
B,2025-06-06,2025-06-06 13:30:00,0,0,102188.38029999992,0.0
B,2025-06-06,2025-06-06 14:00:00,0,0,102188.38029999992,0.0
B,2025-06-06,2025-06-06 14:30:00,0,0,102188.38029999992,0.0
B,2025-06-06,2025-06-06 15:00:00,0,0,102188.38029999992,0.0
B,2025-06-06,2025-06-06 15:30:00,0,0,102188.38029999992,0.0
B,2025-06-06,2025-06-06 16:00:00,0,0,102188.38029999992,0.0
B,2025-06-09,2025-06-09 10:00:00,0,0,102188.38029999992,0.0
B,2025-06-09,2025-06-09 10:30:00,0,0,102188.38029999992,0.0
B,2025-06-09,2025-06-09 11:00:00,0,0,102188.38029999992,0.0
B,2025-06-09,2025-06-09 11:30:00,0,0,102188.38029999992,0.0
B,2025-06-09,2025-06-09 12:00:00,0,0,102188.38029999992,0.0
B,2025-06-09,2025-06-09 12:30:00,0,0,102188.38029999992,0.0
B,2025-06-09,2025-06-09 13:00:00,0,0,102188.38029999992,0.0
B,2025-06-09,2025-06-09 13:30:00,0,0,102188.38029999992,0.0
B,2025-06-09,2025-06-09 14:00:00,0,0,102188.38029999992,0.0
B,2025-06-09,2025-06-09 14:30:00,0,0,102188.38029999992,0.0
B,2025-06-09,2025-06-09 15:00:00,0,0,102188.38029999992,0.0
B,2025-06-09,2025-06-09 15:30:00,0,0,102188.38029999992,0.0
B,2025-06-09,2025-06-09 16:00:00,0,0,102188.38029999992,0.0
B,2025-06-10,2025-06-10 10:00:00,0,0,102188.38029999992,0.0
B,2025-06-10,2025-06-10 10:30:00,0,0,102188.38029999992,0.0
B,2025-06-10,2025-06-10 11:00:00,0,0,102188.38029999992,0.0
B,2025-06-10,2025-06-10 11:30:00,0,0,102188.38029999992,0.0
B,2025-06-10,2025-06-10 12:00:00,0,0,102188.38029999992,0.0
B,2025-06-10,2025-06-10 12:30:00,0,0,102188.38029999992,0.0
B,2025-06-10,2025-06-10 13:00:00,0,0,102188.38029999992,0.0
B,2025-06-10,2025-06-10 13:30:00,0,0,102188.38029999992,0.0
B,2025-06-10,2025-06-10 14:00:00,0,0,102188.38029999992,0.0
B,2025-06-10,2025-06-10 14:30:00,0,0,102188.38029999992,0.0
B,2025-06-10,2025-06-10 15:00:00,0,0,102188.38029999992,0.0
B,2025-06-10,2025-06-10 15:30:00,0,0,102188.38029999992,0.0
B,2025-06-10,2025-06-10 16:00:00,0,0,102188.38029999992,0.0
B,2025-06-11,2025-06-11 10:00:00,0,0,102188.38029999992,0.0
B,2025-06-11,2025-06-11 10:30:00,0,0,102188.38029999992,0.0
B,2025-06-11,2025-06-11 11:00:00,0,0,102188.38029999992,0.0
B,2025-06-11,2025-06-11 11:30:00,0,0,102188.38029999992,0.0
B,2025-06-11,2025-06-11 12:00:00,0,0,102188.38029999992,0.0
B,2025-06-11,2025-06-11 12:30:00,0,0,102188.38029999992,0.0
B,2025-06-11,2025-06-11 13:00:00,0,0,102188.38029999992,0.0
B,2025-06-11,2025-06-11 13:30:00,0,0,102188.38029999992,0.0
B,2025-06-11,2025-06-11 14:00:00,0,0,102188.38029999992,0.0
B,2025-06-11,2025-06-11 14:30:00,-1,-170,102187.61529999992,0.993429553101628
B,2025-06-11,2025-06-11 15:00:00,0,0,102159.82029999992,0.0
B,2025-06-11,2025-06-11 15:30:00,0,0,102159.82029999992,0.0
B,2025-06-11,2025-06-11 16:00:00,0,0,102159.82029999992,0.0
B,2025-06-12,2025-06-12 10:00:00,0,0,102159.82029999992,0.0
B,2025-06-12,2025-06-12 10:30:00,0,0,102159.82029999992,0.0
B,2025-06-12,2025-06-12 11:00:00,0,0,102159.82029999992,0.0
B,2025-06-12,2025-06-12 11:30:00,0,0,102159.82029999992,0.0
B,2025-06-12,2025-06-12 12:00:00,0,0,102159.82029999992,0.0
B,2025-06-12,2025-06-12 12:30:00,0,0,102159.82029999992,0.0
B,2025-06-12,2025-06-12 13:00:00,0,0,102159.82029999992,0.0
B,2025-06-12,2025-06-12 13:30:00,0,0,102159.82029999992,0.0
B,2025-06-12,2025-06-12 14:00:00,0,0,102159.82029999992,0.0
B,2025-06-12,2025-06-12 14:30:00,0,0,102159.82029999992,0.0
B,2025-06-12,2025-06-12 15:00:00,0,0,102159.82029999992,0.0
B,2025-06-12,2025-06-12 15:30:00,0,0,102159.82029999992,0.0
B,2025-06-12,2025-06-12 16:00:00,0,0,102159.82029999992,0.0
B,2025-06-13,2025-06-13 10:00:00,0,0,102159.82029999992,0.0
B,2025-06-13,2025-06-13 10:30:00,-1,-171,102159.05079999992,0.9933446474426333
B,2025-06-13,2025-06-13 11:00:00,0,0,101757.86769999993,0.0
B,2025-06-13,2025-06-13 11:30:00,0,0,101757.86769999993,0.0
B,2025-06-13,2025-06-13 12:00:00,0,0,101757.86769999993,0.0
B,2025-06-13,2025-06-13 12:30:00,0,0,101757.86769999993,0.0
B,2025-06-13,2025-06-13 13:00:00,0,0,101757.86769999993,0.0
B,2025-06-13,2025-06-13 13:30:00,0,0,101757.86769999993,0.0
B,2025-06-13,2025-06-13 14:00:00,0,0,101757.86769999993,0.0
B,2025-06-13,2025-06-13 14:30:00,0,0,101757.86769999993,0.0
B,2025-06-13,2025-06-13 15:00:00,0,0,101757.86769999993,0.0
B,2025-06-13,2025-06-13 15:30:00,0,0,101757.86769999993,0.0
B,2025-06-13,2025-06-13 16:00:00,0,0,101757.86769999993,0.0
B,2025-06-16,2025-06-16 10:00:00,0,0,101757.86769999993,0.0
B,2025-06-16,2025-06-16 10:30:00,0,0,101757.86769999993,0.0
B,2025-06-16,2025-06-16 11:00:00,0,0,101757.86769999993,0.0
B,2025-06-16,2025-06-16 11:30:00,0,0,101757.86769999993,0.0
B,2025-06-16,2025-06-16 12:00:00,0,0,101757.86769999993,0.0
B,2025-06-16,2025-06-16 12:30:00,0,0,101757.86769999993,0.0
B,2025-06-16,2025-06-16 13:00:00,0,0,101757.86769999993,0.0
B,2025-06-16,2025-06-16 13:30:00,0,0,101757.86769999993,0.0
B,2025-06-16,2025-06-16 14:00:00,0,0,101757.86769999993,0.0
B,2025-06-16,2025-06-16 14:30:00,0,0,101757.86769999993,0.0
B,2025-06-16,2025-06-16 15:00:00,0,0,101757.86769999993,0.0
B,2025-06-16,2025-06-16 15:30:00,0,0,101757.86769999993,0.0
B,2025-06-16,2025-06-16 16:00:00,0,0,101757.86769999993,0.0
B,2025-06-17,2025-06-17 10:00:00,0,0,101757.86769999993,0.0
B,2025-06-17,2025-06-17 10:30:00,0,0,101757.86769999993,0.0
B,2025-06-17,2025-06-17 11:00:00,0,0,101757.86769999993,0.0
B,2025-06-17,2025-06-17 11:30:00,0,0,101757.86769999993,0.0
B,2025-06-17,2025-06-17 12:00:00,0,0,101757.86769999993,0.0
B,2025-06-17,2025-06-17 12:30:00,0,0,101757.86769999993,0.0
B,2025-06-17,2025-06-17 13:00:00,0,0,101757.86769999993,0.0
B,2025-06-17,2025-06-17 13:30:00,-1,-170,101757.10269999993,0.9946922063849217
B,2025-06-17,2025-06-17 14:00:00,-1,-170,101905.85269999993,0.9917805927941573
B,2025-06-17,2025-06-17 14:30:00,-1,-170,102000.50869999992,0.9899322296223027
B,2025-06-17,2025-06-17 15:00:00,-1,-170,101868.65669999993,0.9925078652774663
B,2025-06-17,2025-06-17 15:30:00,-1,-170,101848.37569999992,0.992904632056887
B,2025-06-17,2025-06-17 16:00:00,0,0,101972.67969999994,0.0
B,2025-06-18,2025-06-18 10:00:00,0,0,101972.67969999994,0.0
B,2025-06-18,2025-06-18 10:30:00,1,171,101971.91019999994,1.0016570435884613
B,2025-06-18,2025-06-18 11:00:00,1,171,101990.25849999994,1.0016567454822174
B,2025-06-18,2025-06-18 11:30:00,0,0,101868.79719999993,0.0
B,2025-06-18,2025-06-18 12:00:00,0,0,101868.79719999993,0.0
B,2025-06-18,2025-06-18 12:30:00,0,0,101868.79719999993,0.0
B,2025-06-18,2025-06-18 13:00:00,0,0,101868.79719999993,0.0
B,2025-06-18,2025-06-18 13:30:00,0,0,101868.79719999993,0.0
B,2025-06-18,2025-06-18 14:00:00,0,0,101868.79719999993,0.0
B,2025-06-18,2025-06-18 14:30:00,0,0,101868.79719999993,0.0
B,2025-06-18,2025-06-18 15:00:00,0,0,101868.79719999993,0.0
B,2025-06-18,2025-06-18 15:30:00,0,0,101868.79719999993,0.0
B,2025-06-18,2025-06-18 16:00:00,0,0,101868.79719999993,0.0
B,2025-06-20,2025-06-20 10:00:00,0,0,101868.79719999993,0.0
B,2025-06-20,2025-06-20 10:30:00,0,0,101868.79719999993,0.0
B,2025-06-20,2025-06-20 11:00:00,-1,-171,101868.02769999993,0.9947585055678865
B,2025-06-20,2025-06-20 11:30:00,0,0,101718.06069999993,0.0
B,2025-06-20,2025-06-20 12:00:00,0,0,101718.06069999993,0.0
B,2025-06-20,2025-06-20 12:30:00,0,0,101718.06069999993,0.0
B,2025-06-20,2025-06-20 13:00:00,0,0,101718.06069999993,0.0
B,2025-06-20,2025-06-20 13:30:00,-1,-171,101717.29119999993,0.9947572945198531
B,2025-06-20,2025-06-20 14:00:00,0,0,101609.08239999993,0.0
B,2025-06-20,2025-06-20 14:30:00,0,0,101609.08239999993,0.0
B,2025-06-20,2025-06-20 15:00:00,-1,-171,101608.31289999993,0.9960424812840296
B,2025-06-20,2025-06-20 15:30:00,0,0,101612.65629999993,0.0
B,2025-06-20,2025-06-20 16:00:00,0,0,101612.65629999993,0.0
B,2025-06-23,2025-06-23 10:00:00,0,0,101612.65629999993,0.0
B,2025-06-23,2025-06-23 10:30:00,0,0,101612.65629999993,0.0
B,2025-06-23,2025-06-23 11:00:00,0,0,101612.65629999993,0.0
B,2025-06-23,2025-06-23 11:30:00,0,0,101612.65629999993,0.0
B,2025-06-23,2025-06-23 12:00:00,0,0,101612.65629999993,0.0
B,2025-06-23,2025-06-23 12:30:00,0,0,101612.65629999993,0.0
B,2025-06-23,2025-06-23 13:00:00,0,0,101612.65629999993,0.0
B,2025-06-23,2025-06-23 13:30:00,0,0,101612.65629999993,0.0
B,2025-06-23,2025-06-23 14:00:00,0,0,101612.65629999993,0.0
B,2025-06-23,2025-06-23 14:30:00,0,0,101612.65629999993,0.0
B,2025-06-23,2025-06-23 15:00:00,0,0,101612.65629999993,0.0
B,2025-06-23,2025-06-23 15:30:00,1,170,101611.89129999993,0.9997426748024724
B,2025-06-23,2025-06-23 16:00:00,0,0,101768.80129999992,0.0
B,2025-06-24,2025-06-24 10:00:00,0,0,101768.80129999992,0.0
B,2025-06-24,2025-06-24 10:30:00,0,0,101768.80129999992,0.0
B,2025-06-24,2025-06-24 11:00:00,0,0,101768.80129999992,0.0
B,2025-06-24,2025-06-24 11:30:00,1,168,101768.04529999993,0.9972644802287469
B,2025-06-24,2025-06-24 12:00:00,1,168,101768.86849999992,0.9972645023561412
B,2025-06-24,2025-06-24 12:30:00,1,168,101888.66929999992,0.9972677187570265
B,2025-06-24,2025-06-24 13:00:00,1,168,101912.12209999994,0.997268347530564
B,2025-06-24,2025-06-24 13:30:00,1,168,101863.53649999993,0.9972670446210168
B,2025-06-24,2025-06-24 14:00:00,1,168,102002.59009999993,0.9972707702840976
B,2025-06-24,2025-06-24 14:30:00,1,168,101974.11409999992,0.9972700081539622
B,2025-06-24,2025-06-24 15:00:00,1,168,102025.21969999993,0.9972713756381166
B,2025-06-24,2025-06-24 15:30:00,1,168,102052.85569999993,0.9972721145519112
B,2025-06-24,2025-06-24 16:00:00,0,0,101934.83569999992,0.0
B,2025-06-25,2025-06-25 10:00:00,0,0,101934.83569999992,0.0
B,2025-06-25,2025-06-25 10:30:00,0,0,101934.83569999992,0.0
B,2025-06-25,2025-06-25 11:00:00,0,0,101934.83569999992,0.0
B,2025-06-25,2025-06-25 11:30:00,0,0,101934.83569999992,0.0
B,2025-06-25,2025-06-25 12:00:00,0,0,101934.83569999992,0.0
B,2025-06-25,2025-06-25 12:30:00,0,0,101934.83569999992,0.0
B,2025-06-25,2025-06-25 13:00:00,0,0,101934.83569999992,0.0
B,2025-06-25,2025-06-25 13:30:00,0,0,101934.83569999992,0.0
B,2025-06-25,2025-06-25 14:00:00,0,0,101934.83569999992,0.0
B,2025-06-25,2025-06-25 14:30:00,0,0,101934.83569999992,0.0
B,2025-06-25,2025-06-25 15:00:00,0,0,101934.83569999992,0.0
B,2025-06-25,2025-06-25 15:30:00,0,0,101934.83569999992,0.0
B,2025-06-25,2025-06-25 16:00:00,0,0,101934.83569999992,0.0
B,2025-06-26,2025-06-26 10:00:00,0,0,101934.83569999992,0.0
B,2025-06-26,2025-06-26 10:30:00,0,0,101934.83569999992,0.0
B,2025-06-26,2025-06-26 11:00:00,0,0,101934.83569999992,0.0
B,2025-06-26,2025-06-26 11:30:00,0,0,101934.83569999992,0.0
B,2025-06-26,2025-06-26 12:00:00,0,0,101934.83569999992,0.0
B,2025-06-26,2025-06-26 12:30:00,1,167,101934.08419999992,0.998062304659427
B,2025-06-26,2025-06-26 13:00:00,1,167,101925.75089999993,0.9980621462362961
B,2025-06-26,2025-06-26 13:30:00,1,167,101990.69719999991,0.9980633802354288
B,2025-06-26,2025-06-26 14:00:00,1,167,102000.70049999993,0.9980635701614625
B,2025-06-26,2025-06-26 14:30:00,1,167,102076.46839999991,0.9980650075076469
B,2025-06-26,2025-06-26 15:00:00,1,167,102027.65429999992,0.998064081730046
B,2025-06-26,2025-06-26 15:30:00,1,167,102051.48519999992,0.9980645338025915
B,2025-06-26,2025-06-26 16:00:00,0,0,102096.52509999991,0.0
B,2025-06-27,2025-06-27 10:00:00,0,0,102096.52509999991,0.0
B,2025-06-27,2025-06-27 10:30:00,0,0,102096.52509999991,0.0
B,2025-06-27,2025-06-27 11:00:00,0,0,102096.52509999991,0.0
B,2025-06-27,2025-06-27 11:30:00,0,0,102096.52509999991,0.0
B,2025-06-27,2025-06-27 12:00:00,1,166,102095.77809999991,0.9986379505344118
B,2025-06-27,2025-06-27 12:30:00,1,166,102161.99549999992,0.9986388333614733
B,2025-06-27,2025-06-27 13:00:00,0,0,102102.4844999999,0.0
B,2025-06-27,2025-06-27 13:30:00,0,0,102102.4844999999,0.0
B,2025-06-27,2025-06-27 14:00:00,0,0,102102.4844999999,0.0
B,2025-06-27,2025-06-27 14:30:00,0,0,102102.4844999999,0.0
B,2025-06-27,2025-06-27 15:00:00,0,0,102102.4844999999,0.0
B,2025-06-27,2025-06-27 15:30:00,0,0,102102.4844999999,0.0
B,2025-06-27,2025-06-27 16:00:00,0,0,102102.4844999999,0.0
B,2025-06-30,2025-06-30 10:00:00,0,0,102102.4844999999,0.0
B,2025-06-30,2025-06-30 10:30:00,0,0,102102.4844999999,0.0
B,2025-06-30,2025-06-30 11:00:00,0,0,102102.4844999999,0.0
B,2025-06-30,2025-06-30 11:30:00,0,0,102102.4844999999,0.0
B,2025-06-30,2025-06-30 12:00:00,0,0,102102.4844999999,0.0
B,2025-06-30,2025-06-30 12:30:00,0,0,102102.4844999999,0.0
B,2025-06-30,2025-06-30 13:00:00,0,0,102102.4844999999,0.0
B,2025-06-30,2025-06-30 13:30:00,0,0,102102.4844999999,0.0
B,2025-06-30,2025-06-30 14:00:00,0,0,102102.4844999999,0.0
B,2025-06-30,2025-06-30 14:30:00,0,0,102102.4844999999,0.0
B,2025-06-30,2025-06-30 15:00:00,0,0,102102.4844999999,0.0
B,2025-06-30,2025-06-30 15:30:00,0,0,102102.4844999999,0.0
B,2025-06-30,2025-06-30 16:00:00,0,0,102102.4844999999,0.0
B,2025-07-01,2025-07-01 10:00:00,0,0,102102.4844999999,0.0
B,2025-07-01,2025-07-01 10:30:00,0,0,102102.4844999999,0.0
B,2025-07-01,2025-07-01 11:00:00,0,0,102102.4844999999,0.0
B,2025-07-01,2025-07-01 11:30:00,0,0,102102.4844999999,0.0
B,2025-07-01,2025-07-01 12:00:00,0,0,102102.4844999999,0.0
B,2025-07-01,2025-07-01 12:30:00,0,0,102102.4844999999,0.0
B,2025-07-01,2025-07-01 13:00:00,0,0,102102.4844999999,0.0
B,2025-07-01,2025-07-01 13:30:00,0,0,102102.4844999999,0.0
B,2025-07-01,2025-07-01 14:00:00,0,0,102102.4844999999,0.0
B,2025-07-01,2025-07-01 14:30:00,0,0,102102.4844999999,0.0
B,2025-07-01,2025-07-01 15:00:00,0,0,102102.4844999999,0.0
B,2025-07-01,2025-07-01 15:30:00,0,0,102102.4844999999,0.0
B,2025-07-01,2025-07-01 16:00:00,0,0,102102.4844999999,0.0
B,2025-07-02,2025-07-02 10:00:00,0,0,102102.4844999999,0.0
B,2025-07-02,2025-07-02 10:30:00,1,165,102101.74199999991,0.9969958935666355
B,2025-07-02,2025-07-02 11:00:00,1,165,102129.72599999992,0.9969967167051841
B,2025-07-02,2025-07-02 11:30:00,1,165,102119.85899999992,0.9969964265226813
B,2025-07-02,2025-07-02 12:00:00,1,165,102202.93649999992,0.9969988680315471
B,2025-07-02,2025-07-02 12:30:00,1,165,102182.37749999992,0.9969982642065661
B,2025-07-02,2025-07-02 13:00:00,1,165,102249.56549999992,0.9970002366415933
B,2025-07-02,2025-07-02 13:30:00,1,165,102235.85399999992,0.9969998343242682
B,2025-07-02,2025-07-02 14:00:00,1,165,102233.37899999991,0.9969997616923147
B,2025-07-02,2025-07-02 14:30:00,1,165,102256.42949999991,0.9970004380017989
B,2025-07-02,2025-07-02 15:00:00,0,0,102298.09199999992,0.0
B,2025-07-02,2025-07-02 15:30:00,0,0,102298.09199999992,0.0
B,2025-07-02,2025-07-02 16:00:00,0,0,102298.09199999992,0.0
B,2025-07-03,2025-07-03 10:00:00,0,0,102298.09199999992,0.0
B,2025-07-03,2025-07-03 10:30:00,0,0,102298.09199999992,0.0
B,2025-07-03,2025-07-03 11:00:00,1,164,102297.35399999992,0.9996901816248354
B,2025-07-03,2025-07-03 11:30:00,1,164,102312.08119999991,0.9996902262213008
B,2025-07-03,2025-07-03 12:00:00,1,164,102394.67159999991,0.9996904760813754
B,2025-07-03,2025-07-03 12:30:00,1,164,102368.49719999993,0.9996903969398124
B,2025-07-03,2025-07-03 13:00:00,0,0,102303.15959999991,0.0
B,2025-07-07,2025-07-07 10:00:00,0,0,102303.15959999991,0.0
B,2025-07-07,2025-07-07 10:30:00,0,0,102303.15959999991,0.0
B,2025-07-07,2025-07-07 11:00:00,-1,-164,102302.42159999991,0.9945248803377308
B,2025-07-07,2025-07-07 11:30:00,-1,-164,102312.22879999991,0.9943336939601505
B,2025-07-07,2025-07-07 12:00:00,-1,-164,102359.65759999992,0.9934096106237862
B,2025-07-07,2025-07-07 12:30:00,-1,-164,102550.99639999992,0.9896903234769553
B,2025-07-07,2025-07-07 13:00:00,-1,-164,102679.3919999999,0.9872023122224964
B,2025-07-07,2025-07-07 13:30:00,-1,-164,102618.87599999992,0.988374197355271
B,2025-07-07,2025-07-07 14:00:00,-1,-164,102640.95039999991,0.9879465691307558
B,2025-07-07,2025-07-07 14:30:00,-1,-164,102977.85559999992,0.9814427481630339
B,2025-07-07,2025-07-07 15:00:00,-1,-164,102620.53239999992,0.9883421029688605
B,2025-07-07,2025-07-07 15:30:00,-1,-164,102734.16799999992,0.9861427718964938
B,2025-07-07,2025-07-07 16:00:00,0,0,102533.90759999992,0.0
B,2025-07-08,2025-07-08 10:00:00,0,0,102533.90759999992,0.0
B,2025-07-08,2025-07-08 10:30:00,0,0,102533.90759999992,0.0
B,2025-07-08,2025-07-08 11:00:00,0,0,102533.90759999992,0.0
B,2025-07-08,2025-07-08 11:30:00,0,0,102533.90759999992,0.0
B,2025-07-08,2025-07-08 12:00:00,0,0,102533.90759999992,0.0
B,2025-07-08,2025-07-08 12:30:00,0,0,102533.90759999992,0.0
B,2025-07-08,2025-07-08 13:00:00,0,0,102533.90759999992,0.0
B,2025-07-08,2025-07-08 13:30:00,0,0,102533.90759999992,0.0
B,2025-07-08,2025-07-08 14:00:00,0,0,102533.90759999992,0.0
B,2025-07-08,2025-07-08 14:30:00,0,0,102533.90759999992,0.0
B,2025-07-08,2025-07-08 15:00:00,0,0,102533.90759999992,0.0
B,2025-07-08,2025-07-08 15:30:00,0,0,102533.90759999992,0.0
B,2025-07-08,2025-07-08 16:00:00,0,0,102533.90759999992,0.0
B,2025-07-09,2025-07-09 10:00:00,0,0,102533.90759999992,0.0
B,2025-07-09,2025-07-09 10:30:00,0,0,102533.90759999992,0.0
B,2025-07-09,2025-07-09 11:00:00,0,0,102533.90759999992,0.0
B,2025-07-09,2025-07-09 11:30:00,0,0,102533.90759999992,0.0
B,2025-07-09,2025-07-09 12:00:00,0,0,102533.90759999992,0.0
B,2025-07-09,2025-07-09 12:30:00,0,0,102533.90759999992,0.0
B,2025-07-09,2025-07-09 13:00:00,0,0,102533.90759999992,0.0
B,2025-07-09,2025-07-09 13:30:00,0,0,102533.90759999992,0.0
B,2025-07-09,2025-07-09 14:00:00,0,0,102533.90759999992,0.0
B,2025-07-09,2025-07-09 14:30:00,0,0,102533.90759999992,0.0
B,2025-07-09,2025-07-09 15:00:00,0,0,102533.90759999992,0.0
B,2025-07-09,2025-07-09 15:30:00,0,0,102533.90759999992,0.0
B,2025-07-09,2025-07-09 16:00:00,0,0,102533.90759999992,0.0
B,2025-07-10,2025-07-10 10:00:00,0,0,102533.90759999992,0.0
B,2025-07-10,2025-07-10 10:30:00,0,0,102533.90759999992,0.0
B,2025-07-10,2025-07-10 11:00:00,0,0,102533.90759999992,0.0
B,2025-07-10,2025-07-10 11:30:00,1,164,102533.16959999992,0.9977260899969299
B,2025-07-10,2025-07-10 12:00:00,1,164,102562.59119999992,0.99772674230173
B,2025-07-10,2025-07-10 12:30:00,0,0,102542.23879999992,0.0
B,2025-07-10,2025-07-10 13:00:00,0,0,102542.23879999992,0.0
B,2025-07-10,2025-07-10 13:30:00,1,164,102541.50079999992,0.9985699331601754
B,2025-07-10,2025-07-10 14:00:00,1,164,102622.50039999993,0.9985710619072001
B,2025-07-10,2025-07-10 14:30:00,1,164,102626.55119999994,0.998571118309197
B,2025-07-10,2025-07-10 15:00:00,1,164,102567.67519999994,0.9985702981010928
B,2025-07-10,2025-07-10 15:30:00,0,0,102562.01719999994,0.0
B,2025-07-10,2025-07-10 16:00:00,0,0,102562.01719999994,0.0
B,2025-07-11,2025-07-11 10:00:00,0,0,102562.01719999994,0.0
B,2025-07-11,2025-07-11 10:30:00,0,0,102562.01719999994,0.0
B,2025-07-11,2025-07-11 11:00:00,0,0,102562.01719999994,0.0
B,2025-07-11,2025-07-11 11:30:00,0,0,102562.01719999994,0.0
B,2025-07-11,2025-07-11 12:00:00,0,0,102562.01719999994,0.0
B,2025-07-11,2025-07-11 12:30:00,0,0,102562.01719999994,0.0
B,2025-07-11,2025-07-11 13:00:00,0,0,102562.01719999994,0.0
B,2025-07-11,2025-07-11 13:30:00,0,0,102562.01719999994,0.0
B,2025-07-11,2025-07-11 14:00:00,0,0,102562.01719999994,0.0
B,2025-07-11,2025-07-11 14:30:00,0,0,102562.01719999994,0.0
B,2025-07-11,2025-07-11 15:00:00,0,0,102562.01719999994,0.0
B,2025-07-11,2025-07-11 15:30:00,0,0,102562.01719999994,0.0
B,2025-07-11,2025-07-11 16:00:00,0,0,102562.01719999994,0.0
B,2025-07-14,2025-07-14 10:00:00,0,0,102562.01719999994,0.0
B,2025-07-14,2025-07-14 10:30:00,0,0,102562.01719999994,0.0
B,2025-07-14,2025-07-14 11:00:00,0,0,102562.01719999994,0.0
B,2025-07-14,2025-07-14 11:30:00,0,0,102562.01719999994,0.0
B,2025-07-14,2025-07-14 12:00:00,0,0,102562.01719999994,0.0
B,2025-07-14,2025-07-14 12:30:00,0,0,102562.01719999994,0.0
B,2025-07-14,2025-07-14 13:00:00,0,0,102562.01719999994,0.0
B,2025-07-14,2025-07-14 13:30:00,0,0,102562.01719999994,0.0
B,2025-07-14,2025-07-14 14:00:00,0,0,102562.01719999994,0.0
B,2025-07-14,2025-07-14 14:30:00,0,0,102562.01719999994,0.0
B,2025-07-14,2025-07-14 15:00:00,0,0,102562.01719999994,0.0
B,2025-07-14,2025-07-14 15:30:00,0,0,102562.01719999994,0.0
B,2025-07-14,2025-07-14 16:00:00,0,0,102562.01719999994,0.0
B,2025-07-15,2025-07-15 10:00:00,0,0,102562.01719999994,0.0
B,2025-07-15,2025-07-15 10:30:00,0,0,102562.01719999994,0.0
B,2025-07-15,2025-07-15 11:00:00,0,0,102562.01719999994,0.0
B,2025-07-15,2025-07-15 11:30:00,0,0,102562.01719999994,0.0
B,2025-07-15,2025-07-15 12:00:00,0,0,102562.01719999994,0.0
B,2025-07-15,2025-07-15 12:30:00,0,0,102562.01719999994,0.0
B,2025-07-15,2025-07-15 13:00:00,-1,-164,102561.27919999995,0.9937211079559162
B,2025-07-15,2025-07-15 13:30:00,0,0,102449.33279999995,0.0
B,2025-07-15,2025-07-15 14:00:00,0,0,102449.33279999995,0.0
B,2025-07-15,2025-07-15 14:30:00,0,0,102449.33279999995,0.0
B,2025-07-15,2025-07-15 15:00:00,0,0,102449.33279999995,0.0
B,2025-07-15,2025-07-15 15:30:00,0,0,102449.33279999995,0.0
B,2025-07-15,2025-07-15 16:00:00,0,0,102449.33279999995,0.0
B,2025-07-16,2025-07-16 10:00:00,0,0,102449.33279999995,0.0
B,2025-07-16,2025-07-16 10:30:00,0,0,102449.33279999995,0.0
B,2025-07-16,2025-07-16 11:00:00,0,0,102449.33279999995,0.0
B,2025-07-16,2025-07-16 11:30:00,0,0,102449.33279999995,0.0
B,2025-07-16,2025-07-16 12:00:00,0,0,102449.33279999995,0.0
B,2025-07-16,2025-07-16 12:30:00,0,0,102449.33279999995,0.0
B,2025-07-16,2025-07-16 13:00:00,0,0,102449.33279999995,0.0
B,2025-07-16,2025-07-16 13:30:00,0,0,102449.33279999995,0.0
B,2025-07-16,2025-07-16 14:00:00,0,0,102449.33279999995,0.0
B,2025-07-16,2025-07-16 14:30:00,0,0,102449.33279999995,0.0
B,2025-07-16,2025-07-16 15:00:00,1,165,102448.59029999995,1.0027431973361183
B,2025-07-16,2025-07-16 15:30:00,1,165,102415.68929999995,1.0027440785871862
B,2025-07-16,2025-07-16 16:00:00,0,0,102429.74729999996,0.0
B,2025-07-17,2025-07-17 10:00:00,0,0,102429.74729999996,0.0
B,2025-07-17,2025-07-17 10:30:00,0,0,102429.74729999996,0.0
B,2025-07-17,2025-07-17 11:00:00,0,0,102429.74729999996,0.0
B,2025-07-17,2025-07-17 11:30:00,0,0,102429.74729999996,0.0
B,2025-07-17,2025-07-17 12:00:00,1,164,102429.00929999996,1.0014628853781176
B,2025-07-17,2025-07-17 12:30:00,0,0,102366.95169999995,0.0
B,2025-07-17,2025-07-17 13:00:00,0,0,102366.95169999995,0.0
B,2025-07-17,2025-07-17 13:30:00,0,0,102366.95169999995,0.0
B,2025-07-17,2025-07-17 14:00:00,0,0,102366.95169999995,0.0
B,2025-07-17,2025-07-17 14:30:00,1,164,102366.21369999995,1.0030758068372325
B,2025-07-17,2025-07-17 15:00:00,1,164,102389.10809999994,1.0030751190809528
B,2025-07-17,2025-07-17 15:30:00,1,164,102387.46809999994,1.003075168336935
B,2025-07-17,2025-07-17 16:00:00,0,0,102398.17729999994,0.0
B,2025-07-18,2025-07-18 10:00:00,0,0,102398.17729999994,0.0
B,2025-07-18,2025-07-18 10:30:00,-1,-163,102397.44379999994,0.9959250945676446
B,2025-07-18,2025-07-18 11:00:00,0,0,102430.84249999994,0.0
B,2025-07-18,2025-07-18 11:30:00,0,0,102430.84249999994,0.0
B,2025-07-18,2025-07-18 12:00:00,0,0,102430.84249999994,0.0
B,2025-07-18,2025-07-18 12:30:00,0,0,102430.84249999994,0.0
B,2025-07-18,2025-07-18 13:00:00,0,0,102430.84249999994,0.0
B,2025-07-18,2025-07-18 13:30:00,0,0,102430.84249999994,0.0
B,2025-07-18,2025-07-18 14:00:00,0,0,102430.84249999994,0.0
B,2025-07-18,2025-07-18 14:30:00,0,0,102430.84249999994,0.0
B,2025-07-18,2025-07-18 15:00:00,0,0,102430.84249999994,0.0
B,2025-07-18,2025-07-18 15:30:00,0,0,102430.84249999994,0.0
B,2025-07-18,2025-07-18 16:00:00,0,0,102430.84249999994,0.0
B,2025-07-21,2025-07-21 10:00:00,0,0,102430.84249999994,0.0
B,2025-07-21,2025-07-21 10:30:00,0,0,102430.84249999994,0.0
B,2025-07-21,2025-07-21 11:00:00,0,0,102430.84249999994,0.0
B,2025-07-21,2025-07-21 11:30:00,0,0,102430.84249999994,0.0
B,2025-07-21,2025-07-21 12:00:00,0,0,102430.84249999994,0.0
B,2025-07-21,2025-07-21 12:30:00,0,0,102430.84249999994,0.0
B,2025-07-21,2025-07-21 13:00:00,0,0,102430.84249999994,0.0
B,2025-07-21,2025-07-21 13:30:00,0,0,102430.84249999994,0.0
B,2025-07-21,2025-07-21 14:00:00,0,0,102430.84249999994,0.0
B,2025-07-21,2025-07-21 14:30:00,0,0,102430.84249999994,0.0
B,2025-07-21,2025-07-21 15:00:00,0,0,102430.84249999994,0.0
B,2025-07-21,2025-07-21 15:30:00,0,0,102430.84249999994,0.0
B,2025-07-21,2025-07-21 16:00:00,0,0,102430.84249999994,0.0
B,2025-07-22,2025-07-22 10:00:00,0,0,102430.84249999994,0.0
B,2025-07-22,2025-07-22 10:30:00,0,0,102430.84249999994,0.0
B,2025-07-22,2025-07-22 11:00:00,0,0,102430.84249999994,0.0
B,2025-07-22,2025-07-22 11:30:00,0,0,102430.84249999994,0.0
B,2025-07-22,2025-07-22 12:00:00,0,0,102430.84249999994,0.0
B,2025-07-22,2025-07-22 12:30:00,0,0,102430.84249999994,0.0
B,2025-07-22,2025-07-22 13:00:00,0,0,102430.84249999994,0.0
B,2025-07-22,2025-07-22 13:30:00,0,0,102430.84249999994,0.0
B,2025-07-22,2025-07-22 14:00:00,0,0,102430.84249999994,0.0
B,2025-07-22,2025-07-22 14:30:00,0,0,102430.84249999994,0.0
B,2025-07-22,2025-07-22 15:00:00,0,0,102430.84249999994,0.0
B,2025-07-22,2025-07-22 15:30:00,0,0,102430.84249999994,0.0
B,2025-07-22,2025-07-22 16:00:00,0,0,102430.84249999994,0.0
B,2025-07-23,2025-07-23 10:00:00,0,0,102430.84249999994,0.0
B,2025-07-23,2025-07-23 10:30:00,1,163,102430.10899999994,1.0009397168561058
B,2025-07-23,2025-07-23 11:00:00,0,0,102427.74549999995,0.0
B,2025-07-23,2025-07-23 11:30:00,0,0,102427.74549999995,0.0
B,2025-07-23,2025-07-23 12:00:00,1,163,102427.01199999994,1.0029219645692686
B,2025-07-23,2025-07-23 12:30:00,1,163,102378.24239999994,1.0029233564963023
B,2025-07-23,2025-07-23 13:00:00,1,163,102407.61499999993,1.0029225180178258
B,2025-07-23,2025-07-23 13:30:00,1,163,102450.56549999994,1.0029212928063347
B,2025-07-23,2025-07-23 14:00:00,1,163,102522.08989999995,1.002919254770284
B,2025-07-23,2025-07-23 14:30:00,1,163,102634.25019999994,1.002916064563407
B,2025-07-23,2025-07-23 15:00:00,1,163,102639.95519999994,1.002915902480831
B,2025-07-23,2025-07-23 15:30:00,1,163,102649.70259999993,1.0029156255928604
B,2025-07-23,2025-07-23 16:00:00,0,0,102790.38789999994,0.0
B,2025-07-24,2025-07-24 10:00:00,0,0,102790.38789999994,0.0
B,2025-07-24,2025-07-24 10:30:00,0,0,102790.38789999994,0.0
B,2025-07-24,2025-07-24 11:00:00,0,0,102790.38789999994,0.0
B,2025-07-24,2025-07-24 11:30:00,0,0,102790.38789999994,0.0
B,2025-07-24,2025-07-24 12:00:00,0,0,102790.38789999994,0.0
B,2025-07-24,2025-07-24 12:30:00,0,0,102790.38789999994,0.0
B,2025-07-24,2025-07-24 13:00:00,0,0,102790.38789999994,0.0
B,2025-07-24,2025-07-24 13:30:00,0,0,102790.38789999994,0.0
B,2025-07-24,2025-07-24 14:00:00,0,0,102790.38789999994,0.0
B,2025-07-24,2025-07-24 14:30:00,0,0,102790.38789999994,0.0
B,2025-07-24,2025-07-24 15:00:00,0,0,102790.38789999994,0.0
B,2025-07-24,2025-07-24 15:30:00,0,0,102790.38789999994,0.0
B,2025-07-24,2025-07-24 16:00:00,0,0,102790.38789999994,0.0
B,2025-07-25,2025-07-25 10:00:00,0,0,102790.38789999994,0.0
B,2025-07-25,2025-07-25 10:30:00,0,0,102790.38789999994,0.0
B,2025-07-25,2025-07-25 11:00:00,0,0,102790.38789999994,0.0
B,2025-07-25,2025-07-25 11:30:00,0,0,102790.38789999994,0.0
B,2025-07-25,2025-07-25 12:00:00,0,0,102790.38789999994,0.0
B,2025-07-25,2025-07-25 12:30:00,1,162,102789.65889999994,1.0007886989884744
B,2025-07-25,2025-07-25 13:00:00,0,0,102801.84129999994,0.0
B,2025-07-25,2025-07-25 13:30:00,1,162,102801.11229999994,1.001117020014968
B,2025-07-25,2025-07-25 14:00:00,1,162,102815.65989999993,1.0011168619654998
B,2025-07-25,2025-07-25 14:30:00,1,162,102848.78889999994,1.0011165022090023
B,2025-07-25,2025-07-25 15:00:00,0,0,102822.20469999994,0.0
B,2025-07-25,2025-07-25 15:30:00,1,162,102821.47569999994,1.0013666804433936
B,2025-07-25,2025-07-25 16:00:00,0,0,102783.56769999993,0.0
B,2025-07-28,2025-07-28 10:00:00,0,0,102783.56769999993,0.0
B,2025-07-28,2025-07-28 10:30:00,0,0,102783.56769999993,0.0
B,2025-07-28,2025-07-28 11:00:00,0,0,102783.56769999993,0.0
B,2025-07-28,2025-07-28 11:30:00,0,0,102783.56769999993,0.0
B,2025-07-28,2025-07-28 12:00:00,0,0,102783.56769999993,0.0
B,2025-07-28,2025-07-28 12:30:00,0,0,102783.56769999993,0.0
B,2025-07-28,2025-07-28 13:00:00,0,0,102783.56769999993,0.0
B,2025-07-28,2025-07-28 13:30:00,0,0,102783.56769999993,0.0
B,2025-07-28,2025-07-28 14:00:00,0,0,102783.56769999993,0.0
B,2025-07-28,2025-07-28 14:30:00,0,0,102783.56769999993,0.0
B,2025-07-28,2025-07-28 15:00:00,0,0,102783.56769999993,0.0
B,2025-07-28,2025-07-28 15:30:00,0,0,102783.56769999993,0.0
B,2025-07-28,2025-07-28 16:00:00,0,0,102783.56769999993,0.0
B,2025-07-29,2025-07-29 10:00:00,0,0,102783.56769999993,0.0
B,2025-07-29,2025-07-29 10:30:00,0,0,102783.56769999993,0.0
B,2025-07-29,2025-07-29 11:00:00,0,0,102783.56769999993,0.0
B,2025-07-29,2025-07-29 11:30:00,-1,-161,102782.84319999993,0.9922945933840452
B,2025-07-29,2025-07-29 12:00:00,-1,-161,102680.09299999994,0.9942882482585994
B,2025-07-29,2025-07-29 12:30:00,-1,-161,102715.40029999994,0.9936027333965428
B,2025-07-29,2025-07-29 13:00:00,0,0,102635.23839999994,0.0
B,2025-07-29,2025-07-29 13:30:00,0,0,102635.23839999994,0.0
B,2025-07-29,2025-07-29 14:00:00,0,0,102635.23839999994,0.0
B,2025-07-29,2025-07-29 14:30:00,0,0,102635.23839999994,0.0
B,2025-07-29,2025-07-29 15:00:00,0,0,102635.23839999994,0.0
B,2025-07-29,2025-07-29 15:30:00,0,0,102635.23839999994,0.0
B,2025-07-29,2025-07-29 16:00:00,0,0,102635.23839999994,0.0
B,2025-07-30,2025-07-30 10:00:00,0,0,102635.23839999994,0.0
B,2025-07-30,2025-07-30 10:30:00,1,161,102634.51389999995,0.9954964136094578
B,2025-07-30,2025-07-30 11:00:00,0,0,102616.14379999995,0.0
B,2025-07-30,2025-07-30 11:30:00,0,0,102616.14379999995,0.0
B,2025-07-30,2025-07-30 12:00:00,0,0,102616.14379999995,0.0
B,2025-07-30,2025-07-30 12:30:00,0,0,102616.14379999995,0.0
B,2025-07-30,2025-07-30 13:00:00,0,0,102616.14379999995,0.0
B,2025-07-30,2025-07-30 13:30:00,0,0,102616.14379999995,0.0
B,2025-07-30,2025-07-30 14:00:00,0,0,102616.14379999995,0.0
B,2025-07-30,2025-07-30 14:30:00,0,0,102616.14379999995,0.0
B,2025-07-30,2025-07-30 15:00:00,-1,-161,102615.41929999995,0.9899863119304142
B,2025-07-30,2025-07-30 15:30:00,-1,-161,102708.52559999995,0.9881823695461562
B,2025-07-30,2025-07-30 16:00:00,0,0,102336.92149999995,0.0
B,2025-07-31,2025-07-31 10:00:00,0,0,102336.92149999995,0.0
B,2025-07-31,2025-07-31 10:30:00,0,0,102336.92149999995,0.0
B,2025-07-31,2025-07-31 11:00:00,0,0,102336.92149999995,0.0
B,2025-07-31,2025-07-31 11:30:00,0,0,102336.92149999995,0.0
B,2025-07-31,2025-07-31 12:00:00,0,0,102336.92149999995,0.0
B,2025-07-31,2025-07-31 12:30:00,0,0,102336.92149999995,0.0
B,2025-07-31,2025-07-31 13:00:00,0,0,102336.92149999995,0.0
B,2025-07-31,2025-07-31 13:30:00,0,0,102336.92149999995,0.0
B,2025-07-31,2025-07-31 14:00:00,0,0,102336.92149999995,0.0
B,2025-07-31,2025-07-31 14:30:00,0,0,102336.92149999995,0.0
B,2025-07-31,2025-07-31 15:00:00,0,0,102336.92149999995,0.0
B,2025-07-31,2025-07-31 15:30:00,0,0,102336.92149999995,0.0
B,2025-07-31,2025-07-31 16:00:00,0,0,102336.92149999995,0.0
B,2025-08-01,2025-08-01 10:00:00,0,0,102336.92149999995,0.0
B,2025-08-01,2025-08-01 10:30:00,0,0,102336.92149999995,0.0
B,2025-08-01,2025-08-01 11:00:00,0,0,102336.92149999995,0.0
B,2025-08-01,2025-08-01 11:30:00,0,0,102336.92149999995,0.0
B,2025-08-01,2025-08-01 12:00:00,0,0,102336.92149999995,0.0
B,2025-08-01,2025-08-01 12:30:00,0,0,102336.92149999995,0.0
B,2025-08-01,2025-08-01 13:00:00,0,0,102336.92149999995,0.0
B,2025-08-01,2025-08-01 13:30:00,0,0,102336.92149999995,0.0
B,2025-08-01,2025-08-01 14:00:00,0,0,102336.92149999995,0.0
B,2025-08-01,2025-08-01 14:30:00,0,0,102336.92149999995,0.0
B,2025-08-01,2025-08-01 15:00:00,0,0,102336.92149999995,0.0
B,2025-08-01,2025-08-01 15:30:00,0,0,102336.92149999995,0.0
B,2025-08-01,2025-08-01 16:00:00,0,0,102336.92149999995,0.0
B,2025-08-04,2025-08-04 10:00:00,0,0,102336.92149999995,0.0
B,2025-08-04,2025-08-04 10:30:00,0,0,102336.92149999995,0.0
B,2025-08-04,2025-08-04 11:00:00,0,0,102336.92149999995,0.0
B,2025-08-04,2025-08-04 11:30:00,0,0,102336.92149999995,0.0
B,2025-08-04,2025-08-04 12:00:00,0,0,102336.92149999995,0.0
B,2025-08-04,2025-08-04 12:30:00,0,0,102336.92149999995,0.0
B,2025-08-04,2025-08-04 13:00:00,0,0,102336.92149999995,0.0
B,2025-08-04,2025-08-04 13:30:00,0,0,102336.92149999995,0.0
B,2025-08-04,2025-08-04 14:00:00,0,0,102336.92149999995,0.0
B,2025-08-04,2025-08-04 14:30:00,0,0,102336.92149999995,0.0
B,2025-08-04,2025-08-04 15:00:00,0,0,102336.92149999995,0.0
B,2025-08-04,2025-08-04 15:30:00,0,0,102336.92149999995,0.0
B,2025-08-04,2025-08-04 16:00:00,0,0,102336.92149999995,0.0
B,2025-08-05,2025-08-05 10:00:00,0,0,102336.92149999995,0.0
B,2025-08-05,2025-08-05 10:30:00,-1,-162,102336.19249999995,0.9943068479902656
B,2025-08-05,2025-08-05 11:00:00,-1,-162,102654.44149999996,0.9881241037193703
B,2025-08-05,2025-08-05 11:30:00,-1,-162,102647.18389999995,0.98826467269503
B,2025-08-05,2025-08-05 12:00:00,-1,-162,102626.17249999996,0.9886717445298863
B,2025-08-05,2025-08-05 12:30:00,-1,-162,102470.37709999995,0.9916953101561296
B,2025-08-05,2025-08-05 13:00:00,-1,-162,102492.89509999995,0.9912577286540133
B,2025-08-05,2025-08-05 13:30:00,0,0,102358.40269999995,0.0
B,2025-08-05,2025-08-05 14:00:00,0,0,102358.40269999995,0.0
B,2025-08-05,2025-08-05 14:30:00,-1,-162,102357.67369999994,0.9920305584279809
B,2025-08-05,2025-08-05 15:00:00,-1,-162,102373.80889999995,0.9917165932467328
B,2025-08-05,2025-08-05 15:30:00,0,0,102285.85909999994,0.0
B,2025-08-05,2025-08-05 16:00:00,0,0,102285.85909999994,0.0
B,2025-08-06,2025-08-06 10:00:00,0,0,102285.85909999994,0.0
B,2025-08-06,2025-08-06 10:30:00,0,0,102285.85909999994,0.0
B,2025-08-06,2025-08-06 11:00:00,1,163,102285.12559999994,1.0027398372769858
B,2025-08-06,2025-08-06 11:30:00,1,163,102437.10679999995,1.0027357723070724
B,2025-08-06,2025-08-06 12:00:00,1,163,102561.45949999994,1.0027324552650312
B,2025-08-06,2025-08-06 12:30:00,1,163,102514.31989999993,1.0027337117416713
B,2025-08-06,2025-08-06 13:00:00,1,163,102489.93509999993,1.002734362156895
B,2025-08-06,2025-08-06 13:30:00,1,163,102499.25869999993,1.002734113432179
B,2025-08-06,2025-08-06 14:00:00,1,163,102489.12009999994,1.0027343839007168
B,2025-08-06,2025-08-06 14:30:00,1,163,102599.65039999993,1.0027314381570258
B,2025-08-06,2025-08-06 15:00:00,1,163,102546.83839999994,1.002732844857751
B,2025-08-06,2025-08-06 15:30:00,1,163,102616.73279999994,1.0027309834600393
B,2025-08-06,2025-08-06 16:00:00,0,0,102576.99339999993,0.0
B,2025-08-07,2025-08-07 10:00:00,0,0,102576.99339999993,0.0
B,2025-08-07,2025-08-07 10:30:00,0,0,102576.99339999993,0.0
B,2025-08-07,2025-08-07 11:00:00,0,0,102576.99339999993,0.0
B,2025-08-07,2025-08-07 11:30:00,0,0,102576.99339999993,0.0
B,2025-08-07,2025-08-07 12:00:00,0,0,102576.99339999993,0.0
B,2025-08-07,2025-08-07 12:30:00,0,0,102576.99339999993,0.0
B,2025-08-07,2025-08-07 13:00:00,-1,-161,102576.26889999994,0.9880321032031616
B,2025-08-07,2025-08-07 13:30:00,-1,-161,102767.32759999993,0.9843360760896158
B,2025-08-07,2025-08-07 14:00:00,-1,-161,102653.75819999992,0.9865314156613126
B,2025-08-07,2025-08-07 14:30:00,-1,-161,102812.27879999993,0.9834684920922119
B,2025-08-07,2025-08-07 15:00:00,-1,-161,102690.14419999992,0.9858275318304606
B,2025-08-07,2025-08-07 15:30:00,0,0,102715.22799999993,0.0
B,2025-08-07,2025-08-07 16:00:00,0,0,102715.22799999993,0.0
B,2025-08-08,2025-08-08 10:00:00,0,0,102715.22799999993,0.0
B,2025-08-08,2025-08-08 10:30:00,0,0,102715.22799999993,0.0
B,2025-08-08,2025-08-08 11:00:00,0,0,102715.22799999993,0.0
B,2025-08-08,2025-08-08 11:30:00,0,0,102715.22799999993,0.0
B,2025-08-08,2025-08-08 12:00:00,0,0,102715.22799999993,0.0
B,2025-08-08,2025-08-08 12:30:00,0,0,102715.22799999993,0.0
B,2025-08-08,2025-08-08 13:00:00,0,0,102715.22799999993,0.0
B,2025-08-08,2025-08-08 13:30:00,0,0,102715.22799999993,0.0
B,2025-08-08,2025-08-08 14:00:00,0,0,102715.22799999993,0.0
B,2025-08-08,2025-08-08 14:30:00,0,0,102715.22799999993,0.0
B,2025-08-08,2025-08-08 15:00:00,0,0,102715.22799999993,0.0
B,2025-08-08,2025-08-08 15:30:00,0,0,102715.22799999993,0.0
B,2025-08-08,2025-08-08 16:00:00,0,0,102715.22799999993,0.0
B,2025-08-11,2025-08-11 10:00:00,0,0,102715.22799999993,0.0
B,2025-08-11,2025-08-11 10:30:00,0,0,102715.22799999993,0.0
B,2025-08-11,2025-08-11 11:00:00,0,0,102715.22799999993,0.0
B,2025-08-11,2025-08-11 11:30:00,0,0,102715.22799999993,0.0
B,2025-08-11,2025-08-11 12:00:00,0,0,102715.22799999993,0.0
B,2025-08-11,2025-08-11 12:30:00,0,0,102715.22799999993,0.0
B,2025-08-11,2025-08-11 13:00:00,0,0,102715.22799999993,0.0
B,2025-08-11,2025-08-11 13:30:00,0,0,102715.22799999993,0.0
B,2025-08-11,2025-08-11 14:00:00,0,0,102715.22799999993,0.0
B,2025-08-11,2025-08-11 14:30:00,0,0,102715.22799999993,0.0
B,2025-08-11,2025-08-11 15:00:00,0,0,102715.22799999993,0.0
B,2025-08-11,2025-08-11 15:30:00,0,0,102715.22799999993,0.0
B,2025-08-11,2025-08-11 16:00:00,0,0,102715.22799999993,0.0
B,2025-08-12,2025-08-12 10:00:00,0,0,102715.22799999993,0.0
B,2025-08-12,2025-08-12 10:30:00,1,161,102714.50349999993,0.999347967446487
B,2025-08-12,2025-08-12 11:00:00,1,161,102802.69929999992,0.9993485268338677
B,2025-08-12,2025-08-12 11:30:00,1,161,102907.17219999993,0.9993491882191675
B,2025-08-12,2025-08-12 12:00:00,1,161,103013.14239999992,0.9993498577129133
B,2025-08-12,2025-08-12 12:30:00,1,161,103043.65189999994,0.9993500502091587
B,2025-08-12,2025-08-12 13:00:00,1,161,103095.83199999992,0.9993503791695486
B,2025-08-12,2025-08-12 13:30:00,1,161,103069.33139999992,0.9993502121427371
B,2025-08-12,2025-08-12 14:00:00,1,161,103156.85099999992,0.999350763431118
B,2025-08-12,2025-08-12 14:30:00,1,161,103182.99739999993,0.999350927946585
B,2025-08-12,2025-08-12 15:00:00,1,161,103144.79209999993,0.9993506875273451
B,2025-08-12,2025-08-12 15:30:00,1,161,103195.37829999992,0.9993510058192215
B,2025-08-12,2025-08-12 16:00:00,0,0,103253.24169999993,0.0
B,2025-08-13,2025-08-13 10:00:00,0,0,103253.24169999993,0.0
B,2025-08-13,2025-08-13 10:30:00,0,0,103253.24169999993,0.0
B,2025-08-13,2025-08-13 11:00:00,0,0,103253.24169999993,0.0
B,2025-08-13,2025-08-13 11:30:00,0,0,103253.24169999993,0.0
B,2025-08-13,2025-08-13 12:00:00,0,0,103253.24169999993,0.0
B,2025-08-13,2025-08-13 12:30:00,0,0,103253.24169999993,0.0
B,2025-08-13,2025-08-13 13:00:00,0,0,103253.24169999993,0.0
B,2025-08-13,2025-08-13 13:30:00,0,0,103253.24169999993,0.0
B,2025-08-13,2025-08-13 14:00:00,0,0,103253.24169999993,0.0
B,2025-08-13,2025-08-13 14:30:00,0,0,103253.24169999993,0.0
B,2025-08-13,2025-08-13 15:00:00,0,0,103253.24169999993,0.0
B,2025-08-13,2025-08-13 15:30:00,0,0,103253.24169999993,0.0
B,2025-08-13,2025-08-13 16:00:00,0,0,103253.24169999993,0.0
B,2025-08-14,2025-08-14 10:00:00,0,0,103253.24169999993,0.0
B,2025-08-14,2025-08-14 10:30:00,0,0,103253.24169999993,0.0
B,2025-08-14,2025-08-14 11:00:00,0,0,103253.24169999993,0.0
B,2025-08-14,2025-08-14 11:30:00,0,0,103253.24169999993,0.0
B,2025-08-14,2025-08-14 12:00:00,0,0,103253.24169999993,0.0
B,2025-08-14,2025-08-14 12:30:00,0,0,103253.24169999993,0.0
B,2025-08-14,2025-08-14 13:00:00,0,0,103253.24169999993,0.0
B,2025-08-14,2025-08-14 13:30:00,0,0,103253.24169999993,0.0
B,2025-08-14,2025-08-14 14:00:00,0,0,103253.24169999993,0.0
B,2025-08-14,2025-08-14 14:30:00,0,0,103253.24169999993,0.0
B,2025-08-14,2025-08-14 15:00:00,0,0,103253.24169999993,0.0
B,2025-08-14,2025-08-14 15:30:00,0,0,103253.24169999993,0.0
B,2025-08-14,2025-08-14 16:00:00,0,0,103253.24169999993,0.0
B,2025-08-15,2025-08-15 10:00:00,0,0,103253.24169999993,0.0
B,2025-08-15,2025-08-15 10:30:00,0,0,103253.24169999993,0.0
B,2025-08-15,2025-08-15 11:00:00,0,0,103253.24169999993,0.0
B,2025-08-15,2025-08-15 11:30:00,0,0,103253.24169999993,0.0
B,2025-08-15,2025-08-15 12:00:00,0,0,103253.24169999993,0.0
B,2025-08-15,2025-08-15 12:30:00,0,0,103253.24169999993,0.0
B,2025-08-15,2025-08-15 13:00:00,0,0,103253.24169999993,0.0
B,2025-08-15,2025-08-15 13:30:00,0,0,103253.24169999993,0.0
B,2025-08-15,2025-08-15 14:00:00,0,0,103253.24169999993,0.0
B,2025-08-15,2025-08-15 14:30:00,0,0,103253.24169999993,0.0
B,2025-08-15,2025-08-15 15:00:00,0,0,103253.24169999993,0.0
B,2025-08-15,2025-08-15 15:30:00,0,0,103253.24169999993,0.0
B,2025-08-15,2025-08-15 16:00:00,0,0,103253.24169999993,0.0
B,2025-08-18,2025-08-18 10:00:00,0,0,103253.24169999993,0.0
B,2025-08-18,2025-08-18 10:30:00,0,0,103253.24169999993,0.0
B,2025-08-18,2025-08-18 11:00:00,0,0,103253.24169999993,0.0
B,2025-08-18,2025-08-18 11:30:00,0,0,103253.24169999993,0.0
B,2025-08-18,2025-08-18 12:00:00,0,0,103253.24169999993,0.0
B,2025-08-18,2025-08-18 12:30:00,0,0,103253.24169999993,0.0
B,2025-08-18,2025-08-18 13:00:00,0,0,103253.24169999993,0.0
B,2025-08-18,2025-08-18 13:30:00,0,0,103253.24169999993,0.0
B,2025-08-18,2025-08-18 14:00:00,0,0,103253.24169999993,0.0
B,2025-08-18,2025-08-18 14:30:00,0,0,103253.24169999993,0.0
B,2025-08-18,2025-08-18 15:00:00,0,0,103253.24169999993,0.0
B,2025-08-18,2025-08-18 15:30:00,0,0,103253.24169999993,0.0
B,2025-08-18,2025-08-18 16:00:00,0,0,103253.24169999993,0.0
B,2025-08-19,2025-08-19 10:00:00,0,0,103253.24169999993,0.0
B,2025-08-19,2025-08-19 10:30:00,0,0,103253.24169999993,0.0
B,2025-08-19,2025-08-19 11:00:00,-1,-161,103252.51719999993,0.99713406309091
B,2025-08-19,2025-08-19 11:30:00,0,0,103201.22259999992,0.0
B,2025-08-19,2025-08-19 12:00:00,-1,-161,103200.49809999992,0.9968198244578054
B,2025-08-19,2025-08-19 12:30:00,-1,-161,103265.50989999992,0.9955627072345486
B,2025-08-19,2025-08-19 13:00:00,-1,-161,103364.25119999993,0.9936563957810597
B,2025-08-19,2025-08-19 13:30:00,-1,-161,103369.06509999993,0.9935635511518238
B,2025-08-19,2025-08-19 14:00:00,-1,-161,103343.3855999999,0.9940589260121946
B,2025-08-19,2025-08-19 14:30:00,-1,-161,103467.01749999993,0.9916762411751171
B,2025-08-19,2025-08-19 15:00:00,-1,-161,103473.42529999993,0.9915529026175967
B,2025-08-19,2025-08-19 15:30:00,-1,-161,103444.52579999993,0.9921092866569075
B,2025-08-19,2025-08-19 16:00:00,0,0,103347.47499999992,0.0
B,2025-08-20,2025-08-20 10:00:00,0,0,103347.47499999992,0.0
B,2025-08-20,2025-08-20 10:30:00,-1,-163,103346.74149999992,0.9970951033806914
B,2025-08-20,2025-08-20 11:00:00,-1,-163,103470.29549999992,0.9947103697988384
B,2025-08-20,2025-08-20 11:30:00,0,0,102955.90009999993,0.0
B,2025-08-20,2025-08-20 12:00:00,0,0,102955.90009999993,0.0
B,2025-08-20,2025-08-20 12:30:00,0,0,102955.90009999993,0.0
B,2025-08-20,2025-08-20 13:00:00,0,0,102955.90009999993,0.0
B,2025-08-20,2025-08-20 13:30:00,0,0,102955.90009999993,0.0
B,2025-08-20,2025-08-20 14:00:00,0,0,102955.90009999993,0.0
B,2025-08-20,2025-08-20 14:30:00,0,0,102955.90009999993,0.0
B,2025-08-20,2025-08-20 15:00:00,0,0,102955.90009999993,0.0
B,2025-08-20,2025-08-20 15:30:00,0,0,102955.90009999993,0.0
B,2025-08-20,2025-08-20 16:00:00,0,0,102955.90009999993,0.0
B,2025-08-21,2025-08-21 10:00:00,0,0,102955.90009999993,0.0
B,2025-08-21,2025-08-21 10:30:00,0,0,102955.90009999993,0.0
B,2025-08-21,2025-08-21 11:00:00,0,0,102955.90009999993,0.0
B,2025-08-21,2025-08-21 11:30:00,0,0,102955.90009999993,0.0
B,2025-08-21,2025-08-21 12:00:00,0,0,102955.90009999993,0.0
B,2025-08-21,2025-08-21 12:30:00,0,0,102955.90009999993,0.0
B,2025-08-21,2025-08-21 13:00:00,0,0,102955.90009999993,0.0
B,2025-08-21,2025-08-21 13:30:00,0,0,102955.90009999993,0.0
B,2025-08-21,2025-08-21 14:00:00,0,0,102955.90009999993,0.0
B,2025-08-21,2025-08-21 14:30:00,0,0,102955.90009999993,0.0
B,2025-08-21,2025-08-21 15:00:00,0,0,102955.90009999993,0.0
B,2025-08-21,2025-08-21 15:30:00,0,0,102955.90009999993,0.0
B,2025-08-21,2025-08-21 16:00:00,0,0,102955.90009999993,0.0
B,2025-08-22,2025-08-22 10:00:00,0,0,102955.90009999993,0.0
B,2025-08-22,2025-08-22 10:30:00,1,161,102955.17559999993,1.0046837927009475
B,2025-08-22,2025-08-22 11:00:00,1,161,103186.43599999994,1.00467329543197
B,2025-08-22,2025-08-22 11:30:00,1,161,103232.99719999993,1.0046711876345684
B,2025-08-22,2025-08-22 12:00:00,1,161,103146.13769999993,1.0046751212478997
B,2025-08-22,2025-08-22 12:30:00,1,161,103043.54849999993,1.0046797757552
B,2025-08-22,2025-08-22 13:00:00,1,161,103040.34459999992,1.0046799212664907
B,2025-08-22,2025-08-22 13:30:00,1,161,103261.89669999992,1.0046698803276974
B,2025-08-22,2025-08-22 14:00:00,1,161,103204.09769999994,1.0046724956735906
B,2025-08-22,2025-08-22 14:30:00,1,161,103144.68869999993,1.0046751869250643
B,2025-08-22,2025-08-22 15:00:00,1,161,103151.11259999992,1.0046748957703446
B,2025-08-22,2025-08-22 15:30:00,1,161,103088.49969999993,1.0046777351635088
B,2025-08-22,2025-08-22 16:00:00,0,0,103124.70859999993,0.0
B,2025-08-25,2025-08-25 10:00:00,0,0,103124.70859999993,0.0
B,2025-08-25,2025-08-25 10:30:00,0,0,103124.70859999993,0.0
B,2025-08-25,2025-08-25 11:00:00,0,0,103124.70859999993,0.0
B,2025-08-25,2025-08-25 11:30:00,0,0,103124.70859999993,0.0
B,2025-08-25,2025-08-25 12:00:00,0,0,103124.70859999993,0.0
B,2025-08-25,2025-08-25 12:30:00,0,0,103124.70859999993,0.0
B,2025-08-25,2025-08-25 13:00:00,0,0,103124.70859999993,0.0
B,2025-08-25,2025-08-25 13:30:00,0,0,103124.70859999993,0.0
B,2025-08-25,2025-08-25 14:00:00,0,0,103124.70859999993,0.0
B,2025-08-25,2025-08-25 14:30:00,0,0,103124.70859999993,0.0
B,2025-08-25,2025-08-25 15:00:00,0,0,103124.70859999993,0.0
B,2025-08-25,2025-08-25 15:30:00,0,0,103124.70859999993,0.0
B,2025-08-25,2025-08-25 16:00:00,0,0,103124.70859999993,0.0
B,2025-08-26,2025-08-26 10:00:00,0,0,103124.70859999993,0.0
B,2025-08-26,2025-08-26 10:30:00,0,0,103124.70859999993,0.0
B,2025-08-26,2025-08-26 11:00:00,0,0,103124.70859999993,0.0
B,2025-08-26,2025-08-26 11:30:00,0,0,103124.70859999993,0.0
B,2025-08-26,2025-08-26 12:00:00,0,0,103124.70859999993,0.0
B,2025-08-26,2025-08-26 12:30:00,0,0,103124.70859999993,0.0
B,2025-08-26,2025-08-26 13:00:00,0,0,103124.70859999993,0.0
B,2025-08-26,2025-08-26 13:30:00,0,0,103124.70859999993,0.0
B,2025-08-26,2025-08-26 14:00:00,0,0,103124.70859999993,0.0
B,2025-08-26,2025-08-26 14:30:00,0,0,103124.70859999993,0.0
B,2025-08-26,2025-08-26 15:00:00,0,0,103124.70859999993,0.0
B,2025-08-26,2025-08-26 15:30:00,0,0,103124.70859999993,0.0
B,2025-08-26,2025-08-26 16:00:00,0,0,103124.70859999993,0.0
B,2025-08-27,2025-08-27 10:00:00,0,0,103124.70859999993,0.0
B,2025-08-27,2025-08-27 10:30:00,0,0,103124.70859999993,0.0
B,2025-08-27,2025-08-27 11:00:00,0,0,103124.70859999993,0.0
B,2025-08-27,2025-08-27 11:30:00,0,0,103124.70859999993,0.0
B,2025-08-27,2025-08-27 12:00:00,0,0,103124.70859999993,0.0
B,2025-08-27,2025-08-27 12:30:00,0,0,103124.70859999993,0.0
B,2025-08-27,2025-08-27 13:00:00,0,0,103124.70859999993,0.0
B,2025-08-27,2025-08-27 13:30:00,0,0,103124.70859999993,0.0
B,2025-08-27,2025-08-27 14:00:00,0,0,103124.70859999993,0.0
B,2025-08-27,2025-08-27 14:30:00,0,0,103124.70859999993,0.0
B,2025-08-27,2025-08-27 15:00:00,0,0,103124.70859999993,0.0
B,2025-08-27,2025-08-27 15:30:00,0,0,103124.70859999993,0.0
B,2025-08-27,2025-08-27 16:00:00,0,0,103124.70859999993,0.0
B,2025-08-28,2025-08-28 10:00:00,0,0,103124.70859999993,0.0
B,2025-08-28,2025-08-28 10:30:00,0,0,103124.70859999993,0.0
B,2025-08-28,2025-08-28 11:00:00,0,0,103124.70859999993,0.0
B,2025-08-28,2025-08-28 11:30:00,0,0,103124.70859999993,0.0
B,2025-08-28,2025-08-28 12:00:00,0,0,103124.70859999993,0.0
B,2025-08-28,2025-08-28 12:30:00,0,0,103124.70859999993,0.0
B,2025-08-28,2025-08-28 13:00:00,0,0,103124.70859999993,0.0
B,2025-08-28,2025-08-28 13:30:00,0,0,103124.70859999993,0.0
B,2025-08-28,2025-08-28 14:00:00,0,0,103124.70859999993,0.0
B,2025-08-28,2025-08-28 14:30:00,1,160,103123.98859999992,1.003617658752971
B,2025-08-28,2025-08-28 15:00:00,1,160,103176.61259999993,1.0036158136092954
B,2025-08-28,2025-08-28 15:30:00,1,160,103169.44459999993,1.0036160648285595
B,2025-08-28,2025-08-28 16:00:00,0,0,103166.34059999994,0.0
B,2025-08-29,2025-08-29 10:00:00,0,0,103166.34059999994,0.0
B,2025-08-29,2025-08-29 10:30:00,0,0,103166.34059999994,0.0
B,2025-08-29,2025-08-29 11:00:00,-1,-160,103165.62059999994,0.9956108963687083
B,2025-08-29,2025-08-29 11:30:00,0,0,103052.54859999995,0.0
B,2025-08-29,2025-08-29 12:00:00,-1,-160,103051.82859999995,0.996749086313642
B,2025-08-29,2025-08-29 12:30:00,0,0,102979.31659999995,0.0
B,2025-08-29,2025-08-29 13:00:00,0,0,102979.31659999995,0.0
B,2025-08-29,2025-08-29 13:30:00,0,0,102979.31659999995,0.0
B,2025-08-29,2025-08-29 14:00:00,0,0,102979.31659999995,0.0
B,2025-08-29,2025-08-29 14:30:00,0,0,102979.31659999995,0.0
B,2025-08-29,2025-08-29 15:00:00,0,0,102979.31659999995,0.0
B,2025-08-29,2025-08-29 15:30:00,0,0,102979.31659999995,0.0
B,2025-08-29,2025-08-29 16:00:00,0,0,102979.31659999995,0.0
B,2025-09-02,2025-09-02 10:00:00,0,0,102979.31659999995,0.0
B,2025-09-02,2025-09-02 10:30:00,0,0,102979.31659999995,0.0
B,2025-09-02,2025-09-02 11:00:00,-1,-161,102978.59209999995,0.9941659223752394
B,2025-09-02,2025-09-02 11:30:00,-1,-161,103163.22689999995,0.9905968945606919
B,2025-09-02,2025-09-02 12:00:00,-1,-161,103373.55729999994,0.9865466997912827
B,2025-09-02,2025-09-02 12:30:00,-1,-161,103304.52049999994,0.9878742779702469
B,2025-09-02,2025-09-02 13:00:00,-1,-161,103097.41009999994,0.9918676802920006
B,2025-09-02,2025-09-02 13:30:00,0,0,102981.02319999995,0.0
B,2025-09-02,2025-09-02 14:00:00,0,0,102981.02319999995,0.0
B,2025-09-02,2025-09-02 14:30:00,0,0,102981.02319999995,0.0
B,2025-09-02,2025-09-02 15:00:00,0,0,102981.02319999995,0.0
B,2025-09-02,2025-09-02 15:30:00,0,0,102981.02319999995,0.0
B,2025-09-02,2025-09-02 16:00:00,0,0,102981.02319999995,0.0
B,2025-09-03,2025-09-03 10:00:00,0,0,102981.02319999995,0.0
B,2025-09-03,2025-09-03 10:30:00,0,0,102981.02319999995,0.0
B,2025-09-03,2025-09-03 11:00:00,1,160,102980.30319999995,0.9977976448606924
B,2025-09-03,2025-09-03 11:30:00,0,0,102733.87119999997,0.0
B,2025-09-03,2025-09-03 12:00:00,0,0,102733.87119999997,0.0
B,2025-09-03,2025-09-03 12:30:00,0,0,102733.87119999997,0.0
B,2025-09-03,2025-09-03 13:00:00,0,0,102733.87119999997,0.0
B,2025-09-03,2025-09-03 13:30:00,0,0,102733.87119999997,0.0
B,2025-09-03,2025-09-03 14:00:00,0,0,102733.87119999997,0.0
B,2025-09-03,2025-09-03 14:30:00,0,0,102733.87119999997,0.0
B,2025-09-03,2025-09-03 15:00:00,0,0,102733.87119999997,0.0
B,2025-09-03,2025-09-03 15:30:00,0,0,102733.87119999997,0.0
B,2025-09-03,2025-09-03 16:00:00,0,0,102733.87119999997,0.0
B,2025-09-04,2025-09-04 10:00:00,0,0,102733.87119999997,0.0
B,2025-09-04,2025-09-04 10:30:00,0,0,102733.87119999997,0.0
B,2025-09-04,2025-09-04 11:00:00,0,0,102733.87119999997,0.0
B,2025-09-04,2025-09-04 11:30:00,0,0,102733.87119999997,0.0
B,2025-09-04,2025-09-04 12:00:00,0,0,102733.87119999997,0.0
B,2025-09-04,2025-09-04 12:30:00,0,0,102733.87119999997,0.0
B,2025-09-04,2025-09-04 13:00:00,0,0,102733.87119999997,0.0
B,2025-09-04,2025-09-04 13:30:00,1,159,102733.15569999996,0.9984054427328376
B,2025-09-04,2025-09-04 14:00:00,1,159,102774.90909999996,0.998406090538688
B,2025-09-04,2025-09-04 14:30:00,1,159,102788.85339999996,0.9984063067678898
B,2025-09-04,2025-09-04 15:00:00,1,159,102852.27849999996,0.9984072895380731
B,2025-09-04,2025-09-04 15:30:00,1,159,102893.61849999995,0.9984079294480254
B,2025-09-04,2025-09-04 16:00:00,0,0,103087.82109999996,0.0
B,2025-09-05,2025-09-05 10:00:00,0,0,103087.82109999996,0.0
B,2025-09-05,2025-09-05 10:30:00,-1,-158,103087.11009999996,0.9881484203135115
B,2025-09-05,2025-09-05 11:00:00,-1,-158,103448.72469999995,0.98119866334128
B,2025-09-05,2025-09-05 11:30:00,-1,-158,103131.90309999997,0.9872849131977284
B,2025-09-05,2025-09-05 12:00:00,-1,-158,103213.16249999995,0.9857203300015156
B,2025-09-05,2025-09-05 12:30:00,-1,-158,103206.06829999996,0.9858568248549396
B,2025-09-05,2025-09-05 13:00:00,-1,-158,103097.36429999996,0.9879506764461489
B,2025-09-05,2025-09-05 13:30:00,-1,-158,103219.46669999995,0.985599050765102
B,2025-09-05,2025-09-05 14:00:00,-1,-158,103302.00589999996,0.9840125398765373
B,2025-09-05,2025-09-05 14:30:00,-1,-158,103212.76749999996,0.9857279294443881
B,2025-09-05,2025-09-05 15:00:00,-1,-158,103124.12949999995,0.9874347167216577
B,2025-09-05,2025-09-05 15:30:00,0,0,102981.92949999995,0.0
B,2025-09-05,2025-09-05 16:00:00,0,0,102981.92949999995,0.0
B,2025-09-08,2025-09-08 10:00:00,0,0,102981.92949999995,0.0
B,2025-09-08,2025-09-08 10:30:00,0,0,102981.92949999995,0.0
B,2025-09-08,2025-09-08 11:00:00,0,0,102981.92949999995,0.0
B,2025-09-08,2025-09-08 11:30:00,0,0,102981.92949999995,0.0
B,2025-09-08,2025-09-08 12:00:00,0,0,102981.92949999995,0.0
B,2025-09-08,2025-09-08 12:30:00,0,0,102981.92949999995,0.0
B,2025-09-08,2025-09-08 13:00:00,0,0,102981.92949999995,0.0
B,2025-09-08,2025-09-08 13:30:00,0,0,102981.92949999995,0.0
B,2025-09-08,2025-09-08 14:00:00,0,0,102981.92949999995,0.0
B,2025-09-08,2025-09-08 14:30:00,0,0,102981.92949999995,0.0
B,2025-09-08,2025-09-08 15:00:00,0,0,102981.92949999995,0.0
B,2025-09-08,2025-09-08 15:30:00,0,0,102981.92949999995,0.0
B,2025-09-08,2025-09-08 16:00:00,0,0,102981.92949999995,0.0
B,2025-09-09,2025-09-09 10:00:00,0,0,102981.92949999995,0.0
B,2025-09-09,2025-09-09 10:30:00,0,0,102981.92949999995,0.0
B,2025-09-09,2025-09-09 11:00:00,0,0,102981.92949999995,0.0
B,2025-09-09,2025-09-09 11:30:00,0,0,102981.92949999995,0.0
B,2025-09-09,2025-09-09 12:00:00,0,0,102981.92949999995,0.0
B,2025-09-09,2025-09-09 12:30:00,0,0,102981.92949999995,0.0
B,2025-09-09,2025-09-09 13:00:00,0,0,102981.92949999995,0.0
B,2025-09-09,2025-09-09 13:30:00,0,0,102981.92949999995,0.0
B,2025-09-09,2025-09-09 14:00:00,0,0,102981.92949999995,0.0
B,2025-09-09,2025-09-09 14:30:00,0,0,102981.92949999995,0.0
B,2025-09-09,2025-09-09 15:00:00,0,0,102981.92949999995,0.0
B,2025-09-09,2025-09-09 15:30:00,0,0,102981.92949999995,0.0
B,2025-09-09,2025-09-09 16:00:00,0,0,102981.92949999995,0.0
B,2025-09-10,2025-09-10 10:00:00,0,0,102981.92949999995,0.0
B,2025-09-10,2025-09-10 10:30:00,0,0,102981.92949999995,0.0
B,2025-09-10,2025-09-10 11:00:00,0,0,102981.92949999995,0.0
B,2025-09-10,2025-09-10 11:30:00,0,0,102981.92949999995,0.0
B,2025-09-10,2025-09-10 12:00:00,0,0,102981.92949999995,0.0
B,2025-09-10,2025-09-10 12:30:00,0,0,102981.92949999995,0.0
B,2025-09-10,2025-09-10 13:00:00,0,0,102981.92949999995,0.0
B,2025-09-10,2025-09-10 13:30:00,0,0,102981.92949999995,0.0
B,2025-09-10,2025-09-10 14:00:00,0,0,102981.92949999995,0.0
B,2025-09-10,2025-09-10 14:30:00,0,0,102981.92949999995,0.0
B,2025-09-10,2025-09-10 15:00:00,0,0,102981.92949999995,0.0
B,2025-09-10,2025-09-10 15:30:00,0,0,102981.92949999995,0.0
B,2025-09-10,2025-09-10 16:00:00,0,0,102981.92949999995,0.0
B,2025-09-11,2025-09-11 10:00:00,0,0,102981.92949999995,0.0
B,2025-09-11,2025-09-11 10:30:00,0,0,102981.92949999995,0.0
B,2025-09-11,2025-09-11 11:00:00,0,0,102981.92949999995,0.0
B,2025-09-11,2025-09-11 11:30:00,1,157,102981.22299999995,0.9995440731947808
B,2025-09-11,2025-09-11 12:00:00,0,0,102942.93069999997,0.0
B,2025-09-11,2025-09-11 12:30:00,1,157,102942.22419999997,0.9998161356999322
B,2025-09-11,2025-09-11 13:00:00,1,157,102901.52979999996,0.9998160629872388
B,2025-09-11,2025-09-11 13:30:00,0,0,102900.03829999996,0.0
B,2025-09-11,2025-09-11 14:00:00,1,157,102899.33179999996,1.0005372872596248
B,2025-09-11,2025-09-11 14:30:00,0,0,102859.48519999997,0.0
B,2025-09-11,2025-09-11 15:00:00,0,0,102859.48519999997,0.0
B,2025-09-11,2025-09-11 15:30:00,1,157,102858.77869999997,1.0011752142260273
B,2025-09-11,2025-09-11 16:00:00,0,0,102840.84929999997,0.0
B,2025-09-12,2025-09-12 10:00:00,0,0,102840.84929999997,0.0
B,2025-09-12,2025-09-12 10:30:00,0,0,102840.84929999997,0.0
B,2025-09-12,2025-09-12 11:00:00,0,0,102840.84929999997,0.0
B,2025-09-12,2025-09-12 11:30:00,0,0,102840.84929999997,0.0
B,2025-09-12,2025-09-12 12:00:00,0,0,102840.84929999997,0.0
B,2025-09-12,2025-09-12 12:30:00,0,0,102840.84929999997,0.0
B,2025-09-12,2025-09-12 13:00:00,0,0,102840.84929999997,0.0
B,2025-09-12,2025-09-12 13:30:00,0,0,102840.84929999997,0.0
B,2025-09-12,2025-09-12 14:00:00,0,0,102840.84929999997,0.0
B,2025-09-12,2025-09-12 14:30:00,0,0,102840.84929999997,0.0
B,2025-09-12,2025-09-12 15:00:00,0,0,102840.84929999997,0.0
B,2025-09-12,2025-09-12 15:30:00,0,0,102840.84929999997,0.0
B,2025-09-12,2025-09-12 16:00:00,0,0,102840.84929999997,0.0
B,2025-09-15,2025-09-15 10:00:00,0,0,102840.84929999997,0.0
B,2025-09-15,2025-09-15 10:30:00,0,0,102840.84929999997,0.0
B,2025-09-15,2025-09-15 11:00:00,0,0,102840.84929999997,0.0
B,2025-09-15,2025-09-15 11:30:00,0,0,102840.84929999997,0.0
B,2025-09-15,2025-09-15 12:00:00,0,0,102840.84929999997,0.0
B,2025-09-15,2025-09-15 12:30:00,0,0,102840.84929999997,0.0
B,2025-09-15,2025-09-15 13:00:00,0,0,102840.84929999997,0.0
B,2025-09-15,2025-09-15 13:30:00,0,0,102840.84929999997,0.0
B,2025-09-15,2025-09-15 14:00:00,0,0,102840.84929999997,0.0
B,2025-09-15,2025-09-15 14:30:00,0,0,102840.84929999997,0.0
B,2025-09-15,2025-09-15 15:00:00,0,0,102840.84929999997,0.0
B,2025-09-15,2025-09-15 15:30:00,0,0,102840.84929999997,0.0
B,2025-09-15,2025-09-15 16:00:00,0,0,102840.84929999997,0.0
B,2025-09-16,2025-09-16 10:00:00,0,0,102840.84929999997,0.0
B,2025-09-16,2025-09-16 10:30:00,0,0,102840.84929999997,0.0
B,2025-09-16,2025-09-16 11:00:00,0,0,102840.84929999997,0.0
B,2025-09-16,2025-09-16 11:30:00,0,0,102840.84929999997,0.0
B,2025-09-16,2025-09-16 12:00:00,0,0,102840.84929999997,0.0
B,2025-09-16,2025-09-16 12:30:00,0,0,102840.84929999997,0.0
B,2025-09-16,2025-09-16 13:00:00,0,0,102840.84929999997,0.0
B,2025-09-16,2025-09-16 13:30:00,0,0,102840.84929999997,0.0
B,2025-09-16,2025-09-16 14:00:00,0,0,102840.84929999997,0.0
B,2025-09-16,2025-09-16 14:30:00,0,0,102840.84929999997,0.0
B,2025-09-16,2025-09-16 15:00:00,0,0,102840.84929999997,0.0
B,2025-09-16,2025-09-16 15:30:00,0,0,102840.84929999997,0.0
B,2025-09-16,2025-09-16 16:00:00,0,0,102840.84929999997,0.0
B,2025-09-17,2025-09-17 10:00:00,0,0,102840.84929999997,0.0
B,2025-09-17,2025-09-17 10:30:00,-1,-156,102840.14729999997,0.9971418039771713
B,2025-09-17,2025-09-17 11:00:00,0,0,102809.89889999997,0.0
B,2025-09-17,2025-09-17 11:30:00,0,0,102809.89889999997,0.0
B,2025-09-17,2025-09-17 12:00:00,0,0,102809.89889999997,0.0
B,2025-09-17,2025-09-17 12:30:00,0,0,102809.89889999997,0.0
B,2025-09-17,2025-09-17 13:00:00,-1,-156,102809.19689999997,0.9961406906000259
B,2025-09-17,2025-09-17 13:30:00,0,0,102752.19449999997,0.0
B,2025-09-17,2025-09-17 14:00:00,0,0,102752.19449999997,0.0
B,2025-09-17,2025-09-17 14:30:00,0,0,102752.19449999997,0.0
B,2025-09-17,2025-09-17 15:00:00,-1,-156,102751.49249999996,0.995791608574445
B,2025-09-17,2025-09-17 15:30:00,0,0,102383.64449999995,0.0
B,2025-09-17,2025-09-17 16:00:00,0,0,102383.64449999995,0.0
B,2025-09-18,2025-09-18 10:00:00,0,0,102383.64449999995,0.0
B,2025-09-18,2025-09-18 10:30:00,1,155,102382.94699999996,1.0032059733541372
B,2025-09-18,2025-09-18 11:00:00,0,0,102114.84349999996,0.0
B,2025-09-18,2025-09-18 11:30:00,1,155,102114.14599999996,1.004181624355944
B,2025-09-18,2025-09-18 12:00:00,0,0,101985.15499999997,0.0
B,2025-09-18,2025-09-18 12:30:00,1,155,101984.45749999997,1.005594921167277
B,2025-09-18,2025-09-18 13:00:00,1,155,102061.75599999998,1.0055906837424982
B,2025-09-18,2025-09-18 13:30:00,0,0,101959.03749999998,0.0
B,2025-09-18,2025-09-18 14:00:00,0,0,101959.03749999998,0.0
B,2025-09-18,2025-09-18 14:30:00,0,0,101959.03749999998,0.0
B,2025-09-18,2025-09-18 15:00:00,0,0,101959.03749999998,0.0
B,2025-09-18,2025-09-18 15:30:00,0,0,101959.03749999998,0.0
B,2025-09-18,2025-09-18 16:00:00,0,0,101959.03749999998,0.0
B,2025-09-19,2025-09-19 10:00:00,0,0,101959.03749999998,0.0
B,2025-09-19,2025-09-19 10:30:00,0,0,101959.03749999998,0.0
B,2025-09-19,2025-09-19 11:00:00,0,0,101959.03749999998,0.0
B,2025-09-19,2025-09-19 11:30:00,0,0,101959.03749999998,0.0
B,2025-09-19,2025-09-19 12:00:00,0,0,101959.03749999998,0.0
B,2025-09-19,2025-09-19 12:30:00,0,0,101959.03749999998,0.0
B,2025-09-19,2025-09-19 13:00:00,0,0,101959.03749999998,0.0
B,2025-09-19,2025-09-19 13:30:00,0,0,101959.03749999998,0.0
B,2025-09-19,2025-09-19 14:00:00,0,0,101959.03749999998,0.0
B,2025-09-19,2025-09-19 14:30:00,0,0,101959.03749999998,0.0
B,2025-09-19,2025-09-19 15:00:00,0,0,101959.03749999998,0.0
B,2025-09-19,2025-09-19 15:30:00,1,153,101958.34899999997,0.9961817839949529
B,2025-09-19,2025-09-19 16:00:00,0,0,101934.71049999997,0.0
B,2025-09-22,2025-09-22 10:00:00,0,0,101934.71049999997,0.0
B,2025-09-22,2025-09-22 10:30:00,0,0,101934.71049999997,0.0
B,2025-09-22,2025-09-22 11:00:00,1,153,101934.02199999997,0.9980856048238735
B,2025-09-22,2025-09-22 11:30:00,0,0,101928.74349999995,0.0
B,2025-09-22,2025-09-22 12:00:00,0,0,101928.74349999995,0.0
B,2025-09-22,2025-09-22 12:30:00,1,153,101928.05499999995,0.9994874816359446
B,2025-09-22,2025-09-22 13:00:00,1,153,102012.20499999994,0.9994879044130068
B,2025-09-22,2025-09-22 13:30:00,1,153,102025.20999999995,0.9994879696890607
B,2025-09-22,2025-09-22 14:00:00,1,153,102005.31999999995,0.9994878698483575
B,2025-09-22,2025-09-22 14:30:00,1,153,102034.38999999994,0.9994880157562568
B,2025-09-22,2025-09-22 15:00:00,1,153,102069.57999999994,0.9994881922704105
B,2025-09-22,2025-09-22 15:30:00,1,153,102123.89499999995,0.9994884644773885
B,2025-09-22,2025-09-22 16:00:00,0,0,102078.07149999995,0.0
B,2025-09-23,2025-09-23 10:00:00,0,0,102078.07149999995,0.0
B,2025-09-23,2025-09-23 10:30:00,0,0,102078.07149999995,0.0
B,2025-09-23,2025-09-23 11:00:00,0,0,102078.07149999995,0.0
B,2025-09-23,2025-09-23 11:30:00,0,0,102078.07149999995,0.0
B,2025-09-23,2025-09-23 12:00:00,-1,-153,102077.38299999994,0.9975992145096437
B,2025-09-23,2025-09-23 12:30:00,-1,-153,102129.51009999994,0.9965796359969034
B,2025-09-23,2025-09-23 13:00:00,-1,-153,102143.28009999995,0.9963104758371673
B,2025-09-23,2025-09-23 13:30:00,-1,-153,102377.37009999994,0.9917458311424241
B,2025-09-23,2025-09-23 14:00:00,-1,-153,102438.57009999994,0.990555899998843
B,2025-09-23,2025-09-23 14:30:00,-1,-153,102521.19009999995,0.9889517464741179
B,2025-09-23,2025-09-23 15:00:00,-1,-153,102605.34009999994,0.9873205420036423
B,2025-09-23,2025-09-23 15:30:00,-1,-153,102564.03009999995,0.9881209806321763
B,2025-09-23,2025-09-23 16:00:00,0,0,102437.88159999994,0.0
B,2025-09-24,2025-09-24 10:00:00,0,0,102437.88159999994,0.0
B,2025-09-24,2025-09-24 10:30:00,0,0,102437.88159999994,0.0
B,2025-09-24,2025-09-24 11:00:00,0,0,102437.88159999994,0.0
B,2025-09-24,2025-09-24 11:30:00,0,0,102437.88159999994,0.0
B,2025-09-24,2025-09-24 12:00:00,-1,-154,102437.18859999994,0.9927890582502775
B,2025-09-24,2025-09-24 12:30:00,-1,-154,102354.02859999995,0.9944081478000568
B,2025-09-24,2025-09-24 13:00:00,-1,-154,102417.16859999993,0.9931785987686449
B,2025-09-24,2025-09-24 13:30:00,-1,-154,102283.18859999994,0.9957894488244383
B,2025-09-24,2025-09-24 14:00:00,-1,-154,102412.54859999994,0.9932685143625071
B,2025-09-24,2025-09-24 14:30:00,-1,-154,102435.64859999994,0.9928190174997346
B,2025-09-24,2025-09-24 15:00:00,0,0,102323.69059999994,0.0
B,2025-09-24,2025-09-24 15:30:00,-1,-154,102322.99759999994,0.9945328751783955
B,2025-09-24,2025-09-24 16:00:00,0,0,102276.48959999994,0.0
B,2025-09-25,2025-09-25 10:00:00,0,0,102276.48959999994,0.0
B,2025-09-25,2025-09-25 10:30:00,0,0,102276.48959999994,0.0
B,2025-09-25,2025-09-25 11:00:00,0,0,102276.48959999994,0.0
B,2025-09-25,2025-09-25 11:30:00,0,0,102276.48959999994,0.0
B,2025-09-25,2025-09-25 12:00:00,0,0,102276.48959999994,0.0
B,2025-09-25,2025-09-25 12:30:00,0,0,102276.48959999994,0.0
B,2025-09-25,2025-09-25 13:00:00,0,0,102276.48959999994,0.0
B,2025-09-25,2025-09-25 13:30:00,0,0,102276.48959999994,0.0
B,2025-09-25,2025-09-25 14:00:00,0,0,102276.48959999994,0.0
B,2025-09-25,2025-09-25 14:30:00,0,0,102276.48959999994,0.0
B,2025-09-25,2025-09-25 15:00:00,0,0,102276.48959999994,0.0
B,2025-09-25,2025-09-25 15:30:00,0,0,102276.48959999994,0.0
B,2025-09-25,2025-09-25 16:00:00,0,0,102276.48959999994,0.0
B,2025-09-26,2025-09-26 10:00:00,0,0,102276.48959999994,0.0
B,2025-09-26,2025-09-26 10:30:00,0,0,102276.48959999994,0.0
B,2025-09-26,2025-09-26 11:00:00,0,0,102276.48959999994,0.0
B,2025-09-26,2025-09-26 11:30:00,0,0,102276.48959999994,0.0
B,2025-09-26,2025-09-26 12:00:00,0,0,102276.48959999994,0.0
B,2025-09-26,2025-09-26 12:30:00,0,0,102276.48959999994,0.0
B,2025-09-26,2025-09-26 13:00:00,0,0,102276.48959999994,0.0
B,2025-09-26,2025-09-26 13:30:00,0,0,102276.48959999994,0.0
B,2025-09-26,2025-09-26 14:00:00,0,0,102276.48959999994,0.0
B,2025-09-26,2025-09-26 14:30:00,0,0,102276.48959999994,0.0
B,2025-09-26,2025-09-26 15:00:00,0,0,102276.48959999994,0.0
B,2025-09-26,2025-09-26 15:30:00,0,0,102276.48959999994,0.0
B,2025-09-26,2025-09-26 16:00:00,0,0,102276.48959999994,0.0
B,2025-09-29,2025-09-29 10:00:00,0,0,102276.48959999994,0.0
B,2025-09-29,2025-09-29 10:30:00,0,0,102276.48959999994,0.0
B,2025-09-29,2025-09-29 11:00:00,0,0,102276.48959999994,0.0
B,2025-09-29,2025-09-29 11:30:00,0,0,102276.48959999994,0.0
B,2025-09-29,2025-09-29 12:00:00,0,0,102276.48959999994,0.0
B,2025-09-29,2025-09-29 12:30:00,0,0,102276.48959999994,0.0
B,2025-09-29,2025-09-29 13:00:00,0,0,102276.48959999994,0.0
B,2025-09-29,2025-09-29 13:30:00,0,0,102276.48959999994,0.0
B,2025-09-29,2025-09-29 14:00:00,0,0,102276.48959999994,0.0
B,2025-09-29,2025-09-29 14:30:00,0,0,102276.48959999994,0.0
B,2025-09-29,2025-09-29 15:00:00,0,0,102276.48959999994,0.0
B,2025-09-29,2025-09-29 15:30:00,0,0,102276.48959999994,0.0
B,2025-09-29,2025-09-29 16:00:00,0,0,102276.48959999994,0.0
B,2025-09-30,2025-09-30 10:00:00,0,0,102276.48959999994,0.0
B,2025-09-30,2025-09-30 10:30:00,0,0,102276.48959999994,0.0
B,2025-09-30,2025-09-30 11:00:00,0,0,102276.48959999994,0.0
B,2025-09-30,2025-09-30 11:30:00,0,0,102276.48959999994,0.0
B,2025-09-30,2025-09-30 12:00:00,0,0,102276.48959999994,0.0
B,2025-09-30,2025-09-30 12:30:00,0,0,102276.48959999994,0.0
B,2025-09-30,2025-09-30 13:00:00,0,0,102276.48959999994,0.0
B,2025-09-30,2025-09-30 13:30:00,0,0,102276.48959999994,0.0
B,2025-09-30,2025-09-30 14:00:00,0,0,102276.48959999994,0.0
B,2025-09-30,2025-09-30 14:30:00,0,0,102276.48959999994,0.0
B,2025-09-30,2025-09-30 15:00:00,0,0,102276.48959999994,0.0
B,2025-09-30,2025-09-30 15:30:00,1,154,102275.79659999994,1.0019219933408963
B,2025-09-30,2025-09-30 16:00:00,0,0,102394.45359999994,0.0
B,2025-10-01,2025-10-01 10:00:00,0,0,102394.45359999994,0.0
B,2025-10-01,2025-10-01 10:30:00,0,0,102394.45359999994,0.0
B,2025-10-01,2025-10-01 11:00:00,0,0,102394.45359999994,0.0
B,2025-10-01,2025-10-01 11:30:00,0,0,102394.45359999994,0.0
B,2025-10-01,2025-10-01 12:00:00,0,0,102394.45359999994,0.0
B,2025-10-01,2025-10-01 12:30:00,0,0,102394.45359999994,0.0
B,2025-10-01,2025-10-01 13:00:00,0,0,102394.45359999994,0.0
B,2025-10-01,2025-10-01 13:30:00,1,154,102393.76059999994,1.0046686360301533
B,2025-10-01,2025-10-01 14:00:00,1,154,102386.56879999994,1.0046689639627815
B,2025-10-01,2025-10-01 14:30:00,1,154,102511.00079999994,1.0046632965854339
B,2025-10-01,2025-10-01 15:00:00,1,154,102563.36079999994,1.0046609159086768
B,2025-10-01,2025-10-01 15:30:00,1,154,102563.36079999994,1.0046609159086768
B,2025-10-01,2025-10-01 16:00:00,0,0,102462.56779999995,0.0
B,2025-10-02,2025-10-02 10:00:00,0,0,102462.56779999995,0.0
B,2025-10-02,2025-10-02 10:30:00,0,0,102462.56779999995,0.0
B,2025-10-02,2025-10-02 11:00:00,0,0,102462.56779999995,0.0
B,2025-10-02,2025-10-02 11:30:00,0,0,102462.56779999995,0.0
B,2025-10-02,2025-10-02 12:00:00,0,0,102462.56779999995,0.0
B,2025-10-02,2025-10-02 12:30:00,0,0,102462.56779999995,0.0
B,2025-10-02,2025-10-02 13:00:00,0,0,102462.56779999995,0.0
B,2025-10-02,2025-10-02 13:30:00,0,0,102462.56779999995,0.0
B,2025-10-02,2025-10-02 14:00:00,0,0,102462.56779999995,0.0
B,2025-10-02,2025-10-02 14:30:00,0,0,102462.56779999995,0.0
B,2025-10-02,2025-10-02 15:00:00,0,0,102462.56779999995,0.0
B,2025-10-02,2025-10-02 15:30:00,0,0,102462.56779999995,0.0
B,2025-10-02,2025-10-02 16:00:00,0,0,102462.56779999995,0.0
B,2025-10-03,2025-10-03 10:00:00,0,0,102462.56779999995,0.0
B,2025-10-03,2025-10-03 10:30:00,0,0,102462.56779999995,0.0
B,2025-10-03,2025-10-03 11:00:00,1,152,102461.88379999995,0.997045888785426
B,2025-10-03,2025-10-03 11:30:00,0,0,102409.51979999995,0.0
B,2025-10-03,2025-10-03 12:00:00,1,152,102408.83579999996,0.9981709019682073
B,2025-10-03,2025-10-03 12:30:00,1,152,102396.67579999995,0.9981706847557646
B,2025-10-03,2025-10-03 13:00:00,1,152,102361.71579999996,0.9981700599825237
B,2025-10-03,2025-10-03 13:30:00,0,0,102066.91179999996,0.0
B,2025-10-03,2025-10-03 14:00:00,0,0,102066.91179999996,0.0
B,2025-10-03,2025-10-03 14:30:00,0,0,102066.91179999996,0.0
B,2025-10-03,2025-10-03 15:00:00,0,0,102066.91179999996,0.0
B,2025-10-03,2025-10-03 15:30:00,0,0,102066.91179999996,0.0
B,2025-10-03,2025-10-03 16:00:00,0,0,102066.91179999996,0.0
B,2025-10-06,2025-10-06 10:00:00,0,0,102066.91179999996,0.0
B,2025-10-06,2025-10-06 10:30:00,0,0,102066.91179999996,0.0
B,2025-10-06,2025-10-06 11:00:00,0,0,102066.91179999996,0.0
B,2025-10-06,2025-10-06 11:30:00,0,0,102066.91179999996,0.0
B,2025-10-06,2025-10-06 12:00:00,1,152,102066.22779999996,1.0005088088500909
B,2025-10-06,2025-10-06 12:30:00,1,152,102061.66779999995,1.0005088315830954
B,2025-10-06,2025-10-06 13:00:00,1,152,102047.98779999996,1.000508899794299
B,2025-10-06,2025-10-06 13:30:00,1,152,102104.22779999996,1.0005086194873514
B,2025-10-06,2025-10-06 14:00:00,1,152,102134.62779999996,1.0005084680986132
B,2025-10-06,2025-10-06 14:30:00,1,152,102128.54779999996,1.0005084983691508
B,2025-10-06,2025-10-06 15:00:00,1,152,102108.78779999996,1.000508596773294
B,2025-10-06,2025-10-06 15:30:00,0,0,102050.34379999996,0.0
B,2025-10-06,2025-10-06 16:00:00,0,0,102050.34379999996,0.0
B,2025-10-07,2025-10-07 10:00:00,0,0,102050.34379999996,0.0
B,2025-10-07,2025-10-07 10:30:00,0,0,102050.34379999996,0.0
B,2025-10-07,2025-10-07 11:00:00,0,0,102050.34379999996,0.0
B,2025-10-07,2025-10-07 11:30:00,-1,-151,102049.66429999996,0.9902406900911288
B,2025-10-07,2025-10-07 12:00:00,-1,-151,102200.66429999996,0.9873001383220954
B,2025-10-07,2025-10-07 12:30:00,-1,-151,102176.50429999997,0.9877700425497922
B,2025-10-07,2025-10-07 13:00:00,-1,-151,102181.03429999996,0.987681918580854
B,2025-10-07,2025-10-07 13:30:00,-1,-151,102096.47429999997,0.9893281887795808
B,2025-10-07,2025-10-07 14:00:00,-1,-151,102185.56429999995,0.9875938024251831
B,2025-10-07,2025-10-07 14:30:00,-1,-151,102138.75429999997,0.9885047129461616
B,2025-10-07,2025-10-07 15:00:00,-1,-151,102084.39429999996,0.9895635928752339
B,2025-10-07,2025-10-07 15:30:00,-1,-151,102149.32429999995,0.9882989505002536
B,2025-10-07,2025-10-07 16:00:00,0,0,102065.59479999996,0.0
B,2025-10-08,2025-10-08 10:00:00,0,0,102065.59479999996,0.0
B,2025-10-08,2025-10-08 10:30:00,1,152,102064.91079999997,1.000640858836669
B,2025-10-08,2025-10-08 11:00:00,1,152,102040.59079999998,1.0006410115767383
B,2025-10-08,2025-10-08 11:30:00,1,152,102159.15079999997,1.0006402676557882
B,2025-10-08,2025-10-08 12:00:00,1,152,102200.19079999997,1.0006400105468298
B,2025-10-08,2025-10-08 12:30:00,1,152,102176.63079999997,1.0006401581211661
B,2025-10-08,2025-10-08 13:00:00,1,152,102188.03079999998,1.0006400867057321
B,2025-10-08,2025-10-08 13:30:00,1,152,102217.67079999996,1.0006399011001532
B,2025-10-08,2025-10-08 14:00:00,1,152,102177.39079999996,1.0006401533596416
B,2025-10-08,2025-10-08 14:30:00,1,152,102207.79079999997,1.0006399629567184
B,2025-10-08,2025-10-08 15:00:00,0,0,102114.49319999997,0.0
B,2025-10-08,2025-10-08 15:30:00,1,152,102113.80919999997,1.0015981266518068
B,2025-10-08,2025-10-08 16:00:00,0,0,102148.84519999998,0.0
B,2025-10-09,2025-10-09 10:00:00,0,0,102148.84519999998,0.0
B,2025-10-09,2025-10-09 10:30:00,0,0,102148.84519999998,0.0
B,2025-10-09,2025-10-09 11:00:00,0,0,102148.84519999998,0.0
B,2025-10-09,2025-10-09 11:30:00,0,0,102148.84519999998,0.0
B,2025-10-09,2025-10-09 12:00:00,0,0,102148.84519999998,0.0
B,2025-10-09,2025-10-09 12:30:00,0,0,102148.84519999998,0.0
B,2025-10-09,2025-10-09 13:00:00,-1,-152,102148.16119999999,0.9966260655507523
B,2025-10-09,2025-10-09 13:30:00,-1,-152,102192.24119999999,0.9957648330742355
B,2025-10-09,2025-10-09 14:00:00,0,0,102083.6372,0.0
B,2025-10-09,2025-10-09 14:30:00,0,0,102083.6372,0.0
B,2025-10-09,2025-10-09 15:00:00,0,0,102083.6372,0.0
B,2025-10-09,2025-10-09 15:30:00,0,0,102083.6372,0.0
B,2025-10-09,2025-10-09 16:00:00,0,0,102083.6372,0.0
B,2025-10-10,2025-10-10 10:00:00,0,0,102083.6372,0.0
B,2025-10-10,2025-10-10 10:30:00,0,0,102083.6372,0.0
B,2025-10-10,2025-10-10 11:00:00,-1,-151,102082.9577,0.989170741866152
B,2025-10-10,2025-10-10 11:30:00,-1,-151,103035.0127,0.970790582529816
B,2025-10-10,2025-10-10 12:00:00,-1,-151,103170.9127,0.9681945946379129
B,2025-10-10,2025-10-10 12:30:00,-1,-151,103173.9327,0.9681369836937503
B,2025-10-10,2025-10-10 13:00:00,-1,-151,103545.39270000001,0.9610764651627033
B,2025-10-10,2025-10-10 13:30:00,-1,-151,103424.5927,0.9633670039098933
B,2025-10-10,2025-10-10 14:00:00,-1,-151,103454.7927,0.9627938677412283
B,2025-10-10,2025-10-10 14:30:00,-1,-151,103534.8227,0.9612766739204548
B,2025-10-10,2025-10-10 15:00:00,-1,-151,103820.9677,0.9558711231315177
B,2025-10-10,2025-10-10 15:30:00,-1,-151,103986.3127,0.9527611608445848
B,2025-10-10,2025-10-10 16:00:00,0,0,104453.7332,0.0
B,2025-10-13,2025-10-13 10:00:00,0,0,104453.7332,0.0
B,2025-10-13,2025-10-13 10:30:00,0,0,104453.7332,0.0
B,2025-10-13,2025-10-13 11:00:00,0,0,104453.7332,0.0
B,2025-10-13,2025-10-13 11:30:00,0,0,104453.7332,0.0
B,2025-10-13,2025-10-13 12:00:00,0,0,104453.7332,0.0
B,2025-10-13,2025-10-13 12:30:00,0,0,104453.7332,0.0
B,2025-10-13,2025-10-13 13:00:00,0,0,104453.7332,0.0
B,2025-10-13,2025-10-13 13:30:00,0,0,104453.7332,0.0
B,2025-10-13,2025-10-13 14:00:00,0,0,104453.7332,0.0
B,2025-10-13,2025-10-13 14:30:00,0,0,104453.7332,0.0
B,2025-10-13,2025-10-13 15:00:00,0,0,104453.7332,0.0
B,2025-10-13,2025-10-13 15:30:00,0,0,104453.7332,0.0
B,2025-10-13,2025-10-13 16:00:00,0,0,104453.7332,0.0
B,2025-10-14,2025-10-14 10:00:00,0,0,104453.7332,0.0
B,2025-10-14,2025-10-14 10:30:00,0,0,104453.7332,0.0
B,2025-10-14,2025-10-14 11:00:00,0,0,104453.7332,0.0
B,2025-10-14,2025-10-14 11:30:00,0,0,104453.7332,0.0
B,2025-10-14,2025-10-14 12:00:00,0,0,104453.7332,0.0
B,2025-10-14,2025-10-14 12:30:00,0,0,104453.7332,0.0
B,2025-10-14,2025-10-14 13:00:00,0,0,104453.7332,0.0
B,2025-10-14,2025-10-14 13:30:00,0,0,104453.7332,0.0
B,2025-10-14,2025-10-14 14:00:00,0,0,104453.7332,0.0
B,2025-10-14,2025-10-14 14:30:00,0,0,104453.7332,0.0
B,2025-10-14,2025-10-14 15:00:00,0,0,104453.7332,0.0
B,2025-10-14,2025-10-14 15:30:00,0,0,104453.7332,0.0
B,2025-10-14,2025-10-14 16:00:00,0,0,104453.7332,0.0
B,2025-10-15,2025-10-15 10:00:00,0,0,104453.7332,0.0
B,2025-10-15,2025-10-15 10:30:00,0,0,104453.7332,0.0
B,2025-10-15,2025-10-15 11:00:00,0,0,104453.7332,0.0
B,2025-10-15,2025-10-15 11:30:00,0,0,104453.7332,0.0
B,2025-10-15,2025-10-15 12:00:00,0,0,104453.7332,0.0
B,2025-10-15,2025-10-15 12:30:00,0,0,104453.7332,0.0
B,2025-10-15,2025-10-15 13:00:00,0,0,104453.7332,0.0
B,2025-10-15,2025-10-15 13:30:00,0,0,104453.7332,0.0
B,2025-10-15,2025-10-15 14:00:00,0,0,104453.7332,0.0
B,2025-10-15,2025-10-15 14:30:00,0,0,104453.7332,0.0
B,2025-10-15,2025-10-15 15:00:00,0,0,104453.7332,0.0
B,2025-10-15,2025-10-15 15:30:00,0,0,104453.7332,0.0
B,2025-10-15,2025-10-15 16:00:00,0,0,104453.7332,0.0
B,2025-10-16,2025-10-16 10:00:00,0,0,104453.7332,0.0
B,2025-10-16,2025-10-16 10:30:00,0,0,104453.7332,0.0
B,2025-10-16,2025-10-16 11:00:00,0,0,104453.7332,0.0
B,2025-10-16,2025-10-16 11:30:00,0,0,104453.7332,0.0
B,2025-10-16,2025-10-16 12:00:00,0,0,104453.7332,0.0
B,2025-10-16,2025-10-16 12:30:00,0,0,104453.7332,0.0
B,2025-10-16,2025-10-16 13:00:00,0,0,104453.7332,0.0
B,2025-10-16,2025-10-16 13:30:00,0,0,104453.7332,0.0
B,2025-10-16,2025-10-16 14:00:00,-1,-156,104453.0312,0.9884094201375363
B,2025-10-16,2025-10-16 14:30:00,-1,-156,104992.79119999999,0.9781871576722119
B,2025-10-16,2025-10-16 15:00:00,-1,-156,104644.91119999999,0.9847634138945117
B,2025-10-16,2025-10-16 15:30:00,-1,-156,104889.83119999999,0.9801289488584858
B,2025-10-16,2025-10-16 16:00:00,0,0,104634.8492,0.0
B,2025-10-17,2025-10-17 10:00:00,0,0,104634.8492,0.0
B,2025-10-17,2025-10-17 10:30:00,1,158,104634.1382,1.000239518386935
B,2025-10-17,2025-10-17 11:00:00,0,0,104186.2872,0.0
B,2025-10-17,2025-10-17 11:30:00,0,0,104186.2872,0.0
B,2025-10-17,2025-10-17 12:00:00,0,0,104186.2872,0.0
B,2025-10-17,2025-10-17 12:30:00,0,0,104186.2872,0.0
B,2025-10-17,2025-10-17 13:00:00,0,0,104186.2872,0.0
B,2025-10-17,2025-10-17 13:30:00,0,0,104186.2872,0.0
B,2025-10-17,2025-10-17 14:00:00,0,0,104186.2872,0.0
B,2025-10-17,2025-10-17 14:30:00,1,158,104185.57620000001,1.0079581438260548
B,2025-10-17,2025-10-17 15:00:00,1,158,104141.33620000002,1.007961524503658
B,2025-10-17,2025-10-17 15:30:00,1,158,104259.04620000001,1.0079525358251358
B,2025-10-17,2025-10-17 16:00:00,0,0,104143.78520000001,0.0
B,2025-10-20,2025-10-20 10:00:00,0,0,104143.78520000001,0.0
B,2025-10-20,2025-10-20 10:30:00,1,155,104143.08770000002,0.9976322221143438
B,2025-10-20,2025-10-20 11:00:00,1,155,104285.68770000002,0.9976354598081629
B,2025-10-20,2025-10-20 11:30:00,1,155,104246.93770000002,0.997634580876518
B,2025-10-20,2025-10-20 12:00:00,0,0,104195.09020000002,0.0
B,2025-10-20,2025-10-20 12:30:00,0,0,104195.09020000002,0.0
B,2025-10-20,2025-10-20 13:00:00,0,0,104195.09020000002,0.0
B,2025-10-20,2025-10-20 13:30:00,0,0,104195.09020000002,0.0
B,2025-10-20,2025-10-20 14:00:00,0,0,104195.09020000002,0.0
B,2025-10-20,2025-10-20 14:30:00,0,0,104195.09020000002,0.0
B,2025-10-20,2025-10-20 15:00:00,0,0,104195.09020000002,0.0
B,2025-10-20,2025-10-20 15:30:00,0,0,104195.09020000002,0.0
B,2025-10-20,2025-10-20 16:00:00,0,0,104195.09020000002,0.0
B,2025-10-21,2025-10-21 10:00:00,0,0,104195.09020000002,0.0
B,2025-10-21,2025-10-21 10:30:00,0,0,104195.09020000002,0.0
B,2025-10-21,2025-10-21 11:00:00,0,0,104195.09020000002,0.0
B,2025-10-21,2025-10-21 11:30:00,0,0,104195.09020000002,0.0
B,2025-10-21,2025-10-21 12:00:00,0,0,104195.09020000002,0.0
B,2025-10-21,2025-10-21 12:30:00,0,0,104195.09020000002,0.0
B,2025-10-21,2025-10-21 13:00:00,0,0,104195.09020000002,0.0
B,2025-10-21,2025-10-21 13:30:00,0,0,104195.09020000002,0.0
B,2025-10-21,2025-10-21 14:00:00,0,0,104195.09020000002,0.0
B,2025-10-21,2025-10-21 14:30:00,0,0,104195.09020000002,0.0
B,2025-10-21,2025-10-21 15:00:00,0,0,104195.09020000002,0.0
B,2025-10-21,2025-10-21 15:30:00,0,0,104195.09020000002,0.0
B,2025-10-21,2025-10-21 16:00:00,0,0,104195.09020000002,0.0
B,2025-10-22,2025-10-22 10:00:00,0,0,104195.09020000002,0.0
B,2025-10-22,2025-10-22 10:30:00,-1,-155,104194.39270000003,0.9957091721693002
B,2025-10-22,2025-10-22 11:00:00,0,0,104078.60770000002,0.0
B,2025-10-22,2025-10-22 11:30:00,-1,-155,104077.91020000003,0.9946678387475921
B,2025-10-22,2025-10-22 12:00:00,0,0,103903.92270000002,0.0
B,2025-10-22,2025-10-22 12:30:00,-1,-155,103903.22520000003,0.9959522411437135
B,2025-10-22,2025-10-22 13:00:00,-1,-155,103971.42520000003,0.9946429973530841
B,2025-10-22,2025-10-22 13:30:00,-1,-155,104262.80970000003,0.9890685451190175
B,2025-10-22,2025-10-22 14:00:00,-1,-155,104344.97520000003,0.9875022712162183
B,2025-10-22,2025-10-22 14:30:00,-1,-155,104211.67520000003,0.9900445396544203
B,2025-10-22,2025-10-22 15:00:00,-1,-155,104079.92520000003,0.9925636456933192
B,2025-10-22,2025-10-22 15:30:00,0,0,103928.87770000003,0.0
B,2025-10-22,2025-10-22 16:00:00,0,0,103928.87770000003,0.0
B,2025-10-23,2025-10-23 10:00:00,0,0,103928.87770000003,0.0
B,2025-10-23,2025-10-23 10:30:00,0,0,103928.87770000003,0.0
B,2025-10-23,2025-10-23 11:00:00,0,0,103928.87770000003,0.0
B,2025-10-23,2025-10-23 11:30:00,0,0,103928.87770000003,0.0
B,2025-10-23,2025-10-23 12:00:00,0,0,103928.87770000003,0.0
B,2025-10-23,2025-10-23 12:30:00,0,0,103928.87770000003,0.0
B,2025-10-23,2025-10-23 13:00:00,0,0,103928.87770000003,0.0
B,2025-10-23,2025-10-23 13:30:00,0,0,103928.87770000003,0.0
B,2025-10-23,2025-10-23 14:00:00,0,0,103928.87770000003,0.0
B,2025-10-23,2025-10-23 14:30:00,0,0,103928.87770000003,0.0
B,2025-10-23,2025-10-23 15:00:00,0,0,103928.87770000003,0.0
B,2025-10-23,2025-10-23 15:30:00,0,0,103928.87770000003,0.0
B,2025-10-23,2025-10-23 16:00:00,0,0,103928.87770000003,0.0
B,2025-10-24,2025-10-24 10:00:00,0,0,103928.87770000003,0.0
B,2025-10-24,2025-10-24 10:30:00,0,0,103928.87770000003,0.0
B,2025-10-24,2025-10-24 11:00:00,0,0,103928.87770000003,0.0
B,2025-10-24,2025-10-24 11:30:00,0,0,103928.87770000003,0.0
B,2025-10-24,2025-10-24 12:00:00,0,0,103928.87770000003,0.0
B,2025-10-24,2025-10-24 12:30:00,0,0,103928.87770000003,0.0
B,2025-10-24,2025-10-24 13:00:00,0,0,103928.87770000003,0.0
B,2025-10-24,2025-10-24 13:30:00,0,0,103928.87770000003,0.0
B,2025-10-24,2025-10-24 14:00:00,0,0,103928.87770000003,0.0
B,2025-10-24,2025-10-24 14:30:00,0,0,103928.87770000003,0.0
B,2025-10-24,2025-10-24 15:00:00,0,0,103928.87770000003,0.0
B,2025-10-24,2025-10-24 15:30:00,0,0,103928.87770000003,0.0
B,2025-10-24,2025-10-24 16:00:00,0,0,103928.87770000003,0.0
B,2025-10-27,2025-10-27 10:00:00,0,0,103928.87770000003,0.0
B,2025-10-27,2025-10-27 10:30:00,0,0,103928.87770000003,0.0
B,2025-10-27,2025-10-27 11:00:00,0,0,103928.87770000003,0.0
B,2025-10-27,2025-10-27 11:30:00,0,0,103928.87770000003,0.0
B,2025-10-27,2025-10-27 12:00:00,0,0,103928.87770000003,0.0
B,2025-10-27,2025-10-27 12:30:00,0,0,103928.87770000003,0.0
B,2025-10-27,2025-10-27 13:00:00,0,0,103928.87770000003,0.0
B,2025-10-27,2025-10-27 13:30:00,0,0,103928.87770000003,0.0
B,2025-10-27,2025-10-27 14:00:00,0,0,103928.87770000003,0.0
B,2025-10-27,2025-10-27 14:30:00,0,0,103928.87770000003,0.0
B,2025-10-27,2025-10-27 15:00:00,0,0,103928.87770000003,0.0
B,2025-10-27,2025-10-27 15:30:00,0,0,103928.87770000003,0.0
B,2025-10-27,2025-10-27 16:00:00,0,0,103928.87770000003,0.0
B,2025-10-28,2025-10-28 10:00:00,0,0,103928.87770000003,0.0
B,2025-10-28,2025-10-28 10:30:00,0,0,103928.87770000003,0.0
B,2025-10-28,2025-10-28 11:00:00,0,0,103928.87770000003,0.0
B,2025-10-28,2025-10-28 11:30:00,0,0,103928.87770000003,0.0
B,2025-10-28,2025-10-28 12:00:00,0,0,103928.87770000003,0.0
B,2025-10-28,2025-10-28 12:30:00,0,0,103928.87770000003,0.0
B,2025-10-28,2025-10-28 13:00:00,0,0,103928.87770000003,0.0
B,2025-10-28,2025-10-28 13:30:00,0,0,103928.87770000003,0.0
B,2025-10-28,2025-10-28 14:00:00,0,0,103928.87770000003,0.0
B,2025-10-28,2025-10-28 14:30:00,0,0,103928.87770000003,0.0
B,2025-10-28,2025-10-28 15:00:00,0,0,103928.87770000003,0.0
B,2025-10-28,2025-10-28 15:30:00,0,0,103928.87770000003,0.0
B,2025-10-28,2025-10-28 16:00:00,0,0,103928.87770000003,0.0
B,2025-10-29,2025-10-29 10:00:00,0,0,103928.87770000003,0.0
B,2025-10-29,2025-10-29 10:30:00,0,0,103928.87770000003,0.0
B,2025-10-29,2025-10-29 11:00:00,0,0,103928.87770000003,0.0
B,2025-10-29,2025-10-29 11:30:00,0,0,103928.87770000003,0.0
B,2025-10-29,2025-10-29 12:00:00,0,0,103928.87770000003,0.0
B,2025-10-29,2025-10-29 12:30:00,0,0,103928.87770000003,0.0
B,2025-10-29,2025-10-29 13:00:00,0,0,103928.87770000003,0.0
B,2025-10-29,2025-10-29 13:30:00,0,0,103928.87770000003,0.0
B,2025-10-29,2025-10-29 14:00:00,0,0,103928.87770000003,0.0
B,2025-10-29,2025-10-29 14:30:00,0,0,103928.87770000003,0.0
B,2025-10-29,2025-10-29 15:00:00,0,0,103928.87770000003,0.0
B,2025-10-29,2025-10-29 15:30:00,0,0,103928.87770000003,0.0
B,2025-10-29,2025-10-29 16:00:00,0,0,103928.87770000003,0.0
B,2025-10-30,2025-10-30 10:00:00,0,0,103928.87770000003,0.0
B,2025-10-30,2025-10-30 10:30:00,-1,-151,103928.19820000003,0.992987868426261
B,2025-10-30,2025-10-30 11:00:00,0,0,103768.96870000004,0.0
B,2025-10-30,2025-10-30 11:30:00,0,0,103768.96870000004,0.0
B,2025-10-30,2025-10-30 12:00:00,0,0,103768.96870000004,0.0
B,2025-10-30,2025-10-30 12:30:00,0,0,103768.96870000004,0.0
B,2025-10-30,2025-10-30 13:00:00,0,0,103768.96870000004,0.0
B,2025-10-30,2025-10-30 13:30:00,0,0,103768.96870000004,0.0
B,2025-10-30,2025-10-30 14:00:00,0,0,103768.96870000004,0.0
B,2025-10-30,2025-10-30 14:30:00,0,0,103768.96870000004,0.0
B,2025-10-30,2025-10-30 15:00:00,0,0,103768.96870000004,0.0
B,2025-10-30,2025-10-30 15:30:00,0,0,103768.96870000004,0.0
B,2025-10-30,2025-10-30 16:00:00,0,0,103768.96870000004,0.0
B,2025-10-31,2025-10-31 10:00:00,0,0,103768.96870000004,0.0
B,2025-10-31,2025-10-31 10:30:00,0,0,103768.96870000004,0.0
B,2025-10-31,2025-10-31 11:00:00,0,0,103768.96870000004,0.0
B,2025-10-31,2025-10-31 11:30:00,0,0,103768.96870000004,0.0
B,2025-10-31,2025-10-31 12:00:00,0,0,103768.96870000004,0.0
B,2025-10-31,2025-10-31 12:30:00,0,0,103768.96870000004,0.0
B,2025-10-31,2025-10-31 13:00:00,0,0,103768.96870000004,0.0
B,2025-10-31,2025-10-31 13:30:00,0,0,103768.96870000004,0.0
B,2025-10-31,2025-10-31 14:00:00,0,0,103768.96870000004,0.0
B,2025-10-31,2025-10-31 14:30:00,0,0,103768.96870000004,0.0
B,2025-10-31,2025-10-31 15:00:00,0,0,103768.96870000004,0.0
B,2025-10-31,2025-10-31 15:30:00,0,0,103768.96870000004,0.0
B,2025-10-31,2025-10-31 16:00:00,0,0,103768.96870000004,0.0
B,2025-11-03,2025-11-03 10:00:00,0,0,103768.96870000004,0.0
B,2025-11-03,2025-11-03 10:30:00,-1,-152,103768.28470000005,0.9966365455398142
B,2025-11-03,2025-11-03 11:00:00,0,0,103459.02550000006,0.0
B,2025-11-03,2025-11-03 11:30:00,0,0,103459.02550000006,0.0
B,2025-11-03,2025-11-03 12:00:00,0,0,103459.02550000006,0.0
B,2025-11-03,2025-11-03 12:30:00,0,0,103459.02550000006,0.0
B,2025-11-03,2025-11-03 13:00:00,0,0,103459.02550000006,0.0
B,2025-11-03,2025-11-03 13:30:00,0,0,103459.02550000006,0.0
B,2025-11-03,2025-11-03 14:00:00,0,0,103459.02550000006,0.0
B,2025-11-03,2025-11-03 14:30:00,0,0,103459.02550000006,0.0
B,2025-11-03,2025-11-03 15:00:00,0,0,103459.02550000006,0.0
B,2025-11-03,2025-11-03 15:30:00,0,0,103459.02550000006,0.0
B,2025-11-03,2025-11-03 16:00:00,0,0,103459.02550000006,0.0
B,2025-11-04,2025-11-04 10:00:00,0,0,103459.02550000006,0.0
B,2025-11-04,2025-11-04 10:30:00,0,0,103459.02550000006,0.0
B,2025-11-04,2025-11-04 11:00:00,0,0,103459.02550000006,0.0
B,2025-11-04,2025-11-04 11:30:00,0,0,103459.02550000006,0.0
B,2025-11-04,2025-11-04 12:00:00,0,0,103459.02550000006,0.0
B,2025-11-04,2025-11-04 12:30:00,-1,-152,103458.34150000007,0.9945537354278963
B,2025-11-04,2025-11-04 13:00:00,-1,-152,103613.38150000008,0.9915692212014132
B,2025-11-04,2025-11-04 13:30:00,-1,-152,103719.78150000007,0.9895261879239491
B,2025-11-04,2025-11-04 14:00:00,-1,-152,103589.06150000007,0.992036789521449
B,2025-11-04,2025-11-04 14:30:00,0,0,103565.57750000007,0.0
B,2025-11-04,2025-11-04 15:00:00,-1,-152,103564.89350000008,0.991013426765122
B,2025-11-04,2025-11-04 15:30:00,0,0,103448.68950000008,0.0
B,2025-11-04,2025-11-04 16:00:00,0,0,103448.68950000008,0.0
B,2025-11-05,2025-11-05 10:00:00,0,0,103448.68950000008,0.0
B,2025-11-05,2025-11-05 10:30:00,0,0,103448.68950000008,0.0
B,2025-11-05,2025-11-05 11:00:00,0,0,103448.68950000008,0.0
B,2025-11-05,2025-11-05 11:30:00,1,152,103448.00550000009,0.9967101782353834
B,2025-11-05,2025-11-05 12:00:00,1,152,103604.29190000008,0.9967151409101028
B,2025-11-05,2025-11-05 12:30:00,1,152,103704.87030000008,0.9967183267380252
B,2025-11-05,2025-11-05 13:00:00,1,152,103730.42150000008,0.9967191350899881
B,2025-11-05,2025-11-05 13:30:00,1,152,103758.08550000007,0.996720009834799
B,2025-11-05,2025-11-05 14:00:00,1,152,103790.76550000008,0.9967210425863939
B,2025-11-05,2025-11-05 14:30:00,1,152,103730.72550000009,0.996719144705104
B,2025-11-05,2025-11-05 15:00:00,1,152,103733.00550000009,0.9967192168166757
B,2025-11-05,2025-11-05 15:30:00,0,0,103663.16150000007,0.0
B,2025-11-05,2025-11-05 16:00:00,0,0,103663.16150000007,0.0
B,2025-11-06,2025-11-06 10:00:00,0,0,103663.16150000007,0.0
B,2025-11-06,2025-11-06 10:30:00,0,0,103663.16150000007,0.0
B,2025-11-06,2025-11-06 11:00:00,-1,-153,103662.47300000007,0.9902255563592423
B,2025-11-06,2025-11-06 11:30:00,-1,-153,103596.68300000006,0.9914894668973131
B,2025-11-06,2025-11-06 12:00:00,-1,-153,103887.38300000006,0.9859168365036199
B,2025-11-06,2025-11-06 12:30:00,-1,-153,103872.08300000007,0.9862093552124099
B,2025-11-06,2025-11-06 13:00:00,-1,-153,103642.58300000007,0.9906074996220416
B,2025-11-06,2025-11-06 13:30:00,-1,-153,103656.35300000006,0.9903430617513617
B,2025-11-06,2025-11-06 14:00:00,-1,-153,103582.91300000007,0.9917542094997842
B,2025-11-06,2025-11-06 14:30:00,0,0,103280.81450000007,0.0
B,2025-11-06,2025-11-06 15:00:00,0,0,103280.81450000007,0.0
B,2025-11-06,2025-11-06 15:30:00,0,0,103280.81450000007,0.0
B,2025-11-06,2025-11-06 16:00:00,0,0,103280.81450000007,0.0
B,2025-11-07,2025-11-07 10:00:00,0,0,103280.81450000007,0.0
B,2025-11-07,2025-11-07 10:30:00,0,0,103280.81450000007,0.0
B,2025-11-07,2025-11-07 11:00:00,-1,-154,103280.12150000007,0.9891297426484915
B,2025-11-07,2025-11-07 11:30:00,-1,-154,103372.52150000008,0.9873517499522338
B,2025-11-07,2025-11-07 12:00:00,-1,-154,103484.94150000007,0.9851928070133752
B,2025-11-07,2025-11-07 12:30:00,-1,-154,103258.56150000007,0.9895450654713985
B,2025-11-07,2025-11-07 13:00:00,-1,-154,103189.26150000007,0.9908812071496407
B,2025-11-07,2025-11-07 13:30:00,0,0,102980.66850000007,0.0
B,2025-11-07,2025-11-07 14:00:00,0,0,102980.66850000007,0.0
B,2025-11-07,2025-11-07 14:30:00,0,0,102980.66850000007,0.0
B,2025-11-07,2025-11-07 15:00:00,0,0,102980.66850000007,0.0
B,2025-11-07,2025-11-07 15:30:00,0,0,102980.66850000007,0.0
B,2025-11-07,2025-11-07 16:00:00,0,0,102980.66850000007,0.0
B,2025-11-10,2025-11-10 10:00:00,0,0,102980.66850000007,0.0
B,2025-11-10,2025-11-10 10:30:00,0,0,102980.66850000007,0.0
B,2025-11-10,2025-11-10 11:00:00,0,0,102980.66850000007,0.0
B,2025-11-10,2025-11-10 11:30:00,0,0,102980.66850000007,0.0
B,2025-11-10,2025-11-10 12:00:00,0,0,102980.66850000007,0.0
B,2025-11-10,2025-11-10 12:30:00,0,0,102980.66850000007,0.0
B,2025-11-10,2025-11-10 13:00:00,0,0,102980.66850000007,0.0
B,2025-11-10,2025-11-10 13:30:00,0,0,102980.66850000007,0.0
B,2025-11-10,2025-11-10 14:00:00,0,0,102980.66850000007,0.0
B,2025-11-10,2025-11-10 14:30:00,1,151,102979.98900000007,0.9981939792205642
B,2025-11-10,2025-11-10 15:00:00,1,151,103057.75400000007,0.9981953420021159
B,2025-11-10,2025-11-10 15:30:00,1,151,103050.20400000009,0.9981952097833782
B,2025-11-10,2025-11-10 16:00:00,0,0,103082.74450000009,0.0
B,2025-11-11,2025-11-11 10:00:00,0,0,103082.74450000009,0.0
B,2025-11-11,2025-11-11 10:30:00,-1,-151,103082.06500000009,0.9951693827631404
B,2025-11-11,2025-11-11 11:00:00,-1,-151,103099.4300000001,0.9948333370999229
B,2025-11-11,2025-11-11 11:30:00,-1,-151,103093.3900000001,0.9949502097079153
B,2025-11-11,2025-11-11 12:00:00,0,0,103030.80050000008,0.0
B,2025-11-11,2025-11-11 12:30:00,0,0,103030.80050000008,0.0
B,2025-11-11,2025-11-11 13:00:00,0,0,103030.80050000008,0.0
B,2025-11-11,2025-11-11 13:30:00,0,0,103030.80050000008,0.0
B,2025-11-11,2025-11-11 14:00:00,0,0,103030.80050000008,0.0
B,2025-11-11,2025-11-11 14:30:00,0,0,103030.80050000008,0.0
B,2025-11-11,2025-11-11 15:00:00,0,0,103030.80050000008,0.0
B,2025-11-11,2025-11-11 15:30:00,0,0,103030.80050000008,0.0
B,2025-11-11,2025-11-11 16:00:00,0,0,103030.80050000008,0.0
B,2025-11-12,2025-11-12 10:00:00,0,0,103030.80050000008,0.0
B,2025-11-12,2025-11-12 10:30:00,0,0,103030.80050000008,0.0
B,2025-11-12,2025-11-12 11:00:00,0,0,103030.80050000008,0.0
B,2025-11-12,2025-11-12 11:30:00,0,0,103030.80050000008,0.0
B,2025-11-12,2025-11-12 12:00:00,0,0,103030.80050000008,0.0
B,2025-11-12,2025-11-12 12:30:00,0,0,103030.80050000008,0.0
B,2025-11-12,2025-11-12 13:00:00,0,0,103030.80050000008,0.0
B,2025-11-12,2025-11-12 13:30:00,0,0,103030.80050000008,0.0
B,2025-11-12,2025-11-12 14:00:00,0,0,103030.80050000008,0.0
B,2025-11-12,2025-11-12 14:30:00,0,0,103030.80050000008,0.0
B,2025-11-12,2025-11-12 15:00:00,0,0,103030.80050000008,0.0
B,2025-11-12,2025-11-12 15:30:00,0,0,103030.80050000008,0.0
B,2025-11-12,2025-11-12 16:00:00,0,0,103030.80050000008,0.0
B,2025-11-13,2025-11-13 10:00:00,0,0,103030.80050000008,0.0
B,2025-11-13,2025-11-13 10:30:00,0,0,103030.80050000008,0.0
B,2025-11-13,2025-11-13 11:00:00,-1,-151,103030.12100000009,0.9911790747096172
B,2025-11-13,2025-11-13 11:30:00,-1,-151,103129.78100000008,0.989254888459425
B,2025-11-13,2025-11-13 12:00:00,-1,-151,103209.81100000007,0.9877123987757319
B,2025-11-13,2025-11-13 12:30:00,-1,-151,103089.90190000008,0.9900244080065412
B,2025-11-13,2025-11-13 13:00:00,-1,-151,103342.69100000008,0.9851565603221994
B,2025-11-13,2025-11-13 13:30:00,-1,-151,103564.66100000008,0.9809017769101751
B,2025-11-13,2025-11-13 14:00:00,-1,-151,103564.66100000008,0.9809017769101751
B,2025-11-13,2025-11-13 14:30:00,-1,-151,103460.47100000008,0.9828966465849545
B,2025-11-13,2025-11-13 15:00:00,-1,-151,103730.76100000009,0.9777298365718141
B,2025-11-13,2025-11-13 15:30:00,-1,-151,103727.74100000008,0.9777874175433929
B,2025-11-13,2025-11-13 16:00:00,0,0,103672.70150000008,0.0
B,2025-11-14,2025-11-14 10:00:00,0,0,103672.70150000008,0.0
B,2025-11-14,2025-11-14 10:30:00,0,0,103672.70150000008,0.0
B,2025-11-14,2025-11-14 11:00:00,0,0,103672.70150000008,0.0
B,2025-11-14,2025-11-14 11:30:00,1,155,103672.00400000009,1.0084149622495955
B,2025-11-14,2025-11-14 12:00:00,1,155,103698.35400000008,1.008412823987543
B,2025-11-14,2025-11-14 12:30:00,1,155,103743.30400000009,1.0084091788709555
B,2025-11-14,2025-11-14 13:00:00,1,155,103601.80450000009,1.0084206641400721
B,2025-11-14,2025-11-14 13:30:00,0,0,103440.35650000008,0.0
B,2025-11-14,2025-11-14 14:00:00,0,0,103440.35650000008,0.0
B,2025-11-14,2025-11-14 14:30:00,1,155,103439.65900000009,1.010020880869299
B,2025-11-14,2025-11-14 15:00:00,1,155,103537.29350000007,1.0100114312916622
B,2025-11-14,2025-11-14 15:30:00,0,0,103194.04600000009,0.0
B,2025-11-14,2025-11-14 16:00:00,0,0,103194.04600000009,0.0
B,2025-11-17,2025-11-17 10:00:00,0,0,103194.04600000009,0.0
B,2025-11-17,2025-11-17 10:30:00,0,0,103194.04600000009,0.0
B,2025-11-17,2025-11-17 11:00:00,0,0,103194.04600000009,0.0
B,2025-11-17,2025-11-17 11:30:00,0,0,103194.04600000009,0.0
B,2025-11-17,2025-11-17 12:00:00,0,0,103194.04600000009,0.0
B,2025-11-17,2025-11-17 12:30:00,0,0,103194.04600000009,0.0
B,2025-11-17,2025-11-17 13:00:00,-1,-153,103193.35750000009,0.9922406972754996
B,2025-11-17,2025-11-17 13:30:00,-1,-153,103284.08650000008,0.9904906309066298
B,2025-11-17,2025-11-17 14:00:00,-1,-153,103608.10990000008,0.9842655820903061
B,2025-11-17,2025-11-17 14:30:00,-1,-153,103723.19650000008,0.9820639301257932
B,2025-11-17,2025-11-17 15:00:00,-1,-153,104214.32650000008,0.972723073732093
B,2025-11-17,2025-11-17 15:30:00,-1,-153,104012.36650000008,0.9765534947231483
B,2025-11-17,2025-11-17 16:00:00,0,0,103737.80800000008,0.0
B,2025-11-18,2025-11-18 10:00:00,0,0,103737.80800000008,0.0
B,2025-11-18,2025-11-18 10:30:00,0,0,103737.80800000008,0.0
B,2025-11-18,2025-11-18 11:00:00,0,0,103737.80800000008,0.0
B,2025-11-18,2025-11-18 11:30:00,0,0,103737.80800000008,0.0
B,2025-11-18,2025-11-18 12:00:00,0,0,103737.80800000008,0.0
B,2025-11-18,2025-11-18 12:30:00,0,0,103737.80800000008,0.0
B,2025-11-18,2025-11-18 13:00:00,0,0,103737.80800000008,0.0
B,2025-11-18,2025-11-18 13:30:00,0,0,103737.80800000008,0.0
B,2025-11-18,2025-11-18 14:00:00,0,0,103737.80800000008,0.0
B,2025-11-18,2025-11-18 14:30:00,0,0,103737.80800000008,0.0
B,2025-11-18,2025-11-18 15:00:00,0,0,103737.80800000008,0.0
B,2025-11-18,2025-11-18 15:30:00,0,0,103737.80800000008,0.0
B,2025-11-18,2025-11-18 16:00:00,0,0,103737.80800000008,0.0
B,2025-11-19,2025-11-19 10:00:00,0,0,103737.80800000008,0.0
B,2025-11-19,2025-11-19 10:30:00,0,0,103737.80800000008,0.0
B,2025-11-19,2025-11-19 11:00:00,0,0,103737.80800000008,0.0
B,2025-11-19,2025-11-19 11:30:00,0,0,103737.80800000008,0.0
B,2025-11-19,2025-11-19 12:00:00,0,0,103737.80800000008,0.0
B,2025-11-19,2025-11-19 12:30:00,0,0,103737.80800000008,0.0
B,2025-11-19,2025-11-19 13:00:00,0,0,103737.80800000008,0.0
B,2025-11-19,2025-11-19 13:30:00,0,0,103737.80800000008,0.0
B,2025-11-19,2025-11-19 14:00:00,0,0,103737.80800000008,0.0
B,2025-11-19,2025-11-19 14:30:00,0,0,103737.80800000008,0.0
B,2025-11-19,2025-11-19 15:00:00,0,0,103737.80800000008,0.0
B,2025-11-19,2025-11-19 15:30:00,0,0,103737.80800000008,0.0
B,2025-11-19,2025-11-19 16:00:00,0,0,103737.80800000008,0.0
B,2025-11-20,2025-11-20 10:00:00,0,0,103737.80800000008,0.0
B,2025-11-20,2025-11-20 10:30:00,0,0,103737.80800000008,0.0
B,2025-11-20,2025-11-20 11:00:00,0,0,103737.80800000008,0.0
B,2025-11-20,2025-11-20 11:30:00,0,0,103737.80800000008,0.0
B,2025-11-20,2025-11-20 12:00:00,-1,-153,103737.11950000007,0.9730533341057338
B,2025-11-20,2025-11-20 12:30:00,-1,-153,103946.72950000007,0.9690746451046344
B,2025-11-20,2025-11-20 13:00:00,-1,-153,104156.24770000008,0.9651137019599058
B,2025-11-20,2025-11-20 13:30:00,-1,-153,103784.54950000007,0.972151639970263
B,2025-11-20,2025-11-20 14:00:00,-1,-153,104451.62950000007,0.9595564997863432
B,2025-11-20,2025-11-20 14:30:00,-1,-153,104167.04950000007,0.9649099257630402
B,2025-11-20,2025-11-20 15:00:00,-1,-153,103994.15950000007,0.9681765830320495
B,2025-11-20,2025-11-20 15:30:00,-1,-153,104278.73950000007,0.9628053664764517
B,2025-11-20,2025-11-20 16:00:00,0,0,104841.09100000007,0.0
B,2025-11-21,2025-11-21 10:00:00,0,0,104841.09100000007,0.0
B,2025-11-21,2025-11-21 10:30:00,0,0,104841.09100000007,0.0
B,2025-11-21,2025-11-21 11:00:00,0,0,104841.09100000007,0.0
B,2025-11-21,2025-11-21 11:30:00,0,0,104841.09100000007,0.0
B,2025-11-21,2025-11-21 12:00:00,1,160,104840.37100000007,1.0084970035064063
B,2025-11-21,2025-11-21 12:30:00,1,160,104792.37100000006,1.0085008955470618
B,2025-11-21,2025-11-21 13:00:00,1,160,104745.97100000006,1.008504661243724
B,2025-11-21,2025-11-21 13:30:00,0,0,104409.25100000006,0.0
B,2025-11-21,2025-11-21 14:00:00,1,160,104408.53100000006,1.0149208976036637
B,2025-11-21,2025-11-21 14:30:00,1,160,104718.93100000007,1.0148766701982466
B,2025-11-21,2025-11-21 15:00:00,1,160,104309.33100000006,1.0149350876385157
B,2025-11-21,2025-11-21 15:30:00,1,160,103952.53100000008,1.0149863498754055
B,2025-11-21,2025-11-21 16:00:00,0,0,103886.21100000007,0.0
B,2025-11-24,2025-11-24 10:00:00,0,0,103886.21100000007,0.0
B,2025-11-24,2025-11-24 10:30:00,1,156,103885.50900000006,0.9992525521533511
B,2025-11-24,2025-11-24 11:00:00,1,156,104079.27660000007,0.9992539437000653
B,2025-11-24,2025-11-24 11:30:00,1,156,104271.60900000007,0.9992553198253603
B,2025-11-24,2025-11-24 12:00:00,0,0,104203.82700000008,0.0
B,2025-11-24,2025-11-24 12:30:00,1,156,104203.12500000007,1.0003611695906427
B,2025-11-24,2025-11-24 13:00:00,1,156,104341.96500000007,1.0003606890094503
B,2025-11-24,2025-11-24 13:30:00,1,156,104349.76500000006,1.0003606620484478
B,2025-11-24,2025-11-24 14:00:00,1,156,104362.24500000007,1.0003606189192265
B,2025-11-24,2025-11-24 14:30:00,0,0,104319.42300000007,0.0
B,2025-11-24,2025-11-24 15:00:00,0,0,104319.42300000007,0.0
B,2025-11-24,2025-11-24 15:30:00,1,156,104318.72100000006,1.000314411446819
B,2025-11-24,2025-11-24 16:00:00,0,0,104288.37900000007,0.0
B,2025-11-25,2025-11-25 10:00:00,0,0,104288.37900000007,0.0
B,2025-11-25,2025-11-25 10:30:00,0,0,104288.37900000007,0.0
B,2025-11-25,2025-11-25 11:00:00,0,0,104288.37900000007,0.0
B,2025-11-25,2025-11-25 11:30:00,0,0,104288.37900000007,0.0
B,2025-11-25,2025-11-25 12:00:00,0,0,104288.37900000007,0.0
B,2025-11-25,2025-11-25 12:30:00,1,155,104287.68150000008,1.0007524234777425
B,2025-11-25,2025-11-25 13:00:00,1,155,104287.83650000008,1.0007524223594373
B,2025-11-25,2025-11-25 13:30:00,1,155,104397.73150000007,1.000751630316794
B,2025-11-25,2025-11-25 14:00:00,1,155,104363.63150000008,1.000751875906119
B,2025-11-25,2025-11-25 14:30:00,0,0,104288.53400000007,0.0
B,2025-11-25,2025-11-25 15:00:00,0,0,104288.53400000007,0.0
B,2025-11-25,2025-11-25 15:30:00,1,155,104287.83650000008,1.002519598726165
B,2025-11-25,2025-11-25 16:00:00,0,0,104364.63900000008,0.0
B,2025-11-26,2025-11-26 10:00:00,0,0,104364.63900000008,0.0
B,2025-11-26,2025-11-26 10:30:00,1,154,104363.94600000008,1.0007555674447182
B,2025-11-26,2025-11-26 11:00:00,1,154,104578.00600000008,1.000754020878921
B,2025-11-26,2025-11-26 11:30:00,1,154,104739.70600000008,1.0007528568010293
B,2025-11-26,2025-11-26 12:00:00,1,154,104858.07040000007,1.0007520069718918
B,2025-11-26,2025-11-26 12:30:00,0,0,104789.83300000009,0.0
B,2025-11-26,2025-11-26 13:00:00,0,0,104789.83300000009,0.0
B,2025-11-26,2025-11-26 13:30:00,0,0,104789.83300000009,0.0
B,2025-11-26,2025-11-26 14:00:00,0,0,104789.83300000009,0.0
B,2025-11-26,2025-11-26 14:30:00,0,0,104789.83300000009,0.0
B,2025-11-26,2025-11-26 15:00:00,0,0,104789.83300000009,0.0
B,2025-11-26,2025-11-26 15:30:00,0,0,104789.83300000009,0.0
B,2025-11-26,2025-11-26 16:00:00,0,0,104789.83300000009,0.0
B,2025-11-28,2025-11-28 10:00:00,0,0,104789.83300000009,0.0
B,2025-11-28,2025-11-28 10:30:00,0,0,104789.83300000009,0.0
B,2025-11-28,2025-11-28 11:00:00,0,0,104789.83300000009,0.0
B,2025-11-28,2025-11-28 11:30:00,0,0,104789.83300000009,0.0
B,2025-11-28,2025-11-28 12:00:00,0,0,104789.83300000009,0.0
B,2025-11-28,2025-11-28 12:30:00,0,0,104789.83300000009,0.0
B,2025-11-28,2025-11-28 13:00:00,0,0,104789.83300000009,0.0
B,2025-12-01,2025-12-01 10:00:00,0,0,104789.83300000009,0.0
B,2025-12-01,2025-12-01 10:30:00,-1,-153,104789.14450000008,0.9923764097530151
B,2025-12-01,2025-12-01 11:00:00,0,0,104474.04100000007,0.0
B,2025-12-01,2025-12-01 11:30:00,0,0,104474.04100000007,0.0
B,2025-12-01,2025-12-01 12:00:00,0,0,104474.04100000007,0.0
B,2025-12-01,2025-12-01 12:30:00,0,0,104474.04100000007,0.0
B,2025-12-01,2025-12-01 13:00:00,0,0,104474.04100000007,0.0
B,2025-12-01,2025-12-01 13:30:00,0,0,104474.04100000007,0.0
B,2025-12-01,2025-12-01 14:00:00,0,0,104474.04100000007,0.0
B,2025-12-01,2025-12-01 14:30:00,0,0,104474.04100000007,0.0
B,2025-12-01,2025-12-01 15:00:00,0,0,104474.04100000007,0.0
B,2025-12-01,2025-12-01 15:30:00,0,0,104474.04100000007,0.0
B,2025-12-01,2025-12-01 16:00:00,0,0,104474.04100000007,0.0
