model,date,timestamp,direction,held_shares,equity_marked,marked_leverage
C,2025-04-02,2025-04-02 10:00:00,0,0,100000.0,0.0
C,2025-04-02,2025-04-02 10:30:00,0,0,100000.0,0.0
C,2025-04-02,2025-04-02 11:00:00,0,0,100000.0,0.0
C,2025-04-02,2025-04-02 11:30:00,1,302,99998.641,1.691484821278721
C,2025-04-02,2025-04-02 12:00:00,0,0,99709.02300000002,0.0
C,2025-04-02,2025-04-02 12:30:00,1,302,99707.66400000002,1.6994929477035985
C,2025-04-02,2025-04-02 13:00:00,1,302,100117.53839999999,1.6966292711008164
C,2025-04-02,2025-04-02 13:30:00,1,302,100218.13460000002,1.6959300138480125
C,2025-04-02,2025-04-02 14:00:00,1,302,99569.52920000002,1.7004633682650774
C,2025-04-02,2025-04-02 14:30:00,0,0,98709.37280000001,0.0
C,2025-04-02,2025-04-02 15:00:00,0,0,98709.37280000001,0.0
C,2025-04-02,2025-04-02 15:30:00,0,0,98709.37280000001,0.0
C,2025-04-02,2025-04-02 16:00:00,0,0,98709.37280000001,0.0
C,2025-04-03,2025-04-03 10:00:00,0,0,98709.37280000001,0.0
C,2025-04-03,2025-04-03 10:30:00,-1,-323,98707.91930000001,1.766614584084339
C,2025-04-03,2025-04-03 11:00:00,-1,-323,99616.77670000002,1.7413732721187312
C,2025-04-03,2025-04-03 11:30:00,-1,-323,99128.62680000001,1.754872915277789
C,2025-04-03,2025-04-03 12:00:00,0,0,98504.1386,0.0
C,2025-04-03,2025-04-03 12:30:00,0,0,98504.1386,0.0
C,2025-04-03,2025-04-03 13:00:00,0,0,98504.1386,0.0
C,2025-04-03,2025-04-03 13:30:00,0,0,98504.1386,0.0
C,2025-04-03,2025-04-03 14:00:00,0,0,98504.1386,0.0
C,2025-04-03,2025-04-03 14:30:00,-1,-323,98502.6851,1.7630410452638514
C,2025-04-03,2025-04-03 15:00:00,0,0,98162.40460000001,0.0
C,2025-04-03,2025-04-03 15:30:00,-1,-323,98160.9511,1.7640913689150266
C,2025-04-03,2025-04-03 16:00:00,0,0,98959.18099999998,0.0
C,2025-04-04,2025-04-04 10:00:00,0,0,98959.18099999998,0.0
C,2025-04-04,2025-04-04 10:30:00,-1,-229,98958.15049999999,1.1876026351159423
C,2025-04-04,2025-04-04 11:00:00,-1,-229,99168.78469999999,1.1829561737081569
C,2025-04-04,2025-04-04 11:30:00,-1,-229,98913.7474,1.1885846658358432
C,2025-04-04,2025-04-04 12:00:00,-1,-229,99198.37149999998,1.18230508753866
C,2025-04-04,2025-04-04 12:30:00,-1,-229,99835.95329999998,1.1683682445490309
C,2025-04-04,2025-04-04 13:00:00,-1,-229,99908.77529999998,1.1667877536278841
C,2025-04-04,2025-04-04 13:30:00,-1,-229,100156.94259999998,1.1614189209485717
C,2025-04-04,2025-04-04 14:00:00,-1,-229,99275.79639999998,1.1806031142551483
C,2025-04-04,2025-04-04 14:30:00,-1,-229,100613.49989999998,1.1516109768088887
C,2025-04-04,2025-04-04 15:00:00,-1,-229,100814.99699999999,1.1473105911018378
C,2025-04-04,2025-04-04 15:30:00,-1,-229,100300.41109999998,1.1583272533565918
C,2025-04-04,2025-04-04 16:00:00,0,0,101431.02989999998,0.0
C,2025-04-07,2025-04-07 10:00:00,0,0,101431.02989999998,0.0
C,2025-04-07,2025-04-07 10:30:00,0,0,101431.02989999998,0.0
C,2025-04-07,2025-04-07 11:00:00,0,0,101431.02989999998,0.0
C,2025-04-07,2025-04-07 11:30:00,0,0,101431.02989999998,0.0
C,2025-04-07,2025-04-07 12:00:00,0,0,101431.02989999998,0.0
C,2025-04-07,2025-04-07 12:30:00,0,0,101431.02989999998,0.0
C,2025-04-07,2025-04-07 13:00:00,0,0,101431.02989999998,0.0
C,2025-04-07,2025-04-07 13:30:00,0,0,101431.02989999998,0.0
C,2025-04-07,2025-04-07 14:00:00,1,188,101430.18389999997,0.9384324659594749
C,2025-04-07,2025-04-07 14:30:00,0,0,100674.16069999996,0.0
C,2025-04-07,2025-04-07 15:00:00,0,0,100674.16069999996,0.0
C,2025-04-07,2025-04-07 15:30:00,0,0,100674.16069999996,0.0
C,2025-04-07,2025-04-07 16:00:00,0,0,100674.16069999996,0.0
C,2025-04-08,2025-04-08 10:00:00,0,0,100674.16069999996,0.0
C,2025-04-08,2025-04-08 10:30:00,0,0,100674.16069999996,0.0
C,2025-04-08,2025-04-08 11:00:00,0,0,100674.16069999996,0.0
C,2025-04-08,2025-04-08 11:30:00,0,0,100674.16069999996,0.0
C,2025-04-08,2025-04-08 12:00:00,0,0,100674.16069999996,0.0
C,2025-04-08,2025-04-08 12:30:00,0,0,100674.16069999996,0.0
C,2025-04-08,2025-04-08 13:00:00,0,0,100674.16069999996,0.0
C,2025-04-08,2025-04-08 13:30:00,0,0,100674.16069999996,0.0
C,2025-04-08,2025-04-08 14:00:00,0,0,100674.16069999996,0.0
C,2025-04-08,2025-04-08 14:30:00,0,0,100674.16069999996,0.0
C,2025-04-08,2025-04-08 15:00:00,0,0,100674.16069999996,0.0
C,2025-04-08,2025-04-08 15:30:00,-1,-176,100673.36869999996,0.8643712902794721
C,2025-04-08,2025-04-08 16:00:00,0,0,100809.71589999997,0.0
C,2025-04-09,2025-04-09 10:00:00,0,0,100809.71589999997,0.0
C,2025-04-09,2025-04-09 10:30:00,0,0,100809.71589999997,0.0
C,2025-04-09,2025-04-09 11:00:00,-1,-189,100808.86539999997,0.9192635254081536
C,2025-04-09,2025-04-09 11:30:00,0,0,99855.24699999997,0.0
C,2025-04-09,2025-04-09 12:00:00,0,0,99855.24699999997,0.0
C,2025-04-09,2025-04-09 12:30:00,0,0,99855.24699999997,0.0
C,2025-04-09,2025-04-09 13:00:00,0,0,99855.24699999997,0.0
C,2025-04-09,2025-04-09 13:30:00,1,189,99854.39649999997,0.9875955586993111
C,2025-04-09,2025-04-09 14:00:00,1,189,101884.88019999997,0.9878427692355478
C,2025-04-09,2025-04-09 14:30:00,1,189,102398.86569999995,0.9879037917897565
C,2025-04-09,2025-04-09 15:00:00,1,189,101057.09799999995,0.9877431865300549
C,2025-04-09,2025-04-09 15:30:00,1,189,102836.72199999997,0.987955294802182
C,2025-04-09,2025-04-09 16:00:00,0,0,104335.47309999997,0.0
C,2025-04-10,2025-04-10 10:00:00,0,0,104335.47309999997,0.0
C,2025-04-10,2025-04-10 10:30:00,0,0,104335.47309999997,0.0
C,2025-04-10,2025-04-10 11:00:00,0,0,104335.47309999997,0.0
C,2025-04-10,2025-04-10 11:30:00,-1,-106,104334.99609999997,0.529123247841862
C,2025-04-10,2025-04-10 12:00:00,-1,-106,104912.55829999998,0.5207051537508833
C,2025-04-10,2025-04-10 12:30:00,-1,-106,105612.91089999997,0.5106208771299003
C,2025-04-10,2025-04-10 13:00:00,-1,-106,104768.16509999997,0.5228010144848859
C,2025-04-10,2025-04-10 13:30:00,-1,-106,104845.11049999998,0.5216834370163596
C,2025-04-10,2025-04-10 14:00:00,0,0,104293.41229999998,0.0
C,2025-04-10,2025-04-10 14:30:00,0,0,104293.41229999998,0.0
C,2025-04-10,2025-04-10 15:00:00,0,0,104293.41229999998,0.0
C,2025-04-10,2025-04-10 15:30:00,0,0,104293.41229999998,0.0
C,2025-04-10,2025-04-10 16:00:00,0,0,104293.41229999998,0.0
C,2025-04-11,2025-04-11 10:00:00,0,0,104293.41229999998,0.0
C,2025-04-11,2025-04-11 10:30:00,-1,-102,104292.95329999998,0.5061817671242416
C,2025-04-11,2025-04-11 11:00:00,0,0,104050.11169999998,0.0
C,2025-04-11,2025-04-11 11:30:00,0,0,104050.11169999998,0.0
C,2025-04-11,2025-04-11 12:00:00,0,0,104050.11169999998,0.0
C,2025-04-11,2025-04-11 12:30:00,0,0,104050.11169999998,0.0
C,2025-04-11,2025-04-11 13:00:00,1,102,104049.65269999998,0.5183698474757139
C,2025-04-11,2025-04-11 13:30:00,0,0,103846.86649999997,0.0
C,2025-04-11,2025-04-11 14:00:00,1,102,103846.40749999997,0.5222165186600222
C,2025-04-11,2025-04-11 14:30:00,1,102,103692.25489999997,0.5215062287164132
C,2025-04-11,2025-04-11 15:00:00,0,0,103587.32749999997,0.0
C,2025-04-11,2025-04-11 15:30:00,1,102,103586.86849999997,0.5232997462414845
C,2025-04-11,2025-04-11 16:00:00,0,0,103530.63589999996,0.0
C,2025-04-14,2025-04-14 10:00:00,0,0,103530.63589999996,0.0
C,2025-04-14,2025-04-14 10:30:00,0,0,103530.63589999996,0.0
C,2025-04-14,2025-04-14 11:00:00,0,0,103530.63589999996,0.0
C,2025-04-14,2025-04-14 11:30:00,0,0,103530.63589999996,0.0
C,2025-04-14,2025-04-14 12:00:00,0,0,103530.63589999996,0.0
C,2025-04-14,2025-04-14 12:30:00,0,0,103530.63589999996,0.0
C,2025-04-14,2025-04-14 13:00:00,0,0,103530.63589999996,0.0
C,2025-04-14,2025-04-14 13:30:00,0,0,103530.63589999996,0.0
C,2025-04-14,2025-04-14 14:00:00,0,0,103530.63589999996,0.0
C,2025-04-14,2025-04-14 14:30:00,0,0,103530.63589999996,0.0
C,2025-04-14,2025-04-14 15:00:00,0,0,103530.63589999996,0.0
C,2025-04-14,2025-04-14 15:30:00,0,0,103530.63589999996,0.0
C,2025-04-14,2025-04-14 16:00:00,0,0,103530.63589999996,0.0
C,2025-04-15,2025-04-15 10:00:00,0,0,103530.63589999996,0.0
C,2025-04-15,2025-04-15 10:30:00,0,0,103530.63589999996,0.0
C,2025-04-15,2025-04-15 11:00:00,0,0,103530.63589999996,0.0
C,2025-04-15,2025-04-15 11:30:00,0,0,103530.63589999996,0.0
C,2025-04-15,2025-04-15 12:00:00,0,0,103530.63589999996,0.0
C,2025-04-15,2025-04-15 12:30:00,0,0,103530.63589999996,0.0
C,2025-04-15,2025-04-15 13:00:00,0,0,103530.63589999996,0.0
C,2025-04-15,2025-04-15 13:30:00,0,0,103530.63589999996,0.0
C,2025-04-15,2025-04-15 14:00:00,0,0,103530.63589999996,0.0
C,2025-04-15,2025-04-15 14:30:00,0,0,103530.63589999996,0.0
C,2025-04-15,2025-04-15 15:00:00,0,0,103530.63589999996,0.0
C,2025-04-15,2025-04-15 15:30:00,0,0,103530.63589999996,0.0
C,2025-04-15,2025-04-15 16:00:00,0,0,103530.63589999996,0.0
C,2025-04-16,2025-04-16 10:00:00,0,0,103530.63589999996,0.0
C,2025-04-16,2025-04-16 10:30:00,0,0,103530.63589999996,0.0
C,2025-04-16,2025-04-16 11:00:00,0,0,103530.63589999996,0.0
C,2025-04-16,2025-04-16 11:30:00,0,0,103530.63589999996,0.0
C,2025-04-16,2025-04-16 12:00:00,0,0,103530.63589999996,0.0
C,2025-04-16,2025-04-16 12:30:00,0,0,103530.63589999996,0.0
C,2025-04-16,2025-04-16 13:00:00,0,0,103530.63589999996,0.0
C,2025-04-16,2025-04-16 13:30:00,0,0,103530.63589999996,0.0
C,2025-04-16,2025-04-16 14:00:00,0,0,103530.63589999996,0.0
C,2025-04-16,2025-04-16 14:30:00,0,0,103530.63589999996,0.0
C,2025-04-16,2025-04-16 15:00:00,0,0,103530.63589999996,0.0
C,2025-04-16,2025-04-16 15:30:00,0,0,103530.63589999996,0.0
C,2025-04-16,2025-04-16 16:00:00,0,0,103530.63589999996,0.0
C,2025-04-17,2025-04-17 10:00:00,0,0,103530.63589999996,0.0
C,2025-04-17,2025-04-17 10:30:00,0,0,103530.63589999996,0.0
C,2025-04-17,2025-04-17 11:00:00,0,0,103530.63589999996,0.0
C,2025-04-17,2025-04-17 11:30:00,0,0,103530.63589999996,0.0
C,2025-04-17,2025-04-17 12:00:00,0,0,103530.63589999996,0.0
C,2025-04-17,2025-04-17 12:30:00,0,0,103530.63589999996,0.0
C,2025-04-17,2025-04-17 13:00:00,0,0,103530.63589999996,0.0
C,2025-04-17,2025-04-17 13:30:00,0,0,103530.63589999996,0.0
C,2025-04-17,2025-04-17 14:00:00,0,0,103530.63589999996,0.0
C,2025-04-17,2025-04-17 14:30:00,0,0,103530.63589999996,0.0
C,2025-04-17,2025-04-17 15:00:00,0,0,103530.63589999996,0.0
C,2025-04-17,2025-04-17 15:30:00,0,0,103530.63589999996,0.0
C,2025-04-17,2025-04-17 16:00:00,0,0,103530.63589999996,0.0
C,2025-04-21,2025-04-21 10:00:00,0,0,103530.63589999996,0.0
C,2025-04-21,2025-04-21 10:30:00,0,0,103530.63589999996,0.0
C,2025-04-21,2025-04-21 11:00:00,0,0,103530.63589999996,0.0
C,2025-04-21,2025-04-21 11:30:00,-1,-102,103530.17689999996,0.5026032791411179
C,2025-04-21,2025-04-21 12:00:00,-1,-102,103734.02389999996,0.4996505240167399
C,2025-04-21,2025-04-21 12:30:00,-1,-102,103676.22049999995,0.5004866356986849
C,2025-04-21,2025-04-21 13:00:00,-1,-102,103715.77609999996,0.49991437320016374
C,2025-04-21,2025-04-21 13:30:00,0,0,103850.19169999995,0.0
C,2025-04-21,2025-04-21 14:00:00,-1,-102,103849.73269999995,0.4970791513650187
C,2025-04-21,2025-04-21 14:30:00,0,0,103753.64869999995,0.0
C,2025-04-21,2025-04-21 15:00:00,-1,-102,103753.18969999994,0.4973197021623715
C,2025-04-21,2025-04-21 15:30:00,0,0,103585.38949999995,0.0
C,2025-04-21,2025-04-21 16:00:00,0,0,103585.38949999995,0.0
C,2025-04-22,2025-04-22 10:00:00,0,0,103585.38949999995,0.0
C,2025-04-22,2025-04-22 10:30:00,0,0,103585.38949999995,0.0
C,2025-04-22,2025-04-22 11:00:00,0,0,103585.38949999995,0.0
C,2025-04-22,2025-04-22 11:30:00,0,0,103585.38949999995,0.0
C,2025-04-22,2025-04-22 12:00:00,1,101,103584.93499999994,0.5101517735180316
C,2025-04-22,2025-04-22 12:30:00,1,101,103851.55479999994,0.5114093689043164
C,2025-04-22,2025-04-22 13:00:00,1,101,103724.51699999993,0.5108109618866679
C,2025-04-22,2025-04-22 13:30:00,0,0,103220.43609999993,0.0
C,2025-04-22,2025-04-22 14:00:00,0,0,103220.43609999993,0.0
C,2025-04-22,2025-04-22 14:30:00,0,0,103220.43609999993,0.0
C,2025-04-22,2025-04-22 15:00:00,0,0,103220.43609999993,0.0
C,2025-04-22,2025-04-22 15:30:00,0,0,103220.43609999993,0.0
C,2025-04-22,2025-04-22 16:00:00,0,0,103220.43609999993,0.0
C,2025-04-23,2025-04-23 10:00:00,0,0,103220.43609999993,0.0
C,2025-04-23,2025-04-23 10:30:00,0,0,103220.43609999993,0.0
C,2025-04-23,2025-04-23 11:00:00,0,0,103220.43609999993,0.0
C,2025-04-23,2025-04-23 11:30:00,0,0,103220.43609999993,0.0
C,2025-04-23,2025-04-23 12:00:00,0,0,103220.43609999993,0.0
C,2025-04-23,2025-04-23 12:30:00,0,0,103220.43609999993,0.0
C,2025-04-23,2025-04-23 13:00:00,0,0,103220.43609999993,0.0
C,2025-04-23,2025-04-23 13:30:00,0,0,103220.43609999993,0.0
C,2025-04-23,2025-04-23 14:00:00,0,0,103220.43609999993,0.0
C,2025-04-23,2025-04-23 14:30:00,0,0,103220.43609999993,0.0
C,2025-04-23,2025-04-23 15:00:00,0,0,103220.43609999993,0.0
C,2025-04-23,2025-04-23 15:30:00,0,0,103220.43609999993,0.0
C,2025-04-23,2025-04-23 16:00:00,0,0,103220.43609999993,0.0
C,2025-04-24,2025-04-24 10:00:00,0,0,103220.43609999993,0.0
C,2025-04-24,2025-04-24 10:30:00,1,95,103220.00859999993,0.4961120105932644
C,2025-04-24,2025-04-24 11:00:00,0,0,103253.45809999993,0.0
C,2025-04-24,2025-04-24 11:30:00,0,0,103253.45809999993,0.0
C,2025-04-24,2025-04-24 12:00:00,0,0,103253.45809999993,0.0
C,2025-04-24,2025-04-24 12:30:00,0,0,103253.45809999993,0.0
C,2025-04-24,2025-04-24 13:00:00,1,95,103253.03059999993,0.4989893003682938
C,2025-04-24,2025-04-24 13:30:00,0,0,103207.44959999993,0.0
C,2025-04-24,2025-04-24 14:00:00,0,0,103207.44959999993,0.0
C,2025-04-24,2025-04-24 14:30:00,0,0,103207.44959999993,0.0
C,2025-04-24,2025-04-24 15:00:00,0,0,103207.44959999993,0.0
C,2025-04-24,2025-04-24 15:30:00,0,0,103207.44959999993,0.0
C,2025-04-24,2025-04-24 16:00:00,0,0,103207.44959999993,0.0
C,2025-04-25,2025-04-25 10:00:00,0,0,103207.44959999993,0.0
C,2025-04-25,2025-04-25 10:30:00,0,0,103207.44959999993,0.0
C,2025-04-25,2025-04-25 11:00:00,0,0,103207.44959999993,0.0
C,2025-04-25,2025-04-25 11:30:00,0,0,103207.44959999993,0.0
C,2025-04-25,2025-04-25 12:00:00,0,0,103207.44959999993,0.0
C,2025-04-25,2025-04-25 12:30:00,0,0,103207.44959999993,0.0
C,2025-04-25,2025-04-25 13:00:00,0,0,103207.44959999993,0.0
C,2025-04-25,2025-04-25 13:30:00,0,0,103207.44959999993,0.0
C,2025-04-25,2025-04-25 14:00:00,0,0,103207.44959999993,0.0
C,2025-04-25,2025-04-25 14:30:00,0,0,103207.44959999993,0.0
C,2025-04-25,2025-04-25 15:00:00,0,0,103207.44959999993,0.0
C,2025-04-25,2025-04-25 15:30:00,0,0,103207.44959999993,0.0
C,2025-04-25,2025-04-25 16:00:00,0,0,103207.44959999993,0.0
C,2025-04-28,2025-04-28 10:00:00,0,0,103207.44959999993,0.0
C,2025-04-28,2025-04-28 10:30:00,0,0,103207.44959999993,0.0
C,2025-04-28,2025-04-28 11:00:00,0,0,103207.44959999993,0.0
C,2025-04-28,2025-04-28 11:30:00,0,0,103207.44959999993,0.0
C,2025-04-28,2025-04-28 12:00:00,0,0,103207.44959999993,0.0
C,2025-04-28,2025-04-28 12:30:00,0,0,103207.44959999993,0.0
C,2025-04-28,2025-04-28 13:00:00,0,0,103207.44959999993,0.0
C,2025-04-28,2025-04-28 13:30:00,0,0,103207.44959999993,0.0
C,2025-04-28,2025-04-28 14:00:00,0,0,103207.44959999993,0.0
C,2025-04-28,2025-04-28 14:30:00,0,0,103207.44959999993,0.0
C,2025-04-28,2025-04-28 15:00:00,0,0,103207.44959999993,0.0
C,2025-04-28,2025-04-28 15:30:00,0,0,103207.44959999993,0.0
C,2025-04-28,2025-04-28 16:00:00,0,0,103207.44959999993,0.0
C,2025-04-29,2025-04-29 10:00:00,0,0,103207.44959999993,0.0
C,2025-04-29,2025-04-29 10:30:00,0,0,103207.44959999993,0.0
C,2025-04-29,2025-04-29 11:00:00,0,0,103207.44959999993,0.0
C,2025-04-29,2025-04-29 11:30:00,0,0,103207.44959999993,0.0
C,2025-04-29,2025-04-29 12:00:00,0,0,103207.44959999993,0.0
C,2025-04-29,2025-04-29 12:30:00,0,0,103207.44959999993,0.0
C,2025-04-29,2025-04-29 13:00:00,0,0,103207.44959999993,0.0
C,2025-04-29,2025-04-29 13:30:00,0,0,103207.44959999993,0.0
C,2025-04-29,2025-04-29 14:00:00,0,0,103207.44959999993,0.0
C,2025-04-29,2025-04-29 14:30:00,0,0,103207.44959999993,0.0
C,2025-04-29,2025-04-29 15:00:00,0,0,103207.44959999993,0.0
C,2025-04-29,2025-04-29 15:30:00,0,0,103207.44959999993,0.0
C,2025-04-29,2025-04-29 16:00:00,0,0,103207.44959999993,0.0
C,2025-04-30,2025-04-30 10:00:00,0,0,103207.44959999993,0.0
C,2025-04-30,2025-04-30 10:30:00,0,0,103207.44959999993,0.0
C,2025-04-30,2025-04-30 11:00:00,0,0,103207.44959999993,0.0
C,2025-04-30,2025-04-30 11:30:00,0,0,103207.44959999993,0.0
C,2025-04-30,2025-04-30 12:00:00,0,0,103207.44959999993,0.0
C,2025-04-30,2025-04-30 12:30:00,0,0,103207.44959999993,0.0
C,2025-04-30,2025-04-30 13:00:00,0,0,103207.44959999993,0.0
C,2025-04-30,2025-04-30 13:30:00,0,0,103207.44959999993,0.0
C,2025-04-30,2025-04-30 14:00:00,0,0,103207.44959999993,0.0
C,2025-04-30,2025-04-30 14:30:00,0,0,103207.44959999993,0.0
C,2025-04-30,2025-04-30 15:00:00,0,0,103207.44959999993,0.0
C,2025-04-30,2025-04-30 15:30:00,0,0,103207.44959999993,0.0
C,2025-04-30,2025-04-30 16:00:00,0,0,103207.44959999993,0.0
C,2025-05-01,2025-05-01 10:00:00,0,0,103207.44959999993,0.0
C,2025-05-01,2025-05-01 10:30:00,0,0,103207.44959999993,0.0
C,2025-05-01,2025-05-01 11:00:00,1,191,103206.59009999993,1.036693829302283
C,2025-05-01,2025-05-01 11:30:00,0,0,103201.92969999992,0.0
C,2025-05-01,2025-05-01 12:00:00,0,0,103201.92969999992,0.0
C,2025-05-01,2025-05-01 12:30:00,0,0,103201.92969999992,0.0
C,2025-05-01,2025-05-01 13:00:00,0,0,103201.92969999992,0.0
C,2025-05-01,2025-05-01 13:30:00,0,0,103201.92969999992,0.0
C,2025-05-01,2025-05-01 14:00:00,0,0,103201.92969999992,0.0
C,2025-05-01,2025-05-01 14:30:00,0,0,103201.92969999992,0.0
C,2025-05-01,2025-05-01 15:00:00,0,0,103201.92969999992,0.0
C,2025-05-01,2025-05-01 15:30:00,0,0,103201.92969999992,0.0
C,2025-05-01,2025-05-01 16:00:00,0,0,103201.92969999992,0.0
C,2025-05-02,2025-05-02 10:00:00,0,0,103201.92969999992,0.0
C,2025-05-02,2025-05-02 10:30:00,1,256,103200.77769999992,1.3967326682267833
C,2025-05-02,2025-05-02 11:00:00,0,0,103064.09929999991,0.0
C,2025-05-02,2025-05-02 11:30:00,0,0,103064.09929999991,0.0
C,2025-05-02,2025-05-02 12:00:00,0,0,103064.09929999991,0.0
C,2025-05-02,2025-05-02 12:30:00,0,0,103064.09929999991,0.0
C,2025-05-02,2025-05-02 13:00:00,0,0,103064.09929999991,0.0
C,2025-05-02,2025-05-02 13:30:00,0,0,103064.09929999991,0.0
C,2025-05-02,2025-05-02 14:00:00,0,0,103064.09929999991,0.0
C,2025-05-02,2025-05-02 14:30:00,0,0,103064.09929999991,0.0
C,2025-05-02,2025-05-02 15:00:00,0,0,103064.09929999991,0.0
C,2025-05-02,2025-05-02 15:30:00,0,0,103064.09929999991,0.0
C,2025-05-02,2025-05-02 16:00:00,0,0,103064.09929999991,0.0
C,2025-05-05,2025-05-05 10:00:00,0,0,103064.09929999991,0.0
C,2025-05-05,2025-05-05 10:30:00,0,0,103064.09929999991,0.0
C,2025-05-05,2025-05-05 11:00:00,0,0,103064.09929999991,0.0
C,2025-05-05,2025-05-05 11:30:00,0,0,103064.09929999991,0.0
C,2025-05-05,2025-05-05 12:00:00,0,0,103064.09929999991,0.0
C,2025-05-05,2025-05-05 12:30:00,0,0,103064.09929999991,0.0
C,2025-05-05,2025-05-05 13:00:00,0,0,103064.09929999991,0.0
C,2025-05-05,2025-05-05 13:30:00,0,0,103064.09929999991,0.0
C,2025-05-05,2025-05-05 14:00:00,0,0,103064.09929999991,0.0
C,2025-05-05,2025-05-05 14:30:00,0,0,103064.09929999991,0.0
C,2025-05-05,2025-05-05 15:00:00,0,0,103064.09929999991,0.0
C,2025-05-05,2025-05-05 15:30:00,0,0,103064.09929999991,0.0
C,2025-05-05,2025-05-05 16:00:00,0,0,103064.09929999991,0.0
C,2025-05-06,2025-05-06 10:00:00,0,0,103064.09929999991,0.0
C,2025-05-06,2025-05-06 10:30:00,0,0,103064.09929999991,0.0
C,2025-05-06,2025-05-06 11:00:00,0,0,103064.09929999991,0.0
C,2025-05-06,2025-05-06 11:30:00,0,0,103064.09929999991,0.0
C,2025-05-06,2025-05-06 12:00:00,0,0,103064.09929999991,0.0
C,2025-05-06,2025-05-06 12:30:00,0,0,103064.09929999991,0.0
C,2025-05-06,2025-05-06 13:00:00,0,0,103064.09929999991,0.0
C,2025-05-06,2025-05-06 13:30:00,0,0,103064.09929999991,0.0
C,2025-05-06,2025-05-06 14:00:00,0,0,103064.09929999991,0.0
C,2025-05-06,2025-05-06 14:30:00,0,0,103064.09929999991,0.0
C,2025-05-06,2025-05-06 15:00:00,0,0,103064.09929999991,0.0
C,2025-05-06,2025-05-06 15:30:00,0,0,103064.09929999991,0.0
C,2025-05-06,2025-05-06 16:00:00,0,0,103064.09929999991,0.0
C,2025-05-07,2025-05-07 10:00:00,0,0,103064.09929999991,0.0
C,2025-05-07,2025-05-07 10:30:00,0,0,103064.09929999991,0.0
C,2025-05-07,2025-05-07 11:00:00,0,0,103064.09929999991,0.0
C,2025-05-07,2025-05-07 11:30:00,0,0,103064.09929999991,0.0
C,2025-05-07,2025-05-07 12:00:00,0,0,103064.09929999991,0.0
C,2025-05-07,2025-05-07 12:30:00,0,0,103064.09929999991,0.0
C,2025-05-07,2025-05-07 13:00:00,0,0,103064.09929999991,0.0
C,2025-05-07,2025-05-07 13:30:00,0,0,103064.09929999991,0.0
C,2025-05-07,2025-05-07 14:00:00,0,0,103064.09929999991,0.0
C,2025-05-07,2025-05-07 14:30:00,0,0,103064.09929999991,0.0
C,2025-05-07,2025-05-07 15:00:00,0,0,103064.09929999991,0.0
C,2025-05-07,2025-05-07 15:30:00,0,0,103064.09929999991,0.0
C,2025-05-07,2025-05-07 16:00:00,0,0,103064.09929999991,0.0
C,2025-05-08,2025-05-08 10:00:00,0,0,103064.09929999991,0.0
C,2025-05-08,2025-05-08 10:30:00,0,0,103064.09929999991,0.0
C,2025-05-08,2025-05-08 11:00:00,0,0,103064.09929999991,0.0
C,2025-05-08,2025-05-08 11:30:00,0,0,103064.09929999991,0.0
C,2025-05-08,2025-05-08 12:00:00,1,289,103062.79879999992,1.584683389172623
C,2025-05-08,2025-05-08 12:30:00,1,289,103186.37519999991,1.5839831700958922
C,2025-05-08,2025-05-08 13:00:00,1,289,103565.65879999992,1.5818444762309583
C,2025-05-08,2025-05-08 13:30:00,1,289,103304.2004999999,1.5833170985143064
C,2025-05-08,2025-05-08 14:00:00,1,289,102859.51619999993,1.585838906560987
C,2025-05-08,2025-05-08 14:30:00,0,0,102963.81629999993,0.0
C,2025-05-08,2025-05-08 15:00:00,1,289,102962.51579999994,1.5860595443997503
C,2025-05-08,2025-05-08 15:30:00,1,289,103189.52529999995,1.5847702557461043
C,2025-05-08,2025-05-08 16:00:00,0,0,102027.31179999994,0.0
C,2025-05-09,2025-05-09 10:00:00,0,0,102027.31179999994,0.0
C,2025-05-09,2025-05-09 10:30:00,0,0,102027.31179999994,0.0
C,2025-05-09,2025-05-09 11:00:00,0,0,102027.31179999994,0.0
C,2025-05-09,2025-05-09 11:30:00,0,0,102027.31179999994,0.0
C,2025-05-09,2025-05-09 12:00:00,0,0,102027.31179999994,0.0
C,2025-05-09,2025-05-09 12:30:00,0,0,102027.31179999994,0.0
C,2025-05-09,2025-05-09 13:00:00,0,0,102027.31179999994,0.0
C,2025-05-09,2025-05-09 13:30:00,0,0,102027.31179999994,0.0
C,2025-05-09,2025-05-09 14:00:00,0,0,102027.31179999994,0.0
C,2025-05-09,2025-05-09 14:30:00,0,0,102027.31179999994,0.0
C,2025-05-09,2025-05-09 15:00:00,0,0,102027.31179999994,0.0
C,2025-05-09,2025-05-09 15:30:00,0,0,102027.31179999994,0.0
C,2025-05-09,2025-05-09 16:00:00,0,0,102027.31179999994,0.0
C,2025-05-12,2025-05-12 10:00:00,0,0,102027.31179999994,0.0
C,2025-05-12,2025-05-12 10:30:00,0,0,102027.31179999994,0.0
C,2025-05-12,2025-05-12 11:00:00,0,0,102027.31179999994,0.0
C,2025-05-12,2025-05-12 11:30:00,0,0,102027.31179999994,0.0
C,2025-05-12,2025-05-12 12:00:00,0,0,102027.31179999994,0.0
C,2025-05-12,2025-05-12 12:30:00,0,0,102027.31179999994,0.0
C,2025-05-12,2025-05-12 13:00:00,0,0,102027.31179999994,0.0
C,2025-05-12,2025-05-12 13:30:00,0,0,102027.31179999994,0.0
C,2025-05-12,2025-05-12 14:00:00,0,0,102027.31179999994,0.0
C,2025-05-12,2025-05-12 14:30:00,0,0,102027.31179999994,0.0
C,2025-05-12,2025-05-12 15:00:00,0,0,102027.31179999994,0.0
C,2025-05-12,2025-05-12 15:30:00,0,0,102027.31179999994,0.0
C,2025-05-12,2025-05-12 16:00:00,0,0,102027.31179999994,0.0
C,2025-05-13,2025-05-13 10:00:00,0,0,102027.31179999994,0.0
C,2025-05-13,2025-05-13 10:30:00,0,0,102027.31179999994,0.0
C,2025-05-13,2025-05-13 11:00:00,0,0,102027.31179999994,0.0
C,2025-05-13,2025-05-13 11:30:00,0,0,102027.31179999994,0.0
C,2025-05-13,2025-05-13 12:00:00,0,0,102027.31179999994,0.0
C,2025-05-13,2025-05-13 12:30:00,0,0,102027.31179999994,0.0
C,2025-05-13,2025-05-13 13:00:00,0,0,102027.31179999994,0.0
C,2025-05-13,2025-05-13 13:30:00,0,0,102027.31179999994,0.0
C,2025-05-13,2025-05-13 14:00:00,0,0,102027.31179999994,0.0
C,2025-05-13,2025-05-13 14:30:00,0,0,102027.31179999994,0.0
C,2025-05-13,2025-05-13 15:00:00,0,0,102027.31179999994,0.0
C,2025-05-13,2025-05-13 15:30:00,0,0,102027.31179999994,0.0
C,2025-05-13,2025-05-13 16:00:00,0,0,102027.31179999994,0.0
C,2025-05-14,2025-05-14 10:00:00,0,0,102027.31179999994,0.0
C,2025-05-14,2025-05-14 10:30:00,0,0,102027.31179999994,0.0
C,2025-05-14,2025-05-14 11:00:00,0,0,102027.31179999994,0.0
C,2025-05-14,2025-05-14 11:30:00,0,0,102027.31179999994,0.0
C,2025-05-14,2025-05-14 12:00:00,0,0,102027.31179999994,0.0
C,2025-05-14,2025-05-14 12:30:00,0,0,102027.31179999994,0.0
C,2025-05-14,2025-05-14 13:00:00,0,0,102027.31179999994,0.0
C,2025-05-14,2025-05-14 13:30:00,0,0,102027.31179999994,0.0
C,2025-05-14,2025-05-14 14:00:00,0,0,102027.31179999994,0.0
C,2025-05-14,2025-05-14 14:30:00,0,0,102027.31179999994,0.0
C,2025-05-14,2025-05-14 15:00:00,0,0,102027.31179999994,0.0
C,2025-05-14,2025-05-14 15:30:00,0,0,102027.31179999994,0.0
C,2025-05-14,2025-05-14 16:00:00,0,0,102027.31179999994,0.0
C,2025-05-15,2025-05-15 10:00:00,0,0,102027.31179999994,0.0
C,2025-05-15,2025-05-15 10:30:00,0,0,102027.31179999994,0.0
C,2025-05-15,2025-05-15 11:00:00,0,0,102027.31179999994,0.0
C,2025-05-15,2025-05-15 11:30:00,0,0,102027.31179999994,0.0
C,2025-05-15,2025-05-15 12:00:00,0,0,102027.31179999994,0.0
C,2025-05-15,2025-05-15 12:30:00,0,0,102027.31179999994,0.0
C,2025-05-15,2025-05-15 13:00:00,0,0,102027.31179999994,0.0
C,2025-05-15,2025-05-15 13:30:00,0,0,102027.31179999994,0.0
C,2025-05-15,2025-05-15 14:00:00,0,0,102027.31179999994,0.0
C,2025-05-15,2025-05-15 14:30:00,0,0,102027.31179999994,0.0
C,2025-05-15,2025-05-15 15:00:00,0,0,102027.31179999994,0.0
C,2025-05-15,2025-05-15 15:30:00,0,0,102027.31179999994,0.0
C,2025-05-15,2025-05-15 16:00:00,0,0,102027.31179999994,0.0
C,2025-05-16,2025-05-16 10:00:00,0,0,102027.31179999994,0.0
C,2025-05-16,2025-05-16 10:30:00,0,0,102027.31179999994,0.0
C,2025-05-16,2025-05-16 11:00:00,0,0,102027.31179999994,0.0
C,2025-05-16,2025-05-16 11:30:00,0,0,102027.31179999994,0.0
C,2025-05-16,2025-05-16 12:00:00,0,0,102027.31179999994,0.0
C,2025-05-16,2025-05-16 12:30:00,0,0,102027.31179999994,0.0
C,2025-05-16,2025-05-16 13:00:00,0,0,102027.31179999994,0.0
C,2025-05-16,2025-05-16 13:30:00,0,0,102027.31179999994,0.0
C,2025-05-16,2025-05-16 14:00:00,0,0,102027.31179999994,0.0
C,2025-05-16,2025-05-16 14:30:00,0,0,102027.31179999994,0.0
C,2025-05-16,2025-05-16 15:00:00,0,0,102027.31179999994,0.0
C,2025-05-16,2025-05-16 15:30:00,1,349,102025.74129999994,2.0195936797373717
C,2025-05-16,2025-05-16 16:00:00,0,0,102166.45809999993,0.0
C,2025-05-19,2025-05-19 10:00:00,0,0,102166.45809999993,0.0
C,2025-05-19,2025-05-19 10:30:00,0,0,102166.45809999993,0.0
C,2025-05-19,2025-05-19 11:00:00,0,0,102166.45809999993,0.0
C,2025-05-19,2025-05-19 11:30:00,0,0,102166.45809999993,0.0
C,2025-05-19,2025-05-19 12:00:00,0,0,102166.45809999993,0.0
C,2025-05-19,2025-05-19 12:30:00,0,0,102166.45809999993,0.0
C,2025-05-19,2025-05-19 13:00:00,0,0,102166.45809999993,0.0
C,2025-05-19,2025-05-19 13:30:00,0,0,102166.45809999993,0.0
C,2025-05-19,2025-05-19 14:00:00,0,0,102166.45809999993,0.0
C,2025-05-19,2025-05-19 14:30:00,0,0,102166.45809999993,0.0
C,2025-05-19,2025-05-19 15:00:00,0,0,102166.45809999993,0.0
C,2025-05-19,2025-05-19 15:30:00,0,0,102166.45809999993,0.0
C,2025-05-19,2025-05-19 16:00:00,0,0,102166.45809999993,0.0
C,2025-05-20,2025-05-20 10:00:00,0,0,102166.45809999993,0.0
C,2025-05-20,2025-05-20 10:30:00,0,0,102166.45809999993,0.0
C,2025-05-20,2025-05-20 11:00:00,0,0,102166.45809999993,0.0
C,2025-05-20,2025-05-20 11:30:00,0,0,102166.45809999993,0.0
C,2025-05-20,2025-05-20 12:00:00,0,0,102166.45809999993,0.0
C,2025-05-20,2025-05-20 12:30:00,0,0,102166.45809999993,0.0
C,2025-05-20,2025-05-20 13:00:00,0,0,102166.45809999993,0.0
C,2025-05-20,2025-05-20 13:30:00,0,0,102166.45809999993,0.0
C,2025-05-20,2025-05-20 14:00:00,0,0,102166.45809999993,0.0
C,2025-05-20,2025-05-20 14:30:00,0,0,102166.45809999993,0.0
C,2025-05-20,2025-05-20 15:00:00,0,0,102166.45809999993,0.0
C,2025-05-20,2025-05-20 15:30:00,0,0,102166.45809999993,0.0
C,2025-05-20,2025-05-20 16:00:00,0,0,102166.45809999993,0.0
C,2025-05-21,2025-05-21 10:00:00,0,0,102166.45809999993,0.0
C,2025-05-21,2025-05-21 10:30:00,0,0,102166.45809999993,0.0
C,2025-05-21,2025-05-21 11:00:00,0,0,102166.45809999993,0.0
C,2025-05-21,2025-05-21 11:30:00,0,0,102166.45809999993,0.0
C,2025-05-21,2025-05-21 12:00:00,0,0,102166.45809999993,0.0
C,2025-05-21,2025-05-21 12:30:00,0,0,102166.45809999993,0.0
C,2025-05-21,2025-05-21 13:00:00,0,0,102166.45809999993,0.0
C,2025-05-21,2025-05-21 13:30:00,-1,-344,102164.91009999994,1.95674571048245
C,2025-05-21,2025-05-21 14:00:00,-1,-344,101535.56209999992,1.9750725110724547
C,2025-05-21,2025-05-21 14:30:00,-1,-344,101915.20049999993,1.9639902410828318
C,2025-05-21,2025-05-21 15:00:00,-1,-344,102308.56449999993,1.9525940587310278
C,2025-05-21,2025-05-21 15:30:00,-1,-344,102903.71889999993,1.9355174227818908
C,2025-05-21,2025-05-21 16:00:00,0,0,102714.03729999991,0.0
C,2025-05-22,2025-05-22 10:00:00,0,0,102714.03729999991,0.0
C,2025-05-22,2025-05-22 10:30:00,0,0,102714.03729999991,0.0
C,2025-05-22,2025-05-22 11:00:00,0,0,102714.03729999991,0.0
C,2025-05-22,2025-05-22 11:30:00,0,0,102714.03729999991,0.0
C,2025-05-22,2025-05-22 12:00:00,0,0,102714.03729999991,0.0
C,2025-05-22,2025-05-22 12:30:00,0,0,102714.03729999991,0.0
C,2025-05-22,2025-05-22 13:00:00,0,0,102714.03729999991,0.0
C,2025-05-22,2025-05-22 13:30:00,0,0,102714.03729999991,0.0
C,2025-05-22,2025-05-22 14:00:00,0,0,102714.03729999991,0.0
C,2025-05-22,2025-05-22 14:30:00,0,0,102714.03729999991,0.0
C,2025-05-22,2025-05-22 15:00:00,0,0,102714.03729999991,0.0
C,2025-05-22,2025-05-22 15:30:00,0,0,102714.03729999991,0.0
C,2025-05-22,2025-05-22 16:00:00,0,0,102714.03729999991,0.0
C,2025-05-23,2025-05-23 10:00:00,0,0,102714.03729999991,0.0
C,2025-05-23,2025-05-23 10:30:00,0,0,102714.03729999991,0.0
C,2025-05-23,2025-05-23 11:00:00,0,0,102714.03729999991,0.0
C,2025-05-23,2025-05-23 11:30:00,0,0,102714.03729999991,0.0
C,2025-05-23,2025-05-23 12:00:00,0,0,102714.03729999991,0.0
C,2025-05-23,2025-05-23 12:30:00,0,0,102714.03729999991,0.0
C,2025-05-23,2025-05-23 13:00:00,0,0,102714.03729999991,0.0
C,2025-05-23,2025-05-23 13:30:00,0,0,102714.03729999991,0.0
C,2025-05-23,2025-05-23 14:00:00,0,0,102714.03729999991,0.0
C,2025-05-23,2025-05-23 14:30:00,0,0,102714.03729999991,0.0
C,2025-05-23,2025-05-23 15:00:00,0,0,102714.03729999991,0.0
C,2025-05-23,2025-05-23 15:30:00,0,0,102714.03729999991,0.0
C,2025-05-23,2025-05-23 16:00:00,0,0,102714.03729999991,0.0
C,2025-05-27,2025-05-27 10:00:00,0,0,102714.03729999991,0.0
C,2025-05-27,2025-05-27 10:30:00,1,315,102712.61979999991,1.792628445837774
C,2025-05-27,2025-05-27 11:00:00,1,315,102770.83179999991,1.7921794810266405
C,2025-05-27,2025-05-27 11:30:00,1,315,103001.03379999989,1.7904090007298568
C,2025-05-27,2025-05-27 12:00:00,1,315,103054.26879999989,1.7900006971860654
C,2025-05-27,2025-05-27 12:30:00,1,315,103176.42579999991,1.7890653661313414
C,2025-05-27,2025-05-27 13:00:00,1,315,103360.66929999989,1.7876588333972814
C,2025-05-27,2025-05-27 13:30:00,1,315,103430.1267999999,1.7871298887356695
C,2025-05-27,2025-05-27 14:00:00,1,315,103688.52129999989,1.7851683405190983
C,2025-05-27,2025-05-27 14:30:00,1,315,103592.98179999988,1.7858924686343973
C,2025-05-27,2025-05-27 15:00:00,1,315,103483.39329999988,1.7867247256183685
C,2025-05-27,2025-05-27 15:30:00,1,315,103477.12479999989,1.7867723843057552
C,2025-05-27,2025-05-27 16:00:00,0,0,103735.64529999989,0.0
C,2025-05-28,2025-05-28 10:00:00,0,0,103735.64529999989,0.0
C,2025-05-28,2025-05-28 10:30:00,0,0,103735.64529999989,0.0
C,2025-05-28,2025-05-28 11:00:00,-1,-299,103734.29979999989,1.6890165281667058
C,2025-05-28,2025-05-28 11:30:00,0,0,103731.48919999988,0.0
C,2025-05-28,2025-05-28 12:00:00,-1,-299,103730.14369999988,1.6883534925634178
C,2025-05-28,2025-05-28 12:30:00,0,0,103508.8238999999,0.0
C,2025-05-28,2025-05-28 13:00:00,0,0,103508.8238999999,0.0
C,2025-05-28,2025-05-28 13:30:00,0,0,103508.8238999999,0.0
C,2025-05-28,2025-05-28 14:00:00,0,0,103508.8238999999,0.0
C,2025-05-28,2025-05-28 14:30:00,0,0,103508.8238999999,0.0
C,2025-05-28,2025-05-28 15:00:00,0,0,103508.8238999999,0.0
C,2025-05-28,2025-05-28 15:30:00,0,0,103508.8238999999,0.0
C,2025-05-28,2025-05-28 16:00:00,0,0,103508.8238999999,0.0
C,2025-05-29,2025-05-29 10:00:00,0,0,103508.8238999999,0.0
C,2025-05-29,2025-05-29 10:30:00,0,0,103508.8238999999,0.0
C,2025-05-29,2025-05-29 11:00:00,0,0,103508.8238999999,0.0
C,2025-05-29,2025-05-29 11:30:00,0,0,103508.8238999999,0.0
C,2025-05-29,2025-05-29 12:00:00,0,0,103508.8238999999,0.0
C,2025-05-29,2025-05-29 12:30:00,0,0,103508.8238999999,0.0
C,2025-05-29,2025-05-29 13:00:00,0,0,103508.8238999999,0.0
C,2025-05-29,2025-05-29 13:30:00,0,0,103508.8238999999,0.0
C,2025-05-29,2025-05-29 14:00:00,0,0,103508.8238999999,0.0
C,2025-05-29,2025-05-29 14:30:00,0,0,103508.8238999999,0.0
C,2025-05-29,2025-05-29 15:00:00,0,0,103508.8238999999,0.0
C,2025-05-29,2025-05-29 15:30:00,0,0,103508.8238999999,0.0
C,2025-05-29,2025-05-29 16:00:00,0,0,103508.8238999999,0.0
C,2025-05-30,2025-05-30 10:00:00,0,0,103508.8238999999,0.0
C,2025-05-30,2025-05-30 10:30:00,0,0,103508.8238999999,0.0
C,2025-05-30,2025-05-30 11:00:00,0,0,103508.8238999999,0.0
C,2025-05-30,2025-05-30 11:30:00,0,0,103508.8238999999,0.0
C,2025-05-30,2025-05-30 12:00:00,0,0,103508.8238999999,0.0
C,2025-05-30,2025-05-30 12:30:00,-1,-294,103507.5008999999,1.652394310681306
C,2025-05-30,2025-05-30 13:00:00,-1,-294,103811.52629999988,1.6446264329705766
C,2025-05-30,2025-05-30 13:30:00,0,0,103272.30089999989,0.0
C,2025-05-30,2025-05-30 14:00:00,0,0,103272.30089999989,0.0
C,2025-05-30,2025-05-30 14:30:00,0,0,103272.30089999989,0.0
C,2025-05-30,2025-05-30 15:00:00,0,0,103272.30089999989,0.0
C,2025-05-30,2025-05-30 15:30:00,0,0,103272.30089999989,0.0
C,2025-05-30,2025-05-30 16:00:00,0,0,103272.30089999989,0.0
C,2025-06-02,2025-06-02 10:00:00,0,0,103272.30089999989,0.0
C,2025-06-02,2025-06-02 10:30:00,0,0,103272.30089999989,0.0
C,2025-06-02,2025-06-02 11:00:00,0,0,103272.30089999989,0.0
C,2025-06-02,2025-06-02 11:30:00,0,0,103272.30089999989,0.0
C,2025-06-02,2025-06-02 12:00:00,0,0,103272.30089999989,0.0
C,2025-06-02,2025-06-02 12:30:00,0,0,103272.30089999989,0.0
C,2025-06-02,2025-06-02 13:00:00,0,0,103272.30089999989,0.0
C,2025-06-02,2025-06-02 13:30:00,0,0,103272.30089999989,0.0
C,2025-06-02,2025-06-02 14:00:00,0,0,103272.30089999989,0.0
C,2025-06-02,2025-06-02 14:30:00,0,0,103272.30089999989,0.0
C,2025-06-02,2025-06-02 15:00:00,0,0,103272.30089999989,0.0
C,2025-06-02,2025-06-02 15:30:00,1,294,103270.97789999988,1.676615989515097
C,2025-06-02,2025-06-02 16:00:00,0,0,103386.57869999988,0.0
C,2025-06-03,2025-06-03 10:00:00,0,0,103386.57869999988,0.0
C,2025-06-03,2025-06-03 10:30:00,1,411,103384.72919999989,2.3472898210193334
C,2025-06-03,2025-06-03 11:00:00,1,411,103619.69789999987,2.3442346978701267
C,2025-06-03,2025-06-03 11:30:00,1,411,103844.47379999989,2.3413250431435113
C,2025-06-03,2025-06-03 12:00:00,1,411,104118.2408999999,2.3377981811446475
C,2025-06-03,2025-06-03 12:30:00,1,411,104291.9294999999,2.335570201527437
C,2025-06-03,2025-06-03 13:00:00,1,411,104481.9758999999,2.333140880043409
C,2025-06-03,2025-06-03 13:30:00,1,411,104573.91659999991,2.3319687913458167
C,2025-06-03,2025-06-03 14:00:00,1,411,104326.70009999991,2.335125075042992
C,2025-06-03,2025-06-03 14:30:00,1,411,104338.94789999987,2.3349683517366606
C,2025-06-03,2025-06-03 15:00:00,1,411,104416.54469999988,2.3339762745472297
C,2025-06-03,2025-06-03 15:30:00,1,411,104359.33349999989,2.334707578407448
C,2025-06-03,2025-06-03 16:00:00,0,0,104304.3827999999,0.0
C,2025-06-04,2025-06-04 10:00:00,0,0,104304.3827999999,0.0
C,2025-06-04,2025-06-04 10:30:00,0,0,104304.3827999999,0.0
C,2025-06-04,2025-06-04 11:00:00,0,0,104304.3827999999,0.0
C,2025-06-04,2025-06-04 11:30:00,0,0,104304.3827999999,0.0
C,2025-06-04,2025-06-04 12:00:00,0,0,104304.3827999999,0.0
C,2025-06-04,2025-06-04 12:30:00,0,0,104304.3827999999,0.0
C,2025-06-04,2025-06-04 13:00:00,0,0,104304.3827999999,0.0
C,2025-06-04,2025-06-04 13:30:00,0,0,104304.3827999999,0.0
C,2025-06-04,2025-06-04 14:00:00,0,0,104304.3827999999,0.0
C,2025-06-04,2025-06-04 14:30:00,0,0,104304.3827999999,0.0
C,2025-06-04,2025-06-04 15:00:00,0,0,104304.3827999999,0.0
C,2025-06-04,2025-06-04 15:30:00,0,0,104304.3827999999,0.0
C,2025-06-04,2025-06-04 16:00:00,0,0,104304.3827999999,0.0
C,2025-06-05,2025-06-05 10:00:00,0,0,104304.3827999999,0.0
C,2025-06-05,2025-06-05 10:30:00,0,0,104304.3827999999,0.0
C,2025-06-05,2025-06-05 11:00:00,1,415,104302.51529999991,2.3632243699112423
C,2025-06-05,2025-06-05 11:30:00,1,415,104847.16129999992,2.356142874418482
C,2025-06-05,2025-06-05 12:00:00,1,415,104888.45379999989,2.355608987917031
C,2025-06-05,2025-06-05 12:30:00,1,415,104525.32879999989,2.3603184255183156
C,2025-06-05,2025-06-05 13:00:00,0,0,103194.79729999989,0.0
C,2025-06-05,2025-06-05 13:30:00,0,0,103194.79729999989,0.0
C,2025-06-05,2025-06-05 14:00:00,0,0,103194.79729999989,0.0
C,2025-06-05,2025-06-05 14:30:00,0,0,103194.79729999989,0.0
C,2025-06-05,2025-06-05 15:00:00,0,0,103194.79729999989,0.0
C,2025-06-05,2025-06-05 15:30:00,0,0,103194.79729999989,0.0
C,2025-06-05,2025-06-05 16:00:00,0,0,103194.79729999989,0.0
C,2025-06-06,2025-06-06 10:00:00,0,0,103194.79729999989,0.0
C,2025-06-06,2025-06-06 10:30:00,0,0,103194.79729999989,0.0
C,2025-06-06,2025-06-06 11:00:00,0,0,103194.79729999989,0.0
C,2025-06-06,2025-06-06 11:30:00,0,0,103194.79729999989,0.0
C,2025-06-06,2025-06-06 12:00:00,0,0,103194.79729999989,0.0
C,2025-06-06,2025-06-06 12:30:00,0,0,103194.79729999989,0.0
C,2025-06-06,2025-06-06 13:00:00,0,0,103194.79729999989,0.0
C,2025-06-06,2025-06-06 13:30:00,0,0,103194.79729999989,0.0
C,2025-06-06,2025-06-06 14:00:00,0,0,103194.79729999989,0.0
C,2025-06-06,2025-06-06 14:30:00,0,0,103194.79729999989,0.0
C,2025-06-06,2025-06-06 15:00:00,0,0,103194.79729999989,0.0
C,2025-06-06,2025-06-06 15:30:00,0,0,103194.79729999989,0.0
C,2025-06-06,2025-06-06 16:00:00,0,0,103194.79729999989,0.0
C,2025-06-09,2025-06-09 10:00:00,0,0,103194.79729999989,0.0
C,2025-06-09,2025-06-09 10:30:00,0,0,103194.79729999989,0.0
C,2025-06-09,2025-06-09 11:00:00,0,0,103194.79729999989,0.0
C,2025-06-09,2025-06-09 11:30:00,0,0,103194.79729999989,0.0
C,2025-06-09,2025-06-09 12:00:00,0,0,103194.79729999989,0.0
C,2025-06-09,2025-06-09 12:30:00,0,0,103194.79729999989,0.0
C,2025-06-09,2025-06-09 13:00:00,0,0,103194.79729999989,0.0
C,2025-06-09,2025-06-09 13:30:00,0,0,103194.79729999989,0.0
C,2025-06-09,2025-06-09 14:00:00,0,0,103194.79729999989,0.0
C,2025-06-09,2025-06-09 14:30:00,0,0,103194.79729999989,0.0
C,2025-06-09,2025-06-09 15:00:00,0,0,103194.79729999989,0.0
C,2025-06-09,2025-06-09 15:30:00,0,0,103194.79729999989,0.0
C,2025-06-09,2025-06-09 16:00:00,0,0,103194.79729999989,0.0
C,2025-06-10,2025-06-10 10:00:00,0,0,103194.79729999989,0.0
C,2025-06-10,2025-06-10 10:30:00,0,0,103194.79729999989,0.0
C,2025-06-10,2025-06-10 11:00:00,0,0,103194.79729999989,0.0
C,2025-06-10,2025-06-10 11:30:00,0,0,103194.79729999989,0.0
C,2025-06-10,2025-06-10 12:00:00,0,0,103194.79729999989,0.0
C,2025-06-10,2025-06-10 12:30:00,0,0,103194.79729999989,0.0
C,2025-06-10,2025-06-10 13:00:00,0,0,103194.79729999989,0.0
C,2025-06-10,2025-06-10 13:30:00,0,0,103194.79729999989,0.0
C,2025-06-10,2025-06-10 14:00:00,0,0,103194.79729999989,0.0
C,2025-06-10,2025-06-10 14:30:00,0,0,103194.79729999989,0.0
C,2025-06-10,2025-06-10 15:00:00,0,0,103194.79729999989,0.0
C,2025-06-10,2025-06-10 15:30:00,0,0,103194.79729999989,0.0
C,2025-06-10,2025-06-10 16:00:00,0,0,103194.79729999989,0.0
C,2025-06-11,2025-06-11 10:00:00,0,0,103194.79729999989,0.0
C,2025-06-11,2025-06-11 10:30:00,0,0,103194.79729999989,0.0
C,2025-06-11,2025-06-11 11:00:00,0,0,103194.79729999989,0.0
C,2025-06-11,2025-06-11 11:30:00,0,0,103194.79729999989,0.0
C,2025-06-11,2025-06-11 12:00:00,0,0,103194.79729999989,0.0
C,2025-06-11,2025-06-11 12:30:00,0,0,103194.79729999989,0.0
C,2025-06-11,2025-06-11 13:00:00,0,0,103194.79729999989,0.0
C,2025-06-11,2025-06-11 13:30:00,0,0,103194.79729999989,0.0
C,2025-06-11,2025-06-11 14:00:00,0,0,103194.79729999989,0.0
C,2025-06-11,2025-06-11 14:30:00,-1,-388,103193.05129999989,2.2452654309680273
C,2025-06-11,2025-06-11 15:00:00,0,0,103129.6132999999,0.0
C,2025-06-11,2025-06-11 15:30:00,0,0,103129.6132999999,0.0
C,2025-06-11,2025-06-11 16:00:00,0,0,103129.6132999999,0.0
C,2025-06-12,2025-06-12 10:00:00,0,0,103129.6132999999,0.0
C,2025-06-12,2025-06-12 10:30:00,0,0,103129.6132999999,0.0
C,2025-06-12,2025-06-12 11:00:00,0,0,103129.6132999999,0.0
C,2025-06-12,2025-06-12 11:30:00,0,0,103129.6132999999,0.0
C,2025-06-12,2025-06-12 12:00:00,0,0,103129.6132999999,0.0
C,2025-06-12,2025-06-12 12:30:00,0,0,103129.6132999999,0.0
C,2025-06-12,2025-06-12 13:00:00,0,0,103129.6132999999,0.0
C,2025-06-12,2025-06-12 13:30:00,0,0,103129.6132999999,0.0
C,2025-06-12,2025-06-12 14:00:00,0,0,103129.6132999999,0.0
C,2025-06-12,2025-06-12 14:30:00,0,0,103129.6132999999,0.0
C,2025-06-12,2025-06-12 15:00:00,0,0,103129.6132999999,0.0
C,2025-06-12,2025-06-12 15:30:00,0,0,103129.6132999999,0.0
C,2025-06-12,2025-06-12 16:00:00,0,0,103129.6132999999,0.0
C,2025-06-13,2025-06-13 10:00:00,0,0,103129.6132999999,0.0
C,2025-06-13,2025-06-13 10:30:00,-1,-475,103127.4757999999,2.7333793958719226
C,2025-06-13,2025-06-13 11:00:00,0,0,102013.0782999999,0.0
C,2025-06-13,2025-06-13 11:30:00,0,0,102013.0782999999,0.0
C,2025-06-13,2025-06-13 12:00:00,0,0,102013.0782999999,0.0
C,2025-06-13,2025-06-13 12:30:00,0,0,102013.0782999999,0.0
C,2025-06-13,2025-06-13 13:00:00,0,0,102013.0782999999,0.0
C,2025-06-13,2025-06-13 13:30:00,0,0,102013.0782999999,0.0
C,2025-06-13,2025-06-13 14:00:00,0,0,102013.0782999999,0.0
C,2025-06-13,2025-06-13 14:30:00,0,0,102013.0782999999,0.0
C,2025-06-13,2025-06-13 15:00:00,0,0,102013.0782999999,0.0
C,2025-06-13,2025-06-13 15:30:00,0,0,102013.0782999999,0.0
C,2025-06-13,2025-06-13 16:00:00,0,0,102013.0782999999,0.0
C,2025-06-16,2025-06-16 10:00:00,0,0,102013.0782999999,0.0
C,2025-06-16,2025-06-16 10:30:00,0,0,102013.0782999999,0.0
C,2025-06-16,2025-06-16 11:00:00,0,0,102013.0782999999,0.0
C,2025-06-16,2025-06-16 11:30:00,0,0,102013.0782999999,0.0
C,2025-06-16,2025-06-16 12:00:00,0,0,102013.0782999999,0.0
C,2025-06-16,2025-06-16 12:30:00,0,0,102013.0782999999,0.0
C,2025-06-16,2025-06-16 13:00:00,0,0,102013.0782999999,0.0
C,2025-06-16,2025-06-16 13:30:00,0,0,102013.0782999999,0.0
C,2025-06-16,2025-06-16 14:00:00,0,0,102013.0782999999,0.0
C,2025-06-16,2025-06-16 14:30:00,0,0,102013.0782999999,0.0
C,2025-06-16,2025-06-16 15:00:00,0,0,102013.0782999999,0.0
C,2025-06-16,2025-06-16 15:30:00,0,0,102013.0782999999,0.0
C,2025-06-16,2025-06-16 16:00:00,0,0,102013.0782999999,0.0
C,2025-06-17,2025-06-17 10:00:00,0,0,102013.0782999999,0.0
C,2025-06-17,2025-06-17 10:30:00,0,0,102013.0782999999,0.0
C,2025-06-17,2025-06-17 11:00:00,0,0,102013.0782999999,0.0
C,2025-06-17,2025-06-17 11:30:00,0,0,102013.0782999999,0.0
C,2025-06-17,2025-06-17 12:00:00,0,0,102013.0782999999,0.0
C,2025-06-17,2025-06-17 12:30:00,0,0,102013.0782999999,0.0
C,2025-06-17,2025-06-17 13:00:00,0,0,102013.0782999999,0.0
C,2025-06-17,2025-06-17 13:30:00,-1,-557,102010.5717999999,3.250981813435932
C,2025-06-17,2025-06-17 14:00:00,-1,-557,102497.9467999999,3.2307685084283104
C,2025-06-17,2025-06-17 14:30:00,-1,-557,102808.08439999988,3.2180056950852047
C,2025-06-17,2025-06-17 15:00:00,-1,-557,102376.0751999999,3.2358049442004813
C,2025-06-17,2025-06-17 15:30:00,-1,-557,102309.62509999987,3.238556099449537
C,2025-06-17,2025-06-17 16:00:00,0,0,102716.90349999991,0.0
C,2025-06-18,2025-06-18 10:00:00,0,0,102716.90349999991,0.0
C,2025-06-18,2025-06-18 10:30:00,1,537,102714.4869999999,3.122813714680776
C,2025-06-18,2025-06-18 11:00:00,1,537,102772.1070999999,3.121623540206663
C,2025-06-18,2025-06-18 11:30:00,0,0,102390.67599999988,0.0
C,2025-06-18,2025-06-18 12:00:00,0,0,102390.67599999988,0.0
C,2025-06-18,2025-06-18 12:30:00,0,0,102390.67599999988,0.0
C,2025-06-18,2025-06-18 13:00:00,0,0,102390.67599999988,0.0
C,2025-06-18,2025-06-18 13:30:00,0,0,102390.67599999988,0.0
C,2025-06-18,2025-06-18 14:00:00,0,0,102390.67599999988,0.0
C,2025-06-18,2025-06-18 14:30:00,0,0,102390.67599999988,0.0
C,2025-06-18,2025-06-18 15:00:00,0,0,102390.67599999988,0.0
C,2025-06-18,2025-06-18 15:30:00,0,0,102390.67599999988,0.0
C,2025-06-18,2025-06-18 16:00:00,0,0,102390.67599999988,0.0
C,2025-06-20,2025-06-20 10:00:00,0,0,102390.67599999988,0.0
C,2025-06-20,2025-06-20 10:30:00,0,0,102390.67599999988,0.0
C,2025-06-20,2025-06-20 11:00:00,-1,-539,102388.25049999988,3.119594108114977
C,2025-06-20,2025-06-20 11:30:00,0,0,101915.54749999984,0.0
C,2025-06-20,2025-06-20 12:00:00,0,0,101915.54749999984,0.0
C,2025-06-20,2025-06-20 12:30:00,0,0,101915.54749999984,0.0
C,2025-06-20,2025-06-20 13:00:00,0,0,101915.54749999984,0.0
C,2025-06-20,2025-06-20 13:30:00,-1,-539,101913.12199999984,3.129496480345293
C,2025-06-20,2025-06-20 14:00:00,0,0,101572.0427999998,0.0
C,2025-06-20,2025-06-20 14:30:00,0,0,101572.0427999998,0.0
C,2025-06-20,2025-06-20 15:00:00,-1,-539,101569.61729999981,3.1407686016751453
C,2025-06-20,2025-06-20 15:30:00,0,0,101583.30789999981,0.0
C,2025-06-20,2025-06-20 16:00:00,0,0,101583.30789999981,0.0
C,2025-06-23,2025-06-23 10:00:00,0,0,101583.30789999981,0.0
C,2025-06-23,2025-06-23 10:30:00,0,0,101583.30789999981,0.0
C,2025-06-23,2025-06-23 11:00:00,0,0,101583.30789999981,0.0
C,2025-06-23,2025-06-23 11:30:00,0,0,101583.30789999981,0.0
C,2025-06-23,2025-06-23 12:00:00,0,0,101583.30789999981,0.0
C,2025-06-23,2025-06-23 12:30:00,0,0,101583.30789999981,0.0
C,2025-06-23,2025-06-23 13:00:00,0,0,101583.30789999981,0.0
C,2025-06-23,2025-06-23 13:30:00,0,0,101583.30789999981,0.0
C,2025-06-23,2025-06-23 14:00:00,0,0,101583.30789999981,0.0
C,2025-06-23,2025-06-23 14:30:00,0,0,101583.30789999981,0.0
C,2025-06-23,2025-06-23 15:00:00,0,0,101583.30789999981,0.0
C,2025-06-23,2025-06-23 15:30:00,1,532,101580.91389999981,3.129560566003144
C,2025-06-23,2025-06-23 16:00:00,0,0,102071.94989999976,0.0
C,2025-06-24,2025-06-24 10:00:00,0,0,102071.94989999976,0.0
C,2025-06-24,2025-06-24 10:30:00,0,0,102071.94989999976,0.0
C,2025-06-24,2025-06-24 11:00:00,0,0,102071.94989999976,0.0
C,2025-06-24,2025-06-24 11:30:00,1,502,102069.69089999975,2.971114711193867
C,2025-06-24,2025-06-24 12:00:00,1,502,102072.15069999977,2.9710672100103084
C,2025-06-24,2025-06-24 12:30:00,1,502,102430.12689999974,2.964178659042555
C,2025-06-24,2025-06-24 13:00:00,1,502,102500.20609999978,2.9628357537517256
C,2025-06-24,2025-06-24 13:30:00,1,502,102355.02769999976,2.9656198021819375
C,2025-06-24,2025-06-24 14:00:00,1,502,102770.53309999978,2.9576727222406585
C,2025-06-24,2025-06-24 14:30:00,1,502,102685.44409999973,2.959294923086385
C,2025-06-24,2025-06-24 15:00:00,1,502,102838.15249999975,2.9563854893250903
C,2025-06-24,2025-06-24 15:30:00,1,502,102920.73149999975,2.9548157729524176
C,2025-06-24,2025-06-24 16:00:00,0,0,102568.07649999975,0.0
C,2025-06-25,2025-06-25 10:00:00,0,0,102568.07649999975,0.0
C,2025-06-25,2025-06-25 10:30:00,0,0,102568.07649999975,0.0
C,2025-06-25,2025-06-25 11:00:00,0,0,102568.07649999975,0.0
C,2025-06-25,2025-06-25 11:30:00,0,0,102568.07649999975,0.0
C,2025-06-25,2025-06-25 12:00:00,0,0,102568.07649999975,0.0
C,2025-06-25,2025-06-25 12:30:00,0,0,102568.07649999975,0.0
C,2025-06-25,2025-06-25 13:00:00,0,0,102568.07649999975,0.0
C,2025-06-25,2025-06-25 13:30:00,0,0,102568.07649999975,0.0
C,2025-06-25,2025-06-25 14:00:00,0,0,102568.07649999975,0.0
C,2025-06-25,2025-06-25 14:30:00,0,0,102568.07649999975,0.0
C,2025-06-25,2025-06-25 15:00:00,0,0,102568.07649999975,0.0
C,2025-06-25,2025-06-25 15:30:00,0,0,102568.07649999975,0.0
C,2025-06-25,2025-06-25 16:00:00,0,0,102568.07649999975,0.0
C,2025-06-26,2025-06-26 10:00:00,0,0,102568.07649999975,0.0
C,2025-06-26,2025-06-26 10:30:00,0,0,102568.07649999975,0.0
C,2025-06-26,2025-06-26 11:00:00,0,0,102568.07649999975,0.0
C,2025-06-26,2025-06-26 11:30:00,0,0,102568.07649999975,0.0
C,2025-06-26,2025-06-26 12:00:00,0,0,102568.07649999975,0.0
C,2025-06-26,2025-06-26 12:30:00,1,471,102565.95699999975,2.7975527103988385
C,2025-06-26,2025-06-26 13:00:00,1,471,102542.45409999976,2.797964712451725
C,2025-06-26,2025-06-26 13:30:00,1,471,102725.62599999973,2.7947587294333034
C,2025-06-26,2025-06-26 14:00:00,1,471,102753.83889999976,2.7942659463986286
C,2025-06-26,2025-06-26 14:30:00,1,471,102967.53159999973,2.7905422334121557
C,2025-06-26,2025-06-26 15:00:00,1,471,102829.85829999975,2.792939492944927
C,2025-06-26,2025-06-26 15:30:00,1,471,102897.06999999973,2.791768356475075
C,2025-06-26,2025-06-26 16:00:00,0,0,103024.09869999971,0.0
C,2025-06-27,2025-06-27 10:00:00,0,0,103024.09869999971,0.0
C,2025-06-27,2025-06-27 10:30:00,0,0,103024.09869999971,0.0
C,2025-06-27,2025-06-27 11:00:00,0,0,103024.09869999971,0.0
C,2025-06-27,2025-06-27 11:30:00,0,0,103024.09869999971,0.0
C,2025-06-27,2025-06-27 12:00:00,1,474,103021.96569999971,2.825896627208316
C,2025-06-27,2025-06-27 12:30:00,1,474,103211.04429999972,2.822551655937472
C,2025-06-27,2025-06-27 13:00:00,0,0,103041.1152999997,0.0
C,2025-06-27,2025-06-27 13:30:00,0,0,103041.1152999997,0.0
C,2025-06-27,2025-06-27 14:00:00,0,0,103041.1152999997,0.0
C,2025-06-27,2025-06-27 14:30:00,0,0,103041.1152999997,0.0
C,2025-06-27,2025-06-27 15:00:00,0,0,103041.1152999997,0.0
C,2025-06-27,2025-06-27 15:30:00,0,0,103041.1152999997,0.0
C,2025-06-27,2025-06-27 16:00:00,0,0,103041.1152999997,0.0
C,2025-06-30,2025-06-30 10:00:00,0,0,103041.1152999997,0.0
C,2025-06-30,2025-06-30 10:30:00,0,0,103041.1152999997,0.0
C,2025-06-30,2025-06-30 11:00:00,0,0,103041.1152999997,0.0
C,2025-06-30,2025-06-30 11:30:00,0,0,103041.1152999997,0.0
C,2025-06-30,2025-06-30 12:00:00,0,0,103041.1152999997,0.0
C,2025-06-30,2025-06-30 12:30:00,0,0,103041.1152999997,0.0
C,2025-06-30,2025-06-30 13:00:00,0,0,103041.1152999997,0.0
C,2025-06-30,2025-06-30 13:30:00,0,0,103041.1152999997,0.0
C,2025-06-30,2025-06-30 14:00:00,0,0,103041.1152999997,0.0
C,2025-06-30,2025-06-30 14:30:00,0,0,103041.1152999997,0.0
C,2025-06-30,2025-06-30 15:00:00,0,0,103041.1152999997,0.0
C,2025-06-30,2025-06-30 15:30:00,0,0,103041.1152999997,0.0
C,2025-06-30,2025-06-30 16:00:00,0,0,103041.1152999997,0.0
C,2025-07-01,2025-07-01 10:00:00,0,0,103041.1152999997,0.0
C,2025-07-01,2025-07-01 10:30:00,0,0,103041.1152999997,0.0
C,2025-07-01,2025-07-01 11:00:00,0,0,103041.1152999997,0.0
C,2025-07-01,2025-07-01 11:30:00,0,0,103041.1152999997,0.0
C,2025-07-01,2025-07-01 12:00:00,0,0,103041.1152999997,0.0
C,2025-07-01,2025-07-01 12:30:00,0,0,103041.1152999997,0.0
C,2025-07-01,2025-07-01 13:00:00,0,0,103041.1152999997,0.0
C,2025-07-01,2025-07-01 13:30:00,0,0,103041.1152999997,0.0
C,2025-07-01,2025-07-01 14:00:00,0,0,103041.1152999997,0.0
C,2025-07-01,2025-07-01 14:30:00,0,0,103041.1152999997,0.0
C,2025-07-01,2025-07-01 15:00:00,0,0,103041.1152999997,0.0
C,2025-07-01,2025-07-01 15:30:00,0,0,103041.1152999997,0.0
C,2025-07-01,2025-07-01 16:00:00,0,0,103041.1152999997,0.0
C,2025-07-02,2025-07-02 10:00:00,0,0,103041.1152999997,0.0
C,2025-07-02,2025-07-02 10:30:00,1,495,103038.8877999997,2.96378444119814
C,2025-07-02,2025-07-02 11:00:00,1,495,103122.83979999974,2.962185730071417
C,2025-07-02,2025-07-02 11:30:00,1,495,103093.23879999974,2.9627491293832624
C,2025-07-02,2025-07-02 12:00:00,1,495,103342.47129999976,2.9580155395412993
C,2025-07-02,2025-07-02 12:30:00,1,495,103280.7942999997,2.9591848230005415
C,2025-07-02,2025-07-02 13:00:00,1,495,103482.35829999976,2.955368702686405
C,2025-07-02,2025-07-02 13:30:00,1,495,103441.22379999973,2.956146275794552
C,2025-07-02,2025-07-02 14:00:00,1,495,103433.79879999973,2.956286697844852
C,2025-07-02,2025-07-02 14:30:00,1,495,103502.9502999997,2.954979680419804
C,2025-07-02,2025-07-02 15:00:00,0,0,103627.93779999974,0.0
C,2025-07-02,2025-07-02 15:30:00,0,0,103627.93779999974,0.0
C,2025-07-02,2025-07-02 16:00:00,0,0,103627.93779999974,0.0
C,2025-07-03,2025-07-03 10:00:00,0,0,103627.93779999974,0.0
C,2025-07-03,2025-07-03 10:30:00,0,0,103627.93779999974,0.0
C,2025-07-03,2025-07-03 11:00:00,1,501,103625.68329999974,3.014784666804709
C,2025-07-03,2025-07-03 11:30:00,1,501,103670.67309999972,3.0139103138513414
C,2025-07-03,2025-07-03 12:00:00,1,501,103922.97669999972,3.009020954073584
C,2025-07-03,2025-07-03 12:30:00,1,501,103843.01709999975,3.010567909433371
C,2025-07-03,2025-07-03 13:00:00,0,0,103643.41869999973,0.0
C,2025-07-07,2025-07-07 10:00:00,0,0,103643.41869999973,0.0
C,2025-07-07,2025-07-07 10:30:00,0,0,103643.41869999973,0.0
C,2025-07-07,2025-07-07 11:00:00,-1,-490,103641.21369999973,2.933062438654178
C,2025-07-07,2025-07-07 11:30:00,-1,-490,103670.51569999973,2.9319507764347
C,2025-07-07,2025-07-07 12:00:00,-1,-490,103812.22369999975,2.9265835002049063
C,2025-07-07,2025-07-07 12:30:00,-1,-490,104383.90669999974,2.9050786427406314
C,2025-07-07,2025-07-07 13:00:00,-1,-490,104767.52769999971,2.890779649465765
C,2025-07-07,2025-07-07 13:30:00,-1,-490,104586.71769999976,2.8975060472712464
C,2025-07-07,2025-07-07 14:00:00,-1,-490,104652.67169999974,2.895049768710307
C,2025-07-07,2025-07-07 14:30:00,-1,-490,105659.27869999975,2.857941959431536
C,2025-07-07,2025-07-07 15:00:00,-1,-490,104591.66669999974,2.897321627632125
C,2025-07-07,2025-07-07 15:30:00,-1,-490,104931.18769999975,2.8847112439574603
C,2025-07-07,2025-07-07 16:00:00,0,0,104332.84869999975,0.0
C,2025-07-08,2025-07-08 10:00:00,0,0,104332.84869999975,0.0
C,2025-07-08,2025-07-08 10:30:00,0,0,104332.84869999975,0.0
C,2025-07-08,2025-07-08 11:00:00,0,0,104332.84869999975,0.0
C,2025-07-08,2025-07-08 11:30:00,0,0,104332.84869999975,0.0
C,2025-07-08,2025-07-08 12:00:00,0,0,104332.84869999975,0.0
C,2025-07-08,2025-07-08 12:30:00,0,0,104332.84869999975,0.0
C,2025-07-08,2025-07-08 13:00:00,0,0,104332.84869999975,0.0
C,2025-07-08,2025-07-08 13:30:00,0,0,104332.84869999975,0.0
C,2025-07-08,2025-07-08 14:00:00,0,0,104332.84869999975,0.0
C,2025-07-08,2025-07-08 14:30:00,0,0,104332.84869999975,0.0
C,2025-07-08,2025-07-08 15:00:00,0,0,104332.84869999975,0.0
C,2025-07-08,2025-07-08 15:30:00,0,0,104332.84869999975,0.0
C,2025-07-08,2025-07-08 16:00:00,0,0,104332.84869999975,0.0
C,2025-07-09,2025-07-09 10:00:00,0,0,104332.84869999975,0.0
C,2025-07-09,2025-07-09 10:30:00,0,0,104332.84869999975,0.0
C,2025-07-09,2025-07-09 11:00:00,0,0,104332.84869999975,0.0
C,2025-07-09,2025-07-09 11:30:00,0,0,104332.84869999975,0.0
C,2025-07-09,2025-07-09 12:00:00,0,0,104332.84869999975,0.0
C,2025-07-09,2025-07-09 12:30:00,0,0,104332.84869999975,0.0
C,2025-07-09,2025-07-09 13:00:00,0,0,104332.84869999975,0.0
C,2025-07-09,2025-07-09 13:30:00,0,0,104332.84869999975,0.0
C,2025-07-09,2025-07-09 14:00:00,0,0,104332.84869999975,0.0
C,2025-07-09,2025-07-09 14:30:00,0,0,104332.84869999975,0.0
C,2025-07-09,2025-07-09 15:00:00,0,0,104332.84869999975,0.0
C,2025-07-09,2025-07-09 15:30:00,0,0,104332.84869999975,0.0
C,2025-07-09,2025-07-09 16:00:00,0,0,104332.84869999975,0.0
C,2025-07-10,2025-07-10 10:00:00,0,0,104332.84869999975,0.0
C,2025-07-10,2025-07-10 10:30:00,0,0,104332.84869999975,0.0
C,2025-07-10,2025-07-10 11:00:00,0,0,104332.84869999975,0.0
C,2025-07-10,2025-07-10 11:30:00,1,643,104329.95519999975,3.8444464490674006
C,2025-07-10,2025-07-10 12:00:00,1,643,104445.30939999974,3.8413049116785043
C,2025-07-10,2025-07-10 12:30:00,0,0,104365.51309999975,0.0
C,2025-07-10,2025-07-10 13:00:00,0,0,104365.51309999975,0.0
C,2025-07-10,2025-07-10 13:30:00,1,643,104362.61959999974,3.8468062055046475
C,2025-07-10,2025-07-10 14:00:00,1,643,104680.19729999978,3.8381695942791354
C,2025-07-10,2025-07-10 14:30:00,1,643,104696.07939999981,3.837739051955376
C,2025-07-10,2025-07-10 15:00:00,1,643,104465.24239999978,3.8440096081182387
C,2025-07-10,2025-07-10 15:30:00,0,0,104443.0588999998,0.0
C,2025-07-10,2025-07-10 16:00:00,0,0,104443.0588999998,0.0
C,2025-07-11,2025-07-11 10:00:00,0,0,104443.0588999998,0.0
C,2025-07-11,2025-07-11 10:30:00,0,0,104443.0588999998,0.0
C,2025-07-11,2025-07-11 11:00:00,0,0,104443.0588999998,0.0
C,2025-07-11,2025-07-11 11:30:00,0,0,104443.0588999998,0.0
C,2025-07-11,2025-07-11 12:00:00,0,0,104443.0588999998,0.0
C,2025-07-11,2025-07-11 12:30:00,0,0,104443.0588999998,0.0
C,2025-07-11,2025-07-11 13:00:00,0,0,104443.0588999998,0.0
C,2025-07-11,2025-07-11 13:30:00,0,0,104443.0588999998,0.0
C,2025-07-11,2025-07-11 14:00:00,0,0,104443.0588999998,0.0
C,2025-07-11,2025-07-11 14:30:00,0,0,104443.0588999998,0.0
C,2025-07-11,2025-07-11 15:00:00,0,0,104443.0588999998,0.0
C,2025-07-11,2025-07-11 15:30:00,0,0,104443.0588999998,0.0
C,2025-07-11,2025-07-11 16:00:00,0,0,104443.0588999998,0.0
C,2025-07-14,2025-07-14 10:00:00,0,0,104443.0588999998,0.0
C,2025-07-14,2025-07-14 10:30:00,0,0,104443.0588999998,0.0
C,2025-07-14,2025-07-14 11:00:00,0,0,104443.0588999998,0.0
C,2025-07-14,2025-07-14 11:30:00,0,0,104443.0588999998,0.0
C,2025-07-14,2025-07-14 12:00:00,0,0,104443.0588999998,0.0
C,2025-07-14,2025-07-14 12:30:00,0,0,104443.0588999998,0.0
C,2025-07-14,2025-07-14 13:00:00,0,0,104443.0588999998,0.0
C,2025-07-14,2025-07-14 13:30:00,0,0,104443.0588999998,0.0
C,2025-07-14,2025-07-14 14:00:00,0,0,104443.0588999998,0.0
C,2025-07-14,2025-07-14 14:30:00,0,0,104443.0588999998,0.0
C,2025-07-14,2025-07-14 15:00:00,0,0,104443.0588999998,0.0
C,2025-07-14,2025-07-14 15:30:00,0,0,104443.0588999998,0.0
C,2025-07-14,2025-07-14 16:00:00,0,0,104443.0588999998,0.0
C,2025-07-15,2025-07-15 10:00:00,0,0,104443.0588999998,0.0
C,2025-07-15,2025-07-15 10:30:00,0,0,104443.0588999998,0.0
C,2025-07-15,2025-07-15 11:00:00,0,0,104443.0588999998,0.0
C,2025-07-15,2025-07-15 11:30:00,0,0,104443.0588999998,0.0
C,2025-07-15,2025-07-15 12:00:00,0,0,104443.0588999998,0.0
C,2025-07-15,2025-07-15 12:30:00,0,0,104443.0588999998,0.0
C,2025-07-15,2025-07-15 13:00:00,-1,-669,104440.0483999998,3.980733917392562
C,2025-07-15,2025-07-15 13:30:00,0,0,103983.38899999982,0.0
C,2025-07-15,2025-07-15 14:00:00,0,0,103983.38899999982,0.0
C,2025-07-15,2025-07-15 14:30:00,0,0,103983.38899999982,0.0
C,2025-07-15,2025-07-15 15:00:00,0,0,103983.38899999982,0.0
C,2025-07-15,2025-07-15 15:30:00,0,0,103983.38899999982,0.0
C,2025-07-15,2025-07-15 16:00:00,0,0,103983.38899999982,0.0
C,2025-07-16,2025-07-16 10:00:00,0,0,103983.38899999982,0.0
C,2025-07-16,2025-07-16 10:30:00,0,0,103983.38899999982,0.0
C,2025-07-16,2025-07-16 11:00:00,0,0,103983.38899999982,0.0
C,2025-07-16,2025-07-16 11:30:00,0,0,103983.38899999982,0.0
C,2025-07-16,2025-07-16 12:00:00,0,0,103983.38899999982,0.0
C,2025-07-16,2025-07-16 12:30:00,0,0,103983.38899999982,0.0
C,2025-07-16,2025-07-16 13:00:00,0,0,103983.38899999982,0.0
C,2025-07-16,2025-07-16 13:30:00,0,0,103983.38899999982,0.0
C,2025-07-16,2025-07-16 14:00:00,0,0,103983.38899999982,0.0
C,2025-07-16,2025-07-16 14:30:00,0,0,103983.38899999982,0.0
C,2025-07-16,2025-07-16 15:00:00,1,670,103980.37399999982,4.0117623158385705
C,2025-07-16,2025-07-16 15:30:00,1,670,103846.77599999984,4.015636922613762
C,2025-07-16,2025-07-16 16:00:00,0,0,103903.85999999984,0.0
C,2025-07-17,2025-07-17 10:00:00,0,0,103903.85999999984,0.0
C,2025-07-17,2025-07-17 10:30:00,0,0,103903.85999999984,0.0
C,2025-07-17,2025-07-17 11:00:00,0,0,103903.85999999984,0.0
C,2025-07-17,2025-07-17 11:30:00,0,0,103903.85999999984,0.0
C,2025-07-17,2025-07-17 12:00:00,1,665,103900.86749999985,4.003284496156883
C,2025-07-17,2025-07-17 12:30:00,0,0,103649.23149999982,0.0
C,2025-07-17,2025-07-17 13:00:00,0,0,103649.23149999982,0.0
C,2025-07-17,2025-07-17 13:30:00,0,0,103649.23149999982,0.0
C,2025-07-17,2025-07-17 14:00:00,0,0,103649.23149999982,0.0
C,2025-07-17,2025-07-17 14:30:00,1,665,103646.23899999983,4.017118522747368
C,2025-07-17,2025-07-17 15:00:00,1,665,103739.07299999981,4.014418564353286
C,2025-07-17,2025-07-17 15:30:00,1,665,103732.42299999982,4.014611810426916
C,2025-07-17,2025-07-17 16:00:00,0,0,103775.8474999998,0.0
C,2025-07-18,2025-07-18 10:00:00,0,0,103775.8474999998,0.0
C,2025-07-18,2025-07-18 10:30:00,-1,-661,103772.8729999998,3.985160392543057
C,2025-07-18,2025-07-18 11:00:00,0,0,103908.31189999986,0.0
C,2025-07-18,2025-07-18 11:30:00,0,0,103908.31189999986,0.0
C,2025-07-18,2025-07-18 12:00:00,0,0,103908.31189999986,0.0
C,2025-07-18,2025-07-18 12:30:00,0,0,103908.31189999986,0.0
C,2025-07-18,2025-07-18 13:00:00,0,0,103908.31189999986,0.0
C,2025-07-18,2025-07-18 13:30:00,0,0,103908.31189999986,0.0
C,2025-07-18,2025-07-18 14:00:00,0,0,103908.31189999986,0.0
C,2025-07-18,2025-07-18 14:30:00,0,0,103908.31189999986,0.0
C,2025-07-18,2025-07-18 15:00:00,0,0,103908.31189999986,0.0
C,2025-07-18,2025-07-18 15:30:00,0,0,103908.31189999986,0.0
C,2025-07-18,2025-07-18 16:00:00,0,0,103908.31189999986,0.0
C,2025-07-21,2025-07-21 10:00:00,0,0,103908.31189999986,0.0
C,2025-07-21,2025-07-21 10:30:00,0,0,103908.31189999986,0.0
C,2025-07-21,2025-07-21 11:00:00,0,0,103908.31189999986,0.0
C,2025-07-21,2025-07-21 11:30:00,0,0,103908.31189999986,0.0
C,2025-07-21,2025-07-21 12:00:00,0,0,103908.31189999986,0.0
C,2025-07-21,2025-07-21 12:30:00,0,0,103908.31189999986,0.0
C,2025-07-21,2025-07-21 13:00:00,0,0,103908.31189999986,0.0
C,2025-07-21,2025-07-21 13:30:00,0,0,103908.31189999986,0.0
C,2025-07-21,2025-07-21 14:00:00,0,0,103908.31189999986,0.0
C,2025-07-21,2025-07-21 14:30:00,0,0,103908.31189999986,0.0
C,2025-07-21,2025-07-21 15:00:00,0,0,103908.31189999986,0.0
C,2025-07-21,2025-07-21 15:30:00,0,0,103908.31189999986,0.0
C,2025-07-21,2025-07-21 16:00:00,0,0,103908.31189999986,0.0
C,2025-07-22,2025-07-22 10:00:00,0,0,103908.31189999986,0.0
C,2025-07-22,2025-07-22 10:30:00,0,0,103908.31189999986,0.0
C,2025-07-22,2025-07-22 11:00:00,0,0,103908.31189999986,0.0
C,2025-07-22,2025-07-22 11:30:00,0,0,103908.31189999986,0.0
C,2025-07-22,2025-07-22 12:00:00,0,0,103908.31189999986,0.0
C,2025-07-22,2025-07-22 12:30:00,0,0,103908.31189999986,0.0
C,2025-07-22,2025-07-22 13:00:00,0,0,103908.31189999986,0.0
C,2025-07-22,2025-07-22 13:30:00,0,0,103908.31189999986,0.0
C,2025-07-22,2025-07-22 14:00:00,0,0,103908.31189999986,0.0
C,2025-07-22,2025-07-22 14:30:00,0,0,103908.31189999986,0.0
C,2025-07-22,2025-07-22 15:00:00,0,0,103908.31189999986,0.0
C,2025-07-22,2025-07-22 15:30:00,0,0,103908.31189999986,0.0
C,2025-07-22,2025-07-22 16:00:00,0,0,103908.31189999986,0.0
C,2025-07-23,2025-07-23 10:00:00,0,0,103908.31189999986,0.0
C,2025-07-23,2025-07-23 10:30:00,1,661,103905.33739999986,4.001396198728869
C,2025-07-23,2025-07-23 11:00:00,0,0,103895.75289999986,0.0
C,2025-07-23,2025-07-23 11:30:00,0,0,103895.75289999986,0.0
C,2025-07-23,2025-07-23 12:00:00,1,661,103892.77839999986,4.009683936799986
C,2025-07-23,2025-07-23 12:30:00,1,661,103695.00719999983,4.01542412448958
C,2025-07-23,2025-07-23 13:00:00,1,661,103814.11939999985,4.011964346537631
C,2025-07-23,2025-07-23 13:30:00,1,661,103988.29289999985,4.006919505839878
C,2025-07-23,2025-07-23 14:00:00,1,661,104278.33969999987,3.9985558573292144
C,2025-07-23,2025-07-23 14:30:00,1,661,104733.17379999984,3.9855337612236155
C,2025-07-23,2025-07-23 15:00:00,1,661,104756.30879999982,3.98487441837012
C,2025-07-23,2025-07-23 15:30:00,1,661,104795.83659999982,3.983748557621617
C,2025-07-23,2025-07-23 16:00:00,0,0,105366.34569999985,0.0
C,2025-07-24,2025-07-24 10:00:00,0,0,105366.34569999985,0.0
C,2025-07-24,2025-07-24 10:30:00,0,0,105366.34569999985,0.0
C,2025-07-24,2025-07-24 11:00:00,0,0,105366.34569999985,0.0
C,2025-07-24,2025-07-24 11:30:00,0,0,105366.34569999985,0.0
C,2025-07-24,2025-07-24 12:00:00,0,0,105366.34569999985,0.0
C,2025-07-24,2025-07-24 12:30:00,0,0,105366.34569999985,0.0
C,2025-07-24,2025-07-24 13:00:00,0,0,105366.34569999985,0.0
C,2025-07-24,2025-07-24 13:30:00,0,0,105366.34569999985,0.0
C,2025-07-24,2025-07-24 14:00:00,0,0,105366.34569999985,0.0
C,2025-07-24,2025-07-24 14:30:00,0,0,105366.34569999985,0.0
C,2025-07-24,2025-07-24 15:00:00,0,0,105366.34569999985,0.0
C,2025-07-24,2025-07-24 15:30:00,0,0,105366.34569999985,0.0
C,2025-07-24,2025-07-24 16:00:00,0,0,105366.34569999985,0.0
C,2025-07-25,2025-07-25 10:00:00,0,0,105366.34569999985,0.0
C,2025-07-25,2025-07-25 10:30:00,0,0,105366.34569999985,0.0
C,2025-07-25,2025-07-25 11:00:00,0,0,105366.34569999985,0.0
C,2025-07-25,2025-07-25 11:30:00,0,0,105366.34569999985,0.0
C,2025-07-25,2025-07-25 12:00:00,0,0,105366.34569999985,0.0
C,2025-07-25,2025-07-25 12:30:00,1,665,105363.35319999985,4.007826057874557
C,2025-07-25,2025-07-25 13:00:00,0,0,105413.36119999985,0.0
C,2025-07-25,2025-07-25 13:30:00,1,665,105410.36869999986,4.007799225162946
C,2025-07-25,2025-07-25 14:00:00,1,665,105470.08569999984,4.006096213876506
C,2025-07-25,2025-07-25 14:30:00,1,665,105606.07819999987,4.002225162642206
C,2025-07-25,2025-07-25 15:00:00,0,0,105496.9516999999,0.0
C,2025-07-25,2025-07-25 15:30:00,1,665,105493.95919999991,4.006415691525211
C,2025-07-25,2025-07-25 16:00:00,0,0,105338.3491999999,0.0
C,2025-07-28,2025-07-28 10:00:00,0,0,105338.3491999999,0.0
C,2025-07-28,2025-07-28 10:30:00,0,0,105338.3491999999,0.0
C,2025-07-28,2025-07-28 11:00:00,0,0,105338.3491999999,0.0
C,2025-07-28,2025-07-28 11:30:00,0,0,105338.3491999999,0.0
C,2025-07-28,2025-07-28 12:00:00,0,0,105338.3491999999,0.0
C,2025-07-28,2025-07-28 12:30:00,0,0,105338.3491999999,0.0
C,2025-07-28,2025-07-28 13:00:00,0,0,105338.3491999999,0.0
C,2025-07-28,2025-07-28 13:30:00,0,0,105338.3491999999,0.0
C,2025-07-28,2025-07-28 14:00:00,0,0,105338.3491999999,0.0
C,2025-07-28,2025-07-28 14:30:00,0,0,105338.3491999999,0.0
C,2025-07-28,2025-07-28 15:00:00,0,0,105338.3491999999,0.0
C,2025-07-28,2025-07-28 15:30:00,0,0,105338.3491999999,0.0
C,2025-07-28,2025-07-28 16:00:00,0,0,105338.3491999999,0.0
C,2025-07-29,2025-07-29 10:00:00,0,0,105338.3491999999,0.0
C,2025-07-29,2025-07-29 10:30:00,0,0,105338.3491999999,0.0
C,2025-07-29,2025-07-29 11:00:00,0,0,105338.3491999999,0.0
C,2025-07-29,2025-07-29 11:30:00,-1,-662,105335.37019999989,3.9812471575668362
C,2025-07-29,2025-07-29 12:00:00,-1,-662,104912.8817999999,4.001306840472286
C,2025-07-29,2025-07-29 12:30:00,-1,-662,105058.05839999988,3.9943956835966095
C,2025-07-29,2025-07-29 13:00:00,0,0,104728.44859999992,0.0
C,2025-07-29,2025-07-29 13:30:00,0,0,104728.44859999992,0.0
C,2025-07-29,2025-07-29 14:00:00,0,0,104728.44859999992,0.0
C,2025-07-29,2025-07-29 14:30:00,0,0,104728.44859999992,0.0
C,2025-07-29,2025-07-29 15:00:00,0,0,104728.44859999992,0.0
C,2025-07-29,2025-07-29 15:30:00,0,0,104728.44859999992,0.0
C,2025-07-29,2025-07-29 16:00:00,0,0,104728.44859999992,0.0
C,2025-07-30,2025-07-30 10:00:00,0,0,104728.44859999992,0.0
C,2025-07-30,2025-07-30 10:30:00,1,660,104725.47859999991,3.9994367712538708
C,2025-07-30,2025-07-30 11:00:00,0,0,104650.17259999992,0.0
C,2025-07-30,2025-07-30 11:30:00,0,0,104650.17259999992,0.0
C,2025-07-30,2025-07-30 12:00:00,0,0,104650.17259999992,0.0
C,2025-07-30,2025-07-30 12:30:00,0,0,104650.17259999992,0.0
C,2025-07-30,2025-07-30 13:00:00,0,0,104650.17259999992,0.0
C,2025-07-30,2025-07-30 13:30:00,0,0,104650.17259999992,0.0
C,2025-07-30,2025-07-30 14:00:00,0,0,104650.17259999992,0.0
C,2025-07-30,2025-07-30 14:30:00,0,0,104650.17259999992,0.0
C,2025-07-30,2025-07-30 15:00:00,-1,-660,104647.20259999992,3.9795342794954016
C,2025-07-30,2025-07-30 15:30:00,-1,-660,105028.88059999993,3.961438507419456
C,2025-07-30,2025-07-30 16:00:00,0,0,103505.53459999996,0.0
C,2025-07-31,2025-07-31 10:00:00,0,0,103505.53459999996,0.0
C,2025-07-31,2025-07-31 10:30:00,0,0,103505.53459999996,0.0
C,2025-07-31,2025-07-31 11:00:00,0,0,103505.53459999996,0.0
C,2025-07-31,2025-07-31 11:30:00,0,0,103505.53459999996,0.0
C,2025-07-31,2025-07-31 12:00:00,0,0,103505.53459999996,0.0
C,2025-07-31,2025-07-31 12:30:00,0,0,103505.53459999996,0.0
C,2025-07-31,2025-07-31 13:00:00,0,0,103505.53459999996,0.0
C,2025-07-31,2025-07-31 13:30:00,0,0,103505.53459999996,0.0
C,2025-07-31,2025-07-31 14:00:00,0,0,103505.53459999996,0.0
C,2025-07-31,2025-07-31 14:30:00,0,0,103505.53459999996,0.0
C,2025-07-31,2025-07-31 15:00:00,0,0,103505.53459999996,0.0
C,2025-07-31,2025-07-31 15:30:00,0,0,103505.53459999996,0.0
C,2025-07-31,2025-07-31 16:00:00,0,0,103505.53459999996,0.0
C,2025-08-01,2025-08-01 10:00:00,0,0,103505.53459999996,0.0
C,2025-08-01,2025-08-01 10:30:00,0,0,103505.53459999996,0.0
C,2025-08-01,2025-08-01 11:00:00,0,0,103505.53459999996,0.0
C,2025-08-01,2025-08-01 11:30:00,0,0,103505.53459999996,0.0
C,2025-08-01,2025-08-01 12:00:00,0,0,103505.53459999996,0.0
C,2025-08-01,2025-08-01 12:30:00,0,0,103505.53459999996,0.0
C,2025-08-01,2025-08-01 13:00:00,0,0,103505.53459999996,0.0
C,2025-08-01,2025-08-01 13:30:00,0,0,103505.53459999996,0.0
C,2025-08-01,2025-08-01 14:00:00,0,0,103505.53459999996,0.0
C,2025-08-01,2025-08-01 14:30:00,0,0,103505.53459999996,0.0
C,2025-08-01,2025-08-01 15:00:00,0,0,103505.53459999996,0.0
C,2025-08-01,2025-08-01 15:30:00,0,0,103505.53459999996,0.0
C,2025-08-01,2025-08-01 16:00:00,0,0,103505.53459999996,0.0
C,2025-08-04,2025-08-04 10:00:00,0,0,103505.53459999996,0.0
C,2025-08-04,2025-08-04 10:30:00,0,0,103505.53459999996,0.0
C,2025-08-04,2025-08-04 11:00:00,0,0,103505.53459999996,0.0
C,2025-08-04,2025-08-04 11:30:00,0,0,103505.53459999996,0.0
C,2025-08-04,2025-08-04 12:00:00,0,0,103505.53459999996,0.0
C,2025-08-04,2025-08-04 12:30:00,0,0,103505.53459999996,0.0
C,2025-08-04,2025-08-04 13:00:00,0,0,103505.53459999996,0.0
C,2025-08-04,2025-08-04 13:30:00,0,0,103505.53459999996,0.0
C,2025-08-04,2025-08-04 14:00:00,0,0,103505.53459999996,0.0
C,2025-08-04,2025-08-04 14:30:00,0,0,103505.53459999996,0.0
C,2025-08-04,2025-08-04 15:00:00,0,0,103505.53459999996,0.0
C,2025-08-04,2025-08-04 15:30:00,0,0,103505.53459999996,0.0
C,2025-08-04,2025-08-04 16:00:00,0,0,103505.53459999996,0.0
C,2025-08-05,2025-08-05 10:00:00,0,0,103505.53459999996,0.0
C,2025-08-05,2025-08-05 10:30:00,-1,-465,103503.44209999996,2.8218428930877084
C,2025-08-05,2025-08-05 11:00:00,-1,-465,104416.93459999998,2.788407465851809
C,2025-08-05,2025-08-05 11:30:00,-1,-465,104396.10259999997,2.7891634337697977
C,2025-08-05,2025-08-05 12:00:00,-1,-465,104335.79209999999,2.7913537304711755
C,2025-08-05,2025-08-05 12:30:00,-1,-465,103888.60159999997,2.807673686118806
C,2025-08-05,2025-08-05 13:00:00,-1,-465,103953.23659999996,2.805306188994601
C,2025-08-05,2025-08-05 13:30:00,0,0,103567.19359999997,0.0
C,2025-08-05,2025-08-05 14:00:00,0,0,103567.19359999997,0.0
C,2025-08-05,2025-08-05 14:30:00,-1,-465,103565.10109999997,2.8142972237198935
C,2025-08-05,2025-08-05 15:00:00,-1,-465,103611.41509999997,2.8125922439987994
C,2025-08-05,2025-08-05 15:30:00,0,0,103358.96659999997,0.0
C,2025-08-05,2025-08-05 16:00:00,0,0,103358.96659999997,0.0
C,2025-08-06,2025-08-06 10:00:00,0,0,103358.96659999997,0.0
C,2025-08-06,2025-08-06 10:30:00,0,0,103358.96659999997,0.0
C,2025-08-06,2025-08-06 11:00:00,1,456,103356.91459999997,2.7761213994288494
C,2025-08-06,2025-08-06 11:30:00,1,456,103782.08899999999,2.768844986344417
C,2025-08-06,2025-08-06 12:00:00,1,456,104129.97139999997,2.7629355442231502
C,2025-08-06,2025-08-06 12:30:00,1,456,103998.09619999994,2.7651710416598965
C,2025-08-06,2025-08-06 13:00:00,1,456,103929.87859999995,2.7663296664333843
C,2025-08-06,2025-08-06 13:30:00,1,456,103955.96179999995,2.7658864832896977
C,2025-08-06,2025-08-06 14:00:00,1,456,103927.59859999995,2.766368416791265
C,2025-08-06,2025-08-06 14:30:00,1,456,104236.81219999994,2.7611285679743776
C,2025-08-06,2025-08-06 15:00:00,1,456,104089.06819999997,2.763628313467793
C,2025-08-06,2025-08-06 15:30:00,1,456,104284.60099999998,2.7603215243638903
C,2025-08-06,2025-08-06 16:00:00,0,0,104173.42819999995,0.0
C,2025-08-07,2025-08-07 10:00:00,0,0,104173.42819999995,0.0
C,2025-08-07,2025-08-07 10:30:00,0,0,104173.42819999995,0.0
C,2025-08-07,2025-08-07 11:00:00,0,0,104173.42819999995,0.0
C,2025-08-07,2025-08-07 11:30:00,0,0,104173.42819999995,0.0
C,2025-08-07,2025-08-07 12:00:00,0,0,104173.42819999995,0.0
C,2025-08-07,2025-08-07 12:30:00,0,0,104173.42819999995,0.0
C,2025-08-07,2025-08-07 13:00:00,-1,-448,104171.41219999995,2.70720747318428
C,2025-08-07,2025-08-07 13:30:00,-1,-448,104703.05379999994,2.688383707868511
C,2025-08-07,2025-08-07 14:00:00,-1,-448,104387.03459999991,2.6995498462028373
C,2025-08-07,2025-08-07 14:30:00,-1,-448,104828.13539999991,2.6839827048950853
C,2025-08-07,2025-08-07 15:00:00,-1,-448,104488.28259999992,2.69596502297187
C,2025-08-07,2025-08-07 15:30:00,0,0,104558.08099999992,0.0
C,2025-08-07,2025-08-07 16:00:00,0,0,104558.08099999992,0.0
C,2025-08-08,2025-08-08 10:00:00,0,0,104558.08099999992,0.0
C,2025-08-08,2025-08-08 10:30:00,0,0,104558.08099999992,0.0
C,2025-08-08,2025-08-08 11:00:00,0,0,104558.08099999992,0.0
C,2025-08-08,2025-08-08 11:30:00,0,0,104558.08099999992,0.0
C,2025-08-08,2025-08-08 12:00:00,0,0,104558.08099999992,0.0
C,2025-08-08,2025-08-08 12:30:00,0,0,104558.08099999992,0.0
C,2025-08-08,2025-08-08 13:00:00,0,0,104558.08099999992,0.0
C,2025-08-08,2025-08-08 13:30:00,0,0,104558.08099999992,0.0
C,2025-08-08,2025-08-08 14:00:00,0,0,104558.08099999992,0.0
C,2025-08-08,2025-08-08 14:30:00,0,0,104558.08099999992,0.0
C,2025-08-08,2025-08-08 15:00:00,0,0,104558.08099999992,0.0
C,2025-08-08,2025-08-08 15:30:00,0,0,104558.08099999992,0.0
C,2025-08-08,2025-08-08 16:00:00,0,0,104558.08099999992,0.0
C,2025-08-11,2025-08-11 10:00:00,0,0,104558.08099999992,0.0
C,2025-08-11,2025-08-11 10:30:00,0,0,104558.08099999992,0.0
C,2025-08-11,2025-08-11 11:00:00,0,0,104558.08099999992,0.0
C,2025-08-11,2025-08-11 11:30:00,0,0,104558.08099999992,0.0
C,2025-08-11,2025-08-11 12:00:00,0,0,104558.08099999992,0.0
C,2025-08-11,2025-08-11 12:30:00,0,0,104558.08099999992,0.0
C,2025-08-11,2025-08-11 13:00:00,0,0,104558.08099999992,0.0
C,2025-08-11,2025-08-11 13:30:00,0,0,104558.08099999992,0.0
C,2025-08-11,2025-08-11 14:00:00,0,0,104558.08099999992,0.0
C,2025-08-11,2025-08-11 14:30:00,0,0,104558.08099999992,0.0
C,2025-08-11,2025-08-11 15:00:00,0,0,104558.08099999992,0.0
C,2025-08-11,2025-08-11 15:30:00,0,0,104558.08099999992,0.0
C,2025-08-11,2025-08-11 16:00:00,0,0,104558.08099999992,0.0
C,2025-08-12,2025-08-12 10:00:00,0,0,104558.08099999992,0.0
C,2025-08-12,2025-08-12 10:30:00,1,432,104556.13699999992,2.6342491364232425
C,2025-08-12,2025-08-12 11:00:00,1,432,104792.78659999989,2.6305585731985897
C,2025-08-12,2025-08-12 11:30:00,1,432,105073.1113999999,2.6262084021621566
C,2025-08-12,2025-08-12 12:00:00,1,432,105357.45379999989,2.621819533759464
C,2025-08-12,2025-08-12 12:30:00,1,432,105439.31779999992,2.6205603390199497
C,2025-08-12,2025-08-12 13:00:00,1,432,105579.32899999988,2.6184112763209577
C,2025-08-12,2025-08-12 13:30:00,1,432,105508.22179999991,2.6195020035869874
C,2025-08-12,2025-08-12 14:00:00,1,432,105743.05699999988,2.6159053979307627
C,2025-08-12,2025-08-12 14:30:00,1,432,105813.21379999991,2.6148340123471447
C,2025-08-12,2025-08-12 15:00:00,1,432,105710.7001999999,2.6164000075367984
C,2025-08-12,2025-08-12 15:30:00,1,432,105846.43459999988,2.614327183015008
C,2025-08-12,2025-08-12 16:00:00,0,0,106001.6953999999,0.0
C,2025-08-13,2025-08-13 10:00:00,0,0,106001.6953999999,0.0
C,2025-08-13,2025-08-13 10:30:00,0,0,106001.6953999999,0.0
C,2025-08-13,2025-08-13 11:00:00,0,0,106001.6953999999,0.0
C,2025-08-13,2025-08-13 11:30:00,0,0,106001.6953999999,0.0
C,2025-08-13,2025-08-13 12:00:00,0,0,106001.6953999999,0.0
C,2025-08-13,2025-08-13 12:30:00,0,0,106001.6953999999,0.0
C,2025-08-13,2025-08-13 13:00:00,0,0,106001.6953999999,0.0
C,2025-08-13,2025-08-13 13:30:00,0,0,106001.6953999999,0.0
C,2025-08-13,2025-08-13 14:00:00,0,0,106001.6953999999,0.0
C,2025-08-13,2025-08-13 14:30:00,0,0,106001.6953999999,0.0
C,2025-08-13,2025-08-13 15:00:00,0,0,106001.6953999999,0.0
C,2025-08-13,2025-08-13 15:30:00,0,0,106001.6953999999,0.0
C,2025-08-13,2025-08-13 16:00:00,0,0,106001.6953999999,0.0
C,2025-08-14,2025-08-14 10:00:00,0,0,106001.6953999999,0.0
C,2025-08-14,2025-08-14 10:30:00,0,0,106001.6953999999,0.0
C,2025-08-14,2025-08-14 11:00:00,0,0,106001.6953999999,0.0
C,2025-08-14,2025-08-14 11:30:00,0,0,106001.6953999999,0.0
C,2025-08-14,2025-08-14 12:00:00,0,0,106001.6953999999,0.0
C,2025-08-14,2025-08-14 12:30:00,0,0,106001.6953999999,0.0
C,2025-08-14,2025-08-14 13:00:00,0,0,106001.6953999999,0.0
C,2025-08-14,2025-08-14 13:30:00,0,0,106001.6953999999,0.0
C,2025-08-14,2025-08-14 14:00:00,0,0,106001.6953999999,0.0
C,2025-08-14,2025-08-14 14:30:00,0,0,106001.6953999999,0.0
C,2025-08-14,2025-08-14 15:00:00,0,0,106001.6953999999,0.0
C,2025-08-14,2025-08-14 15:30:00,0,0,106001.6953999999,0.0
C,2025-08-14,2025-08-14 16:00:00,0,0,106001.6953999999,0.0
C,2025-08-15,2025-08-15 10:00:00,0,0,106001.6953999999,0.0
C,2025-08-15,2025-08-15 10:30:00,0,0,106001.6953999999,0.0
C,2025-08-15,2025-08-15 11:00:00,0,0,106001.6953999999,0.0
C,2025-08-15,2025-08-15 11:30:00,0,0,106001.6953999999,0.0
C,2025-08-15,2025-08-15 12:00:00,0,0,106001.6953999999,0.0
C,2025-08-15,2025-08-15 12:30:00,0,0,106001.6953999999,0.0
C,2025-08-15,2025-08-15 13:00:00,0,0,106001.6953999999,0.0
C,2025-08-15,2025-08-15 13:30:00,0,0,106001.6953999999,0.0
C,2025-08-15,2025-08-15 14:00:00,0,0,106001.6953999999,0.0
C,2025-08-15,2025-08-15 14:30:00,0,0,106001.6953999999,0.0
C,2025-08-15,2025-08-15 15:00:00,0,0,106001.6953999999,0.0
C,2025-08-15,2025-08-15 15:30:00,0,0,106001.6953999999,0.0
C,2025-08-15,2025-08-15 16:00:00,0,0,106001.6953999999,0.0
C,2025-08-18,2025-08-18 10:00:00,0,0,106001.6953999999,0.0
C,2025-08-18,2025-08-18 10:30:00,0,0,106001.6953999999,0.0
C,2025-08-18,2025-08-18 11:00:00,0,0,106001.6953999999,0.0
C,2025-08-18,2025-08-18 11:30:00,0,0,106001.6953999999,0.0
C,2025-08-18,2025-08-18 12:00:00,0,0,106001.6953999999,0.0
C,2025-08-18,2025-08-18 12:30:00,0,0,106001.6953999999,0.0
C,2025-08-18,2025-08-18 13:00:00,0,0,106001.6953999999,0.0
C,2025-08-18,2025-08-18 13:30:00,0,0,106001.6953999999,0.0
C,2025-08-18,2025-08-18 14:00:00,0,0,106001.6953999999,0.0
C,2025-08-18,2025-08-18 14:30:00,0,0,106001.6953999999,0.0
C,2025-08-18,2025-08-18 15:00:00,0,0,106001.6953999999,0.0
C,2025-08-18,2025-08-18 15:30:00,0,0,106001.6953999999,0.0
C,2025-08-18,2025-08-18 16:00:00,0,0,106001.6953999999,0.0
C,2025-08-19,2025-08-19 10:00:00,0,0,106001.6953999999,0.0
C,2025-08-19,2025-08-19 10:30:00,0,0,106001.6953999999,0.0
C,2025-08-19,2025-08-19 11:00:00,-1,-425,105999.78289999989,2.56396610034944
C,2025-08-19,2025-08-19 11:30:00,0,0,105864.37789999986,0.0
C,2025-08-19,2025-08-19 12:00:00,-1,-425,105862.46539999986,2.565189833563052
C,2025-08-19,2025-08-19 12:30:00,-1,-425,106034.08039999983,2.559419612790837
C,2025-08-19,2025-08-19 13:00:00,-1,-425,106294.73289999987,2.5506913193438234
C,2025-08-19,2025-08-19 13:30:00,-1,-425,106307.44039999986,2.5502668861172233
C,2025-08-19,2025-08-19 14:00:00,-1,-425,106239.65289999983,2.5525321769947205
C,2025-08-19,2025-08-19 14:30:00,-1,-425,106566.01039999985,2.5416525774338306
C,2025-08-19,2025-08-19 15:00:00,-1,-425,106582.92539999986,2.5410905075420303
C,2025-08-19,2025-08-19 15:30:00,-1,-425,106506.63789999987,2.5436268841230625
C,2025-08-19,2025-08-19 16:00:00,0,0,106250.44789999982,0.0
C,2025-08-20,2025-08-20 10:00:00,0,0,106250.44789999982,0.0
C,2025-08-20,2025-08-20 10:30:00,-1,-422,106248.54889999982,2.510933498499766
C,2025-08-20,2025-08-20 11:00:00,-1,-422,106568.42489999984,2.5003950734003992
C,2025-08-20,2025-08-20 11:30:00,0,0,105236.67729999984,0.0
C,2025-08-20,2025-08-20 12:00:00,0,0,105236.67729999984,0.0
C,2025-08-20,2025-08-20 12:30:00,0,0,105236.67729999984,0.0
C,2025-08-20,2025-08-20 13:00:00,0,0,105236.67729999984,0.0
C,2025-08-20,2025-08-20 13:30:00,0,0,105236.67729999984,0.0
C,2025-08-20,2025-08-20 14:00:00,0,0,105236.67729999984,0.0
C,2025-08-20,2025-08-20 14:30:00,0,0,105236.67729999984,0.0
C,2025-08-20,2025-08-20 15:00:00,0,0,105236.67729999984,0.0
C,2025-08-20,2025-08-20 15:30:00,0,0,105236.67729999984,0.0
C,2025-08-20,2025-08-20 16:00:00,0,0,105236.67729999984,0.0
C,2025-08-21,2025-08-21 10:00:00,0,0,105236.67729999984,0.0
C,2025-08-21,2025-08-21 10:30:00,0,0,105236.67729999984,0.0
C,2025-08-21,2025-08-21 11:00:00,0,0,105236.67729999984,0.0
C,2025-08-21,2025-08-21 11:30:00,0,0,105236.67729999984,0.0
C,2025-08-21,2025-08-21 12:00:00,0,0,105236.67729999984,0.0
C,2025-08-21,2025-08-21 12:30:00,0,0,105236.67729999984,0.0
C,2025-08-21,2025-08-21 13:00:00,0,0,105236.67729999984,0.0
C,2025-08-21,2025-08-21 13:30:00,0,0,105236.67729999984,0.0
C,2025-08-21,2025-08-21 14:00:00,0,0,105236.67729999984,0.0
C,2025-08-21,2025-08-21 14:30:00,0,0,105236.67729999984,0.0
C,2025-08-21,2025-08-21 15:00:00,0,0,105236.67729999984,0.0
C,2025-08-21,2025-08-21 15:30:00,0,0,105236.67729999984,0.0
C,2025-08-21,2025-08-21 16:00:00,0,0,105236.67729999984,0.0
C,2025-08-22,2025-08-22 10:00:00,0,0,105236.67729999984,0.0
C,2025-08-22,2025-08-22 10:30:00,1,518,105234.34629999983,3.1624520995385375
C,2025-08-22,2025-08-22 11:00:00,1,518,105978.40149999986,3.147269914238143
C,2025-08-22,2025-08-22 11:30:00,1,518,106128.20709999983,3.14423892872869
C,2025-08-22,2025-08-22 12:00:00,1,518,105848.74609999983,3.149900130937881
C,2025-08-22,2025-08-22 12:30:00,1,518,105518.67649999983,3.156625164835161
C,2025-08-22,2025-08-22 13:00:00,1,518,105508.36829999983,3.156835867776381
C,2025-08-22,2025-08-22 13:30:00,1,518,106221.1880999998,3.142361963469703
C,2025-08-22,2025-08-22 14:00:00,1,518,106035.22609999984,3.146119185763688
C,2025-08-22,2025-08-22 14:30:00,1,518,105844.08409999983,3.1499948252658223
C,2025-08-22,2025-08-22 15:00:00,1,518,105864.75229999982,3.1495750772186013
C,2025-08-22,2025-08-22 15:30:00,1,518,105663.3020999998,3.153673305464496
C,2025-08-22,2025-08-22 16:00:00,0,0,105779.80029999983,0.0
C,2025-08-25,2025-08-25 10:00:00,0,0,105779.80029999983,0.0
C,2025-08-25,2025-08-25 10:30:00,0,0,105779.80029999983,0.0
C,2025-08-25,2025-08-25 11:00:00,0,0,105779.80029999983,0.0
C,2025-08-25,2025-08-25 11:30:00,0,0,105779.80029999983,0.0
C,2025-08-25,2025-08-25 12:00:00,0,0,105779.80029999983,0.0
C,2025-08-25,2025-08-25 12:30:00,0,0,105779.80029999983,0.0
C,2025-08-25,2025-08-25 13:00:00,0,0,105779.80029999983,0.0
C,2025-08-25,2025-08-25 13:30:00,0,0,105779.80029999983,0.0
C,2025-08-25,2025-08-25 14:00:00,0,0,105779.80029999983,0.0
C,2025-08-25,2025-08-25 14:30:00,0,0,105779.80029999983,0.0
C,2025-08-25,2025-08-25 15:00:00,0,0,105779.80029999983,0.0
C,2025-08-25,2025-08-25 15:30:00,0,0,105779.80029999983,0.0
C,2025-08-25,2025-08-25 16:00:00,0,0,105779.80029999983,0.0
C,2025-08-26,2025-08-26 10:00:00,0,0,105779.80029999983,0.0
C,2025-08-26,2025-08-26 10:30:00,0,0,105779.80029999983,0.0
C,2025-08-26,2025-08-26 11:00:00,0,0,105779.80029999983,0.0
C,2025-08-26,2025-08-26 11:30:00,0,0,105779.80029999983,0.0
C,2025-08-26,2025-08-26 12:00:00,0,0,105779.80029999983,0.0
C,2025-08-26,2025-08-26 12:30:00,0,0,105779.80029999983,0.0
C,2025-08-26,2025-08-26 13:00:00,0,0,105779.80029999983,0.0
C,2025-08-26,2025-08-26 13:30:00,0,0,105779.80029999983,0.0
C,2025-08-26,2025-08-26 14:00:00,0,0,105779.80029999983,0.0
C,2025-08-26,2025-08-26 14:30:00,0,0,105779.80029999983,0.0
C,2025-08-26,2025-08-26 15:00:00,0,0,105779.80029999983,0.0
C,2025-08-26,2025-08-26 15:30:00,0,0,105779.80029999983,0.0
C,2025-08-26,2025-08-26 16:00:00,0,0,105779.80029999983,0.0
C,2025-08-27,2025-08-27 10:00:00,0,0,105779.80029999983,0.0
C,2025-08-27,2025-08-27 10:30:00,0,0,105779.80029999983,0.0
C,2025-08-27,2025-08-27 11:00:00,0,0,105779.80029999983,0.0
C,2025-08-27,2025-08-27 11:30:00,0,0,105779.80029999983,0.0
C,2025-08-27,2025-08-27 12:00:00,0,0,105779.80029999983,0.0
C,2025-08-27,2025-08-27 12:30:00,0,0,105779.80029999983,0.0
C,2025-08-27,2025-08-27 13:00:00,0,0,105779.80029999983,0.0
C,2025-08-27,2025-08-27 13:30:00,0,0,105779.80029999983,0.0
C,2025-08-27,2025-08-27 14:00:00,0,0,105779.80029999983,0.0
C,2025-08-27,2025-08-27 14:30:00,0,0,105779.80029999983,0.0
C,2025-08-27,2025-08-27 15:00:00,0,0,105779.80029999983,0.0
C,2025-08-27,2025-08-27 15:30:00,0,0,105779.80029999983,0.0
C,2025-08-27,2025-08-27 16:00:00,0,0,105779.80029999983,0.0
C,2025-08-28,2025-08-28 10:00:00,0,0,105779.80029999983,0.0
C,2025-08-28,2025-08-28 10:30:00,0,0,105779.80029999983,0.0
C,2025-08-28,2025-08-28 11:00:00,0,0,105779.80029999983,0.0
C,2025-08-28,2025-08-28 11:30:00,0,0,105779.80029999983,0.0
C,2025-08-28,2025-08-28 12:00:00,0,0,105779.80029999983,0.0
C,2025-08-28,2025-08-28 12:30:00,0,0,105779.80029999983,0.0
C,2025-08-28,2025-08-28 13:00:00,0,0,105779.80029999983,0.0
C,2025-08-28,2025-08-28 13:30:00,0,0,105779.80029999983,0.0
C,2025-08-28,2025-08-28 14:00:00,0,0,105779.80029999983,0.0
C,2025-08-28,2025-08-28 14:30:00,1,535,105777.39279999983,3.2716658242308325
C,2025-08-28,2025-08-28 15:00:00,1,535,105953.35429999988,3.267893166644187
C,2025-08-28,2025-08-28 15:30:00,1,535,105929.38629999987,3.2684063090810187
C,2025-08-28,2025-08-28 16:00:00,0,0,105919.00729999987,0.0
C,2025-08-29,2025-08-29 10:00:00,0,0,105919.00729999987,0.0
C,2025-08-29,2025-08-29 10:30:00,0,0,105919.00729999987,0.0
C,2025-08-29,2025-08-29 11:00:00,-1,-557,105916.50079999986,3.375951697792498
C,2025-08-29,2025-08-29 11:30:00,0,0,105522.8688999999,0.0
C,2025-08-29,2025-08-29 12:00:00,-1,-557,105520.3623999999,3.388757464123345
C,2025-08-29,2025-08-29 12:30:00,0,0,105267.92999999988,0.0
C,2025-08-29,2025-08-29 13:00:00,0,0,105267.92999999988,0.0
C,2025-08-29,2025-08-29 13:30:00,0,0,105267.92999999988,0.0
C,2025-08-29,2025-08-29 14:00:00,0,0,105267.92999999988,0.0
C,2025-08-29,2025-08-29 14:30:00,0,0,105267.92999999988,0.0
C,2025-08-29,2025-08-29 15:00:00,0,0,105267.92999999988,0.0
C,2025-08-29,2025-08-29 15:30:00,0,0,105267.92999999988,0.0
C,2025-08-29,2025-08-29 16:00:00,0,0,105267.92999999988,0.0
C,2025-09-02,2025-09-02 10:00:00,0,0,105267.92999999988,0.0
C,2025-09-02,2025-09-02 10:30:00,0,0,105267.92999999988,0.0
C,2025-09-02,2025-09-02 11:00:00,-1,-535,105265.52249999988,3.231823078634321
C,2025-09-02,2025-09-02 11:30:00,-1,-535,105879.06049999986,3.2073009091349127
C,2025-09-02,2025-09-02 12:00:00,-1,-535,106577.98449999983,3.1797099991133773
C,2025-09-02,2025-09-02 12:30:00,-1,-535,106348.57649999982,3.188726188544711
C,2025-09-02,2025-09-02 13:00:00,-1,-535,105660.35249999985,3.216009666445136
C,2025-09-02,2025-09-02 13:30:00,0,0,105273.60099999986,0.0
C,2025-09-02,2025-09-02 14:00:00,0,0,105273.60099999986,0.0
C,2025-09-02,2025-09-02 14:30:00,0,0,105273.60099999986,0.0
C,2025-09-02,2025-09-02 15:00:00,0,0,105273.60099999986,0.0
C,2025-09-02,2025-09-02 15:30:00,0,0,105273.60099999986,0.0
C,2025-09-02,2025-09-02 16:00:00,0,0,105273.60099999986,0.0
C,2025-09-03,2025-09-03 10:00:00,0,0,105273.60099999986,0.0
C,2025-09-03,2025-09-03 10:30:00,0,0,105273.60099999986,0.0
C,2025-09-03,2025-09-03 11:00:00,1,558,105271.08999999987,3.404095513782563
C,2025-09-03,2025-09-03 11:30:00,0,0,104411.65839999991,0.0
C,2025-09-03,2025-09-03 12:00:00,0,0,104411.65839999991,0.0
C,2025-09-03,2025-09-03 12:30:00,0,0,104411.65839999991,0.0
C,2025-09-03,2025-09-03 13:00:00,0,0,104411.65839999991,0.0
C,2025-09-03,2025-09-03 13:30:00,0,0,104411.65839999991,0.0
C,2025-09-03,2025-09-03 14:00:00,0,0,104411.65839999991,0.0
C,2025-09-03,2025-09-03 14:30:00,0,0,104411.65839999991,0.0
C,2025-09-03,2025-09-03 15:00:00,0,0,104411.65839999991,0.0
C,2025-09-03,2025-09-03 15:30:00,0,0,104411.65839999991,0.0
C,2025-09-03,2025-09-03 16:00:00,0,0,104411.65839999991,0.0
C,2025-09-04,2025-09-04 10:00:00,0,0,104411.65839999991,0.0
C,2025-09-04,2025-09-04 10:30:00,0,0,104411.65839999991,0.0
C,2025-09-04,2025-09-04 11:00:00,0,0,104411.65839999991,0.0
C,2025-09-04,2025-09-04 11:30:00,0,0,104411.65839999991,0.0
C,2025-09-04,2025-09-04 12:00:00,0,0,104411.65839999991,0.0
C,2025-09-04,2025-09-04 12:30:00,0,0,104411.65839999991,0.0
C,2025-09-04,2025-09-04 13:00:00,0,0,104411.65839999991,0.0
C,2025-09-04,2025-09-04 13:30:00,1,540,104409.22839999992,3.3363785303100686
C,2025-09-04,2025-09-04 14:00:00,1,540,104551.03239999994,3.33320966804724
C,2025-09-04,2025-09-04 14:30:00,1,540,104598.39039999995,3.332153283307122
C,2025-09-04,2025-09-04 15:00:00,1,540,104813.7963999999,3.327360404627041
C,2025-09-04,2025-09-04 15:30:00,1,540,104954.1963999999,3.3242470331562686
C,2025-09-04,2025-09-04 16:00:00,0,0,105613.75239999991,0.0
C,2025-09-05,2025-09-05 10:00:00,0,0,105613.75239999991,0.0
C,2025-09-05,2025-09-05 10:30:00,-1,-507,105611.47089999991,3.095040431824913
C,2025-09-05,2025-09-05 11:00:00,-1,-507,106771.8417999999,3.0505365095238095
C,2025-09-05,2025-09-05 11:30:00,-1,-507,105755.20539999992,3.0894747616839315
C,2025-09-05,2025-09-05 12:00:00,-1,-507,106015.95549999988,3.0794165497098254
C,2025-09-05,2025-09-05 12:30:00,-1,-507,105993.19119999988,3.0802926914799826
C,2025-09-05,2025-09-05 13:00:00,-1,-507,105644.3751999999,3.0937649787908477
C,2025-09-05,2025-09-05 13:30:00,-1,-507,106036.18479999987,3.0786382895209603
C,2025-09-05,2025-09-05 14:00:00,-1,-507,106301.04159999991,3.0684760646785634
C,2025-09-05,2025-09-05 14:30:00,-1,-507,106014.68799999991,3.0794653227673536
C,2025-09-05,2025-09-05 15:00:00,-1,-507,105730.2609999999,3.0904395705596555
C,2025-09-05,2025-09-05 15:30:00,0,0,105273.96099999991,0.0
C,2025-09-05,2025-09-05 16:00:00,0,0,105273.96099999991,0.0
C,2025-09-08,2025-09-08 10:00:00,0,0,105273.96099999991,0.0
C,2025-09-08,2025-09-08 10:30:00,0,0,105273.96099999991,0.0
C,2025-09-08,2025-09-08 11:00:00,0,0,105273.96099999991,0.0
C,2025-09-08,2025-09-08 11:30:00,0,0,105273.96099999991,0.0
C,2025-09-08,2025-09-08 12:00:00,0,0,105273.96099999991,0.0
C,2025-09-08,2025-09-08 12:30:00,0,0,105273.96099999991,0.0
C,2025-09-08,2025-09-08 13:00:00,0,0,105273.96099999991,0.0
C,2025-09-08,2025-09-08 13:30:00,0,0,105273.96099999991,0.0
C,2025-09-08,2025-09-08 14:00:00,0,0,105273.96099999991,0.0
C,2025-09-08,2025-09-08 14:30:00,0,0,105273.96099999991,0.0
C,2025-09-08,2025-09-08 15:00:00,0,0,105273.96099999991,0.0
C,2025-09-08,2025-09-08 15:30:00,0,0,105273.96099999991,0.0
C,2025-09-08,2025-09-08 16:00:00,0,0,105273.96099999991,0.0
C,2025-09-09,2025-09-09 10:00:00,0,0,105273.96099999991,0.0
C,2025-09-09,2025-09-09 10:30:00,0,0,105273.96099999991,0.0
C,2025-09-09,2025-09-09 11:00:00,0,0,105273.96099999991,0.0
C,2025-09-09,2025-09-09 11:30:00,0,0,105273.96099999991,0.0
C,2025-09-09,2025-09-09 12:00:00,0,0,105273.96099999991,0.0
C,2025-09-09,2025-09-09 12:30:00,0,0,105273.96099999991,0.0
C,2025-09-09,2025-09-09 13:00:00,0,0,105273.96099999991,0.0
C,2025-09-09,2025-09-09 13:30:00,0,0,105273.96099999991,0.0
C,2025-09-09,2025-09-09 14:00:00,0,0,105273.96099999991,0.0
C,2025-09-09,2025-09-09 14:30:00,0,0,105273.96099999991,0.0
C,2025-09-09,2025-09-09 15:00:00,0,0,105273.96099999991,0.0
C,2025-09-09,2025-09-09 15:30:00,0,0,105273.96099999991,0.0
C,2025-09-09,2025-09-09 16:00:00,0,0,105273.96099999991,0.0
C,2025-09-10,2025-09-10 10:00:00,0,0,105273.96099999991,0.0
C,2025-09-10,2025-09-10 10:30:00,0,0,105273.96099999991,0.0
C,2025-09-10,2025-09-10 11:00:00,0,0,105273.96099999991,0.0
C,2025-09-10,2025-09-10 11:30:00,0,0,105273.96099999991,0.0
C,2025-09-10,2025-09-10 12:00:00,0,0,105273.96099999991,0.0
C,2025-09-10,2025-09-10 12:30:00,0,0,105273.96099999991,0.0
C,2025-09-10,2025-09-10 13:00:00,0,0,105273.96099999991,0.0
C,2025-09-10,2025-09-10 13:30:00,0,0,105273.96099999991,0.0
C,2025-09-10,2025-09-10 14:00:00,0,0,105273.96099999991,0.0
C,2025-09-10,2025-09-10 14:30:00,0,0,105273.96099999991,0.0
C,2025-09-10,2025-09-10 15:00:00,0,0,105273.96099999991,0.0
C,2025-09-10,2025-09-10 15:30:00,0,0,105273.96099999991,0.0
C,2025-09-10,2025-09-10 16:00:00,0,0,105273.96099999991,0.0
C,2025-09-11,2025-09-11 10:00:00,0,0,105273.96099999991,0.0
C,2025-09-11,2025-09-11 10:30:00,0,0,105273.96099999991,0.0
C,2025-09-11,2025-09-11 11:00:00,0,0,105273.96099999991,0.0
C,2025-09-11,2025-09-11 11:30:00,1,524,105271.60299999992,3.2634757656345394
C,2025-09-11,2025-09-11 12:00:00,0,0,105143.79939999995,0.0
C,2025-09-11,2025-09-11 12:30:00,1,524,105141.44139999995,3.2671674748411825
C,2025-09-11,2025-09-11 13:00:00,1,524,105005.62059999991,3.270099970248643
C,2025-09-11,2025-09-11 13:30:00,0,0,105000.64259999992,0.0
C,2025-09-11,2025-09-11 14:00:00,1,524,104998.28459999993,3.272617613792904
C,2025-09-11,2025-09-11 14:30:00,0,0,104865.29339999995,0.0
C,2025-09-11,2025-09-11 15:00:00,0,0,104865.29339999995,0.0
C,2025-09-11,2025-09-11 15:30:00,1,524,104862.93539999996,3.2776386841446374
C,2025-09-11,2025-09-11 16:00:00,0,0,104803.09459999997,0.0
C,2025-09-12,2025-09-12 10:00:00,0,0,104803.09459999997,0.0
C,2025-09-12,2025-09-12 10:30:00,0,0,104803.09459999997,0.0
C,2025-09-12,2025-09-12 11:00:00,0,0,104803.09459999997,0.0
C,2025-09-12,2025-09-12 11:30:00,0,0,104803.09459999997,0.0
C,2025-09-12,2025-09-12 12:00:00,0,0,104803.09459999997,0.0
C,2025-09-12,2025-09-12 12:30:00,0,0,104803.09459999997,0.0
C,2025-09-12,2025-09-12 13:00:00,0,0,104803.09459999997,0.0
C,2025-09-12,2025-09-12 13:30:00,0,0,104803.09459999997,0.0
C,2025-09-12,2025-09-12 14:00:00,0,0,104803.09459999997,0.0
C,2025-09-12,2025-09-12 14:30:00,0,0,104803.09459999997,0.0
C,2025-09-12,2025-09-12 15:00:00,0,0,104803.09459999997,0.0
C,2025-09-12,2025-09-12 15:30:00,0,0,104803.09459999997,0.0
C,2025-09-12,2025-09-12 16:00:00,0,0,104803.09459999997,0.0
C,2025-09-15,2025-09-15 10:00:00,0,0,104803.09459999997,0.0
C,2025-09-15,2025-09-15 10:30:00,0,0,104803.09459999997,0.0
C,2025-09-15,2025-09-15 11:00:00,0,0,104803.09459999997,0.0
C,2025-09-15,2025-09-15 11:30:00,0,0,104803.09459999997,0.0
C,2025-09-15,2025-09-15 12:00:00,0,0,104803.09459999997,0.0
C,2025-09-15,2025-09-15 12:30:00,0,0,104803.09459999997,0.0
C,2025-09-15,2025-09-15 13:00:00,0,0,104803.09459999997,0.0
C,2025-09-15,2025-09-15 13:30:00,0,0,104803.09459999997,0.0
C,2025-09-15,2025-09-15 14:00:00,0,0,104803.09459999997,0.0
C,2025-09-15,2025-09-15 14:30:00,0,0,104803.09459999997,0.0
C,2025-09-15,2025-09-15 15:00:00,0,0,104803.09459999997,0.0
C,2025-09-15,2025-09-15 15:30:00,0,0,104803.09459999997,0.0
C,2025-09-15,2025-09-15 16:00:00,0,0,104803.09459999997,0.0
C,2025-09-16,2025-09-16 10:00:00,0,0,104803.09459999997,0.0
C,2025-09-16,2025-09-16 10:30:00,0,0,104803.09459999997,0.0
C,2025-09-16,2025-09-16 11:00:00,0,0,104803.09459999997,0.0
C,2025-09-16,2025-09-16 11:30:00,0,0,104803.09459999997,0.0
C,2025-09-16,2025-09-16 12:00:00,0,0,104803.09459999997,0.0
C,2025-09-16,2025-09-16 12:30:00,0,0,104803.09459999997,0.0
C,2025-09-16,2025-09-16 13:00:00,0,0,104803.09459999997,0.0
C,2025-09-16,2025-09-16 13:30:00,0,0,104803.09459999997,0.0
C,2025-09-16,2025-09-16 14:00:00,0,0,104803.09459999997,0.0
C,2025-09-16,2025-09-16 14:30:00,0,0,104803.09459999997,0.0
C,2025-09-16,2025-09-16 15:00:00,0,0,104803.09459999997,0.0
C,2025-09-16,2025-09-16 15:30:00,0,0,104803.09459999997,0.0
C,2025-09-16,2025-09-16 16:00:00,0,0,104803.09459999997,0.0
C,2025-09-17,2025-09-17 10:00:00,0,0,104803.09459999997,0.0
C,2025-09-17,2025-09-17 10:30:00,-1,-637,104800.22809999996,3.9955099821008893
C,2025-09-17,2025-09-17 11:00:00,0,0,104676.71379999998,0.0
C,2025-09-17,2025-09-17 11:30:00,0,0,104676.71379999998,0.0
C,2025-09-17,2025-09-17 12:00:00,0,0,104676.71379999998,0.0
C,2025-09-17,2025-09-17 12:30:00,0,0,104676.71379999998,0.0
C,2025-09-17,2025-09-17 13:00:00,-1,-637,104673.84729999998,3.9951150844915975
C,2025-09-17,2025-09-17 13:30:00,0,0,104441.08749999997,0.0
C,2025-09-17,2025-09-17 14:00:00,0,0,104441.08749999997,0.0
C,2025-09-17,2025-09-17 14:30:00,0,0,104441.08749999997,0.0
C,2025-09-17,2025-09-17 15:00:00,-1,-637,104438.22099999996,4.000478766293808
C,2025-09-17,2025-09-17 15:30:00,0,0,102936.17499999993,0.0
C,2025-09-17,2025-09-17 16:00:00,0,0,102936.17499999993,0.0
C,2025-09-18,2025-09-18 10:00:00,0,0,102936.17499999993,0.0
C,2025-09-18,2025-09-18 10:30:00,1,623,102933.37149999994,4.010678834123297
C,2025-09-18,2025-09-18 11:00:00,0,0,101855.76839999996,0.0
C,2025-09-18,2025-09-18 11:30:00,1,623,101852.96489999996,4.046512183564331
C,2025-09-18,2025-09-18 12:00:00,0,0,101334.5043,0.0
C,2025-09-18,2025-09-18 12:30:00,1,623,101331.7008,4.067879481403119
C,2025-09-18,2025-09-18 13:00:00,1,623,101642.3909,4.058501900116165
C,2025-09-18,2025-09-18 13:30:00,0,0,101229.52880000001,0.0
C,2025-09-18,2025-09-18 14:00:00,0,0,101229.52880000001,0.0
C,2025-09-18,2025-09-18 14:30:00,0,0,101229.52880000001,0.0
C,2025-09-18,2025-09-18 15:00:00,0,0,101229.52880000001,0.0
C,2025-09-18,2025-09-18 15:30:00,0,0,101229.52880000001,0.0
C,2025-09-18,2025-09-18 16:00:00,0,0,101229.52880000001,0.0
C,2025-09-19,2025-09-19 10:00:00,0,0,101229.52880000001,0.0
C,2025-09-19,2025-09-19 10:30:00,0,0,101229.52880000001,0.0
C,2025-09-19,2025-09-19 11:00:00,0,0,101229.52880000001,0.0
C,2025-09-19,2025-09-19 11:30:00,0,0,101229.52880000001,0.0
C,2025-09-19,2025-09-19 12:00:00,0,0,101229.52880000001,0.0
C,2025-09-19,2025-09-19 12:30:00,0,0,101229.52880000001,0.0
C,2025-09-19,2025-09-19 13:00:00,0,0,101229.52880000001,0.0
C,2025-09-19,2025-09-19 13:30:00,0,0,101229.52880000001,0.0
C,2025-09-19,2025-09-19 14:00:00,0,0,101229.52880000001,0.0
C,2025-09-19,2025-09-19 14:30:00,0,0,101229.52880000001,0.0
C,2025-09-19,2025-09-19 15:00:00,0,0,101229.52880000001,0.0
C,2025-09-19,2025-09-19 15:30:00,1,611,101226.77930000001,4.006966860003615
C,2025-09-19,2025-09-19 16:00:00,0,0,101132.37980000002,0.0
C,2025-09-22,2025-09-22 10:00:00,0,0,101132.37980000002,0.0
C,2025-09-22,2025-09-22 10:30:00,0,0,101132.37980000002,0.0
C,2025-09-22,2025-09-22 11:00:00,1,609,101129.63930000002,4.004371446423224
C,2025-09-22,2025-09-22 11:30:00,0,0,101108.62879999998,0.0
C,2025-09-22,2025-09-22 12:00:00,0,0,101108.62879999998,0.0
C,2025-09-22,2025-09-22 12:30:00,1,609,101105.88829999998,4.010703054176124
C,2025-09-22,2025-09-22 13:00:00,1,609,101440.83829999994,4.000761939681252
C,2025-09-22,2025-09-22 13:30:00,1,609,101492.60329999997,3.9992314395585136
C,2025-09-22,2025-09-22 14:00:00,1,609,101413.43329999998,4.001572836998115
C,2025-09-22,2025-09-22 14:30:00,1,609,101529.14329999994,3.998152026168039
C,2025-09-22,2025-09-22 15:00:00,1,609,101669.21329999994,3.9940214625423898
C,2025-09-22,2025-09-22 15:30:00,1,609,101885.40829999997,3.9876683205086603
C,2025-09-22,2025-09-22 16:00:00,0,0,101703.01279999998,0.0
C,2025-09-23,2025-09-23 10:00:00,0,0,101703.01279999998,0.0
C,2025-09-23,2025-09-23 10:30:00,0,0,101703.01279999998,0.0
C,2025-09-23,2025-09-23 11:00:00,0,0,101703.01279999998,0.0
C,2025-09-23,2025-09-23 11:30:00,0,0,101703.01279999998,0.0
C,2025-09-23,2025-09-23 12:00:00,-1,-610,101700.26779999999,3.9921047975844175
C,2025-09-23,2025-09-23 12:30:00,-1,-610,101908.09479999996,3.981924113058781
C,2025-09-23,2025-09-23 13:00:00,-1,-610,101962.99479999999,3.979241692496855
C,2025-09-23,2025-09-23 13:30:00,-1,-610,102896.29479999997,3.9340784892868674
C,2025-09-23,2025-09-23 14:00:00,-1,-610,103140.29479999996,3.9224058917465903
C,2025-09-23,2025-09-23 14:30:00,-1,-610,103469.6948,3.9067352115162515
C,2025-09-23,2025-09-23 15:00:00,-1,-610,103805.19479999998,3.8908765671908365
C,2025-09-23,2025-09-23 15:30:00,-1,-610,103640.49479999999,3.898648889893181
C,2025-09-23,2025-09-23 16:00:00,0,0,103137.54979999996,0.0
C,2025-09-24,2025-09-24 10:00:00,0,0,103137.54979999996,0.0
C,2025-09-24,2025-09-24 10:30:00,0,0,103137.54979999996,0.0
C,2025-09-24,2025-09-24 11:00:00,0,0,103137.54979999996,0.0
C,2025-09-24,2025-09-24 11:30:00,0,0,103137.54979999996,0.0
C,2025-09-24,2025-09-24 12:00:00,-1,-622,103134.75079999997,3.9827153972238047
C,2025-09-24,2025-09-24 12:30:00,-1,-622,102798.87079999999,3.9989956776840394
C,2025-09-24,2025-09-24 13:00:00,-1,-622,103053.89079999996,3.9866250251271453
C,2025-09-24,2025-09-24 13:30:00,-1,-622,102512.75079999997,4.012948211706754
C,2025-09-24,2025-09-24 14:00:00,-1,-622,103035.23079999999,3.987528118391909
C,2025-09-24,2025-09-24 14:30:00,-1,-622,103128.53079999996,3.9830159201686226
C,2025-09-24,2025-09-24 15:00:00,0,0,102676.33679999999,0.0
C,2025-09-24,2025-09-24 15:30:00,-1,-622,102673.53779999999,4.003165409578397
C,2025-09-24,2025-09-24 16:00:00,0,0,102485.69379999998,0.0
C,2025-09-25,2025-09-25 10:00:00,0,0,102485.69379999998,0.0
C,2025-09-25,2025-09-25 10:30:00,0,0,102485.69379999998,0.0
C,2025-09-25,2025-09-25 11:00:00,0,0,102485.69379999998,0.0
C,2025-09-25,2025-09-25 11:30:00,0,0,102485.69379999998,0.0
C,2025-09-25,2025-09-25 12:00:00,0,0,102485.69379999998,0.0
C,2025-09-25,2025-09-25 12:30:00,0,0,102485.69379999998,0.0
C,2025-09-25,2025-09-25 13:00:00,0,0,102485.69379999998,0.0
C,2025-09-25,2025-09-25 13:30:00,0,0,102485.69379999998,0.0
C,2025-09-25,2025-09-25 14:00:00,0,0,102485.69379999998,0.0
C,2025-09-25,2025-09-25 14:30:00,0,0,102485.69379999998,0.0
C,2025-09-25,2025-09-25 15:00:00,0,0,102485.69379999998,0.0
C,2025-09-25,2025-09-25 15:30:00,0,0,102485.69379999998,0.0
C,2025-09-25,2025-09-25 16:00:00,0,0,102485.69379999998,0.0
C,2025-09-26,2025-09-26 10:00:00,0,0,102485.69379999998,0.0
C,2025-09-26,2025-09-26 10:30:00,0,0,102485.69379999998,0.0
C,2025-09-26,2025-09-26 11:00:00,0,0,102485.69379999998,0.0
C,2025-09-26,2025-09-26 11:30:00,0,0,102485.69379999998,0.0
C,2025-09-26,2025-09-26 12:00:00,0,0,102485.69379999998,0.0
C,2025-09-26,2025-09-26 12:30:00,0,0,102485.69379999998,0.0
C,2025-09-26,2025-09-26 13:00:00,0,0,102485.69379999998,0.0
C,2025-09-26,2025-09-26 13:30:00,0,0,102485.69379999998,0.0
C,2025-09-26,2025-09-26 14:00:00,0,0,102485.69379999998,0.0
C,2025-09-26,2025-09-26 14:30:00,0,0,102485.69379999998,0.0
C,2025-09-26,2025-09-26 15:00:00,0,0,102485.69379999998,0.0
C,2025-09-26,2025-09-26 15:30:00,0,0,102485.69379999998,0.0
C,2025-09-26,2025-09-26 16:00:00,0,0,102485.69379999998,0.0
C,2025-09-29,2025-09-29 10:00:00,0,0,102485.69379999998,0.0
C,2025-09-29,2025-09-29 10:30:00,0,0,102485.69379999998,0.0
C,2025-09-29,2025-09-29 11:00:00,0,0,102485.69379999998,0.0
C,2025-09-29,2025-09-29 11:30:00,0,0,102485.69379999998,0.0
C,2025-09-29,2025-09-29 12:00:00,0,0,102485.69379999998,0.0
C,2025-09-29,2025-09-29 12:30:00,0,0,102485.69379999998,0.0
C,2025-09-29,2025-09-29 13:00:00,0,0,102485.69379999998,0.0
C,2025-09-29,2025-09-29 13:30:00,0,0,102485.69379999998,0.0
C,2025-09-29,2025-09-29 14:00:00,0,0,102485.69379999998,0.0
C,2025-09-29,2025-09-29 14:30:00,0,0,102485.69379999998,0.0
C,2025-09-29,2025-09-29 15:00:00,0,0,102485.69379999998,0.0
C,2025-09-29,2025-09-29 15:30:00,0,0,102485.69379999998,0.0
C,2025-09-29,2025-09-29 16:00:00,0,0,102485.69379999998,0.0
C,2025-09-30,2025-09-30 10:00:00,0,0,102485.69379999998,0.0
C,2025-09-30,2025-09-30 10:30:00,0,0,102485.69379999998,0.0
C,2025-09-30,2025-09-30 11:00:00,0,0,102485.69379999998,0.0
C,2025-09-30,2025-09-30 11:30:00,0,0,102485.69379999998,0.0
C,2025-09-30,2025-09-30 12:00:00,0,0,102485.69379999998,0.0
C,2025-09-30,2025-09-30 12:30:00,0,0,102485.69379999998,0.0
C,2025-09-30,2025-09-30 13:00:00,0,0,102485.69379999998,0.0
C,2025-09-30,2025-09-30 13:30:00,0,0,102485.69379999998,0.0
C,2025-09-30,2025-09-30 14:00:00,0,0,102485.69379999998,0.0
C,2025-09-30,2025-09-30 14:30:00,0,0,102485.69379999998,0.0
C,2025-09-30,2025-09-30 15:00:00,0,0,102485.69379999998,0.0
C,2025-09-30,2025-09-30 15:30:00,1,618,102482.91279999998,4.0125741820250065
C,2025-09-30,2025-09-30 16:00:00,0,0,102959.08179999996,0.0
C,2025-10-01,2025-10-01 10:00:00,0,0,102959.08179999996,0.0
C,2025-10-01,2025-10-01 10:30:00,0,0,102959.08179999996,0.0
C,2025-10-01,2025-10-01 11:00:00,0,0,102959.08179999996,0.0
C,2025-10-01,2025-10-01 11:30:00,0,0,102959.08179999996,0.0
C,2025-10-01,2025-10-01 12:00:00,0,0,102959.08179999996,0.0
C,2025-10-01,2025-10-01 12:30:00,0,0,102959.08179999996,0.0
C,2025-10-01,2025-10-01 13:00:00,0,0,102959.08179999996,0.0
C,2025-10-01,2025-10-01 13:30:00,1,620,102956.29179999996,4.02267007444804
C,2025-10-01,2025-10-01 14:00:00,1,620,102927.33779999996,4.023520367394561
C,2025-10-01,2025-10-01 14:30:00,1,620,103428.29779999997,4.008875799172246
C,2025-10-01,2025-10-01 15:00:00,1,620,103639.09779999999,4.002755801681632
C,2025-10-01,2025-10-01 15:30:00,1,620,103639.09779999999,4.002755801681632
C,2025-10-01,2025-10-01 16:00:00,0,0,103233.3078,0.0
C,2025-10-02,2025-10-02 10:00:00,0,0,103233.3078,0.0
C,2025-10-02,2025-10-02 10:30:00,0,0,103233.3078,0.0
C,2025-10-02,2025-10-02 11:00:00,0,0,103233.3078,0.0
C,2025-10-02,2025-10-02 11:30:00,0,0,103233.3078,0.0
C,2025-10-02,2025-10-02 12:00:00,0,0,103233.3078,0.0
C,2025-10-02,2025-10-02 12:30:00,0,0,103233.3078,0.0
C,2025-10-02,2025-10-02 13:00:00,0,0,103233.3078,0.0
C,2025-10-02,2025-10-02 13:30:00,0,0,103233.3078,0.0
C,2025-10-02,2025-10-02 14:00:00,0,0,103233.3078,0.0
C,2025-10-02,2025-10-02 14:30:00,0,0,103233.3078,0.0
C,2025-10-02,2025-10-02 15:00:00,0,0,103233.3078,0.0
C,2025-10-02,2025-10-02 15:30:00,0,0,103233.3078,0.0
C,2025-10-02,2025-10-02 16:00:00,0,0,103233.3078,0.0
C,2025-10-03,2025-10-03 10:00:00,0,0,103233.3078,0.0
C,2025-10-03,2025-10-03 10:30:00,0,0,103233.3078,0.0
C,2025-10-03,2025-10-03 11:00:00,1,615,103230.5403,4.004062158337846
C,2025-10-03,2025-10-03 11:30:00,0,0,103018.67279999997,0.0
C,2025-10-03,2025-10-03 12:00:00,1,615,103015.90529999997,4.014852355037258
C,2025-10-03,2025-10-03 12:30:00,1,615,102966.70529999994,4.016292924932504
C,2025-10-03,2025-10-03 13:00:00,1,615,102825.2553,4.02044224246142
C,2025-10-03,2025-10-03 13:30:00,0,0,101632.46279999996,0.0
C,2025-10-03,2025-10-03 14:00:00,0,0,101632.46279999996,0.0
C,2025-10-03,2025-10-03 14:30:00,0,0,101632.46279999996,0.0
C,2025-10-03,2025-10-03 15:00:00,0,0,101632.46279999996,0.0
C,2025-10-03,2025-10-03 15:30:00,0,0,101632.46279999996,0.0
C,2025-10-03,2025-10-03 16:00:00,0,0,101632.46279999996,0.0
C,2025-10-06,2025-10-06 10:00:00,0,0,101632.46279999996,0.0
C,2025-10-06,2025-10-06 10:30:00,0,0,101632.46279999996,0.0
C,2025-10-06,2025-10-06 11:00:00,0,0,101632.46279999996,0.0
C,2025-10-06,2025-10-06 11:30:00,0,0,101632.46279999996,0.0
C,2025-10-06,2025-10-06 12:00:00,1,606,101629.73579999997,4.006002542417317
C,2025-10-06,2025-10-06 12:30:00,1,606,101611.55579999991,4.0065403663468
C,2025-10-06,2025-10-06 13:00:00,1,606,101557.01579999996,4.008154993463289
C,2025-10-06,2025-10-06 13:30:00,1,606,101781.23579999997,4.001528148079336
C,2025-10-06,2025-10-06 14:00:00,1,606,101902.43579999992,3.9979582117113663
C,2025-10-06,2025-10-06 14:30:00,1,606,101878.19579999994,3.9986715194656033
C,2025-10-06,2025-10-06 15:00:00,1,606,101799.41579999994,4.000992115713107
C,2025-10-06,2025-10-06 15:30:00,0,0,101566.40879999995,0.0
C,2025-10-06,2025-10-06 16:00:00,0,0,101566.40879999995,0.0
C,2025-10-07,2025-10-07 10:00:00,0,0,101566.40879999995,0.0
C,2025-10-07,2025-10-07 10:30:00,0,0,101566.40879999995,0.0
C,2025-10-07,2025-10-07 11:00:00,0,0,101566.40879999995,0.0
C,2025-10-07,2025-10-07 11:30:00,-1,-604,101563.69079999995,3.979915625516045
C,2025-10-07,2025-10-07 12:00:00,-1,-604,102167.69079999995,3.9504751143890995
C,2025-10-07,2025-10-07 12:30:00,-1,-604,102071.05079999997,3.9551621819886282
C,2025-10-07,2025-10-07 13:00:00,-1,-604,102089.17079999995,3.954282680881567
C,2025-10-07,2025-10-07 13:30:00,-1,-604,101750.93079999999,3.9707516857428105
C,2025-10-07,2025-10-07 14:00:00,-1,-604,102107.29079999994,3.9534034919277303
C,2025-10-07,2025-10-07 14:30:00,-1,-604,101920.05079999997,3.9625035194743066
C,2025-10-07,2025-10-07 15:00:00,-1,-604,101702.61079999997,3.9731133431237358
C,2025-10-07,2025-10-07 15:30:00,-1,-604,101962.33079999994,3.9604457531682895
C,2025-10-07,2025-10-07 16:00:00,0,0,101627.41279999996,0.0
C,2025-10-08,2025-10-08 10:00:00,0,0,101627.41279999996,0.0
C,2025-10-08,2025-10-08 10:30:00,1,606,101624.68579999996,4.006678660747211
C,2025-10-08,2025-10-08 11:00:00,1,606,101527.72579999999,4.009550069129984
C,2025-10-08,2025-10-08 11:30:00,1,606,102000.40579999996,3.9956035155303287
C,2025-10-08,2025-10-08 12:00:00,1,606,102164.02579999996,3.990805930045879
C,2025-10-08,2025-10-08 12:30:00,1,606,102070.09579999997,3.9935582190371584
C,2025-10-08,2025-10-08 13:00:00,1,606,102115.54579999999,3.992225834041422
C,2025-10-08,2025-10-08 13:30:00,1,606,102233.71579999996,3.988767177334663
C,2025-10-08,2025-10-08 14:00:00,1,606,102073.12579999997,3.993469356456213
C,2025-10-08,2025-10-08 14:30:00,1,606,102194.32579999999,3.989919174162212
C,2025-10-08,2025-10-08 15:00:00,0,0,101822.36299999995,0.0
C,2025-10-08,2025-10-08 15:30:00,1,606,101819.63599999995,4.004750616079596
C,2025-10-08,2025-10-08 16:00:00,0,0,101959.31899999996,0.0
C,2025-10-09,2025-10-09 10:00:00,0,0,101959.31899999996,0.0
C,2025-10-09,2025-10-09 10:30:00,0,0,101959.31899999996,0.0
C,2025-10-09,2025-10-09 11:00:00,0,0,101959.31899999996,0.0
C,2025-10-09,2025-10-09 11:30:00,0,0,101959.31899999996,0.0
C,2025-10-09,2025-10-09 12:00:00,0,0,101959.31899999996,0.0
C,2025-10-09,2025-10-09 12:30:00,0,0,101959.31899999996,0.0
C,2025-10-09,2025-10-09 13:00:00,-1,-607,101956.58749999997,3.9874257266603803
C,2025-10-09,2025-10-09 13:30:00,-1,-607,102132.61749999995,3.978829681908429
C,2025-10-09,2025-10-09 14:00:00,0,0,101698.91599999998,0.0
C,2025-10-09,2025-10-09 14:30:00,0,0,101698.91599999998,0.0
C,2025-10-09,2025-10-09 15:00:00,0,0,101698.91599999998,0.0
C,2025-10-09,2025-10-09 15:30:00,0,0,101698.91599999998,0.0
C,2025-10-09,2025-10-09 16:00:00,0,0,101698.91599999998,0.0
C,2025-10-10,2025-10-10 10:00:00,0,0,101698.91599999998,0.0
C,2025-10-10,2025-10-10 10:30:00,0,0,101698.91599999998,0.0
C,2025-10-10,2025-10-10 11:00:00,-1,-604,101696.19799999999,3.971730585247642
C,2025-10-10,2025-10-10 11:30:00,-1,-604,105504.41800000003,3.79227417756098
C,2025-10-10,2025-10-10 12:00:00,-1,-604,106048.01800000001,3.7677090768447927
C,2025-10-10,2025-10-10 12:30:00,-1,-604,106060.098,3.7671660458016927
C,2025-10-10,2025-10-10 13:00:00,-1,-604,107545.93800000002,3.7013035304039086
C,2025-10-10,2025-10-10 13:30:00,-1,-604,107062.73799999998,3.7225216489419513
C,2025-10-10,2025-10-10 14:00:00,-1,-604,107183.53800000002,3.717199184076196
C,2025-10-10,2025-10-10 14:30:00,-1,-604,107503.658,3.703152501099079
C,2025-10-10,2025-10-10 15:00:00,-1,-604,108648.23799999998,3.6536060529578043
C,2025-10-10,2025-10-10 15:30:00,-1,-604,109309.618,3.6254493177352423
C,2025-10-10,2025-10-10 16:00:00,0,0,111179.30000000002,0.0
C,2025-10-13,2025-10-13 10:00:00,0,0,111179.30000000002,0.0
C,2025-10-13,2025-10-13 10:30:00,0,0,111179.30000000002,0.0
C,2025-10-13,2025-10-13 11:00:00,0,0,111179.30000000002,0.0
C,2025-10-13,2025-10-13 11:30:00,0,0,111179.30000000002,0.0
C,2025-10-13,2025-10-13 12:00:00,0,0,111179.30000000002,0.0
C,2025-10-13,2025-10-13 12:30:00,0,0,111179.30000000002,0.0
C,2025-10-13,2025-10-13 13:00:00,0,0,111179.30000000002,0.0
C,2025-10-13,2025-10-13 13:30:00,0,0,111179.30000000002,0.0
C,2025-10-13,2025-10-13 14:00:00,0,0,111179.30000000002,0.0
C,2025-10-13,2025-10-13 14:30:00,0,0,111179.30000000002,0.0
C,2025-10-13,2025-10-13 15:00:00,0,0,111179.30000000002,0.0
C,2025-10-13,2025-10-13 15:30:00,0,0,111179.30000000002,0.0
C,2025-10-13,2025-10-13 16:00:00,0,0,111179.30000000002,0.0
C,2025-10-14,2025-10-14 10:00:00,0,0,111179.30000000002,0.0
C,2025-10-14,2025-10-14 10:30:00,0,0,111179.30000000002,0.0
C,2025-10-14,2025-10-14 11:00:00,0,0,111179.30000000002,0.0
C,2025-10-14,2025-10-14 11:30:00,0,0,111179.30000000002,0.0
C,2025-10-14,2025-10-14 12:00:00,0,0,111179.30000000002,0.0
C,2025-10-14,2025-10-14 12:30:00,0,0,111179.30000000002,0.0
C,2025-10-14,2025-10-14 13:00:00,0,0,111179.30000000002,0.0
C,2025-10-14,2025-10-14 13:30:00,0,0,111179.30000000002,0.0
C,2025-10-14,2025-10-14 14:00:00,0,0,111179.30000000002,0.0
C,2025-10-14,2025-10-14 14:30:00,0,0,111179.30000000002,0.0
C,2025-10-14,2025-10-14 15:00:00,0,0,111179.30000000002,0.0
C,2025-10-14,2025-10-14 15:30:00,0,0,111179.30000000002,0.0
C,2025-10-14,2025-10-14 16:00:00,0,0,111179.30000000002,0.0
C,2025-10-15,2025-10-15 10:00:00,0,0,111179.30000000002,0.0
C,2025-10-15,2025-10-15 10:30:00,0,0,111179.30000000002,0.0
C,2025-10-15,2025-10-15 11:00:00,0,0,111179.30000000002,0.0
C,2025-10-15,2025-10-15 11:30:00,0,0,111179.30000000002,0.0
C,2025-10-15,2025-10-15 12:00:00,0,0,111179.30000000002,0.0
C,2025-10-15,2025-10-15 12:30:00,0,0,111179.30000000002,0.0
C,2025-10-15,2025-10-15 13:00:00,0,0,111179.30000000002,0.0
C,2025-10-15,2025-10-15 13:30:00,0,0,111179.30000000002,0.0
C,2025-10-15,2025-10-15 14:00:00,0,0,111179.30000000002,0.0
C,2025-10-15,2025-10-15 14:30:00,0,0,111179.30000000002,0.0
C,2025-10-15,2025-10-15 15:00:00,0,0,111179.30000000002,0.0
C,2025-10-15,2025-10-15 15:30:00,0,0,111179.30000000002,0.0
C,2025-10-15,2025-10-15 16:00:00,0,0,111179.30000000002,0.0
C,2025-10-16,2025-10-16 10:00:00,0,0,111179.30000000002,0.0
C,2025-10-16,2025-10-16 10:30:00,0,0,111179.30000000002,0.0
C,2025-10-16,2025-10-16 11:00:00,0,0,111179.30000000002,0.0
C,2025-10-16,2025-10-16 11:30:00,0,0,111179.30000000002,0.0
C,2025-10-16,2025-10-16 12:00:00,0,0,111179.30000000002,0.0
C,2025-10-16,2025-10-16 12:30:00,0,0,111179.30000000002,0.0
C,2025-10-16,2025-10-16 13:00:00,0,0,111179.30000000002,0.0
C,2025-10-16,2025-10-16 13:30:00,0,0,111179.30000000002,0.0
C,2025-10-16,2025-10-16 14:00:00,-1,-359,111177.68450000002,2.1370276874222895
C,2025-10-16,2025-10-16 14:30:00,-1,-359,112419.82449999999,2.1023662957239364
C,2025-10-16,2025-10-16 15:00:00,-1,-359,111619.25449999998,2.1246174870304304
C,2025-10-16,2025-10-16 15:30:00,-1,-359,112182.8845,2.108918762915211
C,2025-10-16,2025-10-16 16:00:00,0,0,111596.099,0.0
C,2025-10-17,2025-10-17 10:00:00,0,0,111596.099,0.0
C,2025-10-17,2025-10-17 10:30:00,1,360,111594.479,2.1368799078312826
C,2025-10-17,2025-10-17 11:00:00,0,0,110574.05900000004,0.0
C,2025-10-17,2025-10-17 11:30:00,0,0,110574.05900000004,0.0
C,2025-10-17,2025-10-17 12:00:00,0,0,110574.05900000004,0.0
C,2025-10-17,2025-10-17 12:30:00,0,0,110574.05900000004,0.0
C,2025-10-17,2025-10-17 13:00:00,0,0,110574.05900000004,0.0
C,2025-10-17,2025-10-17 13:30:00,0,0,110574.05900000004,0.0
C,2025-10-17,2025-10-17 14:00:00,0,0,110574.05900000004,0.0
C,2025-10-17,2025-10-17 14:30:00,1,360,110572.43900000004,2.1639569694216467
C,2025-10-17,2025-10-17 15:00:00,1,360,110471.63900000005,2.1650190235703834
C,2025-10-17,2025-10-17 15:30:00,1,360,110739.83900000005,2.1621974725825623
C,2025-10-17,2025-10-17 16:00:00,0,0,110477.21900000004,0.0
C,2025-10-20,2025-10-20 10:00:00,0,0,110477.21900000004,0.0
C,2025-10-20,2025-10-20 10:30:00,1,349,110475.64850000004,2.1175227588729646
C,2025-10-20,2025-10-20 11:00:00,1,349,110796.72850000007,2.114284267878901
C,2025-10-20,2025-10-20 11:30:00,1,349,110709.47850000007,2.115162433901266
C,2025-10-20,2025-10-20 12:00:00,0,0,110592.73800000006,0.0
C,2025-10-20,2025-10-20 12:30:00,0,0,110592.73800000006,0.0
C,2025-10-20,2025-10-20 13:00:00,0,0,110592.73800000006,0.0
C,2025-10-20,2025-10-20 13:30:00,0,0,110592.73800000006,0.0
C,2025-10-20,2025-10-20 14:00:00,0,0,110592.73800000006,0.0
C,2025-10-20,2025-10-20 14:30:00,0,0,110592.73800000006,0.0
C,2025-10-20,2025-10-20 15:00:00,0,0,110592.73800000006,0.0
C,2025-10-20,2025-10-20 15:30:00,0,0,110592.73800000006,0.0
C,2025-10-20,2025-10-20 16:00:00,0,0,110592.73800000006,0.0
C,2025-10-21,2025-10-21 10:00:00,0,0,110592.73800000006,0.0
C,2025-10-21,2025-10-21 10:30:00,0,0,110592.73800000006,0.0
C,2025-10-21,2025-10-21 11:00:00,0,0,110592.73800000006,0.0
C,2025-10-21,2025-10-21 11:30:00,0,0,110592.73800000006,0.0
C,2025-10-21,2025-10-21 12:00:00,0,0,110592.73800000006,0.0
C,2025-10-21,2025-10-21 12:30:00,0,0,110592.73800000006,0.0
C,2025-10-21,2025-10-21 13:00:00,0,0,110592.73800000006,0.0
C,2025-10-21,2025-10-21 13:30:00,0,0,110592.73800000006,0.0
C,2025-10-21,2025-10-21 14:00:00,0,0,110592.73800000006,0.0
C,2025-10-21,2025-10-21 14:30:00,0,0,110592.73800000006,0.0
C,2025-10-21,2025-10-21 15:00:00,0,0,110592.73800000006,0.0
C,2025-10-21,2025-10-21 15:30:00,0,0,110592.73800000006,0.0
C,2025-10-21,2025-10-21 16:00:00,0,0,110592.73800000006,0.0
C,2025-10-22,2025-10-22 10:00:00,0,0,110592.73800000006,0.0
C,2025-10-22,2025-10-22 10:30:00,-1,-336,110591.22600000005,2.0335917064523716
C,2025-10-22,2025-10-22 11:00:00,0,0,110340.23400000003,0.0
C,2025-10-22,2025-10-22 11:30:00,-1,-336,110338.72200000002,2.033837586047081
C,2025-10-22,2025-10-22 12:00:00,0,0,109961.562,0.0
C,2025-10-22,2025-10-22 12:30:00,-1,-336,109960.05,2.0400470898294425
C,2025-10-22,2025-10-22 13:00:00,-1,-336,110107.88999999998,2.0359652700637536
C,2025-10-22,2025-10-22 13:30:00,-1,-336,110739.53639999998,2.018648450834584
C,2025-10-22,2025-10-22 14:00:00,-1,-336,110917.65000000001,2.013801049697681
C,2025-10-22,2025-10-22 14:30:00,-1,-336,110628.69,2.0216730397874185
C,2025-10-22,2025-10-22 15:00:00,-1,-336,110343.09,2.0294940081884603
C,2025-10-22,2025-10-22 15:30:00,0,0,110015.658,0.0
C,2025-10-22,2025-10-22 16:00:00,0,0,110015.658,0.0
C,2025-10-23,2025-10-23 10:00:00,0,0,110015.658,0.0
C,2025-10-23,2025-10-23 10:30:00,0,0,110015.658,0.0
C,2025-10-23,2025-10-23 11:00:00,0,0,110015.658,0.0
C,2025-10-23,2025-10-23 11:30:00,0,0,110015.658,0.0
C,2025-10-23,2025-10-23 12:00:00,0,0,110015.658,0.0
C,2025-10-23,2025-10-23 12:30:00,0,0,110015.658,0.0
C,2025-10-23,2025-10-23 13:00:00,0,0,110015.658,0.0
C,2025-10-23,2025-10-23 13:30:00,0,0,110015.658,0.0
C,2025-10-23,2025-10-23 14:00:00,0,0,110015.658,0.0
C,2025-10-23,2025-10-23 14:30:00,0,0,110015.658,0.0
C,2025-10-23,2025-10-23 15:00:00,0,0,110015.658,0.0
C,2025-10-23,2025-10-23 15:30:00,0,0,110015.658,0.0
C,2025-10-23,2025-10-23 16:00:00,0,0,110015.658,0.0
C,2025-10-24,2025-10-24 10:00:00,0,0,110015.658,0.0
C,2025-10-24,2025-10-24 10:30:00,0,0,110015.658,0.0
C,2025-10-24,2025-10-24 11:00:00,0,0,110015.658,0.0
C,2025-10-24,2025-10-24 11:30:00,0,0,110015.658,0.0
C,2025-10-24,2025-10-24 12:00:00,0,0,110015.658,0.0
C,2025-10-24,2025-10-24 12:30:00,0,0,110015.658,0.0
C,2025-10-24,2025-10-24 13:00:00,0,0,110015.658,0.0
C,2025-10-24,2025-10-24 13:30:00,0,0,110015.658,0.0
C,2025-10-24,2025-10-24 14:00:00,0,0,110015.658,0.0
C,2025-10-24,2025-10-24 14:30:00,0,0,110015.658,0.0
C,2025-10-24,2025-10-24 15:00:00,0,0,110015.658,0.0
C,2025-10-24,2025-10-24 15:30:00,0,0,110015.658,0.0
C,2025-10-24,2025-10-24 16:00:00,0,0,110015.658,0.0
C,2025-10-27,2025-10-27 10:00:00,0,0,110015.658,0.0
C,2025-10-27,2025-10-27 10:30:00,0,0,110015.658,0.0
C,2025-10-27,2025-10-27 11:00:00,0,0,110015.658,0.0
C,2025-10-27,2025-10-27 11:30:00,0,0,110015.658,0.0
C,2025-10-27,2025-10-27 12:00:00,0,0,110015.658,0.0
C,2025-10-27,2025-10-27 12:30:00,0,0,110015.658,0.0
C,2025-10-27,2025-10-27 13:00:00,0,0,110015.658,0.0
C,2025-10-27,2025-10-27 13:30:00,0,0,110015.658,0.0
C,2025-10-27,2025-10-27 14:00:00,0,0,110015.658,0.0
C,2025-10-27,2025-10-27 14:30:00,0,0,110015.658,0.0
C,2025-10-27,2025-10-27 15:00:00,0,0,110015.658,0.0
C,2025-10-27,2025-10-27 15:30:00,0,0,110015.658,0.0
C,2025-10-27,2025-10-27 16:00:00,0,0,110015.658,0.0
C,2025-10-28,2025-10-28 10:00:00,0,0,110015.658,0.0
C,2025-10-28,2025-10-28 10:30:00,0,0,110015.658,0.0
C,2025-10-28,2025-10-28 11:00:00,0,0,110015.658,0.0
C,2025-10-28,2025-10-28 11:30:00,0,0,110015.658,0.0
C,2025-10-28,2025-10-28 12:00:00,0,0,110015.658,0.0
C,2025-10-28,2025-10-28 12:30:00,0,0,110015.658,0.0
C,2025-10-28,2025-10-28 13:00:00,0,0,110015.658,0.0
C,2025-10-28,2025-10-28 13:30:00,0,0,110015.658,0.0
C,2025-10-28,2025-10-28 14:00:00,0,0,110015.658,0.0
C,2025-10-28,2025-10-28 14:30:00,0,0,110015.658,0.0
C,2025-10-28,2025-10-28 15:00:00,0,0,110015.658,0.0
C,2025-10-28,2025-10-28 15:30:00,0,0,110015.658,0.0
C,2025-10-28,2025-10-28 16:00:00,0,0,110015.658,0.0
C,2025-10-29,2025-10-29 10:00:00,0,0,110015.658,0.0
C,2025-10-29,2025-10-29 10:30:00,0,0,110015.658,0.0
C,2025-10-29,2025-10-29 11:00:00,0,0,110015.658,0.0
C,2025-10-29,2025-10-29 11:30:00,0,0,110015.658,0.0
C,2025-10-29,2025-10-29 12:00:00,0,0,110015.658,0.0
C,2025-10-29,2025-10-29 12:30:00,0,0,110015.658,0.0
C,2025-10-29,2025-10-29 13:00:00,0,0,110015.658,0.0
C,2025-10-29,2025-10-29 13:30:00,0,0,110015.658,0.0
C,2025-10-29,2025-10-29 14:00:00,0,0,110015.658,0.0
C,2025-10-29,2025-10-29 14:30:00,0,0,110015.658,0.0
C,2025-10-29,2025-10-29 15:00:00,0,0,110015.658,0.0
C,2025-10-29,2025-10-29 15:30:00,0,0,110015.658,0.0
C,2025-10-29,2025-10-29 16:00:00,0,0,110015.658,0.0
C,2025-10-30,2025-10-30 10:00:00,0,0,110015.658,0.0
C,2025-10-30,2025-10-30 10:30:00,-1,-308,110014.272,1.9133837471560056
C,2025-10-30,2025-10-30 11:00:00,0,0,109689.486,0.0
C,2025-10-30,2025-10-30 11:30:00,0,0,109689.486,0.0
C,2025-10-30,2025-10-30 12:00:00,0,0,109689.486,0.0
C,2025-10-30,2025-10-30 12:30:00,0,0,109689.486,0.0
C,2025-10-30,2025-10-30 13:00:00,0,0,109689.486,0.0
C,2025-10-30,2025-10-30 13:30:00,0,0,109689.486,0.0
C,2025-10-30,2025-10-30 14:00:00,0,0,109689.486,0.0
C,2025-10-30,2025-10-30 14:30:00,0,0,109689.486,0.0
C,2025-10-30,2025-10-30 15:00:00,0,0,109689.486,0.0
C,2025-10-30,2025-10-30 15:30:00,0,0,109689.486,0.0
C,2025-10-30,2025-10-30 16:00:00,0,0,109689.486,0.0
C,2025-10-31,2025-10-31 10:00:00,0,0,109689.486,0.0
C,2025-10-31,2025-10-31 10:30:00,0,0,109689.486,0.0
C,2025-10-31,2025-10-31 11:00:00,0,0,109689.486,0.0
C,2025-10-31,2025-10-31 11:30:00,0,0,109689.486,0.0
C,2025-10-31,2025-10-31 12:00:00,0,0,109689.486,0.0
C,2025-10-31,2025-10-31 12:30:00,0,0,109689.486,0.0
C,2025-10-31,2025-10-31 13:00:00,0,0,109689.486,0.0
C,2025-10-31,2025-10-31 13:30:00,0,0,109689.486,0.0
C,2025-10-31,2025-10-31 14:00:00,0,0,109689.486,0.0
C,2025-10-31,2025-10-31 14:30:00,0,0,109689.486,0.0
C,2025-10-31,2025-10-31 15:00:00,0,0,109689.486,0.0
C,2025-10-31,2025-10-31 15:30:00,0,0,109689.486,0.0
C,2025-10-31,2025-10-31 16:00:00,0,0,109689.486,0.0
C,2025-11-03,2025-11-03 10:00:00,0,0,109689.486,0.0
C,2025-11-03,2025-11-03 10:30:00,-1,-491,109687.2765,3.045671763944289
C,2025-11-03,2025-11-03 11:00:00,0,0,108688.28790000004,0.0
C,2025-11-03,2025-11-03 11:30:00,0,0,108688.28790000004,0.0
C,2025-11-03,2025-11-03 12:00:00,0,0,108688.28790000004,0.0
C,2025-11-03,2025-11-03 12:30:00,0,0,108688.28790000004,0.0
C,2025-11-03,2025-11-03 13:00:00,0,0,108688.28790000004,0.0
C,2025-11-03,2025-11-03 13:30:00,0,0,108688.28790000004,0.0
C,2025-11-03,2025-11-03 14:00:00,0,0,108688.28790000004,0.0
C,2025-11-03,2025-11-03 14:30:00,0,0,108688.28790000004,0.0
C,2025-11-03,2025-11-03 15:00:00,0,0,108688.28790000004,0.0
C,2025-11-03,2025-11-03 15:30:00,0,0,108688.28790000004,0.0
C,2025-11-03,2025-11-03 16:00:00,0,0,108688.28790000004,0.0
C,2025-11-04,2025-11-04 10:00:00,0,0,108688.28790000004,0.0
C,2025-11-04,2025-11-04 10:30:00,0,0,108688.28790000004,0.0
C,2025-11-04,2025-11-04 11:00:00,0,0,108688.28790000004,0.0
C,2025-11-04,2025-11-04 11:30:00,0,0,108688.28790000004,0.0
C,2025-11-04,2025-11-04 12:00:00,0,0,108688.28790000004,0.0
C,2025-11-04,2025-11-04 12:30:00,-1,-494,108686.06490000004,3.0768282972401546
C,2025-11-04,2025-11-04 13:00:00,-1,-494,109189.94490000009,3.0580149143385063
C,2025-11-04,2025-11-04 13:30:00,-1,-494,109535.74490000005,3.04520392228601
C,2025-11-04,2025-11-04 14:00:00,-1,-494,109110.90490000005,3.060954542592194
C,2025-11-04,2025-11-04 14:30:00,0,0,109034.58190000006,0.0
C,2025-11-04,2025-11-04 15:00:00,-1,-494,109032.35890000006,3.059285824549833
C,2025-11-04,2025-11-04 15:30:00,0,0,108654.69590000006,0.0
C,2025-11-04,2025-11-04 16:00:00,0,0,108654.69590000006,0.0
C,2025-11-05,2025-11-05 10:00:00,0,0,108654.69590000006,0.0
C,2025-11-05,2025-11-05 10:30:00,0,0,108654.69590000006,0.0
C,2025-11-05,2025-11-05 11:00:00,0,0,108654.69590000006,0.0
C,2025-11-05,2025-11-05 11:30:00,1,430,108652.76090000007,2.6845723715061145
C,2025-11-05,2025-11-05 12:00:00,1,430,109094.88690000006,2.677745349035234
C,2025-11-05,2025-11-05 12:30:00,1,430,109379.41790000006,2.6733809944695257
C,2025-11-05,2025-11-05 13:00:00,1,430,109451.70090000004,2.6722758768932016
C,2025-11-05,2025-11-05 13:30:00,1,430,109529.96090000005,2.6710810229094117
C,2025-11-05,2025-11-05 14:00:00,1,430,109622.41090000006,2.669671717646924
C,2025-11-05,2025-11-05 14:30:00,1,430,109452.56090000007,2.6722627373445023
C,2025-11-05,2025-11-05 15:00:00,1,430,109459.01090000007,2.6721641973105004
C,2025-11-05,2025-11-05 15:30:00,0,0,109261.42590000005,0.0
C,2025-11-05,2025-11-05 16:00:00,0,0,109261.42590000005,0.0
C,2025-11-06,2025-11-06 10:00:00,0,0,109261.42590000005,0.0
C,2025-11-06,2025-11-06 10:30:00,0,0,109261.42590000005,0.0
C,2025-11-06,2025-11-06 11:00:00,-1,-456,109259.37390000005,2.800079746750222
C,2025-11-06,2025-11-06 11:30:00,-1,-456,109063.29390000002,2.8069117395325613
C,2025-11-06,2025-11-06 12:00:00,-1,-456,109929.69390000001,2.7769079415220674
C,2025-11-06,2025-11-06 12:30:00,-1,-456,109884.09390000005,2.778475293046939
C,2025-11-06,2025-11-06 13:00:00,-1,-456,109200.09390000005,2.8021426454103064
C,2025-11-06,2025-11-06 13:30:00,-1,-456,109241.13390000002,2.8007142463393997
C,2025-11-06,2025-11-06 14:00:00,-1,-456,109022.25390000005,2.8083448016111854
C,2025-11-06,2025-11-06 14:30:00,0,0,108121.88190000005,0.0
C,2025-11-06,2025-11-06 15:00:00,0,0,108121.88190000005,0.0
C,2025-11-06,2025-11-06 15:30:00,0,0,108121.88190000005,0.0
C,2025-11-06,2025-11-06 16:00:00,0,0,108121.88190000005,0.0
C,2025-11-07,2025-11-07 10:00:00,0,0,108121.88190000005,0.0
C,2025-11-07,2025-11-07 10:30:00,0,0,108121.88190000005,0.0
C,2025-11-07,2025-11-07 11:00:00,-1,-418,108120.00090000006,2.5645993127253095
C,2025-11-07,2025-11-07 11:30:00,-1,-418,108370.80090000006,2.556349844231887
C,2025-11-07,2025-11-07 12:00:00,-1,-418,108675.94090000007,2.546364335181015
C,2025-11-07,2025-11-07 12:30:00,-1,-418,108061.48090000007,2.5665296985579236
C,2025-11-07,2025-11-07 13:00:00,-1,-418,107873.38090000005,2.5727486955959487
C,2025-11-07,2025-11-07 13:30:00,0,0,107307.19990000008,0.0
C,2025-11-07,2025-11-07 14:00:00,0,0,107307.19990000008,0.0
C,2025-11-07,2025-11-07 14:30:00,0,0,107307.19990000008,0.0
C,2025-11-07,2025-11-07 15:00:00,0,0,107307.19990000008,0.0
C,2025-11-07,2025-11-07 15:30:00,0,0,107307.19990000008,0.0
C,2025-11-07,2025-11-07 16:00:00,0,0,107307.19990000008,0.0
C,2025-11-10,2025-11-10 10:00:00,0,0,107307.19990000008,0.0
C,2025-11-10,2025-11-10 10:30:00,0,0,107307.19990000008,0.0
C,2025-11-10,2025-11-10 11:00:00,0,0,107307.19990000008,0.0
C,2025-11-10,2025-11-10 11:30:00,0,0,107307.19990000008,0.0
C,2025-11-10,2025-11-10 12:00:00,0,0,107307.19990000008,0.0
C,2025-11-10,2025-11-10 12:30:00,0,0,107307.19990000008,0.0
C,2025-11-10,2025-11-10 13:00:00,0,0,107307.19990000008,0.0
C,2025-11-10,2025-11-10 13:30:00,0,0,107307.19990000008,0.0
C,2025-11-10,2025-11-10 14:00:00,0,0,107307.19990000008,0.0
C,2025-11-10,2025-11-10 14:30:00,1,437,107305.23340000008,2.772371165635988
C,2025-11-10,2025-11-10 15:00:00,1,437,107530.28840000008,2.768661689928098
C,2025-11-10,2025-11-10 15:30:00,1,437,107508.4384000001,2.7690211524828525
C,2025-11-10,2025-11-10 16:00:00,0,0,107602.6119000001,0.0
C,2025-11-11,2025-11-11 10:00:00,0,0,107602.6119000001,0.0
C,2025-11-11,2025-11-11 10:30:00,-1,-378,107600.9109000001,2.3865966175570708
C,2025-11-11,2025-11-11 11:00:00,-1,-378,107644.3809000001,2.385229009199492
C,2025-11-11,2025-11-11 11:30:00,-1,-378,107629.26090000012,2.385704573764287
C,2025-11-11,2025-11-11 12:00:00,0,0,107472.57990000008,0.0
C,2025-11-11,2025-11-11 12:30:00,0,0,107472.57990000008,0.0
C,2025-11-11,2025-11-11 13:00:00,0,0,107472.57990000008,0.0
C,2025-11-11,2025-11-11 13:30:00,0,0,107472.57990000008,0.0
C,2025-11-11,2025-11-11 14:00:00,0,0,107472.57990000008,0.0
C,2025-11-11,2025-11-11 14:30:00,0,0,107472.57990000008,0.0
C,2025-11-11,2025-11-11 15:00:00,0,0,107472.57990000008,0.0
C,2025-11-11,2025-11-11 15:30:00,0,0,107472.57990000008,0.0
C,2025-11-11,2025-11-11 16:00:00,0,0,107472.57990000008,0.0
C,2025-11-12,2025-11-12 10:00:00,0,0,107472.57990000008,0.0
C,2025-11-12,2025-11-12 10:30:00,0,0,107472.57990000008,0.0
C,2025-11-12,2025-11-12 11:00:00,0,0,107472.57990000008,0.0
C,2025-11-12,2025-11-12 11:30:00,0,0,107472.57990000008,0.0
C,2025-11-12,2025-11-12 12:00:00,0,0,107472.57990000008,0.0
C,2025-11-12,2025-11-12 12:30:00,0,0,107472.57990000008,0.0
C,2025-11-12,2025-11-12 13:00:00,0,0,107472.57990000008,0.0
C,2025-11-12,2025-11-12 13:30:00,0,0,107472.57990000008,0.0
C,2025-11-12,2025-11-12 14:00:00,0,0,107472.57990000008,0.0
C,2025-11-12,2025-11-12 14:30:00,0,0,107472.57990000008,0.0
C,2025-11-12,2025-11-12 15:00:00,0,0,107472.57990000008,0.0
C,2025-11-12,2025-11-12 15:30:00,0,0,107472.57990000008,0.0
C,2025-11-12,2025-11-12 16:00:00,0,0,107472.57990000008,0.0
C,2025-11-13,2025-11-13 10:00:00,0,0,107472.57990000008,0.0
C,2025-11-13,2025-11-13 10:30:00,0,0,107472.57990000008,0.0
C,2025-11-13,2025-11-13 11:00:00,-1,-393,107470.81140000008,2.4730984770437843
C,2025-11-13,2025-11-13 11:30:00,-1,-393,107730.19140000007,2.464736361732667
C,2025-11-13,2025-11-13 12:00:00,-1,-393,107938.48140000006,2.4580504242669456
C,2025-11-13,2025-11-13 12:30:00,-1,-393,107626.40010000007,2.4680776375795537
C,2025-11-13,2025-11-13 13:00:00,-1,-393,108284.32140000006,2.4470060538237797
C,2025-11-13,2025-11-13 13:30:00,-1,-393,108862.03140000007,2.4287134513273454
C,2025-11-13,2025-11-13 14:00:00,-1,-393,108862.03140000007,2.4287134513273454
C,2025-11-13,2025-11-13 14:30:00,-1,-393,108590.86140000004,2.437275536705522
C,2025-11-13,2025-11-13 15:00:00,-1,-393,109294.33140000007,2.4151516059322344
C,2025-11-13,2025-11-13 15:30:00,-1,-393,109286.47140000008,2.415397227291207
C,2025-11-13,2025-11-13 16:00:00,0,0,109143.22290000008,0.0
C,2025-11-14,2025-11-14 10:00:00,0,0,109143.22290000008,0.0
C,2025-11-14,2025-11-14 10:30:00,0,0,109143.22290000008,0.0
C,2025-11-14,2025-11-14 11:00:00,0,0,109143.22290000008,0.0
C,2025-11-14,2025-11-14 11:30:00,1,359,109141.60740000008,2.2185702205445055
C,2025-11-14,2025-11-14 12:00:00,1,359,109202.63740000007,2.2178891990753318
C,2025-11-14,2025-11-14 12:30:00,1,359,109306.7474000001,2.2167292117229334
C,2025-11-14,2025-11-14 13:00:00,1,359,108979.01630000008,2.220388264781941
C,2025-11-14,2025-11-14 13:30:00,0,0,108605.08190000008,0.0
C,2025-11-14,2025-11-14 14:00:00,0,0,108605.08190000008,0.0
C,2025-11-14,2025-11-14 14:30:00,1,359,108603.46640000008,2.2281093221164427
C,2025-11-14,2025-11-14 15:00:00,1,359,108829.60050000004,2.2255574667849665
C,2025-11-14,2025-11-14 15:30:00,0,0,108034.59500000007,0.0
C,2025-11-14,2025-11-14 16:00:00,0,0,108034.59500000007,0.0
C,2025-11-17,2025-11-17 10:00:00,0,0,108034.59500000007,0.0
C,2025-11-17,2025-11-17 10:30:00,0,0,108034.59500000007,0.0
C,2025-11-17,2025-11-17 11:00:00,0,0,108034.59500000007,0.0
C,2025-11-17,2025-11-17 11:30:00,0,0,108034.59500000007,0.0
C,2025-11-17,2025-11-17 12:00:00,0,0,108034.59500000007,0.0
C,2025-11-17,2025-11-17 12:30:00,0,0,108034.59500000007,0.0
C,2025-11-17,2025-11-17 13:00:00,-1,-383,108032.87150000008,2.3725763782924143
C,2025-11-17,2025-11-17 13:30:00,-1,-383,108259.99050000007,2.3655010389087354
C,2025-11-17,2025-11-17 14:00:00,-1,-383,109071.10790000006,2.3404731785987467
C,2025-11-17,2025-11-17 14:30:00,-1,-383,109359.20050000006,2.331673136180251
C,2025-11-17,2025-11-17 15:00:00,-1,-383,110588.63050000009,2.29463443803113
C,2025-11-17,2025-11-17 15:30:00,-1,-383,110083.07050000006,2.3097651513999136
C,2025-11-17,2025-11-17 16:00:00,0,0,109395.77700000007,0.0
C,2025-11-18,2025-11-18 10:00:00,0,0,109395.77700000007,0.0
C,2025-11-18,2025-11-18 10:30:00,0,0,109395.77700000007,0.0
C,2025-11-18,2025-11-18 11:00:00,0,0,109395.77700000007,0.0
C,2025-11-18,2025-11-18 11:30:00,0,0,109395.77700000007,0.0
C,2025-11-18,2025-11-18 12:00:00,0,0,109395.77700000007,0.0
C,2025-11-18,2025-11-18 12:30:00,0,0,109395.77700000007,0.0
C,2025-11-18,2025-11-18 13:00:00,0,0,109395.77700000007,0.0
C,2025-11-18,2025-11-18 13:30:00,0,0,109395.77700000007,0.0
C,2025-11-18,2025-11-18 14:00:00,0,0,109395.77700000007,0.0
C,2025-11-18,2025-11-18 14:30:00,0,0,109395.77700000007,0.0
C,2025-11-18,2025-11-18 15:00:00,0,0,109395.77700000007,0.0
C,2025-11-18,2025-11-18 15:30:00,0,0,109395.77700000007,0.0
C,2025-11-18,2025-11-18 16:00:00,0,0,109395.77700000007,0.0
C,2025-11-19,2025-11-19 10:00:00,0,0,109395.77700000007,0.0
C,2025-11-19,2025-11-19 10:30:00,0,0,109395.77700000007,0.0
C,2025-11-19,2025-11-19 11:00:00,0,0,109395.77700000007,0.0
C,2025-11-19,2025-11-19 11:30:00,0,0,109395.77700000007,0.0
C,2025-11-19,2025-11-19 12:00:00,0,0,109395.77700000007,0.0
C,2025-11-19,2025-11-19 12:30:00,0,0,109395.77700000007,0.0
C,2025-11-19,2025-11-19 13:00:00,0,0,109395.77700000007,0.0
C,2025-11-19,2025-11-19 13:30:00,0,0,109395.77700000007,0.0
C,2025-11-19,2025-11-19 14:00:00,0,0,109395.77700000007,0.0
C,2025-11-19,2025-11-19 14:30:00,0,0,109395.77700000007,0.0
C,2025-11-19,2025-11-19 15:00:00,0,0,109395.77700000007,0.0
C,2025-11-19,2025-11-19 15:30:00,0,0,109395.77700000007,0.0
C,2025-11-19,2025-11-19 16:00:00,0,0,109395.77700000007,0.0
C,2025-11-20,2025-11-20 10:00:00,0,0,109395.77700000007,0.0
C,2025-11-20,2025-11-20 10:30:00,0,0,109395.77700000007,0.0
C,2025-11-20,2025-11-20 11:00:00,0,0,109395.77700000007,0.0
C,2025-11-20,2025-11-20 11:30:00,0,0,109395.77700000007,0.0
C,2025-11-20,2025-11-20 12:00:00,-1,-382,109394.05800000008,2.3038225714233933
C,2025-11-20,2025-11-20 12:30:00,-1,-382,109917.39800000007,2.2880923727834226
C,2025-11-20,2025-11-20 13:00:00,-1,-382,110440.5088000001,2.2725180454800635
C,2025-11-20,2025-11-20 13:30:00,-1,-382,109512.47800000006,2.3002500226503857
C,2025-11-20,2025-11-20 14:00:00,-1,-382,111177.99800000007,2.250810092838692
C,2025-11-20,2025-11-20 14:30:00,-1,-382,110467.47800000006,2.271719102702787
C,2025-11-20,2025-11-20 15:00:00,-1,-382,110035.81800000006,2.284553744127207
C,2025-11-20,2025-11-20 15:30:00,-1,-382,110746.33800000006,2.26348089270455
C,2025-11-20,2025-11-20 16:00:00,0,0,112150.37900000009,0.0
C,2025-11-21,2025-11-21 10:00:00,0,0,112150.37900000009,0.0
C,2025-11-21,2025-11-21 10:30:00,0,0,112150.37900000009,0.0
C,2025-11-21,2025-11-21 11:00:00,0,0,112150.37900000009,0.0
C,2025-11-21,2025-11-21 11:30:00,0,0,112150.37900000009,0.0
C,2025-11-21,2025-11-21 12:00:00,1,378,112148.67800000009,2.2273107847067073
C,2025-11-21,2025-11-21 12:30:00,1,378,112035.27800000006,2.2285530455862292
C,2025-11-21,2025-11-21 13:00:00,1,378,111925.65800000007,2.2297562905549313
C,2025-11-21,2025-11-21 13:30:00,0,0,111130.15700000006,0.0
C,2025-11-21,2025-11-21 14:00:00,1,378,111128.45600000006,2.252758915322281
C,2025-11-21,2025-11-21 14:30:00,1,378,111861.77600000009,2.2445463408340647
C,2025-11-21,2025-11-21 15:00:00,1,378,110894.09600000006,2.255406455542952
C,2025-11-21,2025-11-21 15:30:00,1,378,110051.1560000001,2.2650222774579465
C,2025-11-21,2025-11-21 16:00:00,0,0,109894.47500000006,0.0
C,2025-11-24,2025-11-24 10:00:00,0,0,109894.47500000006,0.0
C,2025-11-24,2025-11-24 10:30:00,1,343,109892.93150000006,2.0769689358955707
C,2025-11-24,2025-11-24 11:00:00,1,343,110318.97180000009,2.0728097948062985
C,2025-11-24,2025-11-24 11:30:00,1,343,110741.85650000007,2.068713106683378
C,2025-11-24,2025-11-24 12:00:00,0,0,110592.82300000009,0.0
C,2025-11-24,2025-11-24 12:30:00,1,343,110591.27950000009,2.0724602431243215
C,2025-11-24,2025-11-24 13:00:00,1,343,110896.54950000008,2.069508032799522
C,2025-11-24,2025-11-24 13:30:00,1,343,110913.69950000008,2.069342660416803
C,2025-11-24,2025-11-24 14:00:00,1,343,110941.13950000009,2.0690781709520825
C,2025-11-24,2025-11-24 14:30:00,0,0,110846.98600000009,0.0
C,2025-11-24,2025-11-24 15:00:00,0,0,110846.98600000009,0.0
C,2025-11-24,2025-11-24 15:30:00,1,343,110845.44250000009,2.0699052196034113
C,2025-11-24,2025-11-24 16:00:00,0,0,110778.72900000011,0.0
C,2025-11-25,2025-11-25 10:00:00,0,0,110778.72900000011,0.0
C,2025-11-25,2025-11-25 10:30:00,0,0,110778.72900000011,0.0
C,2025-11-25,2025-11-25 11:00:00,0,0,110778.72900000011,0.0
C,2025-11-25,2025-11-25 11:30:00,0,0,110778.72900000011,0.0
C,2025-11-25,2025-11-25 12:00:00,0,0,110778.72900000011,0.0
C,2025-11-25,2025-11-25 12:30:00,1,323,110777.2755000001,1.9632689919332762
C,2025-11-25,2025-11-25 13:00:00,1,323,110777.5985000001,1.9632661832798246
C,2025-11-25,2025-11-25 13:30:00,1,323,111006.60550000008,1.9612789619082607
C,2025-11-25,2025-11-25 14:00:00,1,323,110935.54550000011,1.961894711195158
C,2025-11-25,2025-11-25 14:30:00,0,0,110779.0520000001,0.0
C,2025-11-25,2025-11-25 15:00:00,0,0,110779.0520000001,0.0
C,2025-11-25,2025-11-25 15:30:00,1,323,110777.5985000001,1.966733012360796
C,2025-11-25,2025-11-25 16:00:00,0,0,110937.64500000009,0.0
C,2025-11-26,2025-11-26 10:00:00,0,0,110937.64500000009,0.0
C,2025-11-26,2025-11-26 10:30:00,1,310,110936.25000000009,1.8951605088508026
C,2025-11-26,2025-11-26 11:00:00,1,310,111367.15000000008,1.891696968091577
C,2025-11-26,2025-11-26 11:30:00,1,310,111692.65000000007,1.8890983426393757
C,2025-11-26,2025-11-26 12:00:00,1,310,111930.91600000007,1.8872057296484543
C,2025-11-26,2025-11-26 12:30:00,0,0,111793.55500000008,0.0
C,2025-11-26,2025-11-26 13:00:00,0,0,111793.55500000008,0.0
C,2025-11-26,2025-11-26 13:30:00,0,0,111793.55500000008,0.0
C,2025-11-26,2025-11-26 14:00:00,0,0,111793.55500000008,0.0
C,2025-11-26,2025-11-26 14:30:00,0,0,111793.55500000008,0.0
C,2025-11-26,2025-11-26 15:00:00,0,0,111793.55500000008,0.0
C,2025-11-26,2025-11-26 15:30:00,0,0,111793.55500000008,0.0
C,2025-11-26,2025-11-26 16:00:00,0,0,111793.55500000008,0.0
C,2025-11-28,2025-11-28 10:00:00,0,0,111793.55500000008,0.0
C,2025-11-28,2025-11-28 10:30:00,0,0,111793.55500000008,0.0
C,2025-11-28,2025-11-28 11:00:00,0,0,111793.55500000008,0.0
C,2025-11-28,2025-11-28 11:30:00,0,0,111793.55500000008,0.0
C,2025-11-28,2025-11-28 12:00:00,0,0,111793.55500000008,0.0
C,2025-11-28,2025-11-28 12:30:00,0,0,111793.55500000008,0.0
C,2025-11-28,2025-11-28 13:00:00,0,0,111793.55500000008,0.0
C,2025-12-01,2025-12-01 10:00:00,0,0,111793.55500000008,0.0
C,2025-12-01,2025-12-01 10:30:00,-1,-317,111792.12850000008,1.927300051362738
C,2025-12-01,2025-12-01 11:00:00,0,0,111139.26700000007,0.0
C,2025-12-01,2025-12-01 11:30:00,0,0,111139.26700000007,0.0
C,2025-12-01,2025-12-01 12:00:00,0,0,111139.26700000007,0.0
C,2025-12-01,2025-12-01 12:30:00,0,0,111139.26700000007,0.0
C,2025-12-01,2025-12-01 13:00:00,0,0,111139.26700000007,0.0
C,2025-12-01,2025-12-01 13:30:00,0,0,111139.26700000007,0.0
C,2025-12-01,2025-12-01 14:00:00,0,0,111139.26700000007,0.0
C,2025-12-01,2025-12-01 14:30:00,0,0,111139.26700000007,0.0
C,2025-12-01,2025-12-01 15:00:00,0,0,111139.26700000007,0.0
C,2025-12-01,2025-12-01 15:30:00,0,0,111139.26700000007,0.0
C,2025-12-01,2025-12-01 16:00:00,0,0,111139.26700000007,0.0
