source_timestamp,price,volume,date,timestamp,interval_price,price_source_timestamp,is_close,scheduled_close,anchor_available_at,open_proxy,slot,incremental_volume,cumulative_observed_volume,absolute_move,noise_sigma,noise_count,previous_close,upper,lower,eligible_day,vwap_weight_price,vwap_approx,long_stop,short_stop
2025-03-13 09:30:00,549.9453,3376733,2025-03-13,2025-03-13 10:00:00,549.9453,2025-03-13 09:30:00,False,2025-03-13 16:00:00,2025-03-13 10:00:00,549.9453,10:00,3376733.0,3376733.0,0.0,,0.0,554.0158,,,False,549.9453,549.9453,,
2025-03-13 10:00:00,552.3206,3104572,2025-03-13,2025-03-13 10:30:00,552.3206,2025-03-13 10:00:00,False,2025-03-13 16:00:00,2025-03-13 10:00:00,549.9453,10:30,3104572.0,6481305.0,0.004319156832506943,,0.0,554.0158,,,False,552.3206,551.0830785602745,,
2025-03-13 10:30:00,551.2501,2113298,2025-03-13,2025-03-13 11:00:00,551.2501,2025-03-13 10:30:00,False,2025-03-13 16:00:00,2025-03-13 10:00:00,549.9453,11:00,2113298.0,8594603.0,0.0023725996021786155,,0.0,554.0158,,,False,551.2501,551.124146899851,,
2025-03-13 11:00:00,549.4259,1985860,2025-03-13,2025-03-13 11:30:00,549.4259,2025-03-13 11:00:00,False,2025-03-13 16:00:00,2025-03-13 10:00:00,549.9453,11:30,1985860.0,10580463.0,0.0009444575669617095,,0.0,554.0158,,,False,549.4259,550.8054008687427,,
2025-03-13 11:30:00,547.7606,3384171,2025-03-13,2025-03-13 12:00:00,547.7606,2025-03-13 11:30:00,False,2025-03-13 16:00:00,2025-03-13 10:00:00,549.9453,12:00,3384171.0,13964634.0,0.003972576909012648,,0.0,554.0158,,,False,547.7606,550.0675278388607,,
2025-03-13 12:00:00,547.7407,2046320,2025-03-13,2025-03-13 12:30:00,547.7407,2025-03-13 12:00:00,False,2025-03-13 16:00:00,2025-03-13 10:00:00,549.9453,12:30,2046320.0,16010954.0,0.0040087623259986715,,0.0,554.0158,,,False,547.7407,549.770141790333,,
2025-03-13 12:30:00,547.7903,3163341,2025-03-13,2025-03-13 13:00:00,547.7903,2025-03-13 12:30:00,False,2025-03-13 16:00:00,2025-03-13 10:00:00,549.9453,13:00,3163341.0,19174295.0,0.003918571537932958,,0.0,554.0158,,,False,547.7903,549.4435110219594,,
2025-03-13 13:00:00,546.2241,2542120,2025-03-13,2025-03-13 13:30:00,546.2241,2025-03-13 13:00:00,False,2025-03-13 16:00:00,2025-03-13 10:00:00,549.9453,13:30,2542120.0,21716415.0,0.0067664911401187355,,0.0,554.0158,,,False,546.2241,549.0666472925112,,
2025-03-13 13:30:00,545.2228,2811644,2025-03-13,2025-03-13 14:00:00,545.2228,2025-03-13 13:30:00,False,2025-03-13 16:00:00,2025-03-13 10:00:00,549.9453,14:00,2811644.0,24528059.0,0.008587217674194125,,0.0,554.0158,,,False,545.2228,548.6260282375381,,
2025-03-13 14:00:00,548.2857,2882136,2025-03-13,2025-03-13 14:30:00,548.2857,2025-03-13 14:00:00,False,2025-03-13 16:00:00,2025-03-13 10:00:00,549.9453,14:30,2882136.0,27410195.0,0.0030177546748739736,,0.0,554.0158,,,False,548.2857,548.5902432945552,,
2025-03-13 14:30:00,548.9898,2802139,2025-03-13,2025-03-13 15:00:00,548.9898,2025-03-13 14:30:00,False,2025-03-13 16:00:00,2025-03-13 10:00:00,549.9453,15:00,2802139.0,30212334.0,0.0017374455241276898,,0.0,554.0158,,,False,548.9898,548.6273014518971,,
2025-03-13 15:00:00,546.6899,2909677,2025-03-13,2025-03-13 15:30:00,546.6899,2025-03-13 15:00:00,False,2025-03-13 16:00:00,2025-03-13 10:00:00,549.9453,15:30,2909677.0,33122011.0,0.005919497811873287,,0.0,554.0158,,,False,546.6899,548.4571060961757,,
2025-03-13 15:30:00,546.6305,11001275,2025-03-13,2025-03-13 16:00:00,546.6305,2025-03-13 16:00:00,True,2025-03-13 16:00:00,2025-03-13 10:00:00,549.9453,16:00,11001275.0,44123286.0,0.006027508554032557,,0.0,554.0158,,,False,546.6305,548.0016777316449,,
2025-03-14 09:30:00,552.0728,4982233,2025-03-14,2025-03-14 10:00:00,552.0728,2025-03-14 09:30:00,False,2025-03-14 16:00:00,2025-03-14 10:00:00,552.0728,10:00,4982233.0,4982233.0,0.0,,1.0,546.6305,,,False,552.0728,552.0728,,
2025-03-14 10:00:00,552.079,4527192,2025-03-14,2025-03-14 10:30:00,552.079,2025-03-14 10:00:00,False,2025-03-14 16:00:00,2025-03-14 10:00:00,552.0728,10:30,4527192.0,9509425.0,1.1230402946704743e-05,,1.0,546.6305,,,False,552.079,552.0757516601057,,
2025-03-14 10:30:00,555.5226,2073895,2025-03-14,2025-03-14 11:00:00,555.5226,2025-03-14 10:30:00,False,2025-03-14 16:00:00,2025-03-14 10:00:00,552.0728,11:00,2073895.0,11583320.0,0.006248813562269362,,1.0,546.6305,,,False,555.5226,552.6928805607891,,
2025-03-14 11:00:00,556.2068,2307136,2025-03-14,2025-03-14 11:30:00,556.2068,2025-03-14 11:00:00,False,2025-03-14 16:00:00,2025-03-14 10:00:00,552.0728,11:30,2307136.0,13890456.0,0.007488142868114611,,1.0,546.6305,,,False,556.2068,553.2765251898282,,
2025-03-14 11:30:00,557.2276,1922389,2025-03-14,2025-03-14 12:00:00,557.2276,2025-03-14 11:30:00,False,2025-03-14 16:00:00,2025-03-14 10:00:00,552.0728,12:00,1922389.0,15812845.0,0.009337174372655133,,1.0,546.6305,,,False,557.2276,553.7568627099425,,
2025-03-14 12:00:00,555.3293,1546660,2025-03-14,2025-03-14 12:30:00,555.3293,2025-03-14 12:00:00,False,2025-03-14 16:00:00,2025-03-14 10:00:00,552.0728,12:30,1546660.0,17359505.0,0.005898678580071204,,1.0,546.6305,,,False,555.3293,553.896960360137,,
2025-03-14 12:30:00,557.0492,1932079,2025-03-14,2025-03-14 13:00:00,557.0492,2025-03-14 12:30:00,False,2025-03-14 16:00:00,2025-03-14 10:00:00,552.0728,13:00,1932079.0,19291584.0,0.009014028584636069,,1.0,546.6305,,,False,557.0492,554.2126615493783,,
2025-03-14 13:00:00,556.5534,2012855,2025-03-14,2025-03-14 13:30:00,556.5534,2025-03-14 13:00:00,False,2025-03-14 16:00:00,2025-03-14 10:00:00,552.0728,13:30,2012855.0,21304439.0,0.008115958619950181,,1.0,546.6305,,,False,556.5534,554.4338157930562,,
2025-03-14 13:30:00,555.8001,1949061,2025-03-14,2025-03-14 14:00:00,555.8001,2025-03-14 13:30:00,False,2025-03-14 16:00:00,2025-03-14 10:00:00,552.0728,14:00,1949061.0,23253500.0,0.006751464661906903,,1.0,546.6305,,,False,555.8001,554.5483349520072,,
2025-03-14 14:00:00,555.8398,1791395,2025-03-14,2025-03-14 14:30:00,555.8398,2025-03-14 14:00:00,False,2025-03-14 16:00:00,2025-03-14 10:00:00,552.0728,14:30,1791395.0,25044895.0,0.0068233754678730385,,1.0,546.6305,,,False,555.8398,554.6407100260352,,
2025-03-14 14:30:00,556.856,1803387,2025-03-14,2025-03-14 15:00:00,556.856,2025-03-14 14:30:00,False,2025-03-14 16:00:00,2025-03-14 10:00:00,552.0728,15:00,1803387.0,26848282.0,0.008664074737969374,,1.0,546.6305,,,False,556.856,554.7895100550381,,
2025-03-14 15:00:00,556.9501,2054884,2025-03-14,2025-03-14 15:30:00,556.9501,2025-03-14 15:00:00,False,2025-03-14 16:00:00,2025-03-14 10:00:00,552.0728,15:30,2054884.0,28903166.0,0.008834523273017592,,1.0,546.6305,,,False,556.9501,554.9431181998506,,
2025-03-14 15:30:00,557.9216,10485052,2025-03-14,2025-03-14 16:00:00,557.8422,2025-03-14 16:00:00,True,2025-03-14 16:00:00,2025-03-14 10:00:00,552.0728,16:00,10485052.0,39388218.0,0.010594254960577532,,1.0,546.6305,,,False,557.8422,555.7148470307111,,
2025-03-17 09:30:00,560.5039,4651265,2025-03-17,2025-03-17 10:00:00,560.5039,2025-03-17 09:30:00,False,2025-03-17 16:00:00,2025-03-17 10:00:00,560.5039,10:00,4651265.0,4651265.0,0.0,,2.0,557.9216,,,False,560.5039,560.5039,,
2025-03-17 10:00:00,559.577,2258448,2025-03-17,2025-03-17 10:30:00,559.577,2025-03-17 10:00:00,False,2025-03-17 16:00:00,2025-03-17 10:00:00,560.5039,10:30,2258448.0,6909713.0,0.0016536905452397832,,2.0,557.9216,,,False,559.577,560.2009416208026,,
2025-03-17 10:30:00,559.131,1928177,2025-03-17,2025-03-17 11:00:00,559.131,2025-03-17 10:30:00,False,2025-03-17 16:00:00,2025-03-17 10:00:00,560.5039,11:00,1928177.0,8837890.0,0.002449403117445015,,2.0,557.9216,,,False,559.131,559.9675106972933,,
2025-03-17 11:00:00,559.1558,1629590,2025-03-17,2025-03-17 11:30:00,559.1558,2025-03-17 11:00:00,False,2025-03-17 16:00:00,2025-03-17 10:00:00,560.5039,11:30,1629590.0,10467480.0,0.002405157216568976,,2.0,557.9216,,,False,559.1558,559.8411425900504,,
2025-03-17 11:30:00,558.903,1525734,2025-03-17,2025-03-17 12:00:00,558.903,2025-03-17 11:30:00,False,2025-03-17 16:00:00,2025-03-17 10:00:00,560.5039,12:00,1525734.0,11993214.0,0.002856179948078852,,2.0,557.9216,,,False,558.903,559.72179542869,,
2025-03-17 12:00:00,558.9724,1087812,2025-03-17,2025-03-17 12:30:00,558.9724,2025-03-17 12:00:00,False,2025-03-17 16:00:00,2025-03-17 10:00:00,560.5039,12:30,1087812.0,13081026.0,0.0027323627899824565,,2.0,557.9216,,,False,558.9724,559.6594760555708,,
2025-03-17 12:30:00,559.6266,1173476,2025-03-17,2025-03-17 13:00:00,559.6266,2025-03-17 12:30:00,False,2025-03-17 16:00:00,2025-03-17 10:00:00,560.5039,13:00,1173476.0,14254502.0,0.0015651987434878167,,2.0,557.9216,,,False,559.6266,559.6567695939781,,
2025-03-17 13:00:00,560.925,1212716,2025-03-17,2025-03-17 13:30:00,560.925,2025-03-17 13:00:00,False,2025-03-17 16:00:00,2025-03-17 10:00:00,560.5039,13:30,1212716.0,15467218.0,0.0007512882604383542,,2.0,557.9216,,,False,560.925,559.7562059182783,,
2025-03-17 13:30:00,562.1842,1648483,2025-03-17,2025-03-17 14:00:00,562.1842,2025-03-17 13:30:00,False,2025-03-17 16:00:00,2025-03-17 10:00:00,560.5039,14:00,1648483.0,17115701.0,0.002997838195238245,,2.0,557.9216,,,False,562.1842,559.9900559351615,,
2025-03-17 14:00:00,563.691,2749091,2025-03-17,2025-03-17 14:30:00,563.691,2025-03-17 14:00:00,False,2025-03-17 16:00:00,2025-03-17 10:00:00,560.5039,14:30,2749091.0,19864792.0,0.005686133495235168,,2.0,557.9216,,,False,563.691,560.5022300379737,,
2025-03-17 14:30:00,564.2604,2238727,2025-03-17,2025-03-17 15:00:00,564.2604,2025-03-17 14:30:00,False,2025-03-17 16:00:00,2025-03-17 10:00:00,560.5039,15:00,2238727.0,22103519.0,0.006702005106476339,,2.0,557.9216,,,False,564.2604,560.8828715351298,,
2025-03-17 15:00:00,563.9587,2266966,2025-03-17,2025-03-17 15:30:00,563.9587,2025-03-17 15:00:00,False,2025-03-17 16:00:00,2025-03-17 10:00:00,560.5039,15:30,2266966.0,24370485.0,0.006163739449448924,,2.0,557.9216,,,False,563.9587,561.1689880630402,,
2025-03-17 15:30:00,562.2239,7980933,2025-03-17,2025-03-17 16:00:00,562.2239,2025-03-17 16:00:00,True,2025-03-17 16:00:00,2025-03-17 10:00:00,560.5039,16:00,7980933.0,32351418.0,0.0030686673188178304,,2.0,557.9216,,,False,562.2239,561.4292295612576,,
2025-03-18 09:30:00,555.8831,4870372,2025-03-18,2025-03-18 10:00:00,555.8831,2025-03-18 09:30:00,False,2025-03-18 16:00:00,2025-03-18 10:00:00,555.8831,10:00,4870372.0,4870372.0,0.0,,3.0,562.2239,,,False,555.8831,555.8831,,
2025-03-18 10:00:00,556.3156,3076691,2025-03-18,2025-03-18 10:30:00,556.3156,2025-03-18 10:00:00,False,2025-03-18 16:00:00,2025-03-18 10:00:00,555.8831,10:30,3076691.0,7947063.0,0.0007780412824207605,,3.0,562.2239,,,False,556.3156,556.0505415891129,,
2025-03-18 10:30:00,555.9786,2228276,2025-03-18,2025-03-18 11:00:00,555.9786,2025-03-18 10:30:00,False,2025-03-18 16:00:00,2025-03-18 10:00:00,555.8831,11:00,2228276.0,10175339.0,0.00017179871091599352,,3.0,562.2239,,,False,555.9786,556.0347872524345,,
2025-03-18 11:00:00,554.9972,2165756,2025-03-18,2025-03-18 11:30:00,554.9972,2025-03-18 11:00:00,False,2025-03-18 16:00:00,2025-03-18 10:00:00,555.8831,11:30,2165756.0,12341095.0,0.0015936803979109682,,3.0,562.2239,,,False,554.9972,555.8526996161686,,
2025-03-18 11:30:00,554.7891,1601306,2025-03-18,2025-03-18 12:00:00,554.7891,2025-03-18 11:30:00,False,2025-03-18 16:00:00,2025-03-18 10:00:00,555.8831,12:00,1601306.0,13942401.0,0.001968039683163725,,3.0,562.2239,,,False,554.7891,555.7305435795599,,
2025-03-18 12:00:00,556.8212,1825169,2025-03-18,2025-03-18 12:30:00,556.8212,2025-03-18 12:00:00,False,2025-03-18 16:00:00,2025-03-18 10:00:00,555.8831,12:30,1825169.0,15767570.0,0.0016875850336157683,,3.0,562.2239,,,False,556.8212,555.8567920939624,,
2025-03-18 12:30:00,555.9637,1575985,2025-03-18,2025-03-18 13:00:00,555.9637,2025-03-18 12:30:00,False,2025-03-18 16:00:00,2025-03-18 10:00:00,555.8831,13:00,1575985.0,17343555.0,0.0001449945141343001,,3.0,562.2239,,,False,555.9637,555.8665066684138,,
2025-03-18 13:00:00,555.6911,1730884,2025-03-18,2025-03-18 13:30:00,555.6911,2025-03-18 13:00:00,False,2025-03-18 16:00:00,2025-03-18 10:00:00,555.8831,13:30,1730884.0,19074439.0,0.00034539636121333483,,3.0,562.2239,,,False,555.6911,555.850589629079,,
2025-03-18 13:30:00,555.9489,1301424,2025-03-18,2025-03-18 14:00:00,555.9489,2025-03-18 13:30:00,False,2025-03-18 16:00:00,2025-03-18 10:00:00,555.8831,14:00,1301424.0,20375863.0,0.00011837021129079695,,3.0,562.2239,,,False,555.9489,555.8568687975327,,
2025-03-18 14:00:00,555.6415,1184798,2025-03-18,2025-03-18 14:30:00,555.6415,2025-03-18 14:00:00,False,2025-03-18 16:00:00,2025-03-18 10:00:00,555.8831,14:30,1184798.0,21560661.0,0.0004346237545269638,,3.0,562.2239,,,False,555.6415,555.8450338857654,,
2025-03-18 14:30:00,556.483,1456900,2025-03-18,2025-03-18 15:00:00,556.483,2025-03-18 14:30:00,False,2025-03-18 16:00:00,2025-03-18 10:00:00,555.8831,15:00,1456900.0,23017561.0,0.001079183734853384,,3.0,562.2239,,,False,556.483,555.8854140473223,,
2025-03-18 15:00:00,556.4049,1474113,2025-03-18,2025-03-18 15:30:00,556.4049,2025-03-18 15:00:00,False,2025-03-18 16:00:00,2025-03-18 10:00:00,555.8831,15:30,1474113.0,24491674.0,0.0009386865691725088,,3.0,562.2239,,,False,556.4049,555.9166810401854,,
2025-03-18 15:30:00,556.1472,8187947,2025-03-18,2025-03-18 16:00:00,556.1472,2025-03-18 16:00:00,True,2025-03-18 16:00:00,2025-03-18 10:00:00,555.8831,16:00,8187947.0,32679621.0,0.0004750998906064563,,3.0,562.2239,,,False,556.1472,555.9744380449395,,
2025-03-19 09:30:00,559.2103,2862353,2025-03-19,2025-03-19 10:00:00,559.2103,2025-03-19 09:30:00,False,2025-03-19 16:00:00,2025-03-19 10:00:00,559.2103,10:00,2862353.0,2862353.0,0.0,,4.0,556.1471,,,False,559.2103,559.2103,,
2025-03-19 10:00:00,559.6082,2105049,2025-03-19,2025-03-19 10:30:00,559.6082,2025-03-19 10:00:00,False,2025-03-19 16:00:00,2025-03-19 10:00:00,559.2103,10:30,2105049.0,4967402.0,0.0007115391114935754,,4.0,556.1471,,,False,559.6082,559.3789191286915,,
2025-03-19 10:30:00,558.4568,1537902,2025-03-19,2025-03-19 11:00:00,558.4568,2025-03-19 10:30:00,False,2025-03-19 16:00:00,2025-03-19 10:00:00,559.2103,11:00,1537902.0,6505304.0,0.0013474358394327535,,4.0,556.1471,,,False,558.4568,559.1609233436747,,
2025-03-19 11:00:00,559.696,1249190,2025-03-19,2025-03-19 11:30:00,559.696,2025-03-19 11:00:00,False,2025-03-19 16:00:00,2025-03-19 10:00:00,559.2103,11:30,1249190.0,7754494.0,0.0008685462338589023,,4.0,556.1471,,,False,559.696,559.247120123028,,
2025-03-19 11:30:00,560.8459,1578164,2025-03-19,2025-03-19 12:00:00,560.8459,2025-03-19 11:30:00,False,2025-03-19 16:00:00,2025-03-19 10:00:00,559.2103,12:00,1578164.0,9332658.0,0.002924838830758336,,4.0,556.1471,,,False,560.8459,559.517475775808,,
2025-03-19 12:00:00,560.6279,1169906,2025-03-19,2025-03-19 12:30:00,560.6279,2025-03-19 12:00:00,False,2025-03-19 16:00:00,2025-03-19 10:00:00,559.2103,12:30,1169906.0,10502564.0,0.002535003378872025,,4.0,556.1471,,,False,560.6279,559.6411686152353,,
2025-03-19 12:30:00,559.9736,933003,2025-03-19,2025-03-19 13:00:00,559.9736,2025-03-19 12:30:00,False,2025-03-19 16:00:00,2025-03-19 10:00:00,559.2103,13:00,933003.0,11435567.0,0.0013649605524077568,,4.0,556.1471,,,False,559.9736,559.6682909677413,,
2025-03-19 13:00:00,558.4879,1256609,2025-03-19,2025-03-19 13:30:00,558.4879,2025-03-19 13:00:00,False,2025-03-19 16:00:00,2025-03-19 10:00:00,559.2103,13:30,1256609.0,12692176.0,0.0012918216992784393,,4.0,556.1471,,,False,558.4879,559.5514244892444,,
2025-03-19 13:30:00,557.872,1261876,2025-03-19,2025-03-19 14:00:00,557.872,2025-03-19 13:30:00,False,2025-03-19 16:00:00,2025-03-19 10:00:00,559.2103,14:00,1261876.0,13954052.0,0.002393196262658215,,4.0,556.1471,,,False,557.872,559.3995527994449,,
2025-03-19 14:00:00,559.8348,3592192,2025-03-19,2025-03-19 14:30:00,559.8348,2025-03-19 14:00:00,False,2025-03-19 16:00:00,2025-03-19 10:00:00,559.2103,14:30,3592192.0,17546244.0,0.0011167533931331075,,4.0,556.1471,,,False,559.8348,559.4886597052792,,
2025-03-19 14:30:00,563.3044,3986869,2025-03-19,2025-03-19 15:00:00,563.3044,2025-03-19 14:30:00,False,2025-03-19 16:00:00,2025-03-19 10:00:00,559.2103,15:00,3986869.0,21533113.0,0.0073212170805867505,,4.0,556.1471,,,False,563.3044,560.1951463471817,,
2025-03-19 15:00:00,562.1594,6591472,2025-03-19,2025-03-19 15:30:00,562.1594,2025-03-19 15:00:00,False,2025-03-19 16:00:00,2025-03-19 10:00:00,559.2103,15:30,6591472.0,28124585.0,0.005273686840174596,,4.0,556.1471,,,False,562.1594,560.655502400558,,
2025-03-19 15:30:00,562.204,10729524,2025-03-19,2025-03-19 16:00:00,562.2338,2025-03-19 16:00:00,True,2025-03-19 16:00:00,2025-03-19 10:00:00,559.2103,16:00,10729524.0,38854109.0,0.005353442166569522,,4.0,556.1471,,,False,562.2338,561.0913477309027,,
2025-03-20 09:30:00,561.6885,3640210,2025-03-20,2025-03-20 10:00:00,561.6885,2025-03-20 09:30:00,False,2025-03-20 16:00:00,2025-03-20 10:00:00,561.6885,10:00,3640210.0,3640210.0,0.0,,5.0,562.204,,,False,561.6885,561.6885,,
2025-03-20 10:00:00,564.5435,3494509,2025-03-20,2025-03-20 10:30:00,564.5435,2025-03-20 10:00:00,False,2025-03-20 16:00:00,2025-03-20 10:00:00,561.6885,10:30,3494509.0,7134719.0,0.00508288846932059,,5.0,562.204,,,False,564.5435,563.0868484416134,,
2025-03-20 10:30:00,564.5535,2019260,2025-03-20,2025-03-20 11:00:00,564.5535,2025-03-20 10:30:00,False,2025-03-20 16:00:00,2025-03-20 10:00:00,561.6885,11:00,2019260.0,9153979.0,0.005100691931559931,,5.0,562.204,,,False,564.5535,563.4103745088884,,
2025-03-20 11:00:00,563.9686,1683351,2025-03-20,2025-03-20 11:30:00,563.9686,2025-03-20 11:00:00,False,2025-03-20 16:00:00,2025-03-20 10:00:00,561.6885,11:30,1683351.0,10837330.0,0.004059367425183202,,5.0,562.204,,,False,563.9686,563.4970830836654,,
2025-03-20 11:30:00,563.1063,1988015,2025-03-20,2025-03-20 12:00:00,563.1063,2025-03-20 11:30:00,False,2025-03-20 16:00:00,2025-03-20 10:00:00,561.6885,12:00,1988015.0,12825345.0,0.00252417487628831,,5.0,562.204,,,False,563.1063,563.4365090693155,,
2025-03-20 12:00:00,561.2424,2198540,2025-03-20,2025-03-20 12:30:00,561.2424,2025-03-20 12:00:00,False,2025-03-20 16:00:00,2025-03-20 10:00:00,561.6885,12:30,2198540.0,15023885.0,0.0007942124504952686,,5.0,562.204,,,False,561.2424,563.1154312287135,,
2025-03-20 12:30:00,560.9055,1841618,2025-03-20,2025-03-20 13:00:00,560.9055,2025-03-20 12:30:00,False,2025-03-20 16:00:00,2025-03-20 10:00:00,561.6885,13:00,1841618.0,16865503.0,0.0013940110933373662,,5.0,562.204,,,False,560.9055,562.8741191771512,,
2025-03-20 13:00:00,559.8741,1620936,2025-03-20,2025-03-20 13:30:00,559.8741,2025-03-20 13:00:00,False,2025-03-20 16:00:00,2025-03-20 10:00:00,561.6885,13:30,1620936.0,18486439.0,0.0032302601886988747,,5.0,562.204,,,False,559.8741,562.6110701883797,,
2025-03-20 13:30:00,560.2801,1642805,2025-03-20,2025-03-20 14:00:00,560.2801,2025-03-20 13:30:00,False,2025-03-20 16:00:00,2025-03-20 10:00:00,561.6885,14:00,1642805.0,20129244.0,0.0025074396217833472,,5.0,562.204,,,False,560.2801,562.4208330647042,,
2025-03-20 14:00:00,559.2301,1713027,2025-03-20,2025-03-20 14:30:00,559.2301,2025-03-20 14:00:00,False,2025-03-20 16:00:00,2025-03-20 10:00:00,561.6885,14:30,1713027.0,21842271.0,0.004376803156909914,,5.0,562.204,,,False,559.2301,562.1705929733863,,
2025-03-20 14:30:00,559.4779,2764366,2025-03-20,2025-03-20 15:00:00,559.4779,2025-03-20 14:30:00,False,2025-03-20 16:00:00,2025-03-20 10:00:00,561.6885,15:00,2764366.0,24606637.0,0.003935633362620039,,5.0,562.204,,,False,559.4779,561.8680896729935,,
2025-03-20 15:00:00,559.8992,2737038,2025-03-20,2025-03-20 15:30:00,559.8992,2025-03-20 15:00:00,False,2025-03-20 16:00:00,2025-03-20 10:00:00,561.6885,15:30,2737038.0,27343675.0,0.0031855734984782558,,5.0,562.204,,,False,559.8992,561.6710084155258,,
2025-03-20 15:30:00,560.5782,9519700,2025-03-20,2025-03-20 16:00:00,560.7964,2025-03-20 16:00:00,True,2025-03-20 16:00:00,2025-03-20 10:00:00,561.6885,16:00,9519700.0,36863375.0,0.0019767184124295234,,5.0,562.204,,,False,560.7964,561.4451471173327,,
2025-03-21 09:30:00,556.7365,5335251,2025-03-21,2025-03-21 10:00:00,556.7365,2025-03-21 09:30:00,False,2025-03-21 16:00:00,2025-03-21 10:00:00,556.7365,10:00,5335251.0,5335251.0,0.0,,6.0,560.5783,,,False,556.7365,556.7365,,
2025-03-21 10:00:00,556.5967,2235949,2025-03-21,2025-03-21 10:30:00,556.5967,2025-03-21 10:00:00,False,2025-03-21 16:00:00,2025-03-21 10:00:00,556.7365,10:30,2235949.0,7571200.0,0.00025110622350055234,,6.0,560.5783,,,False,556.5967,556.695213853788,,
2025-03-21 10:30:00,558.3357,1866666,2025-03-21,2025-03-21 11:00:00,558.3357,2025-03-21 10:30:00,False,2025-03-21 16:00:00,2025-03-21 10:00:00,556.7365,11:00,1866666.0,9437866.0,0.00287245402448022,,6.0,560.5783,,,False,558.3357,557.0196770017714,,
2025-03-21 11:00:00,556.6166,1672206,2025-03-21,2025-03-21 11:30:00,556.6166,2025-03-21 11:00:00,False,2025-03-21 16:00:00,2025-03-21 10:00:00,556.7365,11:30,1672206.0,11110072.0,0.00021536220456186417,,6.0,560.5783,,,False,556.6166,556.9590088278096,,
2025-03-21 11:30:00,556.1294,1288490,2025-03-21,2025-03-21 12:00:00,556.1294,2025-03-21 11:30:00,False,2025-03-21 16:00:00,2025-03-21 10:00:00,556.7365,12:00,1288490.0,12398562.0,0.0010904620049160263,,6.0,560.5783,,,False,556.1294,556.8727937749233,,
2025-03-21 12:00:00,559.152,2888490,2025-03-21,2025-03-21 12:30:00,559.152,2025-03-21 12:00:00,False,2025-03-21 16:00:00,2025-03-21 10:00:00,556.7365,12:30,2888490.0,15287052.0,0.0043386772737192825,,6.0,560.5783,,,False,559.152,557.30345001846,,
2025-03-21 12:30:00,560.4048,1866892,2025-03-21,2025-03-21 13:00:00,560.4048,2025-03-21 12:30:00,False,2025-03-21 16:00:00,2025-03-21 10:00:00,556.7365,13:00,1866892.0,17153944.0,0.006588933903202143,,6.0,560.5783,,,False,560.4048,557.6409750488401,,
2025-03-21 13:00:00,558.8935,1354991,2025-03-21,2025-03-21 13:30:00,558.8935,2025-03-21 13:00:00,False,2025-03-21 16:00:00,2025-03-21 10:00:00,556.7365,13:30,1354991.0,18508935.0,0.0038743642638843223,,6.0,560.5783,,,False,558.8935,557.7326691434002,,
2025-03-21 13:30:00,559.684,1643655,2025-03-21,2025-03-21 14:00:00,559.684,2025-03-21 13:30:00,False,2025-03-21 16:00:00,2025-03-21 10:00:00,556.7365,14:00,1643655.0,20152590.0,0.005294246021232629,,6.0,560.5783,,,False,559.684,557.891820633065,,
2025-03-21 14:00:00,558.9134,1683597,2025-03-21,2025-03-21 14:30:00,558.9134,2025-03-21 14:00:00,False,2025-03-21 16:00:00,2025-03-21 10:00:00,556.7365,14:30,1683597.0,21836187.0,0.0039101082828232325,,6.0,560.5783,,,False,558.9134,557.9705856645897,,
2025-03-21 14:30:00,559.3409,1594319,2025-03-21,2025-03-21 15:00:00,559.3409,2025-03-21 14:30:00,False,2025-03-21 16:00:00,2025-03-21 10:00:00,556.7365,15:00,1594319.0,23430506.0,0.004677976026360886,,6.0,560.5783,,,False,559.3409,558.0638281315222,,
2025-03-21 15:00:00,558.814,2111819,2025-03-21,2025-03-21 15:30:00,558.814,2025-03-21 15:00:00,False,2025-03-21 16:00:00,2025-03-21 10:00:00,556.7365,15:30,2111819.0,25542325.0,0.0037315678063141178,,6.0,560.5783,,,False,558.814,558.1258517415545,,
2025-03-21 15:30:00,560.7628,13739369,2025-03-21,2025-03-21 16:00:00,560.7429,2025-03-21 16:00:00,True,2025-03-21 16:00:00,2025-03-21 10:00:00,556.7365,16:00,13739369.0,39281694.0,0.0072319670077316545,,6.0,560.5783,,,False,560.7429,559.0412041118873,,
2025-03-24 09:30:00,569.5275,4829783,2025-03-24,2025-03-24 10:00:00,569.5275,2025-03-24 09:30:00,False,2025-03-24 16:00:00,2025-03-24 10:00:00,569.5275,10:00,4829783.0,4829783.0,0.0,,7.0,560.7626,,,False,569.5275,569.5275,,
2025-03-24 10:00:00,569.8805,2447610,2025-03-24,2025-03-24 10:30:00,569.8805,2025-03-24 10:00:00,False,2025-03-24 16:00:00,2025-03-24 10:00:00,569.5275,10:30,2447610.0,7277393.0,0.0006198120371709859,,7.0,560.7626,,,False,569.8805,569.6462247040253,,
2025-03-24 10:30:00,570.318,2357597,2025-03-24,2025-03-24 11:00:00,570.318,2025-03-24 10:30:00,False,2025-03-24 16:00:00,2025-03-24 10:00:00,569.5275,11:00,2357597.0,9634990.0,0.0013879926781410479,,7.0,560.7626,,,False,570.318,569.8106021888451,,
2025-03-24 11:00:00,570.4671,1562019,2025-03-24,2025-03-24 11:30:00,570.4671,2025-03-24 11:00:00,False,2025-03-24 16:00:00,2025-03-24 10:00:00,569.5275,11:30,1562019.0,11197009.0,0.001649788640583516,,7.0,560.7626,,,False,570.4671,569.9021857585718,,
2025-03-24 11:30:00,570.6361,1341308,2025-03-24,2025-03-24 12:00:00,570.6361,2025-03-24 11:30:00,False,2025-03-24 16:00:00,2025-03-24 10:00:00,569.5275,12:00,1341308.0,12538317.0,0.0019465258481812242,,7.0,560.7626,,,False,570.6361,569.9806974953018,,
2025-03-24 12:00:00,570.0396,1917020,2025-03-24,2025-03-24 12:30:00,570.0396,2025-03-24 12:00:00,False,2025-03-24 16:00:00,2025-03-24 10:00:00,569.5275,12:30,1917020.0,14455337.0,0.0008991664142643518,,7.0,560.7626,,,False,570.0396,569.9885089548034,,
2025-03-24 12:30:00,569.8705,1610787,2025-03-24,2025-03-24 13:00:00,569.8705,2025-03-24 12:30:00,False,2025-03-24 16:00:00,2025-03-24 10:00:00,569.5275,13:00,1610787.0,16066124.0,0.0006022536225203101,,7.0,560.7626,,,False,569.8705,569.9766773960353,,
2025-03-24 13:00:00,569.8109,1506861,2025-03-24,2025-03-24 13:30:00,569.8109,2025-03-24 13:00:00,False,2025-03-24 16:00:00,2025-03-24 10:00:00,569.5275,13:30,1506861.0,17572985.0,0.0004976054712018119,,7.0,560.7626,,,False,569.8109,569.9624621962405,,
2025-03-24 13:30:00,569.8257,1317241,2025-03-24,2025-03-24 14:00:00,569.8257,2025-03-24 13:30:00,False,2025-03-24 16:00:00,2025-03-24 10:00:00,569.5275,14:00,1317241.0,18890226.0,0.0005235919248849363,,7.0,560.7626,,,False,569.8257,569.9529255833837,,
2025-03-24 14:00:00,569.1398,1492882,2025-03-24,2025-03-24 14:30:00,569.1398,2025-03-24 14:00:00,False,2025-03-24 16:00:00,2025-03-24 10:00:00,569.5275,14:30,1492882.0,20383108.0,0.0006807397360092393,,7.0,560.7626,,,False,569.1398,569.8933713413529,,
2025-03-24 14:30:00,570.3677,2978839,2025-03-24,2025-03-24 15:00:00,570.3677,2025-03-24 14:30:00,False,2025-03-24 16:00:00,2025-03-24 10:00:00,569.5275,15:00,2978839.0,23361947.0,0.001475257998955204,,7.0,560.7626,,,False,570.3677,569.9538521183702,,
2025-03-24 15:00:00,570.7157,2099052,2025-03-24,2025-03-24 15:30:00,570.7157,2025-03-24 15:00:00,False,2025-03-24 16:00:00,2025-03-24 10:00:00,569.5275,15:30,2099052.0,25460999.0,0.002086290828800852,,7.0,560.7626,,,False,570.7157,570.0166602713272,,
2025-03-24 15:30:00,570.8052,9868734,2025-03-24,2025-03-24 16:00:00,570.8052,2025-03-24 16:00:00,True,2025-03-24 16:00:00,2025-03-24 10:00:00,569.5275,16:00,9868734.0,35329733.0,0.002243438639925266,,7.0,560.7626,,,False,570.8052,570.2369248521749,,
2025-03-25 09:30:00,571.4266,3050320,2025-03-25,2025-03-25 10:00:00,571.4266,2025-03-25 09:30:00,False,2025-03-25 16:00:00,2025-03-25 10:00:00,571.4266,10:00,3050320.0,3050320.0,0.0,,8.0,570.8049,,,False,571.4266,571.4266,,
2025-03-25 10:00:00,572.5253,2432328,2025-03-25,2025-03-25 10:30:00,572.5253,2025-03-25 10:00:00,False,2025-03-25 16:00:00,2025-03-25 10:00:00,571.4266,10:30,2432328.0,5482648.0,0.0019227316334240463,,8.0,570.8049,,,False,572.5253,571.9140284786477,,
2025-03-25 10:30:00,572.6943,1943192,2025-03-25,2025-03-25 11:00:00,572.6943,2025-03-25 10:30:00,False,2025-03-25 16:00:00,2025-03-25 10:00:00,571.4266,11:00,1943192.0,7425840.0,0.0022184826537652302,,8.0,570.8049,,,False,572.6943,572.1182097400429,,
2025-03-25 11:00:00,572.416,1097131,2025-03-25,2025-03-25 11:30:00,572.416,2025-03-25 11:00:00,False,2025-03-25 16:00:00,2025-03-25 10:00:00,571.4266,11:30,1097131.0,8522971.0,0.0017314559735230883,,8.0,570.8049,,,False,572.416,572.1565431950901,,
2025-03-25 11:30:00,571.4913,1231484,2025-03-25,2025-03-25 12:00:00,571.4913,2025-03-25 11:30:00,False,2025-03-25 16:00:00,2025-03-25 10:00:00,571.4266,12:00,1231484.0,9754455.0,0.0001132253906275249,,8.0,570.8049,,,False,571.4913,572.0725573290564,,
2025-03-25 12:00:00,571.2526,995777,2025-03-25,2025-03-25 12:30:00,571.2526,2025-03-25 12:00:00,False,2025-03-25 16:00:00,2025-03-25 10:00:00,571.4266,12:30,995777.0,10750232.0,0.0003045010505285939,,8.0,570.8049,,,False,571.2526,571.9966059775641,,
2025-03-25 12:30:00,571.6802,945336,2025-03-25,2025-03-25 13:00:00,571.6802,2025-03-25 12:30:00,False,2025-03-25 16:00:00,2025-03-25 10:00:00,571.4266,13:00,945336.0,11695568.0,0.0004438015311152288,,8.0,570.8049,,,False,571.6802,571.9710313358531,,
2025-03-25 13:00:00,570.9245,1247621,2025-03-25,2025-03-25 13:30:00,570.9245,2025-03-25 13:00:00,False,2025-03-25 16:00:00,2025-03-25 10:00:00,571.4266,13:30,1247621.0,12943189.0,0.0008786780314392617,,8.0,570.8049,,,False,570.9245,571.870153996291,,
2025-03-25 13:30:00,570.8151,1093473,2025-03-25,2025-03-25 14:00:00,570.8151,2025-03-25 13:30:00,False,2025-03-25 16:00:00,2025-03-25 10:00:00,571.4266,14:00,1093473.0,14036662.0,0.0010701286919438946,,8.0,570.8049,,,False,570.8151,571.7879640099192,,
2025-03-25 14:00:00,571.188,1446623,2025-03-25,2025-03-25 14:30:00,571.188,2025-03-25 14:00:00,False,2025-03-25 16:00:00,2025-03-25 10:00:00,571.4266,14:30,1446623.0,15483285.0,0.0004175514405525549,,8.0,570.8049,,,False,571.188,571.7319086097943,,
2025-03-25 14:30:00,570.656,1438377,2025-03-25,2025-03-25 15:00:00,570.656,2025-03-25 14:30:00,False,2025-03-25 16:00:00,2025-03-25 10:00:00,571.4266,15:00,1438377.0,16921662.0,0.0013485546525136005,,8.0,570.8049,,,False,570.656,571.6404541061864,,
2025-03-25 15:00:00,570.9146,1685503,2025-03-25,2025-03-25 15:30:00,570.9146,2025-03-25 15:00:00,False,2025-03-25 16:00:00,2025-03-25 10:00:00,571.4266,15:30,1685503.0,18607165.0,0.0008960030912107397,,8.0,570.8049,,,False,570.9146,571.574703666851,,
2025-03-25 15:30:00,572.1773,6677132,2025-03-25,2025-03-25 16:00:00,572.1773,2025-03-25 16:00:00,True,2025-03-25 16:00:00,2025-03-25 10:00:00,571.4266,16:00,6677132.0,25284297.0,0.0013137295323668585,,8.0,570.8049,,,False,572.1773,571.7338386136977,,
2025-03-26 09:30:00,570.2513,3175994,2025-03-26,2025-03-26 10:00:00,570.2513,2025-03-26 09:30:00,False,2025-03-26 16:00:00,2025-03-26 10:00:00,570.2513,10:00,3175994.0,3175994.0,0.0,,9.0,572.1771,,,False,570.2513,570.2513,,
2025-03-26 10:00:00,570.0545,2753762,2025-03-26,2025-03-26 10:30:00,570.0545,2025-03-26 10:00:00,False,2025-03-26 16:00:00,2025-03-26 10:00:00,570.2513,10:30,2753762.0,5929756.0,0.00034511100632306224,,9.0,572.1771,,,False,570.0545,570.1599066337974,,
2025-03-26 10:30:00,570.1634,1944320,2025-03-26,2025-03-26 11:00:00,570.1634,2025-03-26 10:30:00,False,2025-03-26 16:00:00,2025-03-26 10:00:00,570.2513,11:00,1944320.0,7874076.0,0.00015414256837287255,,9.0,572.1771,,,False,570.1634,570.1607692393621,,
2025-03-26 11:00:00,569.0453,1202195,2025-03-26,2025-03-26 11:30:00,569.0453,2025-03-26 11:00:00,False,2025-03-26 16:00:00,2025-03-26 10:00:00,570.2513,11:30,1202195.0,9076271.0,0.0021148570814306655,,9.0,572.1771,,,False,569.0453,570.0130200654762,,
2025-03-26 11:30:00,567.345,2110224,2025-03-26,2025-03-26 12:00:00,567.345,2025-03-26 11:30:00,False,2025-03-26 16:00:00,2025-03-26 10:00:00,570.2513,12:00,2110224.0,11186495.0,0.005096524988193796,,9.0,572.1771,,,False,567.345,569.5097239057185,,
2025-03-26 12:00:00,567.8024,1837764,2025-03-26,2025-03-26 12:30:00,567.8024,2025-03-26 12:00:00,False,2025-03-26 16:00:00,2025-03-26 10:00:00,570.2513,12:30,1837764.0,13024259.0,0.004294422476546655,,9.0,572.1771,,,False,567.8024,569.2688151207911,,
2025-03-26 12:30:00,566.142,1632177,2025-03-26,2025-03-26 13:00:00,566.142,2025-03-26 12:30:00,False,2025-03-26 16:00:00,2025-03-26 10:00:00,570.2513,13:00,1632177.0,14656436.0,0.007206121231113305,,9.0,572.1771,,,False,566.142,568.9206052474353,,
2025-03-26 13:00:00,565.6597,1690551,2025-03-26,2025-03-26 13:30:00,565.6597,2025-03-26 13:00:00,False,2025-03-26 16:00:00,2025-03-26 10:00:00,570.2513,13:30,1690551.0,16346987.0,0.00805188870240181,,9.0,572.1771,,,False,565.6597,568.5833732775955,,
2025-03-26 13:30:00,564.829,1893300,2025-03-26,2025-03-26 14:00:00,564.829,2025-03-26 13:30:00,False,2025-03-26 16:00:00,2025-03-26 10:00:00,570.2513,14:00,1893300.0,18240287.0,0.009508614886103883,,9.0,572.1771,,,False,564.829,568.1936779330829,,
2025-03-26 14:00:00,565.9132,1623070,2025-03-26,2025-03-26 14:30:00,565.9132,2025-03-26 14:00:00,False,2025-03-26 16:00:00,2025-03-26 10:00:00,570.2513,14:30,1623070.0,19863357.0,0.007607347848220702,,9.0,572.1771,,,False,565.9132,568.0073360514539,,
2025-03-26 14:30:00,564.1931,1632013,2025-03-26,2025-03-26 15:00:00,564.1931,2025-03-26 14:30:00,False,2025-03-26 16:00:00,2025-03-26 10:00:00,570.2513,15:00,1632013.0,21495370.0,0.010623737289156665,,9.0,572.1771,,,False,564.1931,567.7177442546604,,
2025-03-26 15:00:00,564.5113,2421332,2025-03-26,2025-03-26 15:30:00,564.5113,2025-03-26 15:00:00,False,2025-03-26 16:00:00,2025-03-26 10:00:00,570.2513,15:30,2421332.0,23916702.0,0.010065737684420872,,9.0,572.1771,,,False,564.5113,567.3931231559811,,
2025-03-26 15:30:00,565.3465,8668332,2025-03-26,2025-03-26 16:00:00,565.3465,2025-03-26 16:00:00,True,2025-03-26 16:00:00,2025-03-26 10:00:00,570.2513,16:00,8668332.0,32585034.0,0.008601120242952565,,9.0,572.1771,,,False,565.3465,566.8486766166609,,
2025-03-27 09:30:00,565.093,4721107,2025-03-27,2025-03-27 10:00:00,565.093,2025-03-27 09:30:00,False,2025-03-27 16:00:00,2025-03-27 10:00:00,565.093,10:00,4721107.0,4721107.0,0.0,,10.0,565.3463,,,False,565.093,565.093,,
2025-03-27 10:00:00,566.3507,2405957,2025-03-27,2025-03-27 10:30:00,566.3507,2025-03-27 10:00:00,False,2025-03-27 16:00:00,2025-03-27 10:00:00,565.093,10:30,2405957.0,7127064.0,0.002225651352963043,,10.0,565.3463,,,False,566.3507,565.5175748486192,,
2025-03-27 10:30:00,567.5936,2373150,2025-03-27,2025-03-27 11:00:00,567.5936,2025-03-27 10:30:00,False,2025-03-27 16:00:00,2025-03-27 10:00:00,565.093,11:00,2373150.0,9500214.0,0.004425112326643665,,10.0,565.3463,,,False,567.5936,566.0361651759529,,
2025-03-27 11:00:00,566.6192,1344228,2025-03-27,2025-03-27 11:30:00,566.6192,2025-03-27 11:00:00,False,2025-03-27 16:00:00,2025-03-27 10:00:00,565.093,11:30,1344228.0,10844442.0,0.0027007943825176906,,10.0,565.3463,,,False,566.6192,566.1084355367017,,
2025-03-27 11:30:00,564.74,1933868,2025-03-27,2025-03-27 12:00:00,564.74,2025-03-27 11:30:00,False,2025-03-27 16:00:00,2025-03-27 10:00:00,565.093,12:00,1933868.0,12778310.0,0.0006246759382968481,,10.0,565.3463,,,False,564.74,565.9013366562949,,
2025-03-27 12:00:00,565.4459,1310934,2025-03-27,2025-03-27 12:30:00,565.4459,2025-03-27 12:00:00,False,2025-03-27 16:00:00,2025-03-27 10:00:00,565.093,12:30,1310934.0,14089244.0,0.0006244989762749231,,10.0,565.3463,,,False,565.4459,565.8589605431704,,
2025-03-27 12:30:00,563.5469,1339971,2025-03-27,2025-03-27 13:00:00,563.5469,2025-03-27 12:30:00,False,2025-03-27 16:00:00,2025-03-27 10:00:00,565.093,13:00,1339971.0,15429215.0,0.0027360098249312736,,10.0,565.3463,,,False,563.5469,565.6581665249334,,
2025-03-27 13:00:00,563.507,1592813,2025-03-27,2025-03-27 13:30:00,563.507,2025-03-27 13:00:00,False,2025-03-27 16:00:00,2025-03-27 10:00:00,565.093,13:30,1592813.0,17022028.0,0.002806617671781475,,10.0,565.3463,,,False,563.507,565.4568740581323,,
2025-03-27 13:30:00,563.3579,1146229,2025-03-27,2025-03-27 14:00:00,563.3579,2025-03-27 13:30:00,False,2025-03-27 16:00:00,2025-03-27 10:00:00,565.093,14:00,1146229.0,18168257.0,0.0030704680468524037,,10.0,565.3463,,,False,563.3579,565.3244505165851,,
2025-03-27 14:00:00,564.6605,1381948,2025-03-27,2025-03-27 14:30:00,564.6605,2025-03-27 14:00:00,False,2025-03-27 16:00:00,2025-03-27 10:00:00,565.093,14:30,1381948.0,19550205.0,0.0007653607459303657,,10.0,565.3463,,,False,564.6605,565.2775177561105,,
2025-03-27 14:30:00,564.3074,1303029,2025-03-27,2025-03-27 15:00:00,564.3074,2025-03-27 14:30:00,False,2025-03-27 16:00:00,2025-03-27 10:00:00,565.093,15:00,1303029.0,20853234.0,0.0013902136462492498,,10.0,565.3463,,,False,564.3074,565.2168992654904,,
2025-03-27 15:00:00,566.5098,2361421,2025-03-27,2025-03-27 15:30:00,566.5098,2025-03-27 15:00:00,False,2025-03-27 16:00:00,2025-03-27 10:00:00,565.093,15:30,2361421.0,23214655.0,0.002507197930252225,,10.0,565.3463,,,False,566.5098,565.348414592571,,
2025-03-27 15:30:00,563.8452,7342168,2025-03-27,2025-03-27 16:00:00,563.8452,2025-03-27 16:00:00,True,2025-03-27 16:00:00,2025-03-27 10:00:00,565.093,16:00,7342168.0,30556823.0,0.0022081321127672693,,10.0,565.3463,,,False,563.8452,564.9872234412949,,
2025-03-28 09:30:00,559.8779,3437031,2025-03-28,2025-03-28 10:00:00,559.8779,2025-03-28 09:30:00,False,2025-03-28 16:00:00,2025-03-28 10:00:00,559.8779,10:00,3437031.0,3437031.0,0.0,,11.0,563.8449,,,False,559.8779,559.8779,,
2025-03-28 10:00:00,556.4227,5595531,2025-03-28,2025-03-28 10:30:00,556.4227,2025-03-28 10:00:00,False,2025-03-28 16:00:00,2025-03-28 10:00:00,559.8779,10:30,5595531.0,9032562.0,0.006171345573740217,,11.0,563.8449,,,False,556.4227,557.7374575971468,,
2025-03-28 10:30:00,555.5925,4237760,2025-03-28,2025-03-28 11:00:00,555.5925,2025-03-28 10:30:00,False,2025-03-28 16:00:00,2025-03-28 10:00:00,559.8779,11:00,4237760.0,13270322.0,0.007654168882179402,,11.0,563.8449,,,False,555.5925,557.052484353326,,
2025-03-28 11:00:00,555.7018,3549337,2025-03-28,2025-03-28 11:30:00,555.7018,2025-03-28 11:00:00,False,2025-03-28 16:00:00,2025-03-28 10:00:00,559.8779,11:30,3549337.0,16819659.0,0.007458947745570765,,11.0,563.8449,,,False,555.7018,556.7674587204889,,
2025-03-28 11:30:00,554.7573,2184875,2025-03-28,2025-03-28 12:00:00,554.7573,2025-03-28 11:30:00,False,2025-03-28 16:00:00,2025-03-28 10:00:00,559.8779,12:00,2184875.0,19004534.0,0.009145922709219212,,11.0,563.8449,,,False,554.7573,556.5363588400904,,
2025-03-28 12:00:00,553.6735,2094324,2025-03-28,2025-03-28 12:30:00,553.6735,2025-03-28 12:00:00,False,2025-03-28 16:00:00,2025-03-28 10:00:00,559.8779,12:30,2094324.0,21098858.0,0.01108170192107949,,11.0,563.8449,,,False,553.6735,556.252184503384,,
2025-03-28 12:30:00,553.3454,2025112,2025-03-28,2025-03-28 13:00:00,553.3454,2025-03-28 12:30:00,False,2025-03-28 16:00:00,2025-03-28 10:00:00,559.8779,13:00,2025112.0,23123970.0,0.011667722551649051,,11.0,563.8449,,,False,553.3454,555.9976190382317,,
2025-03-28 13:00:00,552.2318,2553641,2025-03-28,2025-03-28 13:30:00,552.2318,2025-03-28 13:00:00,False,2025-03-28 16:00:00,2025-03-28 10:00:00,559.8779,13:30,2553641.0,25677611.0,0.013656727654368761,,11.0,563.8449,,,False,552.2318,555.6231079556154,,
2025-03-28 13:30:00,553.2062,2004751,2025-03-28,2025-03-28 14:00:00,553.2062,2025-03-28 13:30:00,False,2025-03-28 16:00:00,2025-03-28 10:00:00,559.8779,14:00,2004751.0,27682362.0,0.011916348189489168,,11.0,563.8449,,,False,553.2062,555.4480759752906,,
2025-03-28 14:00:00,552.7886,2085411,2025-03-28,2025-03-28 14:30:00,552.7886,2025-03-28 14:00:00,False,2025-03-28 16:00:00,2025-03-28 10:00:00,559.8779,14:30,2085411.0,29767773.0,0.012662225103009073,,11.0,563.8449,,,False,552.7886,555.2617637357722,,
2025-03-28 14:30:00,552.9675,1794238,2025-03-28,2025-03-28 15:00:00,552.9675,2025-03-28 14:30:00,False,2025-03-28 16:00:00,2025-03-28 10:00:00,559.8779,15:00,1794238.0,31562011.0,0.012342691147480545,,11.0,563.8449,,,False,552.9675,555.131339372865,,
2025-03-28 15:00:00,552.6295,2291837,2025-03-28,2025-03-28 15:30:00,552.6295,2025-03-28 15:00:00,False,2025-03-28 16:00:00,2025-03-28 10:00:00,559.8779,15:30,2291837.0,33853848.0,0.012946394204879197,,11.0,563.8449,,,False,552.6295,554.9619699102625,,
2025-03-28 15:30:00,552.4902,13214142,2025-03-28,2025-03-28 16:00:00,552.5598,2025-03-28 16:00:00,True,2025-03-28 16:00:00,2025-03-28 10:00:00,559.8779,16:00,13214142.0,47067990.0,0.01319519845309125,,11.0,563.8449,,,False,552.5598,554.28757072087,,
2025-03-31 09:30:00,546.5891,6773807,2025-03-31,2025-03-31 10:00:00,546.5891,2025-03-31 09:30:00,False,2025-03-31 16:00:00,2025-03-31 10:00:00,546.5891,10:00,6773807.0,6773807.0,0.0,,12.0,552.4901,,,False,546.5891,546.5891,,
2025-03-31 10:00:00,546.3754,3216641,2025-03-31,2025-03-31 10:30:00,546.3754,2025-03-31 10:00:00,False,2025-03-31 16:00:00,2025-03-31 10:00:00,546.5891,10:30,3216641.0,9990448.0,0.0003909701089904738,,12.0,552.4901,,,False,546.3754,546.5202946589683,,
2025-03-31 10:30:00,548.5628,2483318,2025-03-31,2025-03-31 11:00:00,548.5628,2025-03-31 10:30:00,False,2025-03-31 16:00:00,2025-03-31 10:00:00,546.5891,11:00,2483318.0,12473766.0,0.003610939186310169,,12.0,552.4901,,,False,548.5628,546.9269232808681,,
2025-03-31 11:00:00,549.3184,2426899,2025-03-31,2025-03-31 11:30:00,549.3184,2025-03-31 11:00:00,False,2025-03-31 16:00:00,2025-03-31 10:00:00,546.5891,11:30,2426899.0,14900665.0,0.004993330456095846,,12.0,552.4901,,,False,549.3184,547.3164275384421,,
2025-03-31 11:30:00,550.1835,1803877,2025-03-31,2025-03-31 12:00:00,550.1835,2025-03-31 11:30:00,False,2025-03-31 16:00:00,2025-03-31 10:00:00,546.5891,12:00,1803877.0,16704542.0,0.006576055029271499,,12.0,552.4901,,,False,550.1835,547.6260347141873,,
2025-03-31 12:00:00,551.2587,1450728,2025-03-31,2025-03-31 12:30:00,551.2587,2025-03-31 12:00:00,False,2025-03-31 16:00:00,2025-03-31 10:00:00,546.5891,12:30,1450728.0,18155270.0,0.008543163411052213,,12.0,552.4901,,,False,551.2587,547.9163090667448,,
2025-03-31 12:30:00,550.1039,1294049,2025-03-31,2025-03-31 13:00:00,550.1039,2025-03-31 12:30:00,False,2025-03-31 16:00:00,2025-03-31 10:00:00,546.5891,13:00,1294049.0,19449319.0,0.006430424609638052,,12.0,552.4901,,,False,550.1039,548.0618591427957,,
2025-03-31 13:00:00,550.5005,2001312,2025-03-31,2025-03-31 13:30:00,550.5005,2025-03-31 13:00:00,False,2025-03-31 16:00:00,2025-03-31 10:00:00,546.5891,13:30,2001312.0,21450631.0,0.007156015368765978,,12.0,552.4901,,,False,550.5005,548.289380711332,,
2025-03-31 13:30:00,549.9448,1216959,2025-03-31,2025-03-31 14:00:00,549.9448,2025-03-31 13:30:00,False,2025-03-31 16:00:00,2025-03-31 10:00:00,546.5891,14:00,1216959.0,22667590.0,0.006139346723160077,,12.0,552.4901,,,False,549.9448,548.3782555057904,,
2025-03-31 14:00:00,553.6934,4823685,2025-03-31,2025-03-31 14:30:00,553.6934,2025-03-31 14:00:00,False,2025-03-31 16:00:00,2025-03-31 10:00:00,546.5891,14:30,4823685.0,27491275.0,0.012997514952273859,,12.0,552.4901,,,False,553.6934,549.3108634975824,,
2025-03-31 14:30:00,553.1987,3856728,2025-03-31,2025-03-31 15:00:00,553.1987,2025-03-31 14:30:00,False,2025-03-31 16:00:00,2025-03-31 10:00:00,546.5891,15:00,3856728.0,31348003.0,0.012092447507643378,,12.0,552.4901,,,False,553.1987,549.7891819377809,,
2025-03-31 15:00:00,554.2104,5582626,2025-03-31,2025-03-31 15:30:00,554.2104,2025-03-31 15:00:00,False,2025-03-31 16:00:00,2025-03-31 10:00:00,546.5891,15:30,5582626.0,36930629.0,0.01394338086873681,,12.0,552.4901,,,False,554.2104,550.4575162601076,,
2025-03-31 15:30:00,556.199,17733212,2025-03-31,2025-03-31 16:00:00,556.199,2025-03-31 16:00:00,True,2025-03-31 16:00:00,2025-03-31 10:00:00,546.5891,16:00,17733212.0,54663841.0,0.017581580020530785,,12.0,552.4901,,,False,556.199,552.3200811017196,,
2025-04-01 09:30:00,554.0215,3494382,2025-04-01,2025-04-01 10:00:00,554.0215,2025-04-01 09:30:00,False,2025-04-01 16:00:00,2025-04-01 10:00:00,554.0215,10:00,3494382.0,3494382.0,0.0,,13.0,556.1988,,,False,554.0215,554.0215,,
2025-04-01 10:00:00,551.9136,3666455,2025-04-01,2025-04-01 10:30:00,551.9136,2025-04-01 10:00:00,False,2025-04-01 16:00:00,2025-04-01 10:00:00,554.0215,10:30,3666455.0,7160837.0,0.0038047259898758012,,13.0,556.1988,,,False,551.9136,552.9422238630763,,
2025-04-01 10:30:00,556.4227,3140408,2025-04-01,2025-04-01 11:00:00,556.4227,2025-04-01 10:30:00,False,2025-04-01 16:00:00,2025-04-01 10:00:00,554.0215,11:00,3140408.0,10301245.0,0.004334127827169132,,13.0,556.1988,,,False,556.4227,554.0032718338997,,
2025-04-01 11:00:00,557.5811,3572675,2025-04-01,2025-04-01 11:30:00,557.5811,2025-04-01 11:00:00,False,2025-04-01 16:00:00,2025-04-01 10:00:00,554.0215,11:30,3572675.0,13873920.0,0.006425021411623932,,13.0,556.1988,,,False,557.5811,554.9245988448182,,
2025-04-01 11:30:00,558.3964,1840208,2025-04-01,2025-04-01 12:00:00,558.3964,2025-04-01 11:30:00,False,2025-04-01 16:00:00,2025-04-01 10:00:00,554.0215,12:00,1840208.0,15714128.0,0.007896624950475717,,13.0,556.1988,,,False,558.3964,555.3311652327319,,
2025-04-01 12:00:00,557.5811,1910367,2025-04-01,2025-04-01 12:30:00,557.5811,2025-04-01 12:00:00,False,2025-04-01 16:00:00,2025-04-01 10:00:00,554.0215,12:30,1910367.0,17624495.0,0.006425021411623932,,13.0,556.1988,,,False,557.5811,555.5750417881476,,
2025-04-01 12:30:00,557.4219,2545334,2025-04-01,2025-04-01 13:00:00,557.4219,2025-04-01 12:30:00,False,2025-04-01 16:00:00,2025-04-01 10:00:00,554.0215,13:00,2545334.0,20169829.0,0.006137667942489822,,13.0,556.1988,,,False,557.4219,555.8081062826362,,
2025-04-01 13:00:00,556.179,1294773,2025-04-01,2025-04-01 13:30:00,556.179,2025-04-01 13:00:00,False,2025-04-01 16:00:00,2025-04-01 10:00:00,554.0215,13:30,1294773.0,21464602.0,0.00389425320136505,,13.0,556.1988,,,False,556.179,555.8304790790717,,
2025-04-01 13:30:00,555.8809,1503802,2025-04-01,2025-04-01 14:00:00,555.8809,2025-04-01 13:30:00,False,2025-04-01 16:00:00,2025-04-01 10:00:00,554.0215,14:00,1503802.0,22968404.0,0.0033561874403791325,,13.0,556.1988,,,False,555.8809,555.833780269774,,
2025-04-01 14:00:00,553.5442,2622219,2025-04-01,2025-04-01 14:30:00,553.5442,2025-04-01 14:00:00,False,2025-04-01 16:00:00,2025-04-01 10:00:00,554.0215,14:30,2622219.0,25590623.0,0.0008615189121720102,,13.0,556.1988,,,False,553.5442,555.5991716443637,,
2025-04-01 14:30:00,554.2999,1772352,2025-04-01,2025-04-01 15:00:00,554.2999,2025-04-01 14:30:00,False,2025-04-01 16:00:00,2025-04-01 10:00:00,554.0215,15:00,1772352.0,27362975.0,0.0005025075741647012,,13.0,556.1988,,,False,554.2999,555.5150153456633,,
2025-04-01 15:00:00,555.1848,2110627,2025-04-01,2025-04-01 15:30:00,555.1848,2025-04-01 15:00:00,False,2025-04-01 16:00:00,2025-04-01 10:00:00,554.0215,15:30,2110627.0,29473602.0,0.0020997380065574944,,13.0,556.1988,,,False,555.1848,555.4913683742353,,
2025-04-01 15:30:00,557.77,6894220,2025-04-01,2025-04-01 16:00:00,557.77,2025-04-01 16:00:00,True,2025-04-01 16:00:00,2025-04-01 10:00:00,554.0215,16:00,6894220.0,36367822.0,0.006765982908605528,,13.0,556.1988,,,False,557.77,555.9233268161508,,
2025-04-02 09:30:00,555.3837,4255808,2025-04-02,2025-04-02 10:00:00,555.3837,2025-04-02 09:30:00,False,2025-04-02 16:00:00,2025-04-02 10:00:00,555.3837,10:00,4255808.0,4255808.0,0.0,0.0,14.0,557.7698,557.7698,555.3837,True,555.3837,555.3837,557.7698,555.3837
2025-04-02 10:00:00,557.6407,2212118,2025-04-02,2025-04-02 10:30:00,557.6407,2025-04-02 10:00:00,False,2025-04-02 16:00:00,2025-04-02 10:00:00,555.3837,10:30,2212118.0,6467926.0,0.00406385711355961,0.0020205714692797527,14.0,557.7698,558.896813744306,554.261507541277,True,557.6407,556.1556244663591,558.896813744306,554.261507541277
2025-04-02 10:30:00,558.8339,1872016,2025-04-02,2025-04-02 11:00:00,558.8339,2025-04-02 10:30:00,False,2025-04-02 16:00:00,2025-04-02 10:00:00,555.3837,11:00,1872016.0,8339942.0,0.006212281707223211,0.003167725922204529,14.0,557.7698,559.5366618540828,553.6243966567401,True,558.8339,556.7568006677504,559.5366618540828,553.6243966567401
2025-04-02 11:00:00,560.0867,2113683,2025-04-02,2025-04-02 11:30:00,560.0867,2025-04-02 11:00:00,False,2025-04-02 16:00:00,2025-04-02 10:00:00,555.3837,11:30,2113683.0,10453625.0,0.008468019497151147,0.003189207828893267,14.0,557.7698,559.5486438128803,553.6124659559202,True,560.0867,557.4300935790885,559.5486438128803,553.6124659559202
2025-04-02 11:30:00,559.1322,2235742,2025-04-02,2025-04-02 12:00:00,559.1322,2025-04-02 11:30:00,False,2025-04-02 16:00:00,2025-04-02 10:00:00,555.3837,12:00,2235742.0,12689367.0,0.006749387855639277,0.004005214391367061,14.0,557.7698,560.00378763003,553.1592692120294,True,559.1322,557.7299880351084,560.00378763003,553.1592692120294
2025-04-02 12:00:00,561.1009,1594847,2025-04-02,2025-04-02 12:30:00,561.1009,2025-04-02 12:00:00,False,2025-04-02 16:00:00,2025-04-02 10:00:00,555.3837,12:30,1594847.0,14284214.0,0.010294144390625926,0.0038691255352946313,14.0,557.7698,559.9278813759963,553.2348507444435,True,561.1009,558.1063537794519,559.9278813759963,553.2348507444435
2025-04-02 12:30:00,562.4581,2547514,2025-04-02,2025-04-02 13:00:00,562.4581,2025-04-02 12:30:00,False,2025-04-02 16:00:00,2025-04-02 10:00:00,555.3837,13:00,2547514.0,16831728.0,0.012737860329714357,0.004229621445899675,14.0,557.7698,560.1289551079552,553.0346371917768,True,562.4581,558.7649988348671,560.1289551079552,553.0346371917768
2025-04-02 13:00:00,562.7912,2593586,2025-04-02,2025-04-02 13:30:00,562.7912,2025-04-02 13:00:00,False,2025-04-02 16:00:00,2025-04-02 10:00:00,555.3837,13:30,2593586.0,19425314.0,0.013337625861183922,0.0043798119024933135,14.0,557.7698,560.2127268088914,552.9512238602891,True,562.7912,559.3025602341357,560.2127268088914,552.9512238602891
2025-04-02 13:30:00,560.6435,2667686,2025-04-02,2025-04-02 14:00:00,560.6435,2025-04-02 13:30:00,False,2025-04-02 16:00:00,2025-04-02 10:00:00,555.3837,14:00,2667686.0,22093000.0,0.00947056962600823,0.004588175610794125,14.0,557.7698,560.3289457927975,552.8355020530273,True,560.6435,559.4644760554474,560.3289457927975,552.8355020530273
2025-04-02 14:00:00,557.7998,2223449,2025-04-02,2025-04-02 14:30:00,557.7998,2025-04-02 14:00:00,False,2025-04-02 16:00:00,2025-04-02 10:00:00,555.3837,14:30,2223449.0,24316449.0,0.00435032572976124,0.004382700783110228,14.0,557.7698,560.2143381392553,552.9496194230833,True,557.7998,559.3122613011135,560.2143381392553,552.9496194230833
2025-04-02 14:30:00,558.118,2388119,2025-04-02,2025-04-02 15:00:00,558.118,2025-04-02 14:30:00,False,2025-04-02 16:00:00,2025-04-02 10:00:00,555.3837,15:00,2388119.0,26704568.0,0.004923262962164943,0.005278067527796986,14.0,557.7698,560.7137466693658,552.4523473275622,True,558.118,559.2054616665283,560.7137466693658,552.4523473275622
2025-04-02 15:00:00,559.689,1869869,2025-04-02,2025-04-02 15:30:00,559.689,2025-04-02 15:00:00,False,2025-04-02 16:00:00,2025-04-02 10:00:00,555.3837,15:30,1869869.0,28574437.0,0.007751937984496138,0.005613715561666962,14.0,557.7698,560.9009610060879,552.2659338806138,True,559.689,559.2371037016827,560.9009610060879,552.2659338806138
2025-04-02 15:30:00,561.2997,8235863,2025-04-02,2025-04-02 16:00:00,561.2997,2025-04-02 16:00:00,True,2025-04-02 16:00:00,2025-04-02 10:00:00,555.3837,16:00,8235863.0,36810300.0,0.010652095119104255,0.006188345730071757,14.0,557.7698,561.221472360193,551.9467936515535,True,561.2997,559.6985848778005,561.221472360193,551.9467936515535
2025-04-03 09:30:00,541.041,11704102,2025-04-03,2025-04-03 10:00:00,541.041,2025-04-03 09:30:00,False,2025-04-03 16:00:00,2025-04-03 10:00:00,541.041,10:00,11704102.0,11704102.0,0.0,0.0,14.0,561.2995,561.2995,541.041,True,541.041,541.041,561.2995,541.041
2025-04-03 10:00:00,539.8726,7856231,2025-04-03,2025-04-03 10:30:00,539.8726,2025-04-03 10:00:00,False,2025-04-03 16:00:00,2025-04-03 10:00:00,541.041,10:30,7856231.0,19560333.0,0.002159540589345421,0.002002335775069229,14.0,561.2995,562.4234100693784,539.9576542499208,True,539.8726,540.5717226977987,562.4234100693784,539.9576542499208
2025-04-03 10:30:00,537.0588,5619232,2025-04-03,2025-04-03 11:00:00,537.0588,2025-04-03 10:30:00,False,2025-04-03 16:00:00,2025-04-03 10:00:00,541.041,11:00,5619232.0,25179565.0,0.007360255507438462,0.0034419889297077145,14.0,561.2995,563.2314866652505,539.178742867482,True,537.0588,539.7877565078745,563.2314866652505,539.178742867482
2025-04-03 11:00:00,538.5701,5312381,2025-04-03,2025-04-03 11:30:00,538.5701,2025-04-03 11:00:00,False,2025-04-03 16:00:00,2025-04-03 10:00:00,541.041,11:30,5312381.0,30491946.0,0.004566936701654867,0.003726605109621084,14.0,561.2995,563.3912415847277,539.0247538448856,True,538.5701,539.5756134292741,563.3912415847277,539.0247538448856
2025-04-03 11:30:00,540.499,4488301,2025-04-03,2025-04-03 12:00:00,540.499,2025-04-03 11:30:00,False,2025-04-03 16:00:00,2025-04-03 10:00:00,541.041,12:00,4488301.0,34980247.0,0.0010017725089226381,0.00420355803041182,14.0,561.2995,563.6589550206911,538.766702759668,True,540.499,539.6940927775981,563.6589550206911,538.766702759668
2025-04-03 12:00:00,542.8456,3770479,2025-04-03,2025-04-03 12:30:00,542.8456,2025-04-03 12:00:00,False,2025-04-03 16:00:00,2025-04-03 10:00:00,541.041,12:30,3770479.0,38750726.0,0.0033354218996342055,0.00431808139705372,14.0,561.2995,563.7232369291256,538.7047409228567,True,542.8456,540.000737143446,563.7232369291256,538.7047409228567
2025-04-03 12:30:00,540.33,3213746,2025-04-03,2025-04-03 13:00:00,540.33,2025-04-03 12:30:00,False,2025-04-03 16:00:00,2025-04-03 10:00:00,541.041,13:00,3213746.0,41964472.0,0.001314133309675225,0.004859570645312632,14.0,561.2995,564.0271745734286,538.4117730384895,True,540.33,540.0259529304623,564.0271745734286,538.4117730384895
2025-04-03 13:00:00,539.0225,2425787,2025-04-03,2025-04-03 13:30:00,539.0225,2025-04-03 13:00:00,False,2025-04-03 16:00:00,2025-04-03 10:00:00,541.041,13:30,2425787.0,44390259.0,0.0037307708657939864,0.004849178668283684,14.0,561.2995,564.0213415619182,538.4173955241332,True,539.0225,539.9711174073393,564.0213415619182,538.4173955241332
2025-04-03 13:30:00,538.7889,2470112,2025-04-03,2025-04-03 14:00:00,538.7889,2025-04-03 13:30:00,False,2025-04-03 16:00:00,2025-04-03 10:00:00,541.041,14:00,2470112.0,46860371.0,0.004162531120562085,0.0046512721787808475,14.0,561.2995,563.9102567483136,538.5244710491203,True,538.7889,539.908800158411,563.9102567483136,538.5244710491203
2025-04-03 14:00:00,537.6603,2999358,2025-04-03,2025-04-03 14:30:00,537.6603,2025-04-03 14:00:00,False,2025-04-03 16:00:00,2025-04-03 10:00:00,541.041,14:30,2999358.0,49859729.0,0.006248509817185832,0.004477884429887891,14.0,561.2995,563.8129342915538,538.6182809301691,True,537.6603,539.7735395568516,563.8129342915538,538.6182809301691
2025-04-03 14:30:00,538.7093,3826061,2025-04-03,2025-04-03 15:00:00,538.7093,2025-04-03 14:30:00,False,2025-04-03 16:00:00,2025-04-03 10:00:00,541.041,15:00,3826061.0,53685790.0,0.0043096549060054334,0.005505625916228218,14.0,561.2995,564.3898050739659,538.062230648658,True,538.7093,539.697693686592,564.3898050739659,538.062230648658
2025-04-03 15:00:00,536.1142,5313539,2025-04-03,2025-04-03 15:30:00,536.1142,2025-04-03 15:00:00,False,2025-04-03 16:00:00,2025-04-03 10:00:00,541.041,15:30,5313539.0,58999329.0,0.009106149071881897,0.005744604145425737,14.0,561.2995,564.5239434345253,537.9329336285548,True,536.1142,539.37496063551,564.5239434345253,537.9329336285548
2025-04-03 15:30:00,533.6384,21022868,2025-04-03,2025-04-03 16:00:00,533.6384,2025-04-03 16:00:00,True,2025-04-03 16:00:00,2025-04-03 10:00:00,541.041,16:00,21022868.0,80022197.0,0.013682142388469654,0.006518673341862592,14.0,561.2995,564.9584280874507,537.5141304564454,True,533.6384,537.86789182791,564.9584280874507,537.5141304564454
2025-04-04 09:30:00,519.9768,14691585,2025-04-04,2025-04-04 10:00:00,519.9768,2025-04-04 09:30:00,False,2025-04-04 16:00:00,2025-04-04 10:00:00,519.9768,10:00,14691585.0,14691585.0,0.0,0.0,14.0,533.6382,533.6382,519.9768,True,519.9768,519.9768,533.6382,519.9768
2025-04-04 10:00:00,513.2007,8416104,2025-04-04,2025-04-04 10:30:00,513.2007,2025-04-04 10:00:00,False,2025-04-04 16:00:00,2025-04-04 10:00:00,519.9768,10:30,8416104.0,23107689.0,0.013031542945762253,0.0021557865026691375,14.0,533.6382,534.7886100288687,518.855841032859,True,513.2007,517.5088611977078,534.7886100288687,517.5088611977078
2025-04-04 10:30:00,512.2809,12505804,2025-04-04,2025-04-04 11:00:00,512.2809,2025-04-04 10:30:00,False,2025-04-04 16:00:00,2025-04-04 10:00:00,519.9768,11:00,12505804.0,35613493.0,0.014800468020880975,0.003521377640076936,14.0,533.6382,535.5173416253708,518.1457653231213,True,512.2809,515.6730441365131,535.5173416253708,515.6730441365131
2025-04-04 11:00:00,513.3946,15026664,2025-04-04,2025-04-04 11:30:00,513.3946,2025-04-04 11:00:00,False,2025-04-04 16:00:00,2025-04-04 10:00:00,519.9768,11:30,15026664.0,50640157.0,0.012658641693244932,0.0035179475263025306,14.0,533.6382,535.5155111856305,518.1475489027054,True,513.3946,514.9969519497896,535.5155111856305,514.9969519497896
2025-04-04 11:30:00,512.1517,7120579,2025-04-04,2025-04-04 12:00:00,512.1517,2025-04-04 11:30:00,False,2025-04-04 16:00:00,2025-04-04 10:00:00,519.9768,12:00,7120579.0,57760736.0,0.015048940645044251,0.003608172183002356,14.0,533.6382,535.5636585090274,518.1006341744335,True,512.1517,514.6461973942489,535.5636585090274,514.6461973942489
2025-04-04 12:00:00,509.3675,4790347,2025-04-04,2025-04-04 12:30:00,509.3675,2025-04-04 12:00:00,False,2025-04-04 16:00:00,2025-04-04 10:00:00,519.9768,12:30,4790347.0,62551083.0,0.02040341030599835,0.004134991634165364,14.0,533.6382,535.844789492671,517.82670028204,True,509.3675,514.2419391302242,535.844789492671,514.2419391302242
2025-04-04 12:30:00,509.0495,5555196,2025-04-04,2025-04-04 13:00:00,509.0495,2025-04-04 12:30:00,False,2025-04-04 16:00:00,2025-04-04 10:00:00,519.9768,13:00,5555196.0,68106279.0,0.02101497605277769,0.004309578125672572,14.0,533.6382,535.9379555137433,517.7359193568628,True,509.0495,513.8184096479209,535.9379555137433,513.8184096479209
2025-04-04 13:00:00,507.9658,6989887,2025-04-04,2025-04-04 13:30:00,507.9658,2025-04-04 13:00:00,False,2025-04-04 16:00:00,2025-04-04 10:00:00,519.9768,13:30,6989887.0,75096166.0,0.0230991074986423,0.004535950971558241,14.0,533.6382,536.0587567117507,517.6182107288523,True,507.9658,513.2736537399552,536.0587567117507,513.2736537399552
2025-04-04 13:30:00,511.8136,6382187,2025-04-04,2025-04-04 14:00:00,511.8136,2025-04-04 13:30:00,False,2025-04-04 16:00:00,2025-04-04 10:00:00,519.9768,14:00,6382187.0,81478353.0,0.015699161962610675,0.0044663483543990745,14.0,533.6382,536.0216140964144,517.6544024749943,True,511.8136,513.1592879525363,536.0216140964144,513.1592879525363
2025-04-04 14:00:00,505.9721,6995307,2025-04-04,2025-04-04 14:30:00,505.9721,2025-04-04 14:00:00,False,2025-04-04 16:00:00,2025-04-04 10:00:00,519.9768,14:30,6995307.0,88473660.0,0.026933317024913417,0.004436822597695947,14.0,533.6382,536.0058580247537,517.6697551834824,True,505.9721,512.5910218019702,536.0058580247537,512.5910218019702
2025-04-04 14:30:00,505.0922,7951279,2025-04-04,2025-04-04 15:00:00,505.0922,2025-04-04 14:30:00,False,2025-04-04 16:00:00,2025-04-04 10:00:00,519.9768,15:00,7951279.0,96424939.0,0.028625507907275916,0.005194595928230794,14.0,533.6382,536.4102348208684,517.2757306319455,True,505.0922,511.9726628490157,536.4102348208684,511.9726628490157
2025-04-04 15:00:00,507.3393,8938571,2025-04-04,2025-04-04 15:30:00,507.3393,2025-04-04 15:00:00,False,2025-04-04 16:00:00,2025-04-04 10:00:00,519.9768,15:30,8938571.0,105363510.0,0.02430396894630693,0.005764005988201759,14.0,533.6382,536.7140937803332,516.979650611074,True,507.3393,511.5795889774762,536.7140937803332,511.5795889774762
2025-04-04 15:30:00,502.3976,30925352,2025-04-04,2025-04-04 16:00:00,502.6562,2025-04-04 16:00:00,True,2025-04-04 16:00:00,2025-04-04 10:00:00,519.9768,16:00,30925352.0,136288862.0,0.03380766218800535,0.0067392367295691724,14.0,533.6382,537.2345141577412,516.4725532509161,True,502.6562,509.55477975160295,537.2345141577412,509.55477975160295
2025-04-07 09:30:00,492.6188,22966950,2025-04-07,2025-04-07 10:00:00,492.6188,2025-04-07 09:30:00,False,2025-04-07 16:00:00,2025-04-07 10:00:00,492.6188,10:00,22966950.0,22966950.0,0.0,0.0,14.0,502.3975,502.3975,492.6188,True,492.6188,492.6188,502.3975,492.6188
2025-04-07 10:00:00,495.716,41942540,2025-04-07,2025-04-07 10:30:00,495.716,2025-04-07 10:00:00,False,2025-04-07 16:00:00,2025-04-07 10:00:00,492.6188,10:30,41942540.0,64909490.0,0.0062872143734669095,0.0029684902455635992,14.0,502.3975,503.8888620781455,491.1564658974188,True,495.716,494.62011652379334,503.8888620781455,491.1564658974188
2025-04-07 10:30:00,502.7257,20345046,2025-04-07,2025-04-07 11:00:00,502.7257,2025-04-07 10:30:00,False,2025-04-07 16:00:00,2025-04-07 10:00:00,492.6188,11:00,20345046.0,85254536.0,0.02051667536845936,0.004403596561750933,14.0,502.3975,504.6098559036323,490.4495055460662,True,502.7257,496.5544237925616,504.6098559036323,490.4495055460662
2025-04-07 11:00:00,491.1522,20204668,2025-04-07,2025-04-07 11:30:00,491.1522,2025-04-07 11:00:00,False,2025-04-07 16:00:00,2025-04-07 10:00:00,492.6188,11:30,20204668.0,105459204.0,0.0029771498773494276,0.004250339274636528,14.0,502.3975,504.53285982572913,490.52500296693574,True,491.1522,495.5194251006465,504.53285982572913,490.52500296693574
2025-04-07 11:30:00,496.6606,9974981,2025-04-07,2025-04-07 12:00:00,496.6606,2025-04-07 11:30:00,False,2025-04-07 16:00:00,2025-04-07 10:00:00,492.6188,12:00,9974981.0,115434185.0,0.008204721378883617,0.004479083661357027,14.0,502.3975,504.6477804337566,490.4123191816427,True,496.6606,495.6180371187305,504.6477804337566,490.4123191816427
2025-04-07 12:00:00,496.3921,5707112,2025-04-07,2025-04-07 12:30:00,496.3921,2025-04-07 12:00:00,False,2025-04-07 16:00:00,2025-04-07 10:00:00,492.6188,12:30,5707112.0,121141297.0,0.00765967518901034,0.005397209313880784,14.0,502.3975,505.1090444662704,489.9600332244473,True,496.3921,495.6545041507654,505.1090444662704,489.9600332244473
2025-04-07 12:30:00,493.0314,5234767,2025-04-07,2025-04-07 13:00:00,493.0314,2025-04-07 12:30:00,False,2025-04-07 16:00:00,2025-04-07 10:00:00,492.6188,13:00,5234767.0,126376064.0,0.0008375644616080979,0.005698847933478991,14.0,502.3975,505.26058695465997,489.8114403696271,True,493.0314,495.54584956372275,505.26058695465997,489.8114403696271
2025-04-07 13:00:00,502.7457,8980496,2025-04-07,2025-04-07 13:30:00,502.7457,2025-04-07 13:00:00,False,2025-04-07 16:00:00,2025-04-07 10:00:00,492.6188,13:30,8980496.0,135356560.0,0.020557274712211582,0.0061322237742870945,14.0,502.3975,505.4783138936424,489.59795128297924,True,502.7457,496.0235377381532,505.4783138936424,489.59795128297924
2025-04-07 13:30:00,506.3052,7969450,2025-04-07,2025-04-07 14:00:00,506.3052,2025-04-07 13:30:00,False,2025-04-07 16:00:00,2025-04-07 10:00:00,492.6188,14:00,7969450.0,143326010.0,0.027782942916510622,0.0053735857663542485,14.0,502.3975,505.0971760550519,489.9716706280815,True,506.3052,496.595235738486,505.0971760550519,489.9716706280815
2025-04-07 14:00:00,502.2883,6676304,2025-04-07,2025-04-07 14:30:00,502.2883,2025-04-07 14:00:00,False,2025-04-07 16:00:00,2025-04-07 10:00:00,492.6188,14:30,6676304.0,150002314.0,0.019628767720598406,0.005954478564101536,14.0,502.3975,505.3890151444082,489.6855119151266,True,502.2883,496.84862268091274,505.3890151444082,489.6855119151266
2025-04-07 14:30:00,500.2301,5329304,2025-04-07,2025-04-07 15:00:00,500.2301,2025-04-07 14:30:00,False,2025-04-07 16:00:00,2025-04-07 10:00:00,492.6188,15:00,5329304.0,155331618.0,0.01545068925505877,0.006760560414002192,14.0,502.3975,505.79398865059363,489.2884208415268,True,500.2301,496.9646384723823,505.79398865059363,489.2884208415268
2025-04-07 15:00:00,497.7891,8374469,2025-04-07,2025-04-07 15:30:00,497.7891,2025-04-07 15:00:00,False,2025-04-07 16:00:00,2025-04-07 10:00:00,492.6188,15:30,8374469.0,163706087.0,0.010495539350101835,0.007059736666548759,14.0,502.3975,505.94429405193245,489.1410409950088,True,497.7891,497.00681422547285,505.94429405193245,489.1410409950088
2025-04-07 15:30:00,501.5028,17837078,2025-04-07,2025-04-07 16:00:00,501.5028,2025-04-07 16:00:00,True,2025-04-07 16:00:00,2025-04-07 10:00:00,492.6188,16:00,17837078.0,181543165.0,0.018034228494730575,0.008934879220225424,14.0,502.3975,506.88636098304323,488.2173105203876,True,501.5028,497.4485562703862,506.88636098304323,488.2173105203876
2025-04-08 09:30:00,520.0563,13085183,2025-04-08,2025-04-08 10:00:00,520.0563,2025-04-08 09:30:00,False,2025-04-08 16:00:00,2025-04-08 10:00:00,520.0563,10:00,13085183.0,13085183.0,0.0,0.0,14.0,501.5026,520.0563,501.5026,True,520.0563,520.0563,520.0563,501.5026
2025-04-08 10:00:00,520.3049,6961406,2025-04-08,2025-04-08 10:30:00,520.3049,2025-04-08 10:00:00,False,2025-04-08 16:00:00,2025-04-08 10:00:00,520.0563,10:30,6961406.0,20046589.0,0.0004780251676597125,0.0033620026092097527,14.0,501.5026,521.804730637536,499.8165469502745,True,520.3049,520.1426291770783,521.804730637536,499.8165469502745
2025-04-08 10:30:00,514.8362,5521821,2025-04-08,2025-04-08 11:00:00,514.8362,2025-04-08 10:30:00,False,2025-04-08 16:00:00,2025-04-08 10:00:00,520.0563,11:00,5521821.0,25568410.0,0.01003756708648662,0.005856802037289745,14.0,501.5026,523.1021667973454,498.56539855061385,True,514.8362,518.996638790308,523.1021667973454,498.56539855061385
2025-04-08 11:00:00,511.2817,6763821,2025-04-08,2025-04-08 11:30:00,511.2817,2025-04-08 11:00:00,False,2025-04-08 16:00:00,2025-04-08 10:00:00,520.0563,11:30,6763821.0,32332231.0,0.016872404007027608,0.004349158523167846,14.0,501.5026,522.3181072896721,499.3214856928191,True,511.2817,517.3826930961925,522.3181072896721,499.3214856928191
2025-04-08 11:30:00,513.4045,5205488,2025-04-08,2025-04-08 12:00:00,513.4045,2025-04-08 11:30:00,False,2025-04-08 16:00:00,2025-04-08 10:00:00,520.0563,12:00,5205488.0,37537719.0,0.012790538255185058,0.004924560925337019,14.0,501.5026,522.6173489339553,499.0329198920851,True,513.4045,516.8310230167209,522.6173489339553,499.0329198920851
2025-04-08 12:00:00,510.9883,4228981,2025-04-08,2025-04-08 12:30:00,510.9883,2025-04-08 12:00:00,False,2025-04-08 16:00:00,2025-04-08 10:00:00,520.0563,12:30,4228981.0,41766700.0,0.01743657369404039,0.0058237871821232535,14.0,501.5026,523.0849972139224,498.5819555863185,True,510.9883,516.2394329551173,523.0849972139224,498.5819555863185
2025-04-08 12:30:00,504.3365,11585117,2025-04-08,2025-04-08 13:00:00,504.3365,2025-04-08 12:30:00,False,2025-04-08 16:00:00,2025-04-08 10:00:00,520.0563,13:00,11585117.0,53351817.0,0.03022711194922545,0.005748317215441405,14.0,501.5026,523.0457485822886,498.61980397083136,True,504.3365,513.6547623912603,523.0457485822886,498.61980397083136
2025-04-08 13:00:00,499.4744,9797536,2025-04-08,2025-04-08 13:30:00,499.4744,2025-04-08 13:00:00,False,2025-04-08 16:00:00,2025-04-08 10:00:00,520.0563,13:30,9797536.0,63149353.0,0.0395762920283822,0.00757592937078697,14.0,501.5026,523.9962097976327,497.7032517231339,True,499.4744,511.45469850428077,523.9962097976327,497.7032517231339
2025-04-08 13:30:00,503.6505,7615935,2025-04-08,2025-04-08 14:00:00,503.6505,2025-04-08 13:30:00,False,2025-04-08 16:00:00,2025-04-08 10:00:00,520.0563,14:00,7615935.0,70765288.0,0.03154619990181817,0.00734962667386995,14.0,501.5026,523.878519654394,497.81674311402486,True,503.6505,510.6147913942341,523.878519654394,497.81674311402486
2025-04-08 14:00:00,499.7031,4555373,2025-04-08,2025-04-08 14:30:00,499.7031,2025-04-08 14:00:00,False,2025-04-08 16:00:00,2025-04-08 10:00:00,520.0563,14:30,4555373.0,75320661.0,0.03913653194856015,0.007325488847392354,14.0,501.5026,523.8659666256661,497.8288482967617,True,499.7031,509.95485527973796,523.8659666256661,497.8288482967617
2025-04-08 14:30:00,499.0469,6872751,2025-04-08,2025-04-08 15:00:00,499.0469,2025-04-08 14:30:00,False,2025-04-08 16:00:00,2025-04-08 10:00:00,520.0563,15:00,6872751.0,82193412.0,0.04039831841283337,0.0077870965225882915,14.0,501.5026,524.1060286052801,497.59735084747103,True,499.0469,509.0427668442709,524.1060286052801,497.59735084747103
2025-04-08 15:00:00,494.4271,10425768,2025-04-08,2025-04-08 15:30:00,494.4271,2025-04-08 15:00:00,False,2025-04-08 16:00:00,2025-04-08 10:00:00,520.0563,15:30,10425768.0,92619180.0,0.049281587397364435,0.007742369008043711,14.0,501.5026,524.0827677795579,497.61978181230666,True,494.4271,507.39754010307473,524.0827677795579,497.61978181230666
2025-04-08 15:30:00,493.6479,27205038,2025-04-08,2025-04-08 16:00:00,493.6479,2025-04-08 16:00:00,True,2025-04-08 16:00:00,2025-04-08 10:00:00,520.0563,16:00,27205038.0,119824218.0,0.05077988671611122,0.010189102691948575,14.0,501.5026,525.3552070462947,496.39273850832075,True,493.6479,504.2758048834844,525.3552070462947,496.39273850832075
2025-04-09 09:30:00,497.3466,12697187,2025-04-09,2025-04-09 10:00:00,497.3466,2025-04-09 09:30:00,False,2025-04-09 16:00:00,2025-04-09 10:00:00,497.3466,10:00,12697187.0,12697187.0,0.0,0.0,14.0,493.6476,497.3466,493.6476,True,497.3466,497.3466,497.3466,493.6476
2025-04-09 10:00:00,496.1535,7413897,2025-04-09,2025-04-09 10:30:00,496.1535,2025-04-09 10:00:00,False,2025-04-09 16:00:00,2025-04-09 10:00:00,497.3466,10:30,7413897.0,20111084.0,0.0023989306451477344,0.0033453230417930485,14.0,493.6476,499.01038504073745,491.99618930919416,True,496.1535,496.9067668954941,499.01038504073745,491.99618930919416
2025-04-09 10:30:00,490.317,6447077,2025-04-09,2025-04-09 11:00:00,490.317,2025-04-09 10:30:00,False,2025-04-09 16:00:00,2025-04-09 10:00:00,497.3466,11:00,6447077.0,26558161.0,0.014134207411893418,0.0064775256977935925,14.0,493.6476,500.5681753822103,490.4499849853459,True,490.317,495.30708028363483,500.5681753822103,490.4499849853459
2025-04-09 11:00:00,495.3581,4574340,2025-04-09,2025-04-09 11:30:00,495.3581,2025-04-09 11:00:00,False,2025-04-09 16:00:00,2025-04-09 10:00:00,497.3466,11:30,4574340.0,31132501.0,0.003998217741912891,0.005492291221251325,14.0,493.6476,500.07817236509925,490.93634362012824,True,495.3581,495.31457667878016,500.07817236509925,490.93634362012824
2025-04-09 11:30:00,493.0811,3925598,2025-04-09,2025-04-09 12:00:00,493.0811,2025-04-09 11:30:00,False,2025-04-09 16:00:00,2025-04-09 10:00:00,497.3466,12:00,3925598.0,35058099.0,0.008576513843665645,0.0056292537413675,14.0,493.6476,500.1462902088065,490.86873240078296,True,493.0811,495.0644852068134,500.1462902088065,490.86873240078296
2025-04-09 12:00:00,496.233,2753400,2025-04-09,2025-04-09 12:30:00,496.233,2025-04-09 12:00:00,False,2025-04-09 16:00:00,2025-04-09 10:00:00,497.3466,12:30,2753400.0,37811499.0,0.002239082362280209,0.006888185061778137,14.0,493.6476,500.77241542064615,490.2472639758974,True,496.233,495.14957542319337,500.77241542064615,490.2472639758974
2025-04-09 12:30:00,498.4801,3251422,2025-04-09,2025-04-09 13:00:00,498.4801,2025-04-09 12:30:00,False,2025-04-09 16:00:00,2025-04-09 10:00:00,497.3466,13:00,3251422.0,41062921.0,0.0022790946997526262,0.007809899458071241,14.0,493.6476,501.23082694181363,489.7922618762819,True,498.4801,495.41329121877857,501.23082694181363,489.7922618762819
2025-04-09 13:00:00,521.7765,29704354,2025-04-09,2025-04-09 13:30:00,521.7765,2025-04-09 13:00:00,False,2025-04-09 16:00:00,2025-04-09 10:00:00,497.3466,13:30,29704354.0,70767275.0,0.04912047252358831,0.010310534394294382,14.0,493.6476,502.4745092251854,488.5578294415391,True,521.7765,506.479169991323,506.479169991323,488.5578294415391
2025-04-09 13:30:00,532.5198,22355174,2025-04-09,2025-04-09 14:00:00,532.5198,2025-04-09 13:30:00,False,2025-04-09 16:00:00,2025-04-09 10:00:00,497.3466,14:00,22355174.0,93122449.0,0.07072170594913096,0.00943198407666709,14.0,493.6476,502.0375652117845,488.9915236973151,True,532.5198,512.7305392493802,512.7305392493802,488.9915236973151
2025-04-09 14:00:00,535.2393,13580804,2025-04-09,2025-04-09 14:30:00,535.2393,2025-04-09 14:00:00,False,2025-04-09 16:00:00,2025-04-09 10:00:00,497.3466,14:30,13580804.0,106703253.0,0.07618972362533483,0.010041187315637143,14.0,493.6476,502.3405503713953,488.69079198048524,True,535.2393,515.5953728832438,515.5953728832438,488.69079198048524
2025-04-09 14:30:00,528.14,10491229,2025-04-09,2025-04-09 15:00:00,528.14,2025-04-09 14:30:00,False,2025-04-09 16:00:00,2025-04-09 10:00:00,497.3466,15:00,10491229.0,117194482.0,0.06191537249877643,0.010149746617748765,14.0,493.6476,502.39454197119886,488.6372019415402,True,528.14,516.718365651807,516.718365651807,488.6372019415402
2025-04-09 15:00:00,537.556,11191133,2025-04-09,2025-04-09 15:30:00,537.556,2025-04-09 15:00:00,False,2025-04-09 16:00:00,2025-04-09 10:00:00,497.3466,15:30,11191133.0,128385615.0,0.08084784333501016,0.010885790476414414,14.0,493.6476,502.7606108817571,488.2738556572152,True,537.556,518.5347431127553,518.5347431127553,488.2738556572152
2025-04-09 15:30:00,545.4904,31766790,2025-04-09,2025-04-09 16:00:00,545.4904,2025-04-09 16:00:00,True,2025-04-09 16:00:00,2025-04-09 10:00:00,497.3466,16:00,31766790.0,160152405.0,0.09680130516625618,0.013433848731201554,14.0,493.6476,504.02787899137746,487.0160128150793,True,545.4904,523.881491990171,523.881491990171,487.0160128150793
2025-04-10 09:30:00,525.8864,10572992,2025-04-10,2025-04-10 10:00:00,525.8864,2025-04-10 09:30:00,False,2025-04-10 16:00:00,2025-04-10 10:00:00,525.8864,10:00,10572992.0,10572992.0,0.0,0.0,14.0,545.4902,545.4902,525.8864,True,525.8864,525.8864,545.4902,525.8864
2025-04-10 10:00:00,525.2665,6133817,2025-04-10,2025-04-10 10:30:00,525.2665,2025-04-10 10:00:00,False,2025-04-10 16:00:00,2025-04-10 10:00:00,525.8864,10:30,6133817.0,16706809.0,0.0011787716890948596,0.0031536117686378445,14.0,545.4902,547.2104643143966,524.2279584599934,True,525.2665,525.6588069774007,547.2104643143966,524.2279584599934
2025-04-10 10:30:00,523.3773,5254570,2025-04-10,2025-04-10 11:00:00,523.3773,2025-04-10 10:30:00,False,2025-04-10 16:00:00,2025-04-10 10:00:00,525.8864,11:00,5254570.0,21961379.0,0.0047711825215484005,0.007122776803531699,14.0,545.4902,549.3756049431139,522.1406285487872,True,523.3773,525.1129242203006,549.3756049431139,522.1406285487872
2025-04-10 11:00:00,520.812,4955679,2025-04-10,2025-04-10 11:30:00,520.812,2025-04-10 11:00:00,False,2025-04-10 16:00:00,2025-04-10 10:00:00,525.8864,11:30,4955679.0,26917058.0,0.009649232229622107,0.0054879233867320175,14.0,545.4902,548.4838084258131,523.0003757266757,True,520.812,524.3210843454102,548.4838084258131,523.0003757266757
2025-04-10 11:30:00,515.3633,7010063,2025-04-10,2025-04-10 12:00:00,515.3633,2025-04-10 11:30:00,False,2025-04-10 16:00:00,2025-04-10 10:00:00,525.8864,12:00,7010063.0,33927121.0,0.020010215133914877,0.006061563667608738,14.0,545.4902,548.7967235773566,522.6987061044705,True,515.3633,522.4702160503451,548.7967235773566,522.4702160503451
2025-04-10 12:00:00,508.7562,12791618,2025-04-10,2025-04-10 12:30:00,508.7562,2025-04-10 12:00:00,False,2025-04-10 16:00:00,2025-04-10 10:00:00,525.8864,12:30,12791618.0,46718739.0,0.03257395513555783,0.006991390055477061,14.0,545.4902,549.3039347596401,522.2097230527294,True,508.7562,518.7153104532166,549.3039347596401,518.7153104532166
2025-04-10 12:30:00,516.7255,10169717,2025-04-10,2025-04-10 13:00:00,516.7255,2025-04-10 12:30:00,False,2025-04-10 16:00:00,2025-04-10 10:00:00,525.8864,13:00,10169717.0,56888456.0,0.01741992186905761,0.00787311971567233,14.0,545.4902,549.784909648326,521.746033415956,True,516.7255,518.3596001630154,549.784909648326,518.3596001630154
2025-04-10 13:00:00,515.9996,8929851,2025-04-10,2025-04-10 13:30:00,515.9996,2025-04-10 13:00:00,False,2025-04-10 16:00:00,2025-04-10 10:00:00,525.8864,13:30,8929851.0,65818307.0,0.018800258002488746,0.013588406703929341,14.0,545.4902,552.9025426906077,518.7404417167347,True,515.9996,518.0394088549087,552.9025426906077,518.0394088549087
2025-04-10 13:30:00,521.1998,6797502,2025-04-10,2025-04-10 14:00:00,521.1998,2025-04-10 13:30:00,False,2025-04-10 16:00:00,2025-04-10 10:00:00,525.8864,14:00,6797502.0,72615809.0,0.008911810611569315,0.014304431671477633,14.0,545.4902,553.2931272933606,518.3638939242406,True,521.1998,518.3352502897887,553.2931272933606,518.3352502897887
2025-04-10 14:00:00,525.525,7200949,2025-04-10,2025-04-10 14:30:00,525.525,2025-04-10 14:00:00,False,2025-04-10 16:00:00,2025-04-10 10:00:00,525.8864,14:30,7200949.0,79816758.0,0.0006872206621050259,0.01517068163481035,14.0,545.4902,553.765658159109,517.9083448495235,True,525.525,518.9838987977374,553.765658159109,517.9083448495235
2025-04-10 14:30:00,522.3631,5925166,2025-04-10,2025-04-10 15:00:00,522.3631,2025-04-10 14:30:00,False,2025-04-10 16:00:00,2025-04-10 10:00:00,525.8864,15:00,5925166.0,85741924.0,0.0066997359125468,0.01429115655604565,14.0,545.4902,553.2858858479887,518.3708751269047,True,522.3631,519.2174173279585,553.2858858479887,518.3708751269047
2025-04-10 15:00:00,519.4001,6084434,2025-04-10,2025-04-10 15:30:00,519.4001,2025-04-10 15:00:00,False,2025-04-10 16:00:00,2025-04-10 10:00:00,525.8864,15:30,6084434.0,91826358.0,0.012334032597154154,0.01643309546473812,14.0,545.4902,554.454292531679,517.2444585851925,True,519.4001,519.2295219206396,554.454292531679,517.2444585851925
2025-04-10 15:30:00,521.5876,20063544,2025-04-10,2025-04-10 16:00:00,521.5876,2025-04-10 16:00:00,True,2025-04-10 16:00:00,2025-04-10 10:00:00,525.8864,16:00,20063544.0,111889902.0,0.008174388993516524,0.02020703349933203,14.0,545.4902,556.5129387449573,515.2597958983569,True,521.5876,519.652360822587,556.5129387449573,515.2597958983569
2025-04-11 09:30:00,522.1464,7841349,2025-04-11,2025-04-11 10:00:00,522.1464,2025-04-11 09:30:00,False,2025-04-11 16:00:00,2025-04-11 10:00:00,522.1464,10:00,7841349.0,7841349.0,0.0,0.0,14.0,521.5873,522.1464,521.5873,True,522.1464,522.1464,522.1464,521.5873
2025-04-11 10:00:00,517.5607,6930889,2025-04-11,2025-04-11 10:30:00,517.5607,2025-04-11 10:00:00,False,2025-04-11 16:00:00,2025-04-11 10:00:00,522.1464,10:30,6930889.0,14772238.0,0.008782402789715649,0.0032198735876088663,14.0,521.5873,523.827645402225,519.9078548290978,True,517.5607,519.9948656361954,523.827645402225,519.9078548290978
2025-04-11 10:30:00,519.937,4213418,2025-04-11,2025-04-11 11:00:00,519.937,2025-04-11 10:30:00,False,2025-04-11 16:00:00,2025-04-11 10:00:00,522.1464,11:00,4213418.0,18985656.0,0.004231380317857192,0.007258400267607997,14.0,521.5873,525.9363475694905,517.801410602099,True,519.937,519.9820237247477,525.9363475694905,517.801410602099
2025-04-11 11:00:00,519.9768,4104761,2025-04-11,2025-04-11 11:30:00,519.9768,2025-04-11 11:00:00,False,2025-04-11 16:00:00,2025-04-11 10:00:00,522.1464,11:30,4104761.0,23090417.0,0.004155156484847877,0.006161771245664892,14.0,521.5873,525.3637466735474,518.373398372756,True,519.9768,519.9810951082737,525.3637466735474,518.373398372756
2025-04-11 11:30:00,523.944,2512790,2025-04-11,2025-04-11 12:00:00,523.944,2025-04-11 11:30:00,False,2025-04-11 16:00:00,2025-04-11 10:00:00,522.1464,12:00,2512790.0,25603207.0,0.0034427126185299084,0.00741297460539437,14.0,521.5873,526.017058003498,517.7207865906038,True,523.944,520.370028720492,526.017058003498,517.7207865906038
2025-04-11 12:00:00,524.5009,2573402,2025-04-11,2025-04-11 12:30:00,524.5009,2025-04-11 12:00:00,False,2025-04-11 16:00:00,2025-04-11 10:00:00,522.1464,12:30,2573402.0,28176609.0,0.004509271729155051,0.009008195617036958,14.0,521.5873,526.8499969119316,516.8887395702379,True,524.5009,520.7473059298405,526.8499969119316,516.8887395702379
2025-04-11 12:30:00,528.7863,4200206,2025-04-11,2025-04-11 13:00:00,528.7863,2025-04-11 12:30:00,False,2025-04-11 16:00:00,2025-04-11 10:00:00,522.1464,13:00,4200206.0,32376815.0,0.012716548462270438,0.008646761713233435,14.0,521.5873,526.6612755002227,517.0772589042513,True,528.7863,521.7901951432314,526.6612755002227,517.0772589042513
2025-04-11 13:00:00,526.8027,2913093,2025-04-11,2025-04-11 13:30:00,526.8027,2025-04-11 13:00:00,False,2025-04-11 16:00:00,2025-04-11 10:00:00,522.1464,13:30,2913093.0,35289908.0,0.008917613910581323,0.014654541970972514,14.0,521.5873,529.7982163337922,513.9436770206238,True,526.8027,522.2039647912202,529.7982163337922,513.9436770206238
2025-04-11 13:30:00,531.6697,5344262,2025-04-11,2025-04-11 14:00:00,531.6697,2025-04-11 13:30:00,False,2025-04-11 16:00:00,2025-04-11 10:00:00,522.1464,14:00,5344262.0,40634170.0,0.018238754494908083,0.01456282914221597,14.0,521.5873,529.7503288104231,513.9915132673503,True,531.6697,523.4489113221409,529.7503288104231,513.9915132673503
2025-04-11 14:00:00,530.1584,3221870,2025-04-11,2025-04-11 14:30:00,530.1584,2025-04-11 14:00:00,False,2025-04-11 16:00:00,2025-04-11 10:00:00,522.1464,14:30,3221870.0,43856040.0,0.015344355529407272,0.014940475376187621,14.0,521.5873,529.947515431965,513.7945377878178,True,530.1584,523.9418217692887,529.947515431965,513.7945377878178
2025-04-11 14:30:00,529.1342,2684767,2025-04-11,2025-04-11 15:00:00,529.1342,2025-04-11 14:30:00,False,2025-04-11 16:00:00,2025-04-11 10:00:00,522.1464,15:00,2684767.0,46540807.0,0.013382836691012256,0.0144355679764875,14.0,521.5873,529.6838798508783,514.0578910751775,True,529.1342,524.241350862657,529.6838798508783,514.0578910751775
2025-04-11 15:00:00,531.441,3839271,2025-04-11,2025-04-11 15:30:00,531.441,2025-04-11 15:00:00,False,2025-04-11 16:00:00,2025-04-11 10:00:00,522.1464,15:30,3839271.0,50380078.0,0.017800754730857182,0.01704755723551241,14.0,521.5873,531.0477206393167,512.6955106499337,True,531.441,524.7900082931432,531.0477206393167,512.6955106499337
2025-04-11 15:30:00,530.8942,11429445,2025-04-11,2025-04-11 16:00:00,530.8942,2025-04-11 16:00:00,True,2025-04-11 16:00:00,2025-04-11 10:00:00,522.1464,16:00,11429445.0,61809523.0,0.016753538854237027,0.02027434935545952,14.0,521.5873,532.7325785282956,511.01245686042915,True,530.8942,525.9187586862336,532.7325785282956,511.01245686042915
2025-04-14 09:30:00,537.5858,6934459,2025-04-14,2025-04-14 10:00:00,537.5858,2025-04-14 09:30:00,False,2025-04-14 16:00:00,2025-04-14 10:00:00,537.5858,10:00,6934459.0,6934459.0,0.0,0.0,14.0,530.894,537.5858,530.894,True,537.5858,537.5858,537.5858,530.894
2025-04-14 10:00:00,539.0872,3682609,2025-04-14,2025-04-14 10:30:00,539.0872,2025-04-14 10:00:00,False,2025-04-14 16:00:00,2025-04-14 10:00:00,537.5858,10:30,3682609.0,10617068.0,0.002792856507742858,0.0038029157842191996,14.0,530.894,539.630193524192,528.8750548276528,True,539.0872,538.1065717566281,539.630193524192,528.8750548276528
2025-04-14 10:30:00,539.4451,2544799,2025-04-14,2025-04-14 11:00:00,539.4451,2025-04-14 10:30:00,False,2025-04-14 16:00:00,2025-04-14 10:00:00,537.5858,11:00,2544799.0,13161867.0,0.0034586106999108246,0.007461499384730579,14.0,530.894,541.5969961159399,526.9327347456428,True,539.4451,538.3653713125881,541.5969961159399,526.9327347456428
2025-04-14 11:00:00,535.4778,3232628,2025-04-14,2025-04-14 11:30:00,535.4778,2025-04-14 11:00:00,False,2025-04-14 16:00:00,2025-04-14 10:00:00,537.5858,11:30,3232628.0,16394495.0,0.003921234526655937,0.006340726091683775,14.0,530.894,540.9944843085786,527.5277465622817,True,535.4778,537.7960067864426,540.9944843085786,527.5277465622817
2025-04-14 11:30:00,532.6043,4418402,2025-04-14,2025-04-14 12:00:00,532.6043,2025-04-14 11:30:00,False,2025-04-14 16:00:00,2025-04-14 10:00:00,537.5858,12:00,4418402.0,20812897.0,0.00926642779626985,0.007519845088990705,14.0,530.894,541.628361938041,526.9017593613254,True,532.6043,536.6938513465425,541.628361938041,526.9017593613254
2025-04-14 12:00:00,532.8231,4600987,2025-04-14,2025-04-14 12:30:00,532.8231,2025-04-14 12:00:00,False,2025-04-14 16:00:00,2025-04-14 10:00:00,537.5858,12:30,4600987.0,25413884.0,0.008859422998152122,0.009266060282386293,14.0,530.894,542.5671024297548,525.9747041924428,True,532.8231,535.9930817740649,542.5671024297548,525.9747041924428
2025-04-14 12:30:00,532.3071,2221936,2025-04-14,2025-04-14 13:00:00,532.3071,2025-04-14 12:30:00,False,2025-04-14 16:00:00,2025-04-14 10:00:00,537.5858,13:00,2221936.0,27635820.0,0.009819269779819284,0.009512068487501302,14.0,530.894,542.6993529475081,525.8440999123965,True,532.3071,535.6967266957955,542.6993529475081,525.8440999123965
2025-04-14 13:00:00,534.404,2691405,2025-04-14,2025-04-14 13:30:00,534.404,2025-04-14 13:00:00,False,2025-04-14 16:00:00,2025-04-14 10:00:00,537.5858,13:30,2691405.0,30327225.0,0.005918683119978119,0.015255971145213907,14.0,530.894,545.7871934528766,522.7946964548328,True,534.404,535.5820030079968,545.7871934528766,522.7946964548328
2025-04-14 13:30:00,535.965,1905763,2025-04-14,2025-04-14 14:00:00,535.965,2025-04-14 13:30:00,False,2025-04-14 16:00:00,2025-04-14 10:00:00,537.5858,14:00,1905763.0,32232988.0,0.003014960588616611,0.015828197897217622,14.0,530.894,546.094814429134,522.4909047055545,True,535.965,535.6046475576263,546.094814429134,522.4909047055545
2025-04-14 14:00:00,537.2577,1975525,2025-04-14,2025-04-14 14:30:00,537.2577,2025-04-14 14:00:00,False,2025-04-14 16:00:00,2025-04-14 10:00:00,537.5858,14:30,1975525.0,34208513.0,0.0006103211803584196,0.01598787650428748,14.0,530.894,546.1806553808586,522.4061322911328,True,537.2577,535.70011053277,546.1806553808586,522.4061322911328
2025-04-14 14:30:00,537.6753,2253568,2025-04-14,2025-04-14 15:00:00,537.6753,2025-04-14 14:30:00,False,2025-04-14 16:00:00,2025-04-14 10:00:00,537.5858,15:00,2253568.0,36462081.0,0.00016648505224670096,0.015286109311634433,14.0,530.894,545.8033953031825,522.7786962831092,True,537.6753,535.822188693292,545.8033953031825,522.7786962831092
2025-04-14 15:00:00,538.1376,3163589,2025-04-14,2025-04-14 15:30:00,538.1376,2025-04-14 15:00:00,False,2025-04-14 16:00:00,2025-04-14 10:00:00,537.5858,15:30,3163589.0,39625670.0,0.0010264408025659755,0.01817001894280215,14.0,530.894,547.3537441693815,521.24764596338,True,538.1376,536.0070438576432,547.3537441693815,521.24764596338
2025-04-14 15:30:00,536.0446,9025212,2025-04-14,2025-04-14 16:00:00,536.0446,2025-04-14 16:00:00,True,2025-04-14 16:00:00,2025-04-14 10:00:00,537.5858,16:00,9025212.0,48650882.0,0.0028668912013672943,0.021310785085053217,14.0,530.894,549.0421754485764,519.5802320630557,True,536.0446,536.014010887484,549.0421754485764,519.5802320630557
2025-04-15 09:30:00,538.3414,4276006,2025-04-15,2025-04-15 10:00:00,538.3414,2025-04-15 09:30:00,False,2025-04-15 16:00:00,2025-04-15 10:00:00,538.3414,10:00,4276006.0,4276006.0,0.0,0.0,14.0,536.0444,538.3414,536.0444,True,538.3414,538.3414,538.3414,536.0444
2025-04-15 10:00:00,536.4284,4812578,2025-04-15,2025-04-15 10:30:00,536.4284,2025-04-15 10:00:00,False,2025-04-15 16:00:00,2025-04-15 10:00:00,538.3414,10:30,4812578.0,9088584.0,0.0035535071239179983,0.0038650675609562574,14.0,536.0444,540.4221258818598,533.9725521783278,True,536.4284,537.3284301342871,540.4221258818598,533.9725521783278
2025-04-15 10:30:00,537.5211,2866489,2025-04-15,2025-04-15 11:00:00,537.5211,2025-04-15 10:30:00,False,2025-04-15 16:00:00,2025-04-15 10:00:00,538.3414,11:00,2866489.0,11955073.0,0.001523754257056864,0.007550079959455265,14.0,536.0444,542.4059206154851,531.9972219181818,True,537.5211,537.3746269287941,542.4059206154851,531.9972219181818
2025-04-15 11:00:00,537.198,1751112,2025-04-15,2025-04-15 11:30:00,537.198,2025-04-15 11:00:00,False,2025-04-15 16:00:00,2025-04-15 10:00:00,538.3414,11:30,1751112.0,13706185.0,0.0021239310222102015,0.006497138845478978,14.0,536.0444,541.8390788220696,532.5616451058585,True,537.198,537.3520609460255,541.8390788220696,532.5616451058585
2025-04-15 11:30:00,537.9139,1840692,2025-04-15,2025-04-15 12:00:00,537.9139,2025-04-15 11:30:00,False,2025-04-15 16:00:00,2025-04-15 10:00:00,538.3414,12:00,1840692.0,15546877.0,0.0007941057477652835,0.0081736452608223,14.0,536.0444,542.7416116328145,531.6629632303496,True,537.9139,537.4185805854321,542.7416116328145,531.6629632303496
2025-04-15 12:00:00,537.8741,1054846,2025-04-15,2025-04-15 12:30:00,537.8741,2025-04-15 12:00:00,False,2025-04-15 16:00:00,2025-04-15 10:00:00,538.3414,12:30,1054846.0,16601723.0,0.000868036528492877,0.009877126135787975,14.0,536.0444,543.6586659119167,530.7498218468172,True,537.8741,537.4475235350511,543.6586659119167,530.7498218468172
2025-04-15 12:30:00,535.9849,1500432,2025-04-15,2025-04-15 13:00:00,535.9849,2025-04-15 12:30:00,False,2025-04-15 16:00:00,2025-04-15 10:00:00,538.3414,13:00,1500432.0,18102155.0,0.004377333788558646,0.010181744790980163,14.0,536.0444,543.822654745219,530.5865327225658,True,535.9849,537.3262911648752,543.822654745219,530.5865327225658
2025-04-15 13:00:00,534.6625,1927565,2025-04-15,2025-04-15 13:30:00,534.6625,2025-04-15 13:00:00,False,2025-04-15 16:00:00,2025-04-15 10:00:00,538.3414,13:30,1927565.0,20029720.0,0.006833767568312554,0.015615971508680968,14.0,536.0444,546.7481239643434,527.673545922212,True,534.6625,537.0699405710216,546.7481239643434,527.673545922212
2025-04-15 13:30:00,535.1915,2064324,2025-04-15,2025-04-15 14:00:00,535.1915,2025-04-15 13:30:00,False,2025-04-15 16:00:00,2025-04-15 10:00:00,538.3414,14:00,2064324.0,22094044.0,0.005851119754118894,0.015967114461265672,14.0,536.0444,546.937158753038,527.4853177088795,True,535.1915,536.8944312820324,546.937158753038,527.4853177088795
2025-04-15 14:00:00,534.3842,1955925,2025-04-15,2025-04-15 14:30:00,534.3842,2025-04-15 14:00:00,False,2025-04-15 16:00:00,2025-04-15 10:00:00,538.3414,14:30,1955925.0,24049969.0,0.00735072576621465,0.01600164577141647,14.0,536.0444,546.9557483868884,527.4668073934484,True,534.3842,536.6902803278125,546.9557483868884,527.4668073934484
2025-04-15 14:30:00,535.4778,1945897,2025-04-15,2025-04-15 15:00:00,535.4778,2025-04-15 14:30:00,False,2025-04-15 16:00:00,2025-04-15 10:00:00,538.3414,15:00,1945897.0,25995866.0,0.005319301097779228,0.015201675768758225,14.0,536.0444,546.5250914156994,527.8956268335414,True,535.4778,536.5995212112496,546.5250914156994,527.8956268335414
2025-04-15 15:00:00,535.3884,2063626,2025-04-15,2025-04-15 15:30:00,535.3884,2025-04-15 15:00:00,False,2025-04-15 16:00:00,2025-04-15 10:00:00,538.3414,15:30,2063626.0,28059492.0,0.005485366720820561,0.018179335922184663,14.0,536.0444,548.1280891514192,526.299468783194,True,535.3884,536.51044970487,548.1280891514192,526.299468783194
2025-04-15 15:30:00,534.5432,7215059,2025-04-15,2025-04-15 16:00:00,534.5432,2025-04-15 16:00:00,True,2025-04-15 16:00:00,2025-04-15 10:00:00,538.3414,16:00,7215059.0,35274551.0,0.007055374154765093,0.021421725204267533,14.0,536.0444,549.8736015368806,524.5614041659135,True,534.5432,536.1080683198207,549.8736015368806,524.5614041659135
2025-04-16 09:30:00,526.6883,5287267,2025-04-16,2025-04-16 10:00:00,526.6883,2025-04-16 09:30:00,False,2025-04-16 16:00:00,2025-04-16 10:00:00,526.6883,10:00,5287267.0,5287267.0,0.0,0.0,14.0,534.543,534.543,526.6883,True,526.6883,526.6883,534.543,526.6883
2025-04-16 10:00:00,528.8658,2902240,2025-04-16,2025-04-16 10:30:00,528.8658,2025-04-16 10:00:00,False,2025-04-16 16:00:00,2025-04-16 10:00:00,526.6883,10:30,2902240.0,8189507.0,0.00413432384960899,0.004094238712213039,14.0,534.543,536.7315466439425,524.5319123728704,True,528.8658,527.4599737527669,536.7315466439425,524.5319123728704
2025-04-16 10:30:00,529.3132,1747144,2025-04-16,2025-04-16 11:00:00,529.3132,2025-04-16 10:30:00,False,2025-04-16 16:00:00,2025-04-16 10:00:00,526.6883,11:00,1747144.0,9936651.0,0.004983782628169342,0.0076479093657898355,14.0,534.543,538.6311364161173,522.6602356175781,True,529.3132,527.7858232888425,538.6311364161173,522.6602356175781
2025-04-16 11:00:00,531.6697,2395136,2025-04-16,2025-04-16 11:30:00,531.6697,2025-04-16 11:00:00,False,2025-04-16 16:00:00,2025-04-16 10:00:00,526.6883,11:30,2395136.0,12331787.0,0.009457965935449897,0.006497786984106088,14.0,534.543,538.016346547845,523.265991619579,True,531.6697,528.5401675643685,538.016346547845,523.265991619579
2025-04-16 11:30:00,528.647,1860020,2025-04-16,2025-04-16 12:00:00,528.647,2025-04-16 11:30:00,False,2025-04-16 16:00:00,2025-04-16 10:00:00,526.6883,12:00,1860020.0,14191807.0,0.0037188978756506064,0.00786632960079169,14.0,534.543,538.747891423796,522.5451962353194,True,528.647,528.554169337851,538.747891423796,522.5451962353194
2025-04-16 12:00:00,528.4581,1625145,2025-04-16,2025-04-16 12:30:00,528.4581,2025-04-16 12:00:00,False,2025-04-16 16:00:00,2025-04-16 10:00:00,526.6883,12:30,1625145.0,15816952.0,0.0033602417217164504,0.009632384282355562,14.0,534.543,539.6919235914432,521.6150358973795,True,528.4581,528.544298497751,539.6919235914432,521.6150358973795
2025-04-16 12:30:00,527.7323,1576939,2025-04-16,2025-04-16 13:00:00,527.7323,2025-04-16 12:30:00,False,2025-04-16 16:00:00,2025-04-16 10:00:00,526.6883,13:00,1576939.0,17393891.0,0.0019821970603866035,0.0099796885450834,14.0,534.543,539.8775726539545,521.4321148056606,True,527.7323,528.4706823011769,539.8775726539545,521.4321148056606
2025-04-16 13:00:00,528.5874,1510864,2025-04-16,2025-04-16 13:30:00,528.5874,2025-04-16 13:00:00,False,2025-04-16 16:00:00,2025-04-16 10:00:00,526.6883,13:30,1510864.0,18904755.0,0.003605737966839273,0.015528962856246022,14.0,534.543,542.8438983920663,518.5093769524807,True,528.5874,528.4800103548499,542.8438983920663,518.5093769524807
2025-04-16 13:30:00,521.155,6616548,2025-04-16,2025-04-16 14:00:00,521.155,2025-04-16 13:30:00,False,2025-04-16 16:00:00,2025-04-16 10:00:00,526.6883,14:00,6616548.0,25521303.0,0.010505834285667759,0.01570586480898103,14.0,534.543,542.9384600925871,518.4162047637279,True,521.155,526.5809583114116,542.9384600925871,518.4162047637279
2025-04-16 14:00:00,522.9149,3954777,2025-04-16,2025-04-16 14:30:00,522.9149,2025-04-16 14:00:00,False,2025-04-16 16:00:00,2025-04-16 10:00:00,526.6883,14:30,3954777.0,29476080.0,0.007164389260213344,0.015983315622701753,14.0,534.543,543.0867694829059,518.2700746663158,True,522.9149,526.0890868315325,543.0867694829059,518.2700746663158
2025-04-16 14:30:00,519.9221,3084358,2025-04-16,2025-04-16 15:00:00,519.9221,2025-04-16 14:30:00,False,2025-04-16 16:00:00,2025-04-16 10:00:00,526.6883,15:00,3084358.0,32560438.0,0.012846687499988185,0.014822787469374123,14.0,534.543,542.4664172822417,518.8813112664941,True,519.9221,525.50490564915,542.4664172822417,518.8813112664941
2025-04-16 15:00:00,517.9037,5143037,2025-04-16,2025-04-16 15:30:00,517.9037,2025-04-16 15:00:00,False,2025-04-16 16:00:00,2025-04-16 10:00:00,526.6883,15:30,5143037.0,37703475.0,0.01667893515006902,0.017852166567641787,14.0,534.543,544.085750673567,517.285772739172,True,517.9037,524.4680441424007,544.085750673567,517.285772739172
2025-04-16 15:30:00,522.6614,12864682,2025-04-16,2025-04-16 16:00:00,522.6614,2025-04-16 16:00:00,True,2025-04-16 16:00:00,2025-04-16 10:00:00,526.6883,16:00,12864682.0,50568157.0,0.007645698603899298,0.021311314769397,14.0,534.543,545.9348141307778,515.4638798533415,True,522.6614,524.0084287686557,545.9348141307778,515.4638798533415
2025-04-17 09:30:00,525.6442,4346058,2025-04-17,2025-04-17 10:00:00,525.6442,2025-04-17 09:30:00,False,2025-04-17 16:00:00,2025-04-17 10:00:00,525.6442,10:00,4346058.0,4346058.0,0.0,0.0,14.0,522.6612,525.6442,522.6612,True,525.6442,525.6442,525.6442,522.6612
2025-04-17 10:00:00,522.214,2716056,2025-04-17,2025-04-17 10:30:00,522.214,2025-04-17 10:00:00,False,2025-04-17 16:00:00,2025-04-17 10:00:00,525.6442,10:30,2716056.0,7062114.0,0.006525706932559938,0.004230572461973463,14.0,522.6612,527.8679758773161,520.450043920338,True,522.214,524.3249611302791,527.8679758773161,520.450043920338
2025-04-17 10:30:00,522.0549,2733753,2025-04-17,2025-04-17 11:00:00,522.0549,2025-04-17 10:30:00,False,2025-04-17 16:00:00,2025-04-17 10:00:00,525.6442,11:00,2733753.0,9795867.0,0.006828383153471451,0.007687814387327384,14.0,522.6612,529.6852550433752,518.6430777069422,True,522.0549,523.69145044408,529.6852550433752,518.6430777069422
2025-04-17 11:00:00,523.7239,2396662,2025-04-17,2025-04-17 11:30:00,523.7239,2025-04-17 11:00:00,False,2025-04-17 16:00:00,2025-04-17 10:00:00,525.6442,11:30,2396662.0,12192529.0,0.0036532315965818185,0.006980442095029816,14.0,522.6612,529.3134289006882,519.0127937580812,True,523.7239,523.6978289909418,529.3134289006882,519.0127937580812
2025-04-17 11:30:00,523.6458,1564613,2025-04-17,2025-04-17 12:00:00,523.6458,2025-04-17 11:30:00,False,2025-04-17 16:00:00,2025-04-17 10:00:00,525.6442,12:00,1564613.0,13757142.0,0.0038018111871108706,0.008087345453459818,14.0,522.6612,529.8952662310074,518.4342583204801,True,523.6458,523.6919116837277,529.8952662310074,518.4342583204801
2025-04-17 12:00:00,526.4994,5021580,2025-04-17,2025-04-17 12:30:00,526.4994,2025-04-17 12:00:00,False,2025-04-17 16:00:00,2025-04-17 10:00:00,525.6442,12:30,5021580.0,18778722.0,0.0016269560284316587,0.009827794478458527,14.0,522.6612,530.8101231663937,517.5245931445355,True,526.4994,524.4426564457634,530.8101231663937,517.5245931445355
2025-04-17 12:30:00,527.0065,2421584,2025-04-17,2025-04-17 13:00:00,527.0065,2025-04-17 12:30:00,False,2025-04-17 16:00:00,2025-04-17 10:00:00,525.6442,13:00,2421584.0,21200306.0,0.002591677031726025,0.009925844776187354,14.0,522.6612,530.8616627367031,517.4733460582642,True,527.0065,524.7355089418285,530.8616627367031,517.4733460582642
2025-04-17 13:00:00,524.7345,1201429,2025-04-17,2025-04-17 13:30:00,524.7345,2025-04-17 13:00:00,False,2025-04-17 16:00:00,2025-04-17 10:00:00,525.6442,13:30,1201429.0,22401735.0,0.0017306383291205707,0.01558604287732158,14.0,522.6612,533.8369130394153,514.5149801264877,True,524.7345,524.7354548311995,533.8369130394153,514.5149801264877
2025-04-17 13:30:00,526.5586,1524850,2025-04-17,2025-04-17 14:00:00,526.5586,2025-04-17 13:30:00,False,2025-04-17 16:00:00,2025-04-17 10:00:00,525.6442,14:00,1524850.0,23926585.0,0.0017395797385379996,0.01623696239746784,14.0,522.6612,534.179065109847,514.1747697489845,True,526.5586,524.8516445386167,534.179065109847,514.1747697489845
2025-04-17 14:00:00,527.1059,2163921,2025-04-17,2025-04-17 14:30:00,527.1059,2025-04-17 14:00:00,False,2025-04-17 16:00:00,2025-04-17 10:00:00,525.6442,14:30,2163921.0,26090506.0,0.0027807783287632226,0.01644038908800768,14.0,522.6612,534.2859951698545,514.068446510795,True,527.1059,525.0386102775047,534.2859951698545,514.068446510795
2025-04-17 14:30:00,525.525,2565250,2025-04-17,2025-04-17 15:00:00,525.525,2025-04-17 14:30:00,False,2025-04-17 16:00:00,2025-04-17 10:00:00,525.6442,15:00,2565250.0,28655756.0,0.0002267693622415301,0.015641107030355476,14.0,522.6612,533.8658571920855,514.486200230186,True,525.525,525.0821516601027,533.8658571920855,514.486200230186
2025-04-17 15:00:00,524.1926,2981820,2025-04-17,2025-04-17 15:30:00,524.1926,2025-04-17 15:00:00,False,2025-04-17 16:00:00,2025-04-17 10:00:00,525.6442,15:30,2981820.0,31637576.0,0.0027615638106536222,0.018864433511914414,14.0,522.6612,535.5601800618234,512.8014925433426,True,524.1926,524.9983120217206,535.5601800618234,512.8014925433426
2025-04-17 15:30:00,523.4071,8399219,2025-04-17,2025-04-17 16:00:00,523.4071,2025-04-17 16:00:00,True,2025-04-17 16:00:00,2025-04-17 10:00:00,525.6442,16:00,8399219.0,40036795.0,0.004255920639854804,0.02169971237590643,14.0,522.6612,537.0505279520634,511.31960228995393,True,523.4071,524.6644956349229,537.0505279520634,511.31960228995393
2025-04-21 09:30:00,514.4386,3957939,2025-04-21,2025-04-21 10:00:00,514.4386,2025-04-21 09:30:00,False,2025-04-21 16:00:00,2025-04-21 10:00:00,514.4386,10:00,3957939.0,3957939.0,0.0,0.0,14.0,523.4069,523.4069,514.4386,True,514.4386,514.4386,523.4069,514.4386
2025-04-21 10:00:00,512.619,3346690,2025-04-21,2025-04-21 10:30:00,512.619,2025-04-21 10:00:00,False,2025-04-21 16:00:00,2025-04-21 10:00:00,514.4386,10:30,3346690.0,7304629.0,0.0035370596218866623,0.004255883987603444,14.0,523.4069,525.6344590447111,512.2492089996548,True,512.619,513.6049317707169,525.6344590447111,512.2492089996548
2025-04-21 10:30:00,511.6943,3327585,2025-04-21,2025-04-21 11:00:00,511.6943,2025-04-21 10:30:00,False,2025-04-21 16:00:00,2025-04-21 10:00:00,514.4386,11:00,3327585.0,10632214.0,0.0053345530448142275,0.007628829692419673,14.0,523.4069,527.3998820999373,510.51403553339316,True,511.6943,513.0069575744901,527.3998820999373,510.51403553339316
2025-04-21 11:00:00,510.1432,2620092,2025-04-21,2025-04-21 11:30:00,510.1432,2025-04-21 11:00:00,False,2025-04-21 16:00:00,2025-04-21 10:00:00,514.4386,11:30,2620092.0,13252306.0,0.00834968449101603,0.006708605227244892,14.0,523.4069,526.918230265316,510.9874345189434,True,510.1432,512.4407686930335,526.918230265316,510.9874345189434
2025-04-21 11:30:00,508.1447,3322889,2025-04-21,2025-04-21 12:00:00,508.1447,2025-04-21 11:30:00,False,2025-04-21 16:00:00,2025-04-21 10:00:00,514.4386,12:00,3322889.0,16575195.0,0.012234501843368606,0.00770562320188065,14.0,523.4069,527.4400763526644,510.474529987897,True,508.1447,511.5795203394953,527.4400763526644,510.474529987897
2025-04-21 12:00:00,508.7114,2532048,2025-04-21,2025-04-21 12:30:00,508.7114,2025-04-21 12:00:00,False,2025-04-21 16:00:00,2025-04-21 10:00:00,514.4386,12:30,2532048.0,19107243.0,0.011132912654687854,0.00915245548612654,14.0,523.4069,528.1973583533814,509.7302236131547,True,508.7114,511.19944361312616,528.1973583533814,509.7302236131547
2025-04-21 12:30:00,508.3236,2830485,2025-04-21,2025-04-21 13:00:00,508.3236,2025-04-21 12:30:00,False,2025-04-21 16:00:00,2025-04-21 10:00:00,514.4386,13:00,2830485.0,21937728.0,0.011886744112902803,0.009277555810478566,14.0,523.4069,528.2628367263395,509.66586717743553,True,508.3236,510.8283918702429,528.2628367263395,509.66586717743553
2025-04-21 13:00:00,507.0013,3463712,2025-04-21,2025-04-21 13:30:00,507.0013,2025-04-21 13:00:00,False,2025-04-21 16:00:00,2025-04-21 10:00:00,514.4386,13:30,3463712.0,25401440.0,0.014457118886490927,0.014734179354089565,14.0,523.4069,531.118871139768,506.85876940093317,True,507.0013,510.3065338954169,531.118871139768,506.85876940093317
2025-04-21 13:30:00,506.0935,1914948,2025-04-21,2025-04-21 14:00:00,506.0935,2025-04-21 13:30:00,False,2025-04-21 16:00:00,2025-04-21 10:00:00,514.4386,14:00,1914948.0,27316388.0,0.016221760964282073,0.015510050365257044,14.0,523.4069,531.524967380523,506.4596314041677,True,506.0935,510.0111895463778,531.524967380523,506.4596314041677
2025-04-21 14:00:00,507.031,2706051,2025-04-21,2025-04-21 14:30:00,507.031,2025-04-21 14:00:00,False,2025-04-21 16:00:00,2025-04-21 10:00:00,514.4386,14:30,2706051.0,30022439.0,0.014399386049180452,0.015734571461275833,14.0,523.4069,531.6424832713748,506.34412908586125,True,507.031,509.74257229971886,531.6424832713748,506.34412908586125
2025-04-21 14:30:00,505.8677,2733497,2025-04-21,2025-04-21 15:00:00,505.8677,2025-04-21 14:30:00,False,2025-04-21 16:00:00,2025-04-21 10:00:00,514.4386,15:00,2733497.0,32755936.0,0.016660686037167416,0.014775684045695545,14.0,523.4069,531.140594981737,506.83741778549,True,505.8677,509.4192125335176,531.140594981737,506.83741778549
2025-04-21 15:00:00,507.5083,3553041,2025-04-21,2025-04-21 15:30:00,507.5083,2025-04-21 15:00:00,False,2025-04-21 16:00:00,2025-04-21 10:00:00,514.4386,15:30,3553041.0,36308977.0,0.013471578532403883,0.018136945626612586,14.0,523.4069,532.8999024858938,505.10825508356925,True,507.5083,509.2322188162613,532.8999024858938,505.10825508356925
2025-04-21 15:30:00,510.9486,12110765,2025-04-21,2025-04-21 16:00:00,510.9486,2025-04-21 16:00:00,True,2025-04-21 16:00:00,2025-04-21 10:00:00,514.4386,16:00,12110765.0,48419742.0,0.006784094350618219,0.02106119253210383,14.0,523.4069,534.4304734935315,503.603909599454,True,510.9486,509.6615207560916,534.4304734935315,503.603909599454
2025-04-22 09:30:00,518.9427,4181443,2025-04-22,2025-04-22 10:00:00,518.9427,2025-04-22 09:30:00,False,2025-04-22 16:00:00,2025-04-22 10:00:00,518.9427,10:00,4181443.0,4181443.0,0.0,0.0,14.0,510.9484,518.9427,510.9484,True,518.9427,518.9427,518.9427,510.9484
2025-04-22 10:00:00,520.0762,3165256,2025-04-22,2025-04-22 10:30:00,520.0762,2025-04-22 10:00:00,False,2025-04-22 16:00:00,2025-04-22 10:00:00,518.9427,10:30,3165256.0,7346699.0,0.0021842488583037056,0.004480604667096029,14.0,510.9484,521.2678770835753,508.65904221431475,True,520.0762,519.4310577884434,521.2678770835753,508.65904221431475
2025-04-22 10:30:00,521.687,2754368,2025-04-22,2025-04-22 11:00:00,521.687,2025-04-22 10:30:00,False,2025-04-22 16:00:00,2025-04-22 10:00:00,518.9427,11:00,2754368.0,10101067.0,0.005288252440972974,0.007751944968027106,14.0,510.9484,522.9655152519593,506.9875561216985,True,521.687,520.0462101319889,522.9655152519593,506.9875561216985
2025-04-22 11:00:00,521.9554,2969637,2025-04-22,2025-04-22 11:30:00,521.9554,2025-04-22 11:00:00,False,2025-04-22 16:00:00,2025-04-22 10:00:00,518.9427,11:30,2969637.0,13070704.0,0.005805457905083022,0.006948344801167762,14.0,510.9484,522.5484928116489,507.398154341195,True,521.9554,520.4799741336885,522.5484928116489,507.398154341195
2025-04-22 11:30:00,523.2083,3393178,2025-04-22,2025-04-22 12:00:00,523.2083,2025-04-22 11:30:00,False,2025-04-22 16:00:00,2025-04-22 10:00:00,518.9427,12:00,3393178.0,16463882.0,0.008219789969104552,0.008109797974316157,14.0,510.9484,523.151220457246,506.80471170069995,True,523.2083,521.0422774414017,523.151220457246,506.80471170069995
2025-04-22 12:00:00,525.8481,5537595,2025-04-22,2025-04-22 12:30:00,525.8481,2025-04-22 12:00:00,False,2025-04-22 16:00:00,2025-04-22 10:00:00,518.9427,12:30,5537595.0,22001477.0,0.013306671430198591,0.009337437574957657,14.0,510.9484,523.7882950662299,506.1774512109755,True,525.8481,522.2518643691966,523.7882950662299,506.1774512109755
2025-04-22 12:30:00,524.5903,2740017,2025-04-22,2025-04-22 13:00:00,524.5903,2025-04-22 12:30:00,False,2025-04-22 16:00:00,2025-04-22 10:00:00,518.9427,13:00,2740017.0,24741494.0,0.010882897090565224,0.00966729291785462,14.0,510.9484,523.9594710884824,506.0089121512908,True,524.5903,522.5108363367669,523.9594710884824,506.0089121512908
2025-04-22 13:00:00,519.6039,6457677,2025-04-22,2025-04-22 13:30:00,519.6039,2025-04-22 13:00:00,False,2025-04-22 16:00:00,2025-04-22 10:00:00,518.9427,13:30,6457677.0,31199171.0,0.0012741291090518914,0.015255686748212776,14.0,510.9484,526.8595272714717,503.1535312650995,True,519.6039,521.9091518906512,526.8595272714717,503.1535312650995
2025-04-22 13:30:00,518.8582,3165499,2025-04-22,2025-04-22 14:00:00,518.8582,2025-04-22 13:30:00,False,2025-04-22 16:00:00,2025-04-22 10:00:00,518.9427,14:00,3165499.0,34364670.0,0.00016283107942349773,0.01623022281105147,14.0,510.9484,527.3652556471686,502.65559362304975,True,518.8582,521.6281136860387,527.3652556471686,502.65559362304975
2025-04-22 14:00:00,522.383,2971042,2025-04-22,2025-04-22 14:30:00,522.383,2025-04-22 14:00:00,False,2025-04-22 16:00:00,2025-04-22 10:00:00,518.9427,14:30,2971042.0,37335712.0,0.006629440976817058,0.015834705111054875,14.0,510.9484,527.1600046240345,502.8576827590347,True,522.383,521.688184830363,527.1600046240345,502.8576827590347
2025-04-22 14:30:00,523.8521,2189571,2025-04-22,2025-04-22 15:00:00,523.8521,2025-04-22 14:30:00,False,2025-04-22 16:00:00,2025-04-22 10:00:00,518.9427,15:00,2189571.0,39525283.0,0.009460389364760236,0.015101986797804405,14.0,510.9484,526.7797658042169,503.2320640088407,True,523.8521,521.808058631188,526.7797658042169,503.2320640088407
2025-04-22 15:00:00,521.6522,3373536,2025-04-22,2025-04-22 15:30:00,521.6522,2025-04-22 15:00:00,False,2025-04-22 16:00:00,2025-04-22 10:00:00,518.9427,15:30,3373536.0,42898819.0,0.0052211930141805585,0.018103245459731663,14.0,510.9484,528.3372470776358,501.6985756975429,True,521.6522,521.7958020069854,528.3372470776358,501.6985756975429
2025-04-22 15:30:00,524.2423,8586406,2025-04-22,2025-04-22 16:00:00,524.2423,2025-04-22 16:00:00,True,2025-04-22 16:00:00,2025-04-22 10:00:00,518.9427,16:00,8586406.0,51485225.0,0.010212302822643071,0.020289943555681502,14.0,510.9484,529.472018091633,500.5812858041342,True,524.2423,522.2038146950179,529.472018091633,500.5812858041342
2025-04-23 09:30:00,541.036,13688021,2025-04-23,2025-04-23 10:00:00,541.036,2025-04-23 09:30:00,False,2025-04-23 16:00:00,2025-04-23 10:00:00,541.036,10:00,13688021.0,13688021.0,0.0,0.0,14.0,524.2421,541.036,524.2421,True,541.036,541.036,541.036,524.2421
2025-04-23 10:00:00,540.6183,5675139,2025-04-23,2025-04-23 10:30:00,540.6183,2025-04-23 10:00:00,False,2025-04-23 16:00:00,2025-04-23 10:00:00,541.036,10:30,5675139.0,19363160.0,0.000772037350564414,0.004364856300555164,14.0,524.2421,543.3975443934271,521.9538585667988,True,540.6183,540.9135765133221,543.3975443934271,521.9538585667988
2025-04-23 10:30:00,539.5545,2705141,2025-04-23,2025-04-23 11:00:00,539.5545,2025-04-23 10:30:00,False,2025-04-23 16:00:00,2025-04-23 10:00:00,541.036,11:00,2705141.0,22068301.0,0.0027382651062036745,0.007820096726155952,14.0,524.2421,545.2669538523324,520.1424760700769,True,539.5545,540.7469803807824,545.2669538523324,520.1424760700769
2025-04-23 11:00:00,535.5176,5231245,2025-04-23,2025-04-23 11:30:00,535.5176,2025-04-23 11:00:00,False,2025-04-23 16:00:00,2025-04-23 10:00:00,541.036,11:30,5231245.0,27299546.0,0.010199690963262897,0.006904090264986269,14.0,524.2421,544.771361380607,520.622685220894,True,535.5176,539.7449062081912,544.771361380607,520.622685220894
2025-04-23 11:30:00,534.3394,4342218,2025-04-23,2025-04-23 12:00:00,534.3394,2025-04-23 11:30:00,False,2025-04-23 16:00:00,2025-04-23 10:00:00,541.036,12:00,4342218.0,31641764.0,0.012377364907325883,0.008132881189932504,14.0,524.2421,545.4361815074764,519.9785012859394,True,534.3394,539.0031053921456,545.4361815074764,519.9785012859394
2025-04-23 12:00:00,533.2506,3449236,2025-04-23,2025-04-23 12:30:00,533.2506,2025-04-23 12:00:00,False,2025-04-23 16:00:00,2025-04-23 10:00:00,541.036,12:30,3449236.0,35091000.0,0.014389800309036693,0.009828984004855847,14.0,524.2421,546.3538341900511,519.0893327844279,True,533.2506,538.437668422872,546.3538341900511,519.0893327844279
2025-04-23 12:30:00,535.2989,2901583,2025-04-23,2025-04-23 13:00:00,535.2989,2025-04-23 12:30:00,False,2025-04-23 16:00:00,2025-04-23 10:00:00,541.036,13:00,2901583.0,37992583.0,0.010603915451097401,0.010006237857002862,14.0,524.2421,546.4497349052014,518.9964088527454,True,535.2989,538.1979532896117,546.4497349052014,518.9964088527454
2025-04-23 13:00:00,535.3685,2199521,2025-04-23,2025-04-23 13:30:00,535.3685,2025-04-23 13:00:00,False,2025-04-23 16:00:00,2025-04-23 10:00:00,541.036,13:30,2199521.0,40192104.0,0.01047527336443399,0.015068535027333265,14.0,524.2421,549.1886199170482,516.3425395533473,True,535.3685,538.0431108875067,549.1886199170482,516.3425395533473
2025-04-23 13:30:00,535.2193,2204456,2025-04-23,2025-04-23 14:00:00,535.2193,2025-04-23 13:30:00,False,2025-04-23 16:00:00,2025-04-23 10:00:00,541.036,14:00,2204456.0,42396560.0,0.010751040596189476,0.01600212592812607,14.0,524.2421,549.6937262036495,515.8531118989748,True,535.2193,537.8962837191272,549.6937262036495,515.8531118989748
2025-04-23 14:00:00,533.5986,2795074,2025-04-23,2025-04-23 14:30:00,533.5986,2025-04-23 14:00:00,False,2025-04-23 16:00:00,2025-04-23 10:00:00,541.036,14:30,2795074.0,45191634.0,0.01374658987571975,0.01624669954424381,14.0,524.2421,549.8260493346195,515.7248961128566,True,533.5986,537.6304746974052,549.8260493346195,515.7248961128566
2025-04-23 14:30:00,533.2506,2188733,2025-04-23,2025-04-23 15:00:00,533.2506,2025-04-23 14:30:00,False,2025-04-23 16:00:00,2025-04-23 10:00:00,541.036,15:00,2188733.0,47380367.0,0.014389800309036693,0.015741835497132657,14.0,524.2421,549.5528997100266,515.9895671011286,True,533.2506,537.4281466680324,549.5528997100266,515.9895671011286
2025-04-23 15:00:00,531.5703,3037850,2025-04-23,2025-04-23 15:30:00,531.5703,2025-04-23 15:00:00,False,2025-04-23 16:00:00,2025-04-23 10:00:00,541.036,15:30,3037850.0,50418217.0,0.017495508616801825,0.01832620653170474,14.0,524.2421,550.9511374770873,514.6347310027854,True,531.5703,537.0751936966791,550.9511374770873,514.6347310027854
2025-04-23 15:30:00,532.3657,10885367,2025-04-23,2025-04-23 16:00:00,532.664,2025-04-23 16:00:00,True,2025-04-23 16:00:00,2025-04-23 10:00:00,541.036,16:00,10885367.0,61303584.0,0.016025366149387432,0.02053610926382704,14.0,524.2421,552.1467744116638,513.476206953702,True,532.664,536.2919203680522,552.1467744116638,513.476206953702
2025-04-24 09:30:00,536.4012,3814279,2025-04-24,2025-04-24 10:00:00,536.4012,2025-04-24 09:30:00,False,2025-04-24 16:00:00,2025-04-24 10:00:00,536.4012,10:00,3814279.0,3814279.0,0.0,0.0,14.0,532.3655,536.4012,532.3655,True,536.4012,536.4012,536.4012,532.3655
2025-04-24 10:00:00,539.0388,3907461,2025-04-24,2025-04-24 10:30:00,539.0388,2025-04-24 10:00:00,False,2025-04-24 16:00:00,2025-04-24 10:00:00,536.4012,10:30,3907461.0,7721740.0,0.004917214950302062,0.004129726317484079,14.0,532.3655,538.6163901523701,530.1669761841295,True,539.0388,537.7359146023565,538.6163901523701,530.1669761841295
2025-04-24 10:30:00,539.3954,3908917,2025-04-24,2025-04-24 11:00:00,539.3954,2025-04-24 10:30:00,False,2025-04-24 16:00:00,2025-04-24 10:00:00,536.4012,11:00,3908917.0,11630657.0,0.005582015849330713,0.007571952683225984,14.0,532.3655,540.4628045056257,528.334453623818,True,539.3954,538.2936466962615,540.4628045056257,528.334453623818
2025-04-24 11:00:00,539.336,2669002,2025-04-24,2025-04-24 11:30:00,539.336,2025-04-24 11:00:00,False,2025-04-24 16:00:00,2025-04-24 10:00:00,536.4012,11:30,2669002.0,14299659.0,0.005471277842033162,0.007027781083994251,14.0,532.3655,540.1709102067919,528.6241518093289,True,539.336,538.4881998008065,540.1709102067919,528.6241518093289
2025-04-24 11:30:00,539.7335,2063194,2025-04-24,2025-04-24 12:00:00,539.7335,2025-04-24 11:30:00,False,2025-04-24 16:00:00,2025-04-24 10:00:00,536.4012,12:00,2063194.0,16362853.0,0.006212327638342341,0.00853487955076726,14.0,532.3655,540.979319632887,527.821824580516,True,539.7335,538.6452198448767,540.979319632887,527.821824580516
2025-04-24 12:00:00,541.3442,2210519,2025-04-24,2025-04-24 12:30:00,541.3442,2025-04-24 12:00:00,False,2025-04-24 16:00:00,2025-04-24 10:00:00,536.4012,12:30,2210519.0,18573372.0,0.00921511734127356,0.010121530856170902,14.0,532.3655,541.8304012970871,526.9771461649892,True,541.3442,538.9664402949664,541.8304012970871,526.9771461649892
2025-04-24 12:30:00,542.3385,2438796,2025-04-24,2025-04-24 13:00:00,542.3385,2025-04-24 12:30:00,False,2025-04-24 16:00:00,2025-04-24 10:00:00,536.4012,13:00,2438796.0,21012168.0,0.011068767183965988,0.009853813222815937,14.0,532.3655,541.6867972372943,527.119669796729,True,542.3385,539.357821409014,541.6867972372943,527.119669796729
2025-04-24 13:00:00,541.8632,1761516,2025-04-24,2025-04-24 13:30:00,541.8632,2025-04-24 13:00:00,False,2025-04-24 16:00:00,2025-04-24 10:00:00,536.4012,13:30,1761516.0,22773684.0,0.010182676697964022,0.014864081277565413,14.0,532.3655,544.3743110341836,524.4523759386283,True,541.8632,539.5516093123713,544.3743110341836,524.4523759386283
2025-04-24 13:30:00,542.1496,1408937,2025-04-24,2025-04-24 14:00:00,542.1496,2025-04-24 13:30:00,False,2025-04-24 16:00:00,2025-04-24 10:00:00,536.4012,14:00,1408937.0,24182621.0,0.010716605406550173,0.016093588140281872,14.0,532.3655,545.033819990753,523.7978289029048,True,542.1496,539.7029744272385,545.033819990753,523.7978289029048
2025-04-24 14:00:00,542.3683,2681987,2025-04-24,2025-04-24 14:30:00,542.3683,2025-04-24 14:00:00,False,2025-04-24 16:00:00,2025-04-24 10:00:00,536.4012,14:30,2681987.0,26864608.0,0.011124322615236437,0.016917861268955132,14.0,532.3655,545.475961086101,523.3590143266221,True,542.3683,539.969063124193,545.475961086101,523.3590143266221
2025-04-24 14:30:00,542.9649,2176523,2025-04-24,2025-04-24 15:00:00,542.9649,2025-04-24 14:30:00,False,2025-04-24 16:00:00,2025-04-24 10:00:00,536.4012,15:00,2176523.0,29041131.0,0.012236549806376118,0.016418016736194925,14.0,532.3655,545.207843878915,523.6251143112272,True,542.9649,540.193589774496,545.207843878915,523.6251143112272
2025-04-24 15:00:00,541.8016,3371116,2025-04-24,2025-04-24 15:30:00,541.8016,2025-04-24 15:00:00,False,2025-04-24 16:00:00,2025-04-24 10:00:00,536.4012,15:30,3371116.0,32412247.0,0.01006783728298899,0.01902217586258372,14.0,532.3655,546.604717959301,522.2387498358277,True,541.8016,540.3608348593358,546.604717959301,522.2387498358277
2025-04-24 15:30:00,543.5714,10331799,2025-04-24,2025-04-24 16:00:00,543.5217,2025-04-24 16:00:00,True,2025-04-24 16:00:00,2025-04-24 10:00:00,536.4012,16:00,10331799.0,42744046.0,0.013367233332065576,0.020919914337418695,14.0,532.3655,547.6226671544887,521.2284593438029,True,543.5217,541.1248576029817,547.6226671544887,521.2284593438029
2025-04-25 09:30:00,542.4578,4249161,2025-04-25,2025-04-25 10:00:00,542.4578,2025-04-25 09:30:00,False,2025-04-25 16:00:00,2025-04-25 10:00:00,542.4578,10:00,4249161.0,4249161.0,0.0,0.0,14.0,543.5712,543.5712,542.4578,True,542.4578,542.4578,543.5712,542.4578
2025-04-25 10:00:00,541.5616,4727415,2025-04-25,2025-04-25 10:30:00,541.5616,2025-04-25 10:00:00,False,2025-04-25 16:00:00,2025-04-25 10:00:00,542.4578,10:30,4727415.0,8976576.0,0.001652110081189817,0.00432670305755241,14.0,543.5712,545.9230711730374,540.1107461781469,True,541.5616,541.9858261290051,545.9230711730374,540.1107461781469
2025-04-25 10:30:00,543.4222,2351316,2025-04-25,2025-04-25 11:00:00,543.4222,2025-04-25 10:30:00,False,2025-04-25 16:00:00,2025-04-25 10:00:00,542.4578,11:00,2351316.0,11327892.0,0.0017778341467298286,0.0074449355647897165,14.0,543.5712,547.6180525588753,538.4192366323824,True,543.4222,542.2839724094298,547.6180525588753,538.4192366323824
2025-04-25 11:00:00,543.3825,1510342,2025-04-25,2025-04-25 11:30:00,543.3825,2025-04-25 11:00:00,False,2025-04-25 16:00:00,2025-04-25 10:00:00,542.4578,11:30,1510342.0,12838234.0,0.0017046487302792013,0.007092376879735558,14.0,543.5712,547.42641181137,538.6104848410479,True,543.3825,542.4132076576888,547.42641181137,538.6104848410479
2025-04-25 11:30:00,543.9493,1272763,2025-04-25,2025-04-25 12:00:00,543.9493,2025-04-25 11:30:00,False,2025-04-25 16:00:00,2025-04-25 10:00:00,542.4578,12:00,1272763.0,14110997.0,0.002749522635677737,0.008907062060011526,14.0,543.5712,548.4128224124349,537.6260947104627,True,543.9493,542.5517578606175,548.4128224124349,537.6260947104627
2025-04-25 12:00:00,545.2269,1435529,2025-04-25,2025-04-25 12:30:00,545.2269,2025-04-25 12:00:00,False,2025-04-25 16:00:00,2025-04-25 10:00:00,542.4578,12:30,1435529.0,15546526.0,0.0051047288839796146,0.010541509102002284,14.0,543.5712,549.3012607523863,536.7394761638479,True,545.2269,542.7987740827757,549.3012607523863,536.7394761638479
2025-04-25 12:30:00,545.9379,1532787,2025-04-25,2025-04-25 13:00:00,545.9379,2025-04-25 12:30:00,False,2025-04-25 16:00:00,2025-04-25 10:00:00,542.4578,13:00,1532787.0,17079313.0,0.006415429919156779,0.010550572785265278,14.0,543.5712,549.306187509574,536.7345594981651,True,545.9379,543.0804956834797,549.306187509574,536.7345594981651
2025-04-25 13:00:00,547.8469,2242089,2025-04-25,2025-04-25 13:30:00,547.8469,2025-04-25 13:00:00,False,2025-04-25 16:00:00,2025-04-25 10:00:00,542.4578,13:30,2242089.0,19321402.0,0.009934597677459855,0.015324931694148987,14.0,543.5712,551.9013915109066,534.1446712680417,True,547.8469,543.6335975074376,551.9013915109066,534.1446712680417
2025-04-25 13:30:00,544.8043,4325125,2025-04-25,2025-04-25 14:00:00,544.8043,2025-04-25 13:30:00,False,2025-04-25 16:00:00,2025-04-25 10:00:00,542.4578,14:00,4325125.0,23646527.0,0.004325682108359485,0.016561736303566738,14.0,543.5712,552.5736828766134,533.4737569605871,True,544.8043,543.8477276677839,552.5736828766134,533.4737569605871
2025-04-25 14:00:00,546.6229,2589138,2025-04-25,2025-04-25 14:30:00,546.6229,2025-04-25 14:00:00,False,2025-04-25 16:00:00,2025-04-25 10:00:00,542.4578,14:30,2589138.0,26235665.0,0.007678200958673553,0.01726613361167303,14.0,543.5712,552.9565729666574,533.0916511465058,True,546.6229,544.1216031019263,552.9565729666574,533.0916511465058
2025-04-25 14:30:00,546.7432,2123516,2025-04-25,2025-04-25 15:00:00,546.7432,2025-04-25 14:30:00,False,2025-04-25 16:00:00,2025-04-25 10:00:00,542.4578,15:00,2123516.0,28359181.0,0.007899969361671921,0.016984223514792833,14.0,543.5712,552.8033347570041,533.2445754774573,True,546.7432,544.3179064774931,552.8033347570041,533.2445754774573
2025-04-25 15:00:00,546.4151,1748168,2025-04-25,2025-04-25 15:30:00,546.4151,2025-04-25 15:00:00,False,2025-04-25 16:00:00,2025-04-25 10:00:00,542.4578,15:30,1748168.0,30107349.0,0.007295129685664037,0.019090867877662794,14.0,543.5712,553.9484459613027,532.1018098109924,True,546.4151,544.439678959217,553.9484459613027,532.1018098109924
2025-04-25 15:30:00,547.4989,7347453,2025-04-25,2025-04-25 16:00:00,547.4989,2025-04-25 16:00:00,True,2025-04-25 16:00:00,2025-04-25 10:00:00,542.4578,16:00,7347453.0,37454802.0,0.009293073120157924,0.020897420833389833,14.0,543.5712,554.9304361193107,531.1218310690452,True,547.4989,545.0398018169954,554.9304361193107,531.1218310690452
2025-04-28 09:30:00,547.1111,4895734,2025-04-28,2025-04-28 10:00:00,547.1111,2025-04-28 09:30:00,False,2025-04-28 16:00:00,2025-04-28 10:00:00,547.1111,10:00,4895734.0,4895734.0,0.0,0.0,14.0,547.4987,547.4987,547.1111,True,547.1111,547.1111,547.4987,547.1111
2025-04-28 10:00:00,547.8369,2452554,2025-04-28,2025-04-28 10:30:00,547.8369,2025-04-28 10:00:00,False,2025-04-28 16:00:00,2025-04-28 10:00:00,547.1111,10:30,2452554.0,7348288.0,0.0013266044136190924,0.003513886424368665,14.0,547.4987,549.4225482492894,545.1886137330886,True,547.8369,547.3533419607396,549.4225482492894,545.1886137330886
2025-04-28 10:30:00,547.4641,1803798,2025-04-28,2025-04-28 11:00:00,547.4641,2025-04-28 10:30:00,False,2025-04-28 16:00:00,2025-04-28 10:00:00,547.1111,11:00,1803798.0,9152086.0,0.0006452071617630839,0.006514747430921778,14.0,547.4987,551.065515749258,543.5468093668462,True,547.4641,547.3751714245036,551.065515749258,543.5468093668462
2025-04-28 11:00:00,544.0686,2678865,2025-04-28,2025-04-28 11:30:00,544.0686,2025-04-28 11:00:00,False,2025-04-28 16:00:00,2025-04-28 10:00:00,547.1111,11:30,2678865.0,11830951.0,0.005561027732758572,0.0063099488109522915,14.0,547.4987,550.9533887710629,543.6588569650962,True,544.0686,546.6264692737549,550.9533887710629,543.6588569650962
2025-04-28 11:30:00,544.2972,2035400,2025-04-28,2025-04-28 12:00:00,544.2972,2025-04-28 11:30:00,False,2025-04-28 16:00:00,2025-04-28 10:00:00,547.1111,12:00,2035400.0,13866351.0,0.005143196692591334,0.008028532202199632,14.0,547.4987,551.8943109436124,542.7186009154691,True,544.2972,546.2845628356588,551.8943109436124,542.7186009154691
2025-04-28 12:00:00,542.945,1964656,2025-04-28,2025-04-28 12:30:00,542.945,2025-04-28 12:00:00,False,2025-04-28 16:00:00,2025-04-28 10:00:00,547.1111,12:30,1964656.0,15831007.0,0.007614723956432146,0.00944874614328666,14.0,547.4987,552.6718762300794,541.9415861039257,True,542.945,545.8701171745297,552.6718762300794,541.9415861039257
2025-04-28 12:30:00,543.303,1594221,2025-04-28,2025-04-28 13:00:00,543.303,2025-04-28 12:30:00,False,2025-04-28 16:00:00,2025-04-28 10:00:00,547.1111,13:00,1594221.0,17425228.0,0.0069603778830295004,0.009507748061435213,14.0,547.4987,552.7041797035632,541.9093054995853,True,543.303,545.6352535555804,552.7041797035632,541.9093054995853
2025-04-28 13:00:00,542.2887,1449889,2025-04-28,2025-04-28 13:30:00,542.2887,2025-04-28 13:00:00,False,2025-04-28 16:00:00,2025-04-28 10:00:00,547.1111,13:30,1449889.0,18875117.0,0.008814297498259571,0.014384609564064526,14.0,547.4987,555.3742550363329,539.2411204383341,True,542.2887,545.3781885960283,555.3742550363329,539.2411204383341
2025-04-28 13:30:00,544.6055,1454833,2025-04-28,2025-04-28 14:00:00,544.6055,2025-04-28 13:30:00,False,2025-04-28 16:00:00,2025-04-28 10:00:00,547.1111,14:00,1454833.0,20329950.0,0.004579691400887209,0.015749344885405938,14.0,547.4987,556.1214458506114,538.4944585954662,True,544.6055,545.3228941723713,556.1214458506114,538.4944585954662
2025-04-28 14:00:00,545.4606,1717186,2025-04-28,2025-04-28 14:30:00,545.4606,2025-04-28 14:00:00,False,2025-04-28 16:00:00,2025-04-28 10:00:00,547.1111,14:30,1717186.0,22047136.0,0.003016754732265481,0.015890768178370183,14.0,547.4987,556.198874919659,538.4170843420868,True,545.4606,545.3336196706547,556.198874919659,538.4170843420868
2025-04-28 14:30:00,545.5103,1326386,2025-04-28,2025-04-28 15:00:00,545.5103,2025-04-28 14:30:00,False,2025-04-28 16:00:00,2025-04-28 10:00:00,547.1111,15:00,1326386.0,23373522.0,0.0029259139505667386,0.015503827904392547,14.0,547.4987,555.9870256226786,538.6287836610171,True,545.5103,545.3436458154231,555.9870256226786,538.6287836610171
2025-04-28 15:00:00,547.3186,2844726,2025-04-28,2025-04-28 15:30:00,547.3186,2025-04-28 15:00:00,False,2025-04-28 16:00:00,2025-04-28 10:00:00,547.1111,15:30,2844726.0,26218248.0,0.00037926483304762115,0.017875950787616873,14.0,547.4987,557.2857598174843,537.330968901041,True,547.3186,545.5579318164433,557.2857598174843,537.330968901041
2025-04-28 15:30:00,547.7077,6347460,2025-04-28,2025-04-28 16:00:00,547.7574,2025-04-28 16:00:00,True,2025-04-28 16:00:00,2025-04-28 10:00:00,547.1111,16:00,6347460.0,32565708.0,0.0010904549368493388,0.01914637875711502,14.0,547.4987,557.9813174792281,536.6359036571781,True,547.7574,545.9866354182934,557.9813174792281,536.6359036571781
2025-04-29 09:30:00,547.4393,3263968,2025-04-29,2025-04-29 10:00:00,547.4393,2025-04-29 09:30:00,False,2025-04-29 16:00:00,2025-04-29 10:00:00,547.4393,10:00,3263968.0,3263968.0,0.0,0.0,14.0,547.7075,547.7075,547.4393,True,547.4393,547.4393,547.7075,547.4393
2025-04-29 10:00:00,546.773,3103380,2025-04-29,2025-04-29 10:30:00,546.773,2025-04-29 10:00:00,False,2025-04-29 16:00:00,2025-04-29 10:00:00,547.4393,10:30,3103380.0,6367348.0,0.0012171212406562049,0.0031595571415223922,14.0,547.7075,549.4380131430903,545.709634250135,True,546.773,547.1145522252592,549.4380131430903,545.709634250135
2025-04-29 10:30:00,549.8255,1872135,2025-04-29,2025-04-29 11:00:00,549.8255,2025-04-29 10:30:00,False,2025-04-29 16:00:00,2025-04-29 10:00:00,547.4393,11:00,1872135.0,8239483.0,0.004358839418361127,0.0050953568447291864,14.0,547.7075,550.4982651590345,544.6499014156713,True,549.8255,547.7305205101945,550.4982651590345,544.6499014156713
2025-04-29 11:00:00,549.0698,1605616,2025-04-29,2025-04-29 11:30:00,549.0698,2025-04-29 11:00:00,False,2025-04-29 16:00:00,2025-04-29 10:00:00,547.4393,11:30,1605616.0,9845099.0,0.0029784124011555946,0.006494511514910087,14.0,547.7075,551.2645926655525,543.8839491624357,True,549.0698,547.9489407187982,551.2645926655525,543.8839491624357
2025-04-29 11:30:00,548.5826,1174641,2025-04-29,2025-04-29 12:00:00,548.5826,2025-04-29 11:30:00,False,2025-04-29 16:00:00,2025-04-29 10:00:00,547.4393,12:00,1174641.0,11019740.0,0.0020884507195590984,0.007809851867464468,14.0,547.7075,551.9850144416993,543.1638801605716,True,548.5826,548.0164851592052,551.9850144416993,543.1638801605716
2025-04-29 12:00:00,549.7361,1087665,2025-04-29,2025-04-29 12:30:00,549.7361,2025-04-29 12:00:00,False,2025-04-29 16:00:00,2025-04-29 10:00:00,547.4393,12:30,1087665.0,12107405.0,0.0041955336418117994,0.009445535340959646,14.0,547.7075,552.8808905477587,542.2684427448198,True,549.7361,548.1709662289153,552.8808905477587,542.2684427448198
2025-04-29 12:30:00,547.9066,1551752,2025-04-29,2025-04-29 13:00:00,547.9066,2025-04-29 12:30:00,False,2025-04-29 16:00:00,2025-04-29 10:00:00,547.4393,13:00,1551752.0,13659157.0,0.0008536106194787507,0.009945091877251027,14.0,547.7075,553.1545014093595,541.994965864282,True,547.9066,548.1409328363383,553.1545014093595,541.994965864282
2025-04-29 13:00:00,549.4933,1476144,2025-04-29,2025-04-29 13:30:00,549.4933,2025-04-29 13:00:00,False,2025-04-29 16:00:00,2025-04-29 10:00:00,547.4393,13:30,1476144.0,15135301.0,0.0037520141502445092,0.013545825477353668,14.0,547.7075,555.1266502076377,540.0237827827553,True,549.4933,548.2728290354582,555.1266502076377,540.0237827827553
2025-04-29 13:30:00,551.6351,2601438,2025-04-29,2025-04-29 14:00:00,551.6351,2025-04-29 13:30:00,False,2025-04-29 16:00:00,2025-04-29 10:00:00,547.4393,14:00,2601438.0,17736739.0,0.00766441137857643,0.014091969777147122,14.0,547.7075,555.4257775367167,539.7248019295774,True,551.6351,548.7659715152262,555.4257775367167,539.7248019295774
2025-04-29 14:00:00,551.7346,2676506,2025-04-29,2025-04-29 14:30:00,551.7346,2025-04-29 14:00:00,False,2025-04-29 16:00:00,2025-04-29 10:00:00,547.4393,14:30,2676506.0,20413245.0,0.00784616668916538,0.014704195822060688,14.0,547.7075,555.7610983332113,539.3896453321081,True,551.7346,549.1552066393461,555.7610983332113,539.3896453321081
2025-04-29 14:30:00,551.1778,1422965,2025-04-29,2025-04-29 15:00:00,551.1778,2025-04-29 14:30:00,False,2025-04-29 16:00:00,2025-04-29 10:00:00,547.4393,15:00,1422965.0,21836210.0,0.0068290676244837645,0.01460920109692883,14.0,547.7075,555.709069009796,539.4416491779381,True,551.1778,549.2870097114655,555.709069009796,539.4416491779381
2025-04-29 15:00:00,551.5059,2214752,2025-04-29,2025-04-29 15:30:00,551.5059,2025-04-29 15:00:00,False,2025-04-29 16:00:00,2025-04-29 10:00:00,547.4393,15:30,2214752.0,24050962.0,0.007428403477792056,0.01715335975068443,14.0,547.7075,557.1025237856479,538.0488767454372,True,551.5059,549.491337991736,557.1025237856479,538.0488767454372
2025-04-29 15:30:00,551.1579,6881307,2025-04-29,2025-04-29 16:00:00,551.1579,2025-04-29 16:00:00,True,2025-04-29 16:00:00,2025-04-29 10:00:00,547.4393,16:00,6881307.0,30932269.0,0.006792716562366019,0.017936109217266356,14.0,547.7075,557.5312415391159,537.6203689253762,True,551.1579,549.8620875417739,557.5312415391159,537.6203689253762
2025-04-30 09:30:00,538.6397,7477559,2025-04-30,2025-04-30 10:00:00,538.6397,2025-04-30 09:30:00,False,2025-04-30 16:00:00,2025-04-30 10:00:00,538.6397,10:00,7477559.0,7477559.0,0.0,0.0,14.0,551.1577,551.1577,538.6397,True,538.6397,538.6397,551.1577,538.6397
2025-04-30 10:00:00,543.1936,4712327,2025-04-30,2025-04-30 10:30:00,543.1936,2025-04-30 10:00:00,False,2025-04-30 16:00:00,2025-04-30 10:00:00,538.6397,10:30,4712327.0,12189886.0,0.008454445522674936,0.003212349718164999,14.0,551.1577,552.9282112822594,536.9094009115125,True,543.1936,540.4001320438517,552.9282112822594,536.9094009115125
2025-04-30 10:30:00,543.7753,3438472,2025-04-30,2025-04-30 11:00:00,543.7753,2025-04-30 10:30:00,False,2025-04-30 16:00:00,2025-04-30 10:00:00,538.6397,11:00,3438472.0,15628358.0,0.009534388200498567,0.00468973343986308,14.0,551.1577,553.742482696328,536.1136233868721,True,543.7753,541.142719365726,553.742482696328,536.1136233868721
2025-04-30 11:00:00,545.8732,2971774,2025-04-30,2025-04-30 11:30:00,545.8732,2025-04-30 11:00:00,False,2025-04-30 16:00:00,2025-04-30 10:00:00,538.6397,11:30,2971774.0,18600132.0,0.013429199518713686,0.005502083543062086,14.0,551.1577,554.1902157108019,535.6760593709901,True,545.8732,541.8985161179447,554.1902157108019,535.6760593709901
2025-04-30 11:30:00,546.2958,2065688,2025-04-30,2025-04-30 12:00:00,546.2958,2025-04-30 11:30:00,False,2025-04-30 16:00:00,2025-04-30 10:00:00,538.6397,12:00,2065688.0,20665820.0,0.014213768498682944,0.0070454170434911855,14.0,551.1577,555.0408358532314,534.844758677319,True,546.2958,542.3380542803673,555.0408358532314,534.844758677319
2025-04-30 12:00:00,544.9634,2122770,2025-04-30,2025-04-30 12:30:00,544.9634,2025-04-30 12:00:00,False,2025-04-30 16:00:00,2025-04-30 10:00:00,538.6397,12:30,2122770.0,22788590.0,0.011740129812191746,0.008499746765800462,14.0,551.1577,555.8424008780211,534.0613989519932,True,544.9634,542.5826067135482,555.8424008780211,534.0613989519932
2025-04-30 12:30:00,546.4151,1541290,2025-04-30,2025-04-30 13:00:00,546.4151,2025-04-30 12:30:00,False,2025-04-30 16:00:00,2025-04-30 10:00:00,538.6397,13:00,1541290.0,24329880.0,0.014435252358858897,0.007846984639411978,14.0,551.1577,555.4826260057937,534.4130025479225,True,546.4151,542.8253939191355,555.4826260057937,534.4130025479225
2025-04-30 13:00:00,546.8129,1643001,2025-04-30,2025-04-30 13:30:00,546.8129,2025-04-30 13:00:00,False,2025-04-30 16:00:00,2025-04-30 10:00:00,538.6397,13:30,1643001.0,25972881.0,0.015173779429923373,0.010986948486058119,14.0,551.1577,557.2132412575942,532.7216933635542,True,546.8129,543.0776368828009,557.2132412575942,532.7216933635542
2025-04-30 13:30:00,547.4045,1722551,2025-04-30,2025-04-30 14:00:00,547.4045,2025-04-30 13:30:00,False,2025-04-30 16:00:00,2025-04-30 10:00:00,538.6397,14:00,1722551.0,27695432.0,0.01627210174073701,0.012386127739772712,14.0,551.1577,557.9844096769593,531.9680398700871,True,547.4045,543.3467513847662,557.9844096769593,531.9680398700871
2025-04-30 14:00:00,547.2901,4522191,2025-04-30,2025-04-30 14:30:00,547.2901,2025-04-30 14:00:00,False,2025-04-30 16:00:00,2025-04-30 10:00:00,538.6397,14:30,4522191.0,32217623.0,0.016059714870626962,0.01246916973210392,14.0,551.1577,558.030178910456,531.9233101562504,True,547.2901,543.9002551493882,558.030178910456,531.9233101562504
2025-04-30 14:30:00,546.4549,2473033,2025-04-30,2025-04-30 15:00:00,546.4549,2025-04-30 14:30:00,False,2025-04-30 16:00:00,2025-04-30 10:00:00,538.6397,15:00,2473033.0,34690656.0,0.014509142196536873,0.012211397469189573,14.0,551.1577,557.8881057429043,532.062156530615,True,546.4549,544.0823710776325,557.8881057429043,532.062156530615
2025-04-30 15:00:00,546.7198,3116465,2025-04-30,2025-04-30 15:30:00,546.7198,2025-04-30 15:00:00,False,2025-04-30 16:00:00,2025-04-30 10:00:00,538.6397,15:30,3116465.0,37807121.0,0.01500093661867119,0.014163846613572117,14.0,551.1577,558.9642131226891,531.0104899092195,True,546.7198,544.29977601906,558.9642131226891,531.0104899092195
2025-04-30 15:30:00,551.3766,18265078,2025-04-30,2025-04-30 16:00:00,551.3766,2025-04-30 16:00:00,True,2025-04-30 16:00:00,2025-04-30 10:00:00,538.6397,16:00,18265078.0,56072199.0,0.023646418932730118,0.014794168491998843,14.0,551.1577,559.3116198794625,530.6709735217203,True,551.3766,546.604995794802,559.3116198794625,530.6709735217203
2025-05-01 09:30:00,557.2927,5506796,2025-05-01,2025-05-01 10:00:00,557.2927,2025-05-01 09:30:00,False,2025-05-01 16:00:00,2025-05-01 10:00:00,557.2927,10:00,5506796.0,5506796.0,0.0,0.0,14.0,551.3764,557.2927,551.3764,True,557.2927,557.2927,557.2927,551.3764
2025-05-01 10:00:00,558.8538,3847534,2025-05-01,2025-05-01 10:30:00,558.8538,2025-05-01 10:00:00,False,2025-05-01 16:00:00,2025-05-01 10:00:00,557.2927,10:30,3847534.0,9354330.0,0.0028012209741847816,0.0036448864951312276,14.0,551.3764,559.3239686360653,549.3666956059059,True,558.8538,557.9347967966065,559.3239686360653,549.3666956059059
2025-05-01 10:30:00,560.1761,2864454,2025-05-01,2025-05-01 11:00:00,560.1761,2025-05-01 10:30:00,False,2025-05-01 16:00:00,2025-05-01 10:00:00,557.2927,11:00,2864454.0,12218784.0,0.005173941808317428,0.004361174924763448,14.0,551.3764,559.7231509489936,548.9717510702137,True,560.1761,558.4602263259421,559.7231509489936,548.9717510702137
2025-05-01 11:00:00,560.1562,2725337,2025-05-01,2025-05-01 11:30:00,560.1562,2025-05-01 11:00:00,False,2025-05-01 16:00:00,2025-05-01 10:00:00,557.2927,11:30,2725337.0,14944121.0,0.005138233463312991,0.006175725098547857,14.0,551.3764,560.7343865146275,547.971250927773,True,560.1562,558.7695185087969,560.7343865146275,547.971250927773
2025-05-01 11:30:00,557.1617,2569002,2025-05-01,2025-05-01 12:00:00,557.1617,2025-05-01 11:30:00,False,2025-05-01 16:00:00,2025-05-01 10:00:00,557.2927,12:00,2569002.0,17513123.0,0.00023506498470193815,0.007448078090278135,14.0,551.3764,561.4434595487419,547.2697055156635,True,557.1617,558.5336674293101,561.4434595487419,547.2697055156635
2025-05-01 12:00:00,557.1137,1907594,2025-05-01,2025-05-01 12:30:00,557.1137,2025-05-01 12:00:00,False,2025-05-01 16:00:00,2025-05-01 10:00:00,557.2927,12:30,1907594.0,19420717.0,0.00032119566611943373,0.009178393012222714,14.0,551.3764,562.4077514234426,546.3156507031355,True,557.1137,558.394191561949,562.4077514234426,546.3156507031355
2025-05-01 12:30:00,556.5669,1440138,2025-05-01,2025-05-01 13:00:00,556.5669,2025-05-01 12:30:00,False,2025-05-01 16:00:00,2025-05-01 10:00:00,557.2927,13:00,1440138.0,20860855.0,0.001302367678600369,0.008715281615062425,14.0,551.3764,562.1496628225185,546.5709993981006,True,556.5669,558.2680437115641,562.1496628225185,546.5709993981006
2025-05-01 13:00:00,558.1478,1465791,2025-05-01,2025-05-01 13:30:00,558.1478,2025-05-01 13:00:00,False,2025-05-01 16:00:00,2025-05-01 10:00:00,557.2927,13:30,1465791.0,22326646.0,0.0015343822016689046,0.00856218469365348,14.0,551.3764,562.0643430258248,546.6554134274783,True,558.1478,558.2601494604429,562.0643430258248,546.6554134274783
2025-05-01 13:30:00,557.412,1151554,2025-05-01,2025-05-01 14:00:00,557.412,2025-05-01 13:30:00,False,2025-05-01 16:00:00,2025-05-01 10:00:00,557.2927,14:00,1151554.0,23478200.0,0.00021407063110645552,0.008496870296316001,14.0,551.3764,562.0279437889836,546.6914262447503,True,557.412,558.2185495974308,562.0279437889836,546.6914262447503
2025-05-01 14:00:00,558.6996,1944949,2025-05-01,2025-05-01 14:30:00,558.6996,2025-05-01 14:00:00,False,2025-05-01 16:00:00,2025-05-01 10:00:00,557.2927,14:30,1944949.0,25423149.0,0.002524526160130991,0.008174169106767644,14.0,551.3764,561.8481047717671,546.8693560649192,True,558.6996,558.2553514310442,561.8481047717671,546.8693560649192
2025-05-01 14:30:00,558.5555,1894226,2025-05-01,2025-05-01 15:00:00,558.5555,2025-05-01 14:30:00,False,2025-05-01 16:00:00,2025-05-01 10:00:00,557.2927,15:00,1894226.0,27317375.0,0.0022659546769590033,0.008825238161886748,14.0,551.3764,562.2109408033808,546.5103719531562,True,558.5555,558.2761641637163,562.2109408033808,546.5103719531562
2025-05-01 15:00:00,558.9134,2734471,2025-05-01,2025-05-01 15:30:00,558.9134,2025-05-01 15:00:00,False,2025-05-01 16:00:00,2025-05-01 10:00:00,557.2927,15:30,2734471.0,30051846.0,0.002908166570278148,0.00946049613383362,14.0,551.3764,562.5649654337636,546.1601056995129,True,558.9134,558.3341473875914,562.5649654337636,546.1601056995129
2025-05-01 15:30:00,555.2842,8744546,2025-05-01,2025-05-01 16:00:00,555.2842,2025-05-01 16:00:00,True,2025-05-01 16:00:00,2025-05-01 10:00:00,557.2927,16:00,8744546.0,38796392.0,0.0036040307005634764,0.00956881947531841,14.0,551.3764,562.6253332412128,546.100378765449,True,555.2842,557.6467018841959,562.6253332412128,546.100378765449
2025-05-02 09:30:00,560.2656,4656831,2025-05-02,2025-05-02 10:00:00,560.2656,2025-05-02 09:30:00,False,2025-05-02 16:00:00,2025-05-02 10:00:00,560.2656,10:00,4656831.0,4656831.0,0.0,0.0,14.0,555.284,560.2656,555.284,True,560.2656,560.2656,560.2656,555.284
2025-05-02 10:00:00,563.0621,2679989,2025-05-02,2025-05-02 10:30:00,563.0621,2025-05-02 10:00:00,False,2025-05-02 16:00:00,2025-05-02 10:00:00,560.2656,10:30,2679989.0,7336820.0,0.004991382658510624,0.0037607757297805078,14.0,555.284,562.3726332707109,553.1957014096646,True,563.0621,561.2871037630063,562.3726332707109,553.1957014096646
2025-05-02 10:30:00,562.5327,2093467,2025-05-02,2025-05-02 11:00:00,562.5327,2025-05-02 10:30:00,False,2025-05-02 16:00:00,2025-05-02 10:00:00,560.2656,11:00,2093467.0,9430287.0,0.004046473672486783,0.00438994344524695,14.0,555.284,562.7251342983174,552.8463346439495,True,562.5327,561.5636186365696,562.7251342983174,552.8463346439495
2025-05-02 11:00:00,561.5135,2077156,2025-05-02,2025-05-02 11:30:00,561.5135,2025-05-02 11:00:00,False,2025-05-02 16:00:00,2025-05-02 10:00:00,560.2656,11:30,2077156.0,11507443.0,0.0022273364632774406,0.0058535109009543495,14.0,555.284,563.5451207970297,552.0336390528745,True,561.5135,561.5545719502933,563.5451207970297,552.0336390528745
2025-05-02 11:30:00,563.0596,1489758,2025-05-02,2025-05-02 12:00:00,563.0596,2025-05-02 11:30:00,False,2025-05-02 16:00:00,2025-05-02 10:00:00,560.2656,12:00,1489758.0,12997201.0,0.0049869204891395125,0.006035567365334353,14.0,555.284,563.6471207712793,551.9325460111077,True,563.0596,561.7270804447973,563.6471207712793,551.9325460111077
2025-05-02 12:00:00,564.0341,3669269,2025-05-02,2025-05-02 12:30:00,564.0341,2025-05-02 12:00:00,False,2025-05-02 16:00:00,2025-05-02 10:00:00,560.2656,12:30,3669269.0,16666470.0,0.006726274109993602,0.0068746244786914,14.0,555.284,564.1172156083287,551.4666310209743,True,564.0341,562.2349909583193,564.1172156083287,551.4666310209743
2025-05-02 12:30:00,564.2726,1676645,2025-05-02,2025-05-02 13:00:00,564.2726,2025-05-02 12:30:00,False,2025-05-02 16:00:00,2025-05-02 10:00:00,560.2656,13:00,1676645.0,18343115.0,0.007151965067996535,0.007564027744315479,14.0,555.284,564.5034645425854,551.0838164180254,True,564.2726,562.4212377878075,564.5034645425854,551.0838164180254
2025-05-02 13:00:00,563.5469,1505885,2025-05-02,2025-05-02 13:30:00,563.5469,2025-05-02 13:00:00,False,2025-05-02 16:00:00,2025-05-02 10:00:00,560.2656,13:30,1505885.0,19849000.0,0.005856686542954126,0.007328907850737777,14.0,555.284,564.3717349543382,551.2143747330109,True,563.5469,562.5066384548642,564.3717349543382,551.2143747330109
2025-05-02 13:30:00,564.0092,1154006,2025-05-02,2025-05-02 14:00:00,564.0092,2025-05-02 13:30:00,False,2025-05-02 16:00:00,2025-05-02 10:00:00,560.2656,14:00,1154006.0,21003006.0,0.006681830903057406,0.007875603154854369,14.0,555.284,564.6780295269164,550.9108035777598,True,564.0092,562.5891964010199,564.6780295269164,550.9108035777598
2025-05-02 14:00:00,564.4517,1519214,2025-05-02,2025-05-02 14:30:00,564.4517,2025-05-02 14:00:00,False,2025-05-02 16:00:00,2025-05-02 10:00:00,560.2656,14:30,1519214.0,22522220.0,0.007471634881741851,0.008305405213769499,14.0,555.284,564.9188328353356,550.6721413712772,True,564.4517,562.7148297330192,564.9188328353356,550.6721413712772
2025-05-02 14:30:00,563.8203,2340892,2025-05-02,2025-05-02 15:00:00,563.8203,2025-05-02 14:30:00,False,2025-05-02 16:00:00,2025-05-02 10:00:00,560.2656,15:00,2340892.0,24863112.0,0.006344669385377255,0.008508539502201904,14.0,555.284,565.0326419893248,550.5593441510593,True,563.8203,562.8189110927545,565.0326419893248,550.5593441510593
2025-05-02 15:00:00,564.392,3491119,2025-05-02,2025-05-02 15:30:00,564.392,2025-05-02 15:00:00,False,2025-05-02 16:00:00,2025-05-02 10:00:00,560.2656,15:30,3491119.0,28354231.0,0.007365078277160153,0.008787219989056762,14.0,555.284,565.1887770795008,550.4045973355966,True,564.392,563.0125979034734,565.1887770795008,550.4045973355966
2025-05-02 15:30:00,563.527,9847881,2025-05-02,2025-05-02 16:00:00,563.3977,2025-05-02 16:00:00,True,2025-05-02 16:00:00,2025-05-02 10:00:00,560.2656,16:00,9847881.0,38202112.0,0.005821167674760153,0.00924236531153605,14.0,555.284,565.4437793466869,550.151862420349,True,563.3977,563.1118709389392,565.4437793466869,550.151862420349
2025-05-05 09:30:00,560.5838,3832940,2025-05-05,2025-05-05 10:00:00,560.5838,2025-05-05 09:30:00,False,2025-05-05 16:00:00,2025-05-05 10:00:00,560.5838,10:00,3832940.0,3832940.0,0.0,0.0,14.0,563.5267,563.5267,560.5838,True,560.5838,560.5838000000001,563.5267,560.5838
2025-05-05 10:00:00,560.4987,2612810,2025-05-05,2025-05-05 10:30:00,560.4987,2025-05-05 10:00:00,False,2025-05-05 16:00:00,2025-05-05 10:00:00,560.5838,10:30,2612810.0,6445750.0,0.00015180602793019027,0.0034899885775515776,14.0,563.5267,565.4934017461454,558.6273689412395,True,560.4987,560.5493043818019,565.4934017461454,558.6273689412395
2025-05-05 10:30:00,561.6874,2204999,2025-05-05,2025-05-05 11:00:00,561.6874,2025-05-05 10:30:00,False,2025-05-05 16:00:00,2025-05-05 10:00:00,560.5838,11:00,2204999.0,8650749.0,0.001968661955625617,0.004376735827720492,14.0,563.5267,565.9931074977671,558.1302727981003,True,561.6874,560.8393948352449,565.9931074977671,558.1302727981003
2025-05-05 11:00:00,561.598,2144597,2025-05-05,2025-05-05 11:30:00,561.598,2025-05-05 11:00:00,False,2025-05-05 16:00:00,2025-05-05 10:00:00,560.5838,11:30,2144597.0,10795346.0,0.001809185352841025,0.005715809470842175,14.0,563.5267,566.7477112489325,557.3796098067593,True,561.598,560.9900988849824,566.7477112489325,557.3796098067593
2025-05-05 11:30:00,561.7869,1411592,2025-05-05,2025-05-05 12:00:00,561.7869,2025-05-05 11:30:00,False,2025-05-05 16:00:00,2025-05-05 10:00:00,560.5838,12:00,1411592.0,12206938.0,0.002146155490044377,0.006145867927520754,14.0,563.5267,566.9900606718317,557.1385260028923,True,561.7869,561.0822397707271,566.9900606718317,557.1385260028923
2025-05-05 12:00:00,562.473,1361343,2025-05-05,2025-05-05 12:30:00,562.473,2025-05-05 12:00:00,False,2025-05-05 16:00:00,2025-05-05 10:00:00,560.5838,12:30,1361343.0,13568281.0,0.0033700581429574328,0.007032981791608439,14.0,563.5267,567.4899730201852,556.6412243419294,True,562.473,561.2217785747067,567.4899730201852,556.6412243419294
2025-05-05 12:30:00,562.3537,965447,2025-05-05,2025-05-05 13:00:00,562.3537,2025-05-05 12:30:00,False,2025-05-05 16:00:00,2025-05-05 10:00:00,560.5838,13:00,965447.0,14533728.0,0.0031572442871163897,0.007166557501867343,14.0,563.5267,567.5652464993875,556.5663439626846,True,562.3537,561.2969698913657,567.5652464993875,556.5663439626846
2025-05-05 13:00:00,561.8665,1032113,2025-05-05,2025-05-05 13:30:00,561.8665,2025-05-05 13:00:00,False,2025-05-05 16:00:00,2025-05-05 10:00:00,560.5838,13:30,1032113.0,15565841.0,0.0022881503175795626,0.007110270181621549,14.0,563.5267,567.5335270915575,556.5978977225599,True,561.8665,561.3347333137863,567.5335270915575,556.5978977225599
2025-05-05 13:30:00,562.4531,839931,2025-05-05,2025-05-05 14:00:00,562.4531,2025-05-05 13:30:00,False,2025-05-05 16:00:00,2025-05-05 10:00:00,560.5838,14:00,839931.0,16405772.0,0.0033345594360734143,0.00705010861257932,14.0,563.5267,567.4996244410885,556.6316233235475,True,562.4531,561.3919906527958,567.4996244410885,556.6316233235475
2025-05-05 14:00:00,562.9005,1186601,2025-05-05,2025-05-05 14:30:00,562.9005,2025-05-05 14:00:00,False,2025-05-05 16:00:00,2025-05-05 10:00:00,560.5838,14:30,1186601.0,17592373.0,0.004132655991842649,0.007743068024650539,14.0,563.5267,567.890125571807,556.2431615030829,True,562.9005,561.4937392173529,567.890125571807,556.2431615030829
2025-05-05 14:30:00,562.5526,1450478,2025-05-05,2025-05-05 15:00:00,562.5526,2025-05-05 14:30:00,False,2025-05-05 16:00:00,2025-05-05 10:00:00,560.5838,15:00,1450478.0,19042851.0,0.0035120529704926184,0.008005813266085118,14.0,563.5267,568.0381895306532,556.0958707772077,True,562.5526,561.5743917556882,568.0381895306532,556.0958707772077
2025-05-05 15:00:00,561.4191,2738654,2025-05-05,2025-05-05 15:30:00,561.4191,2025-05-05 15:00:00,False,2025-05-05 16:00:00,2025-05-05 10:00:00,560.5838,15:30,2738654.0,21781505.0,0.0014900537618103282,0.008041814528078403,14.0,563.5267,568.0584772030202,556.0756890529547,True,561.4191,561.5548664571432,568.0584772030202,556.0756890529547
2025-05-05 15:30:00,560.2955,5568142,2025-05-05,2025-05-05 16:00:00,560.2955,2025-05-05 16:00:00,True,2025-05-05 16:00:00,2025-05-05 10:00:00,560.5838,16:00,5568142.0,27349647.0,0.0005142852861607095,0.008461481655859129,14.0,563.5267,568.2949708346367,555.8404304597282,True,560.2955,561.2984707799556,568.2949708346367,555.8404304597282
2025-05-06 09:30:00,554.2603,4149446,2025-05-06,2025-05-06 10:00:00,554.2603,2025-05-06 09:30:00,False,2025-05-06 16:00:00,2025-05-06 10:00:00,554.2603,10:00,4149446.0,4149446.0,0.0,0.0,14.0,560.2953,560.2953,554.2603,True,554.2603,554.2603,560.2953,554.2603
2025-05-06 10:00:00,557.402,3043432,2025-05-06,2025-05-06 10:30:00,557.402,2025-05-06 10:00:00,False,2025-05-06 16:00:00,2025-05-06 10:00:00,554.2603,10:30,3043432.0,7192878.0,0.005668275357264552,0.0033013421147078154,14.0,560.2953,562.1450264705629,552.4304971290994,True,557.402,555.5896080063919,562.1450264705629,552.4304971290994
2025-05-06 10:30:00,557.6506,1871773,2025-05-06,2025-05-06 11:00:00,557.6506,2025-05-06 10:30:00,False,2025-05-06 16:00:00,2025-05-06 10:00:00,554.2603,11:00,1871773.0,9064651.0,0.006116801077039158,0.004270310917414406,14.0,560.2953,562.687935136566,551.8934361898207,True,557.6506,556.015185247794,562.687935136566,551.8934361898207
2025-05-06 11:00:00,558.3865,1781026,2025-05-06,2025-05-06 11:30:00,558.3865,2025-05-06 11:00:00,False,2025-05-06 16:00:00,2025-05-06 10:00:00,554.2603,11:30,1781026.0,10845677.0,0.007444516592654882,0.005564948815569681,14.0,560.2953,563.4133146661043,551.1758697999977,True,558.3865,556.404591388864,563.4133146661043,551.1758697999977
2025-05-06 11:30:00,557.1783,1366334,2025-05-06,2025-05-06 12:00:00,557.1783,2025-05-06 11:30:00,False,2025-05-06 16:00:00,2025-05-06 10:00:00,554.2603,12:00,1366334.0,12212011.0,0.00526467437772471,0.005637277048504649,14.0,560.2953,563.4538398350751,551.1357811319127,True,557.1783,556.4911573427834,563.4538398350751,551.1357811319127
2025-05-06 12:00:00,557.2629,3710541,2025-05-06,2025-05-06 12:30:00,557.2629,2025-05-06 12:00:00,False,2025-05-06 16:00:00,2025-05-06 10:00:00,554.2603,12:30,3710541.0,15922552.0,0.005417310242136875,0.006640884301951676,14.0,560.2953,564.0161562622272,550.579521474535,True,557.2629,556.6710018030841,564.0161562622272,550.579521474535
2025-05-06 12:30:00,556.0648,1475060,2025-05-06,2025-05-06 13:00:00,556.0648,2025-05-06 12:30:00,False,2025-05-06 16:00:00,2025-05-06 10:00:00,554.2603,13:00,1475060.0,17397612.0,0.0032556905122014257,0.006690698538102851,14.0,560.2953,564.0440669446159,550.5519114210615,True,556.0648,556.6196048624203,564.0440669446159,550.5519114210615
2025-05-06 13:00:00,556.4861,1541506,2025-05-06,2025-05-06 13:30:00,556.4861,2025-05-06 13:00:00,False,2025-05-06 16:00:00,2025-05-06 10:00:00,554.2603,13:30,1541506.0,18939118.0,0.00401580268332391,0.006850946410021652,14.0,560.2953,564.133853074087,550.4630923874975,True,556.4861,556.6087385408498,564.133853074087,550.4630923874975
2025-05-06 13:30:00,555.2743,1300187,2025-05-06,2025-05-06 14:00:00,555.2743,2025-05-06 13:30:00,False,2025-05-06 16:00:00,2025-05-06 10:00:00,554.2603,14:00,1300187.0,20239305.0,0.0018294653252270976,0.0070729371016833775,14.0,560.2953,564.2582334152688,550.3400517601399,True,555.2743,556.5230132828376,564.2582334152688,550.3400517601399
2025-05-06 14:00:00,557.2629,1942852,2025-05-06,2025-05-06 14:30:00,557.2629,2025-05-06 14:00:00,False,2025-05-06 16:00:00,2025-05-06 10:00:00,554.2603,14:30,1942852.0,22182157.0,0.005417310242136875,0.007994663368327984,14.0,560.2953,564.7746723103563,549.8291754830716,True,557.2629,556.587817187535,564.7746723103563,549.8291754830716
2025-05-06 14:30:00,557.8099,1938262,2025-05-06,2025-05-06 15:00:00,557.8099,2025-05-06 14:30:00,False,2025-05-06 16:00:00,2025-05-06 10:00:00,554.2603,15:00,1938262.0,24120419.0,0.006404211162156059,0.008244782403102684,14.0,560.2953,564.9148128299811,549.6905444318216,True,557.8099,556.686020982264,564.9148128299811,549.6905444318216
2025-05-06 15:00:00,557.601,1833557,2025-05-06,2025-05-06 15:30:00,557.601,2025-05-06 15:00:00,False,2025-05-06 16:00:00,2025-05-06 10:00:00,554.2603,15:30,1833557.0,25953976.0,0.006027312437856258,0.008074929739452999,14.0,560.2953,564.8196451808457,549.7846870201319,True,557.601,556.750661027505,564.8196451808457,549.7846870201319
2025-05-06 15:30:00,555.6123,7690053,2025-05-06,2025-05-06 16:00:00,555.6223,2025-05-06 16:00:00,True,2025-05-06 16:00:00,2025-05-06 10:00:00,554.2603,16:00,7690053.0,33644029.0,0.0024392871003027228,0.008293438376201516,14.0,560.2953,564.9420745430253,549.663576357575,True,555.6223,556.4927502967585,564.9420745430253,549.663576357575
2025-05-07 09:30:00,558.1379,3254686,2025-05-07,2025-05-07 10:00:00,558.1379,2025-05-07 09:30:00,False,2025-05-07 16:00:00,2025-05-07 10:00:00,558.1379,10:00,3254686.0,3254686.0,0.0,0.0,14.0,555.6121,558.1379,555.6121,True,558.1379,558.1379,558.1379,555.6121
2025-05-07 10:00:00,558.6449,1724759,2025-05-07,2025-05-07 10:30:00,558.6449,2025-05-07 10:00:00,False,2025-05-07 16:00:00,2025-05-07 10:00:00,558.1379,10:30,1724759.0,4979445.0,0.000908377660789661,0.0034523969885182837,14.0,555.6121,560.0648136051378,553.6939064591758,True,558.6449,558.3135125056104,560.0648136051378,553.6939064591758
2025-05-07 10:30:00,556.2288,1855573,2025-05-07,2025-05-07 11:00:00,556.2288,2025-05-07 10:30:00,False,2025-05-07 16:00:00,2025-05-07 10:00:00,558.1379,11:00,1855573.0,6835018.0,0.003420480852491803,0.004598385690270284,14.0,555.6121,560.7044333325574,553.057181270019,True,556.2288,557.7475540490017,560.7044333325574,553.057181270019
2025-05-07 11:00:00,555.9305,2136758,2025-05-07,2025-05-07 11:30:00,555.9305,2025-05-07 11:00:00,False,2025-05-07 16:00:00,2025-05-07 10:00:00,558.1379,11:30,2136758.0,8971776.0,0.003954936584668167,0.005944990642030016,14.0,555.6121,561.4560245924622,552.3089912649014,True,555.9305,557.3147963903579,561.4560245924622,552.3089912649014
2025-05-07 11:30:00,556.6862,1655631,2025-05-07,2025-05-07 12:00:00,556.6862,2025-05-07 11:30:00,False,2025-05-07 16:00:00,2025-05-07 10:00:00,558.1379,12:00,1655631.0,10627407.0,0.0026009701186748835,0.005956603379216037,14.0,555.6121,561.4625061012084,552.3025390876068,True,556.6862,557.2168681120521,561.4625061012084,552.3025390876068
2025-05-07 12:00:00,556.0299,1018683,2025-05-07,2025-05-07 12:30:00,556.0299,2025-05-07 12:00:00,False,2025-05-07 16:00:00,2025-05-07 10:00:00,558.1379,12:30,1018683.0,11646090.0,0.0037768443963399623,0.006965832424354819,14.0,555.6121,562.0257950810812,551.7417992184562,True,556.0299,557.1130440614661,562.0257950810812,551.7417992184562
2025-05-07 12:30:00,558.0484,954124,2025-05-07,2025-05-07 13:00:00,558.0484,2025-05-07 12:30:00,False,2025-05-07 16:00:00,2025-05-07 10:00:00,558.1379,13:00,954124.0,12600214.0,0.00016035463637198433,0.0066105811612201925,14.0,555.6121,561.827515887103,551.9391811187941,True,558.0484,557.1838718703825,561.827515887103,551.9391811187941
2025-05-07 13:00:00,558.0683,927706,2025-05-07,2025-05-07 13:30:00,558.0683,2025-05-07 13:00:00,False,2025-05-07 16:00:00,2025-05-07 10:00:00,558.1379,13:30,927706.0,13527920.0,0.00012470036526801564,0.006649663203951035,14.0,555.6121,561.8493290563604,551.9174666629601,True,558.0683,557.2445234178795,561.8493290563604,551.9174666629601
2025-05-07 13:30:00,556.1194,1867404,2025-05-07,2025-05-07 14:00:00,556.1194,2025-05-07 13:30:00,False,2025-05-07 16:00:00,2025-05-07 10:00:00,558.1379,14:00,1867404.0,15395324.0,0.003616489759967756,0.006785676071048249,14.0,555.6121,561.925242992375,551.8418962682451,True,556.1194,557.1080495137874,561.925242992375,551.8418962682451
2025-05-07 14:00:00,554.7772,3956572,2025-05-07,2025-05-07 14:30:00,554.7772,2025-05-07 14:00:00,False,2025-05-07 16:00:00,2025-05-07 10:00:00,558.1379,14:30,3956572.0,19351896.0,0.00602127180397527,0.007856562259465285,14.0,555.6121,562.5229451607172,551.2468989442378,True,554.7772,556.6314980729123,562.5229451607172,551.2468989442378
2025-05-07 14:30:00,557.601,3850056,2025-05-07,2025-05-07 15:00:00,557.601,2025-05-07 14:30:00,False,2025-05-07 16:00:00,2025-05-07 10:00:00,558.1379,15:00,3850056.0,23201952.0,0.0009619486510411557,0.0083222759791296,14.0,555.6121,562.7828776382117,550.9881427664563,True,557.601,556.7923740505626,562.7828776382117,550.9881427664563
2025-05-07 15:00:00,554.8069,2852377,2025-05-07,2025-05-07 15:30:00,554.8069,2025-05-07 15:00:00,False,2025-05-07 16:00:00,2025-05-07 10:00:00,558.1379,15:30,2852377.0,26054329.0,0.005968059148106386,0.008113640147812693,14.0,555.6121,562.6664300734559,551.1040633588295,True,554.8069,556.5750082333151,562.6664300734559,551.1040633588295
2025-05-07 15:30:00,557.949,10227303,2025-05-07,2025-05-07 16:00:00,558.0484,2025-05-07 16:00:00,True,2025-05-07 16:00:00,2025-05-07 10:00:00,558.1379,16:00,10227303.0,36281632.0,0.00033844682470052234,0.007963717872311347,14.0,555.6121,562.5827527694443,551.1873619891576,True,558.0484,556.9903375116561,562.5827527694443,551.1873619891576
2025-05-08 09:30:00,560.8523,3227527,2025-05-08,2025-05-08 10:00:00,560.8523,2025-05-08 09:30:00,False,2025-05-08 16:00:00,2025-05-08 10:00:00,560.8523,10:00,3227527.0,3227527.0,0.0,0.0,14.0,557.9487,560.8523,557.9487,True,560.8523,560.8523,560.8523,557.9487
2025-05-08 10:00:00,561.2301,3007689,2025-05-08,2025-05-08 10:30:00,561.2301,2025-05-08 10:00:00,False,2025-05-08 16:00:00,2025-05-08 10:00:00,560.8523,10:30,3007689.0,6235216.0,0.0006736176351598289,0.0032219722607454743,14.0,557.9487,562.6593505529753,556.151004765681,True,561.2301,561.0345398621315,562.6593505529753,556.151004765681
2025-05-08 10:30:00,559.0824,3776895,2025-05-08,2025-05-08 11:00:00,559.0824,2025-05-08 10:30:00,False,2025-05-08 16:00:00,2025-05-08 10:00:00,560.8523,11:00,3776895.0,10012111.0,0.0031557328016663666,0.004486721277721888,14.0,557.9487,563.3686879480694,555.4453396958328,True,559.0824,560.2981290008671,563.3686879480694,555.4453396958328
2025-05-08 11:00:00,562.9503,4001532,2025-05-08,2025-05-08 11:30:00,562.9503,2025-05-08 11:00:00,False,2025-05-08 16:00:00,2025-05-08 10:00:00,560.8523,11:30,4001532.0,14013643.0,0.0037407353058906967,0.005551917116974178,14.0,557.9487,563.9661054844644,554.8510150620765,True,562.9503,561.0554443629397,563.9661054844644,554.8510150620765
2025-05-08 11:30:00,565.1277,6216752,2025-05-08,2025-05-08 12:00:00,565.1277,2025-05-08 11:30:00,False,2025-05-08 16:00:00,2025-05-08 10:00:00,560.8523,12:00,6216752.0,20230395.0,0.007623040861203467,0.005876751396574913,14.0,557.9487,564.1482895372973,554.6697741980579,True,565.1277,562.3068387809037,564.1482895372973,554.6697741980579
2025-05-08 12:00:00,565.5553,2047291,2025-05-08,2025-05-08 12:30:00,565.5553,2025-05-08 12:00:00,False,2025-05-08 16:00:00,2025-05-08 10:00:00,560.8523,12:30,2047291.0,22277686.0,0.008385451927361176,0.0069955897582564975,14.0,557.9487,564.7757926057747,554.0455197886474,True,565.5553,562.6053682339943,564.7757926057747,554.0455197886474
2025-05-08 12:30:00,566.8677,1818587,2025-05-08,2025-05-08 13:00:00,566.8677,2025-05-08 12:30:00,False,2025-05-08 16:00:00,2025-05-08 10:00:00,560.8523,13:00,1818587.0,24096273.0,0.010725461944258718,0.006480449559504863,14.0,557.9487,564.4868750404822,554.3329415928587,True,566.8677,562.9270537137091,564.4868750404822,554.3329415928587
2025-05-08 13:00:00,565.963,1496724,2025-05-08,2025-05-08 13:30:00,565.963,2025-05-08 13:00:00,False,2025-05-08 16:00:00,2025-05-08 10:00:00,560.8523,13:30,1496724.0,25592997.0,0.009112381281132231,0.006401017660981659,14.0,557.9487,564.4423254775022,554.3772605173783,True,565.963,563.1046012541321,564.4423254775022,554.3772605173783
2025-05-08 13:30:00,564.4243,1304498,2025-05-08,2025-05-08 14:00:00,564.4243,2025-05-08 13:30:00,False,2025-05-08 16:00:00,2025-05-08 10:00:00,560.8523,14:00,1304498.0,26897495.0,0.006368878223375285,0.0062935800334982485,14.0,557.9487,564.3820688370216,554.4372052019637,True,564.4243,563.1686051464867,564.3820688370216,554.4372052019637
2025-05-08 14:00:00,564.7897,1883503,2025-05-08,2025-05-08 14:30:00,564.7897,2025-05-08 14:00:00,False,2025-05-08 16:00:00,2025-05-08 10:00:00,560.8523,14:30,1883503.0,28780998.0,0.0070203866508169455,0.007774911012591138,14.0,557.9487,565.212876723707,553.6106985079091,True,564.7897,563.2746937894127,565.212876723707,553.6106985079091
2025-05-08 14:30:00,565.0681,1566394,2025-05-08,2025-05-08 15:00:00,565.0681,2025-05-08 14:30:00,False,2025-05-08 16:00:00,2025-05-08 10:00:00,560.8523,15:00,1566394.0,30347392.0,0.007516774024105777,0.00747336606134767,14.0,557.9487,565.0437545442488,553.778945121447,True,565.0681,563.3672612406068,565.0437545442488,553.778945121447
2025-05-08 15:00:00,565.8536,4589468,2025-05-08,2025-05-08 15:30:00,565.8536,2025-05-08 15:00:00,False,2025-05-08 16:00:00,2025-05-08 10:00:00,560.8523,15:30,4589468.0,34936860.0,0.008917321013036883,0.007348577576243932,14.0,557.9487,564.9737666353648,553.8485706944856,True,565.8536,563.6938782340457,564.9737666353648,553.8485706944856
2025-05-08 15:30:00,561.8366,9535938,2025-05-08,2025-05-08 16:00:00,561.7571,2025-05-08 16:00:00,True,2025-05-08 16:00:00,2025-05-08 10:00:00,560.8523,16:00,9535938.0,44472798.0,0.0017550075126731013,0.007441771316654292,14.0,557.9487,565.0260345590196,553.7965733681755,True,561.7571,563.2785907326924,565.0260345590196,553.7965733681755
2025-05-09 09:30:00,563.6462,2397630,2025-05-09,2025-05-09 10:00:00,563.6462,2025-05-09 09:30:00,False,2025-05-09 16:00:00,2025-05-09 10:00:00,563.6462,10:00,2397630.0,2397630.0,0.0,0.0,14.0,561.8364,563.6462,561.8364,True,563.6462,563.6462,563.6462,561.8364
2025-05-09 10:00:00,561.2102,2107776,2025-05-09,2025-05-09 10:30:00,561.2102,2025-05-09 10:00:00,False,2025-05-09 16:00:00,2025-05-09 10:00:00,563.6462,10:30,2107776.0,4505406.0,0.0043218600604422175,0.0028039658823597524,14.0,561.8364,565.2266447145217,560.2610299029323,True,561.2102,562.5065596799046,565.2266447145217,560.2610299029323
2025-05-09 10:30:00,561.2947,3258816,2025-05-09,2025-05-09 11:00:00,561.2947,2025-05-09 10:30:00,False,2025-05-09 16:00:00,2025-05-09 10:00:00,563.6462,11:00,3258816.0,7764222.0,0.004171943321892302,0.004224389109735811,14.0,561.8364,566.027260869024,559.4629844303869,True,561.2947,561.9979153218958,566.027260869024,559.4629844303869
2025-05-09 11:00:00,561.2898,1770255,2025-05-09,2025-05-09 11:30:00,561.2898,2025-05-09 11:00:00,False,2025-05-09 16:00:00,2025-05-09 10:00:00,563.6462,11:30,1770255.0,9534477.0,0.004180636718565722,0.005558167381924812,14.0,561.8364,566.7790399237858,558.7136192475419,True,561.2898,561.8664403926299,566.7790399237858,558.7136192475419
2025-05-09 11:30:00,562.3104,1268622,2025-05-09,2025-05-09 12:00:00,562.3104,2025-05-09 11:30:00,False,2025-05-09 16:00:00,2025-05-09 10:00:00,563.6462,12:00,1268622.0,10803099.0,0.0023699263828977912,0.006149696373295813,14.0,561.8364,567.1124529919621,558.3812767285344,True,562.3104,561.9185751481311,567.1124529919621,558.3812767285344
2025-05-09 12:00:00,560.6335,1256913,2025-05-09,2025-05-09 12:30:00,560.6335,2025-05-09 12:00:00,False,2025-05-09 16:00:00,2025-05-09 10:00:00,563.6462,12:30,1256913.0,12060012.0,0.005345019624012348,0.007478339465322892,14.0,561.8364,567.8613376219392,557.6347966768251,True,560.6335,561.7846426396342,567.8613376219392,557.6347966768251
2025-05-09 12:30:00,560.1562,1117633,2025-05-09,2025-05-09 13:00:00,560.1562,2025-05-09 12:30:00,False,2025-05-09 16:00:00,2025-05-09 10:00:00,563.6462,13:00,1117633.0,13177645.0,0.0061918274264956,0.00706143419611434,14.0,561.8364,567.62635055119,557.8690292324183,True,560.1562,561.6465298560023,567.62635055119,557.8690292324183
2025-05-09 13:00:00,560.7507,1513045,2025-05-09,2025-05-09 13:30:00,560.7507,2025-05-09 13:00:00,False,2025-05-09 16:00:00,2025-05-09 10:00:00,563.6462,13:30,1513045.0,14690690.0,0.005137087768887549,0.006928285014696778,14.0,561.8364,567.5513015210508,557.9438372891689,True,560.7507,561.5542652391276,567.5513015210508,557.9438372891689
2025-05-09 13:30:00,561.9659,1268942,2025-05-09,2025-05-09 14:00:00,561.9659,2025-05-09 13:30:00,False,2025-05-09 16:00:00,2025-05-09 10:00:00,563.6462,14:00,1268942.0,15959632.0,0.0029811253939083793,0.006624244210986626,14.0,561.8364,567.3799300773946,558.1146584797784,True,561.9659,561.5869941038491,567.3799300773946,558.1146584797784
2025-05-09 14:00:00,561.0809,842110,2025-05-09,2025-05-09 14:30:00,561.0809,2025-05-09 14:00:00,False,2025-05-09 16:00:00,2025-05-09 10:00:00,563.6462,14:30,842110.0,16801742.0,0.004551259282862152,0.008077740178452118,14.0,561.8364,568.199187556172,557.2980315380031,True,561.0809,561.5616284658222,568.199187556172,557.2980315380031
2025-05-09 14:30:00,561.6154,716842,2025-05-09,2025-05-09 15:00:00,561.6154,2025-05-09 14:30:00,False,2025-05-09 16:00:00,2025-05-09 10:00:00,563.6462,15:00,716842.0,17518584.0,0.0036029693804375817,0.00799408068005226,14.0,561.8364,568.1520331978049,557.34503448941,True,561.6154,561.563828740348,568.1520331978049,557.34503448941
2025-05-09 15:00:00,561.767,1576496,2025-05-09,2025-05-09 15:30:00,561.767,2025-05-09 15:00:00,False,2025-05-09 16:00:00,2025-05-09 10:00:00,563.6462,15:30,1576496.0,19095080.0,0.003334006332341044,0.007788274519271309,14.0,561.8364,568.0360313373441,557.4606638818809,True,561.767,561.5806026254617,568.0360313373441,557.4606638818809
2025-05-09 15:30:00,561.1208,5512203,2025-05-09,2025-05-09 16:00:00,561.0114,2025-05-09 16:00:00,True,2025-05-09 16:00:00,2025-05-09 10:00:00,563.6462,16:00,5512203.0,24607283.0,0.0044804701956653314,0.0072631346647127415,14.0,561.8364,567.7400382538536,557.7557065672626,True,561.0114,561.453097267813,567.7400382538536,557.7557065672626
2025-05-12 09:30:00,575.5974,7788443,2025-05-12,2025-05-12 10:00:00,575.5974,2025-05-12 09:30:00,False,2025-05-12 16:00:00,2025-05-12 10:00:00,575.5974,10:00,7788443.0,7788443.0,0.0,0.0,14.0,561.1205,575.5974,561.1205,True,575.5974,575.5974,575.5974,561.1205
2025-05-12 10:00:00,574.8917,3968570,2025-05-12,2025-05-12 10:30:00,574.8917,2025-05-12 10:00:00,False,2025-05-12 16:00:00,2025-05-12 10:00:00,575.5974,10:30,3968570.0,11757013.0,0.0012260305553847273,0.002860023056542292,14.0,561.1205,577.2436218352858,559.5156824325014,True,574.8917,575.3591915495202,577.2436218352858,559.5156824325014
2025-05-12 10:30:00,575.8164,4132002,2025-05-12,2025-05-12 11:00:00,575.8164,2025-05-12 10:30:00,False,2025-05-12 16:00:00,2025-05-12 10:00:00,575.5974,11:00,4132002.0,15889015.0,0.00038047426899434633,0.00414134555809853,14.0,561.1205,577.9811477357431,558.796706109767,True,575.8164,575.4780904385829,577.9811477357431,558.796706109767
2025-05-12 11:00:00,575.571,3118077,2025-05-12,2025-05-12 11:30:00,575.571,2025-05-12 11:00:00,False,2025-05-12 16:00:00,2025-05-12 10:00:00,575.5974,11:30,3118077.0,19007092.0,4.586539133077938e-05,0.005260378255321219,14.0,561.1205,578.6252600467793,558.168793923185,True,575.571,575.4933320739964,578.6252600467793,558.168793923185
2025-05-12 11:30:00,574.8917,2484867,2025-05-12,2025-05-12 12:00:00,574.8917,2025-05-12 11:30:00,False,2025-05-12 16:00:00,2025-05-12 10:00:00,575.5974,12:00,2484867.0,21491959.0,0.0012260305553847273,0.0054450838404050406,14.0,561.1205,578.7315761013191,558.06515183293,True,574.8917,575.423772305768,578.7315761013191,558.06515183293
2025-05-12 12:00:00,576.0054,2215874,2025-05-12,2025-05-12 12:30:00,576.0054,2025-05-12 12:00:00,False,2025-05-12 16:00:00,2025-05-12 10:00:00,575.5974,12:30,2215874.0,23707833.0,0.0007088287751126909,0.007064918534560356,14.0,561.1205,579.6639487397048,557.1562293794282,True,576.0054,575.4781346629403,579.6639487397048,557.1562293794282
2025-05-12 12:30:00,577.8149,2161960,2025-05-12,2025-05-12 13:00:00,577.8149,2025-05-12 12:30:00,False,2025-05-12 16:00:00,2025-05-12 10:00:00,575.5974,13:00,2161960.0,25869793.0,0.0038525191392455582,0.00665465443279954,14.0,561.1205,579.4278017894178,557.3864369773403,True,577.8149,575.6734200750852,579.4278017894178,557.3864369773403
2025-05-12 13:00:00,577.994,3341729,2025-05-12,2025-05-12 13:30:00,577.994,2025-05-12 13:00:00,False,2025-05-12 16:00:00,2025-05-12 10:00:00,575.5974,13:30,3341729.0,29211522.0,0.004163674123614847,0.006262568506296536,14.0,561.1205,579.2021181495461,557.6064444284626,True,577.994,575.9388889278175,579.2021181495461,557.6064444284626
2025-05-12 13:30:00,578.2574,1593404,2025-05-12,2025-05-12 14:00:00,578.2574,2025-05-12 13:30:00,False,2025-05-12 16:00:00,2025-05-12 10:00:00,575.5974,14:00,1593404.0,30804926.0,0.004621285641665418,0.005678484527388505,14.0,561.1205,578.8659209299051,557.9341859227495,True,578.2574,576.0588153583002,578.8659209299051,557.9341859227495
2025-05-12 14:00:00,578.7098,1894541,2025-05-12,2025-05-12 14:30:00,578.7098,2025-05-12 14:00:00,False,2025-05-12 16:00:00,2025-05-12 10:00:00,575.5974,14:30,1894541.0,32699467.0,0.005407251665834556,0.007374302552286526,14.0,561.1205,579.8420293759095,556.9826276647096,True,578.7098,576.212408048177,579.8420293759095,556.9826276647096
2025-05-12 14:30:00,578.2325,2294649,2025-05-12,2025-05-12 15:00:00,578.2325,2025-05-12 14:30:00,False,2025-05-12 16:00:00,2025-05-12 10:00:00,575.5974,15:00,2294649.0,34994116.0,0.004578026238478472,0.007061386633142985,14.0,561.1205,579.6619157864319,557.1582112017174,True,578.2325,576.3448703734765,579.6619157864319,557.1582112017174
2025-05-12 15:00:00,578.1431,2547851,2025-05-12,2025-05-12 15:30:00,578.1431,2025-05-12 15:00:00,False,2025-05-12 16:00:00,2025-05-12 10:00:00,575.5974,15:30,2547851.0,37541967.0,0.0044227093451083554,0.00706416221926682,14.0,561.1205,579.6635134065882,557.1566537634438,True,578.1431,576.4669103601444,579.6635134065882,557.1566537634438
2025-05-12 15:30:00,579.6644,11745018,2025-05-12,2025-05-12 16:00:00,579.6644,2025-05-12 16:00:00,True,2025-05-12 16:00:00,2025-05-12 10:00:00,575.5974,16:00,11745018.0,49286985.0,0.007065702520546502,0.007098590082216106,14.0,561.1205,579.6833299949893,557.1373355837718,True,579.6644,577.2288675659853,579.6833299949893,557.1373355837718
2025-05-13 09:30:00,581.9811,4936618,2025-05-13,2025-05-13 10:00:00,581.9811,2025-05-13 09:30:00,False,2025-05-13 16:00:00,2025-05-13 10:00:00,581.9811,10:00,4936618.0,4936618.0,0.0,0.0,14.0,579.6641,581.9811,579.6641,True,581.9811,581.9811,581.9811,579.6641
2025-05-13 10:00:00,583.5719,5538720,2025-05-13,2025-05-13 10:30:00,583.5719,2025-05-13 10:00:00,False,2025-05-13 16:00:00,2025-05-13 10:00:00,581.9811,10:30,5538720.0,10475338.0,0.002733422099102656,0.0027915788920480794,14.0,579.6641,583.6057461543309,578.045921933962,True,583.5719,582.822218040869,583.6057461543309,578.045921933962
2025-05-13 10:30:00,583.6118,2772345,2025-05-13,2025-05-13 11:00:00,583.6118,2025-05-13 10:30:00,False,2025-05-13 16:00:00,2025-05-13 10:00:00,581.9811,11:00,2772345.0,13247683.0,0.002801981026531619,0.0037907899743857714,14.0,579.6641,584.187268119162,577.4667151412086,True,583.6118,582.9874539992238,584.187268119162,577.4667151412086
2025-05-13 11:00:00,584.3873,2574855,2025-05-13,2025-05-13 11:30:00,584.3873,2025-05-13 11:00:00,False,2025-05-13 16:00:00,2025-05-13 10:00:00,581.9811,11:30,2574855.0,15822538.0,0.004134498525811159,0.004848978790053201,14.0,579.6641,584.8031140101118,576.8533210737447,True,584.3873,583.2152556625429,584.8031140101118,576.8533210737447
2025-05-13 11:30:00,584.3574,2575029,2025-05-13,2025-05-13 12:00:00,584.3574,2025-05-13 11:30:00,False,2025-05-13 16:00:00,2025-05-13 10:00:00,581.9811,12:00,2575029.0,18397567.0,0.0040831222869608386,0.00494552959656791,14.0,579.6641,584.8593047546931,576.7973540373821,True,584.3574,583.3751167349955,584.8593047546931,576.7973540373821
2025-05-13 12:00:00,584.2779,1808970,2025-05-13,2025-05-13 12:30:00,584.2779,2025-05-13 12:00:00,False,2025-05-13 16:00:00,2025-05-13 10:00:00,581.9811,12:30,1808970.0,20206537.0,0.0039465199127601824,0.006165072630625649,14.0,579.6641,585.5690557511514,576.0904287221338,True,584.2779,583.4559375031902,585.5690557511514,576.0904287221338
2025-05-13 12:30:00,584.6408,1748676,2025-05-13,2025-05-13 13:00:00,584.6408,2025-05-13 12:30:00,False,2025-05-13 16:00:00,2025-05-13 10:00:00,581.9811,13:00,1748676.0,21955213.0,0.004570079681281758,0.00615248457913385,14.0,579.6641,585.5617297430973,576.0977255636725,True,584.6408,583.5503087402841,585.5617297430973,576.0977255636725
2025-05-13 13:00:00,584.9936,1770251,2025-05-13,2025-05-13 13:30:00,584.9936,2025-05-13 13:00:00,False,2025-05-13 16:00:00,2025-05-13 10:00:00,581.9811,13:30,1770251.0,23725464.0,0.0051762849343390815,0.006468964578765319,14.0,579.6641,585.7459151214108,575.9142734695181,True,584.9936,583.6579984274407,585.7459151214108,575.9142734695181
2025-05-13 13:30:00,584.5762,2473766,2025-05-13,2025-05-13 14:00:00,584.5762,2025-05-13 13:30:00,False,2025-05-13 16:00:00,2025-05-13 10:00:00,581.9811,14:00,2473766.0,26199230.0,0.0044590795130632355,0.005996945567548643,14.0,579.6641,585.471208978042,576.187885944838,True,584.5762,583.744696236168,585.471208978042,576.187885944838
2025-05-13 14:00:00,584.5662,2191466,2025-05-13,2025-05-13 14:30:00,584.5662,2025-05-13 14:00:00,False,2025-05-13 16:00:00,2025-05-13 10:00:00,581.9811,14:30,2191466.0,28390696.0,0.0044418968244845924,0.0072870033157877755,14.0,579.6641,586.2219982054257,575.4400857812568,True,584.5662,583.8081077695559,586.2219982054257,575.4400857812568
2025-05-13 14:30:00,585.2275,1981883,2025-05-13,2025-05-13 15:00:00,585.2275,2025-05-13 14:30:00,False,2025-05-13 16:00:00,2025-05-13 10:00:00,581.9811,15:00,1981883.0,30372579.0,0.005578188020195052,0.006712646409837145,14.0,579.6641,585.887733341508,575.7730198602235,True,585.2275,583.9007264876386,585.887733341508,575.7730198602235
2025-05-13 15:00:00,585.1529,2294715,2025-05-13,2025-05-13 15:30:00,585.1529,2025-05-13 15:00:00,False,2025-05-13 16:00:00,2025-05-13 10:00:00,581.9811,15:30,2294715.0,32667294.0,0.005450005163398108,0.007007127671475948,14.0,579.6641,586.0591158700861,575.6023196447288,True,585.1529,583.9886854517763,586.0591158700861,575.6023196447288
2025-05-13 15:30:00,583.4924,8730256,2025-05-13,2025-05-13 16:00:00,583.4924,2025-05-13 16:00:00,True,2025-05-13 16:00:00,2025-05-13 10:00:00,581.9811,16:00,8730256.0,41397550.0,0.0025968197249017777,0.006873832917780638,14.0,579.6641,585.9815408427062,575.6795858281642,True,583.4924,583.884024691826,585.9815408427062,575.6795858281642
2025-05-14 09:30:00,584.1653,5453484,2025-05-14,2025-05-14 10:00:00,584.1653,2025-05-14 09:30:00,False,2025-05-14 16:00:00,2025-05-14 10:00:00,584.1653,10:00,5453484.0,5453484.0,0.0,0.0,14.0,583.4922,584.1653,583.4922,True,584.1653,584.1653,584.1653,583.4922
2025-05-14 10:00:00,584.1983,3417684,2025-05-14,2025-05-14 10:30:00,584.1983,2025-05-14 10:00:00,False,2025-05-14 16:00:00,2025-05-14 10:00:00,584.1653,10:30,3417684.0,8871168.0,5.649085969339218e-05,0.0029316778026579537,14.0,583.4922,585.8778844430931,581.781588869236,True,584.1983,584.1780134974786,585.8778844430931,581.781588869236
2025-05-14 10:30:00,584.1983,2343556,2025-05-14,2025-05-14 11:00:00,584.1983,2025-05-14 10:30:00,False,2025-05-14 16:00:00,2025-05-14 10:00:00,584.1653,11:00,2343556.0,11214724.0,5.649085969339218e-05,0.003795341111552053,14.0,583.4922,586.3824065790321,581.27764806507,True,584.1983,584.1822527952717,586.3824065790321,581.27764806507
2025-05-14 11:00:00,584.5165,3206015,2025-05-14,2025-05-14 11:30:00,584.5165,2025-05-14 11:00:00,False,2025-05-14 16:00:00,2025-05-14 10:00:00,584.1653,11:30,3206015.0,14420739.0,0.000601199694675314,0.004415750758806648,14.0,583.4922,586.7448283667436,580.9156438750923,True,584.5165,584.2565625481953,586.7448283667436,580.9156438750923
2025-05-14 11:30:00,584.6061,2028692,2025-05-14,2025-05-14 12:00:00,584.6061,2025-05-14 11:30:00,False,2025-05-14 16:00:00,2025-05-14 10:00:00,584.1653,12:00,2028692.0,16449431.0,0.0007545809379638779,0.0043530836951132645,14.0,583.4922,586.708220442681,580.9522096179543,True,584.6061,584.2996706552282,586.708220442681,580.9522096179543
2025-05-14 12:00:00,584.5861,1399282,2025-05-14,2025-05-14 12:30:00,584.5861,2025-05-14 12:00:00,False,2025-05-14 16:00:00,2025-05-14 10:00:00,584.1653,12:30,1399282.0,17848713.0,0.0007203440533012362,0.005419124030891612,14.0,583.4922,587.3309642152431,580.3301833971422,True,584.5861,584.322125799552,587.3309642152431,580.3301833971422
2025-05-14 12:30:00,584.1188,1834110,2025-05-14,2025-05-14 13:00:00,584.1188,2025-05-14 12:30:00,False,2025-05-14 16:00:00,2025-05-14 10:00:00,584.1653,13:00,1834110.0,19682823.0,7.96007568406587e-05,0.005721496309861304,14.0,583.4922,587.5075996082991,580.1537515308672,True,584.1188,584.3031792347114,587.5075996082991,580.1537515308672
2025-05-14 13:00:00,583.014,3075431,2025-05-14,2025-05-14 13:30:00,583.014,2025-05-14 13:00:00,False,2025-05-14 16:00:00,2025-05-14 10:00:00,584.1653,13:30,3075431.0,22758254.0,0.0019708462656032877,0.006090465405187111,14.0,583.4922,587.7231385505609,579.9384609417035,True,583.014,584.1289663191254,587.7231385505609,579.9384609417035
2025-05-14 13:30:00,583.9896,1946087,2025-05-14,2025-05-14 14:00:00,583.9896,2025-05-14 13:30:00,False,2025-05-14 16:00:00,2025-05-14 10:00:00,584.1653,14:00,1946087.0,24704341.0,0.00030077103176107123,0.005547519775896769,14.0,583.4922,587.4059685541426,580.2552654814185,True,583.9896,584.1179877230201,587.4059685541426,580.2552654814185
2025-05-14 14:00:00,583.5023,2013826,2025-05-14,2025-05-14 14:30:00,583.5023,2025-05-14 14:00:00,False,2025-05-14 16:00:00,2025-05-14 10:00:00,584.1653,14:30,2013826.0,26718167.0,0.0011349527265656079,0.006622382383556692,14.0,583.4922,588.0338659918051,579.6280915337773,True,583.5023,584.0715815476076,588.0338659918051,579.6280915337773
2025-05-14 14:30:00,584.2978,2647781,2025-05-14,2025-05-14 15:00:00,584.2978,2025-05-14 14:30:00,False,2025-05-14 16:00:00,2025-05-14 10:00:00,584.1653,15:00,2647781.0,29365948.0,0.00022681936088986276,0.006083245532062742,14.0,583.4922,587.7189209512111,579.9426736813566,True,584.2978,584.0919785366677,587.7189209512111,579.9426736813566
2025-05-14 15:00:00,583.6515,2902044,2025-05-14,2025-05-14 15:30:00,583.6515,2025-05-14 15:00:00,False,2025-05-14 16:00:00,2025-05-14 10:00:00,584.1653,15:30,2902044.0,32267992.0,0.0008795455669824426,0.006146734567661397,14.0,583.4922,587.7560090427382,579.9056283242993,True,583.6515,584.0523637972545,587.7560090427382,579.9056283242993
2025-05-14 15:30:00,584.2382,11112480,2025-05-14,2025-05-14 16:00:00,584.2382,2025-05-14 16:00:00,True,2025-05-14 16:00:00,2025-05-14 10:00:00,584.1653,16:00,11112480.0,43380472.0,0.0001247934445951504,0.005914651030317376,14.0,583.4922,587.6204338935207,580.0410472580878,True,584.2382,584.0999681913765,587.6204338935207,580.0410472580878
2025-05-15 09:30:00,582.7765,4980888,2025-05-15,2025-05-15 10:00:00,582.7765,2025-05-15 09:30:00,False,2025-05-15 16:00:00,2025-05-15 10:00:00,582.7765,10:00,4980888.0,4980888.0,0.0,0.0,14.0,584.2379,584.2379,582.7765,True,582.7765,582.7765,584.2379,582.7765
2025-05-15 10:00:00,582.5179,3636643,2025-05-15,2025-05-15 10:30:00,582.5179,2025-05-15 10:00:00,False,2025-05-15 16:00:00,2025-05-15 10:00:00,582.7765,10:30,3636643.0,8617531.0,0.00044373786520213176,0.002584483224757334,14.0,584.2379,585.7478530518174,581.2703239119672,True,582.5179,582.6673694520739,585.7478530518174,581.2703239119672
2025-05-15 10:30:00,583.2537,2939006,2025-05-15,2025-05-15 11:00:00,583.2537,2025-05-15 10:30:00,False,2025-05-15 16:00:00,2025-05-15 10:00:00,582.7765,11:00,2939006.0,11556537.0,0.0008188387829637378,0.0034006607551493873,14.0,584.2379,586.2246948982008,580.7946748274268,True,583.2537,582.8164823739068,586.2246948982008,580.7946748274268
2025-05-15 11:00:00,585.0037,4287015,2025-05-15,2025-05-15 11:30:00,585.0037,2025-05-15 11:00:00,False,2025-05-15 16:00:00,2025-05-15 10:00:00,582.7765,11:30,4287015.0,15843552.0,0.003821705233481243,0.004067888033995374,14.0,584.2379,586.6145143624165,580.4058304491564,True,585.0037,583.4083089271522,586.6145143624165,580.4058304491564
2025-05-15 11:30:00,585.7196,2441785,2025-05-15,2025-05-15 12:00:00,585.7196,2025-05-15 11:30:00,False,2025-05-15 16:00:00,2025-05-15 10:00:00,582.7765,12:00,2441785.0,18285337.0,0.00505013500029583,0.003963244645086231,14.0,584.2379,586.5533777286313,580.4668141570929,True,585.7196,583.7169538196316,586.5533777286313,580.4668141570929
2025-05-15 12:00:00,585.7892,2636822,2025-05-15,2025-05-15 12:30:00,585.7892,2025-05-15 12:00:00,False,2025-05-15 16:00:00,2025-05-15 10:00:00,582.7765,12:30,2636822.0,20922159.0,0.005169563288842216,0.00481235451032216,14.0,584.2379,587.0494598931662,579.9719728817153,True,585.7892,583.9781192336699,587.0494598931662,579.9719728817153
2025-05-15 12:30:00,586.8232,2025010,2025-05-15,2025-05-15 13:00:00,586.8232,2025-05-15 12:30:00,False,2025-05-15 16:00:00,2025-05-15 10:00:00,582.7765,13:00,2025010.0,22947169.0,0.006943828380176598,0.004936555850780923,14.0,584.2379,587.1220230234929,579.8995912592275,True,586.8232,584.2291879821777,587.1220230234929,579.8995912592275
2025-05-15 13:00:00,587.3005,2450179,2025-05-15,2025-05-15 13:30:00,587.3005,2025-05-15 13:00:00,False,2025-05-15 16:00:00,2025-05-15 10:00:00,582.7765,13:30,2450179.0,25397348.0,0.007762838755509094,0.005503906088589916,14.0,584.2379,587.453490534995,579.568952873363,True,587.3005,584.5254891632505,587.453490534995,579.568952873363
2025-05-15 13:30:00,586.4753,2306081,2025-05-15,2025-05-15 14:00:00,586.4753,2025-05-15 13:30:00,False,2025-05-15 16:00:00,2025-05-15 10:00:00,582.7765,14:00,2306081.0,27703429.0,0.006346858529813648,0.004803531606268975,14.0,584.2379,587.0443052182301,579.9771146628592,True,586.4753,584.6877947653556,587.0443052182301,579.9771146628592
2025-05-15 14:00:00,586.0975,2845340,2025-05-15,2025-05-15 14:30:00,586.0975,2025-05-15 14:00:00,False,2025-05-15 16:00:00,2025-05-15 10:00:00,582.7765,14:30,2845340.0,30548769.0,0.005698582561239007,0.005908855962937347,14.0,584.2379,587.6900775991891,579.3329576029153,True,586.0975,584.8190959870954,587.6900775991891,579.3329576029153
2025-05-15 14:30:00,586.3856,2379827,2025-05-15,2025-05-15 15:00:00,586.3856,2025-05-15 14:30:00,False,2025-05-15 16:00:00,2025-05-15 10:00:00,582.7765,15:00,2379827.0,32928596.0,0.006192940175178574,0.005225407643099438,14.0,584.2379,587.2907811880484,579.7312552226813,True,586.3856,584.932310912673,587.2907811880484,579.7312552226813
2025-05-15 15:00:00,585.5307,3509628,2025-05-15,2025-05-15 15:30:00,585.5307,2025-05-15 15:00:00,False,2025-05-15 16:00:00,2025-05-15 10:00:00,582.7765,15:30,3509628.0,36438224.0,0.004725997016008732,0.005490428016518072,14.0,584.2379,587.4456161344716,579.5768075770317,True,585.5307,584.9899460788595,587.4456161344716,579.5768075770317
2025-05-15 15:30:00,587.0917,10521917,2025-05-15,2025-05-15 16:00:00,587.0917,2025-05-15 16:00:00,True,2025-05-15 16:00:00,2025-05-15 10:00:00,582.7765,16:00,10521917.0,46960141.0,0.007404553889870158,0.004968762466926632,14.0,584.2379,587.140839349276,579.8808220001931,True,587.0917,585.4608663069879,587.140839349276,579.8808220001931
2025-05-16 09:30:00,587.2608,4321983,2025-05-16,2025-05-16 10:00:00,587.2608,2025-05-16 09:30:00,False,2025-05-16 16:00:00,2025-05-16 10:00:00,587.2608,10:00,4321983.0,4321983.0,0.0,0.0,14.0,587.0915,587.2608,587.0915,True,587.2608,587.2608,587.2608,587.0915
2025-05-16 10:00:00,587.4696,3051881,2025-05-16,2025-05-16 10:30:00,587.4696,2025-05-16 10:00:00,False,2025-05-16 16:00:00,2025-05-16 10:00:00,587.2608,10:30,3051881.0,7373864.0,0.0003555490167230779,0.0024981709236153566,14.0,587.0915,588.7278778551391,585.6248450851982,True,587.4696,587.347217752321,588.7278778551391,585.6248450851982
2025-05-16 10:30:00,587.1315,3266050,2025-05-16,2025-05-16 11:00:00,587.1315,2025-05-16 10:30:00,False,2025-05-16 16:00:00,2025-05-16 10:00:00,587.2608,11:00,3266050.0,10639914.0,0.0002201747502984519,0.0033321610863089523,14.0,587.0915,589.2176475852747,585.1352165495972,True,587.1315,587.2810005850611,589.2176475852747,585.1352165495972
2025-05-16 11:00:00,587.5391,1847700,2025-05-16,2025-05-16 11:30:00,587.5391,2025-05-16 11:00:00,False,2025-05-16 16:00:00,2025-05-16 10:00:00,587.2608,11:30,1847700.0,12487614.0,0.0004738950735345693,0.004219106355652662,14.0,587.0915,589.7385157737057,584.6144985210003,True,587.5391,587.3191896489593,589.7385157737057,584.6144985210003
2025-05-16 11:30:00,587.6585,1951492,2025-05-16,2025-05-16 12:00:00,587.6585,2025-05-16 11:30:00,False,2025-05-16 16:00:00,2025-05-16 10:00:00,587.2608,12:00,1951492.0,14439106.0,0.0006772118963158658,0.0041275740997018095,14.0,587.0915,589.6847624678502,584.668236330445,True,587.6585,587.3650485432408,589.6847624678502,584.668236330445
2025-05-16 12:00:00,588.6876,2120734,2025-05-16,2025-05-16 12:30:00,588.6876,2025-05-16 12:00:00,False,2025-05-16 16:00:00,2025-05-16 10:00:00,587.2608,12:30,2120734.0,16559840.0,0.002429584947607477,0.004816985539240918,14.0,587.0915,590.089626781363,584.2634887342888,True,588.6876,587.5344209430406,590.089626781363,584.2634887342888
2025-05-16 12:30:00,588.8521,1992172,2025-05-16,2025-05-16 13:00:00,588.8521,2025-05-16 12:30:00,False,2025-05-16 16:00:00,2025-05-16 10:00:00,587.2608,13:00,1992172.0,18552012.0,0.0027096989957442474,0.004974298597996625,14.0,587.0915,590.1820105740984,584.1711315746543,True,588.8521,587.6759173652216,590.1820105740984,584.1711315746543
2025-05-16 13:00:00,589.7465,2112888,2025-05-16,2025-05-16 13:30:00,589.7465,2025-05-16 13:00:00,False,2025-05-16 16:00:00,2025-05-16 10:00:00,587.2608,13:30,2112888.0,20664900.0,0.004232702063546423,0.005348780451307719,14.0,587.0915,590.4019290868594,583.9512764616711,True,589.7465,587.8876246177141,590.4019290868594,583.9512764616711
2025-05-16 13:30:00,589.4214,2278452,2025-05-16,2025-05-16 14:00:00,589.4214,2025-05-16 13:30:00,False,2025-05-16 16:00:00,2025-05-16 10:00:00,587.2608,14:00,2278452.0,22943352.0,0.003679114969022068,0.004947901350658558,14.0,587.0915,590.1665085055089,584.1866291741899,True,589.4214,588.0399403555068,590.1665085055089,584.1866291741899
2025-05-16 14:00:00,589.8957,1884999,2025-05-16,2025-05-16 14:30:00,589.8957,2025-05-16 14:00:00,False,2025-05-16 16:00:00,2025-05-16 10:00:00,587.2608,14:30,1884999.0,24828351.0,0.004486762950975054,0.00576745464883488,14.0,587.0915,590.6478000310385,583.7054763990335,True,589.8957,588.1808319142782,590.6478000310385,583.7054763990335
2025-05-16 14:30:00,590.2138,2534854,2025-05-16,2025-05-16 15:00:00,590.2138,2025-05-16 14:30:00,False,2025-05-16 16:00:00,2025-05-16 10:00:00,587.2608,15:00,2534854.0,27363205.0,0.005028430298770203,0.0051034769869213415,14.0,587.0915,590.2578719781211,584.0952920405329,True,590.2138,588.3691606310335,590.2578719781211,584.0952920405329
2025-05-16 15:00:00,590.4027,2665861,2025-05-16,2025-05-16 15:30:00,590.4027,2025-05-16 15:00:00,False,2025-05-16 16:00:00,2025-05-16 10:00:00,587.2608,15:30,2665861.0,30029066.0,0.005350093178362991,0.005306918540114122,14.0,587.0915,590.3773452274023,583.9758532339066,True,590.4027,588.5496901651753,590.3773452274023,583.9758532339066
2025-05-16 15:30:00,590.8104,9145778,2025-05-16,2025-05-16 16:00:00,590.8402,2025-05-16 16:00:00,True,2025-05-16 16:00:00,2025-05-16 10:00:00,587.2608,16:00,9145778.0,39174844.0,0.006044333284291881,0.004833868236191792,14.0,587.0915,590.0995413274806,584.2535770464118,True,590.8402,589.084433697431,590.0995413274806,584.2535770464118
2025-05-19 09:30:00,587.9369,6656256,2025-05-19,2025-05-19 10:00:00,587.9369,2025-05-19 09:30:00,False,2025-05-19 16:00:00,2025-05-19 10:00:00,587.9369,10:00,6656256.0,6656256.0,0.0,0.0,14.0,590.8102,590.8102,587.9369,True,587.9369,587.9369,590.8102,587.9369
2025-05-19 10:00:00,588.8815,5247580,2025-05-19,2025-05-19 10:30:00,588.8815,2025-05-19 10:00:00,False,2025-05-19 16:00:00,2025-05-19 10:00:00,587.9369,10:30,5247580.0,11903836.0,0.001606634997735279,0.00242880982383707,14.0,590.8102,592.2451656177831,586.5089130814837,True,588.8815,588.3533089683359,592.2451656177831,586.5089130814837
2025-05-19 10:30:00,588.623,2124173,2025-05-19,2025-05-19 11:00:00,588.623,2025-05-19 10:30:00,False,2025-05-19 16:00:00,2025-05-19 10:00:00,587.9369,11:00,2124173.0,14028009.0,0.0011669619647958207,0.003301801628347193,14.0,590.8102,592.7609380804042,585.9956489862146,True,588.623,588.3941465816996,592.7609380804042,585.9956489862146
2025-05-19 11:00:00,588.9709,1729000,2025-05-19,2025-05-19 11:30:00,588.9709,2025-05-19 11:00:00,False,2025-05-19 16:00:00,2025-05-19 10:00:00,587.9369,11:30,1729000.0,15757009.0,0.001758692131757611,0.003855739737136662,14.0,590.8102,593.0882103652457,585.6699683317411,True,588.9709,588.4574331267693,593.0882103652457,585.6699683317411
2025-05-19 11:30:00,589.7763,1968392,2025-05-19,2025-05-19 12:00:00,589.7763,2025-05-19 11:30:00,False,2025-05-19 16:00:00,2025-05-19 10:00:00,587.9369,12:00,1968392.0,17725401.0,0.003128567028196416,0.003808575185682133,14.0,590.8102,593.060345067168,585.6976981119132,True,589.7763,588.6038922676559,593.060345067168,585.6976981119132
2025-05-19 12:00:00,590.6313,1683072,2025-05-19,2025-05-19 12:30:00,590.6313,2025-05-19 12:00:00,False,2025-05-19 16:00:00,2025-05-19 10:00:00,587.9369,12:30,1683072.0,19408473.0,0.004582804719349909,0.004446618467182013,14.0,590.8102,593.4373075459196,585.3225689229223,True,590.6313,588.7797058510786,593.4373075459196,585.3225689229223
2025-05-19 12:30:00,591.1683,2271002,2025-05-19,2025-05-19 13:00:00,591.1683,2025-05-19 12:30:00,False,2025-05-19 16:00:00,2025-05-19 10:00:00,587.9369,13:00,2271002.0,21679475.0,0.005496168041162264,0.004670678677476249,14.0,590.8102,593.5696846035754,585.1908356574685,True,591.1683,589.0299195711704,593.5696846035754,585.1908356574685
2025-05-19 13:00:00,591.6987,3173395,2025-05-19,2025-05-19 13:30:00,591.6987,2025-05-19 13:00:00,False,2025-05-19 16:00:00,2025-05-19 10:00:00,587.9369,13:30,3173395.0,24852870.0,0.006398305668516402,0.005021523634542494,14.0,590.8102,593.7769673828288,584.9845609610304,True,591.6987,589.3706888452602,593.7769673828288,584.9845609610304
2025-05-19 13:30:00,590.9397,2168398,2025-05-19,2025-05-19 14:00:00,590.9397,2025-05-19 13:30:00,False,2025-05-19 16:00:00,2025-05-19 10:00:00,587.9369,14:00,2168398.0,27021268.0,0.005107350805843236,0.004883574462668191,14.0,590.8102,593.695465605004,585.0656663694997,True,590.9397,589.4965985786566,593.695465605004,585.0656663694997
2025-05-19 14:00:00,590.3729,2588799,2025-05-19,2025-05-19 14:30:00,590.3729,2025-05-19 14:00:00,False,2025-05-19 16:00:00,2025-05-19 10:00:00,587.9369,14:30,2588799.0,29610067.0,0.004143301772690178,0.005872455235885564,14.0,590.8102,594.2797064524046,584.4842668732248,True,590.3729,589.5732133409019,594.2797064524046,584.4842668732248
2025-05-19 14:30:00,591.0291,2077492,2025-05-19,2025-05-19 15:00:00,591.0291,2025-05-19 14:30:00,False,2025-05-19 16:00:00,2025-05-19 10:00:00,587.9369,15:00,2077492.0,31687559.0,0.005259407939865568,0.0052536567260787325,14.0,590.8102,593.914113981066,584.8480813508052,True,591.0291,589.668663826286,593.914113981066,584.8480813508052
2025-05-19 15:00:00,590.1641,2680908,2025-05-19,2025-05-19 15:30:00,590.1641,2025-05-19 15:00:00,False,2025-05-19 16:00:00,2025-05-19 10:00:00,587.9369,15:30,2680908.0,34368467.0,0.003788161620745134,0.005661977707636648,14.0,590.8102,594.1553541818442,584.608014378703,True,590.1641,589.7073102634866,594.1553541818442,584.608014378703
2025-05-19 15:30:00,591.4567,8309004,2025-05-19,2025-05-19 16:00:00,591.4567,2025-05-19 16:00:00,True,2025-05-19 16:00:00,2025-05-19 10:00:00,587.9369,16:00,8309004.0,42677471.0,0.0059866968717219304,0.005187716689580545,14.0,590.8102,593.8751559349145,584.8868499314498,True,591.4567,590.0479041641479,593.8751559349145,584.8868499314498
2025-05-20 09:30:00,589.4383,4392223,2025-05-20,2025-05-20 10:00:00,589.4383,2025-05-20 09:30:00,False,2025-05-20 16:00:00,2025-05-20 10:00:00,589.4383,10:00,4392223.0,4392223.0,0.0,0.0,14.0,591.4565,591.4565,589.4383,True,589.4383,589.4383,591.4565,589.4383
2025-05-20 10:00:00,589.488,2645656,2025-05-20,2025-05-20 10:30:00,589.488,2025-05-20 10:00:00,False,2025-05-20 16:00:00,2025-05-20 10:00:00,589.4383,10:30,2645656.0,7037879.0,8.431756131233037e-05,0.002456632235057004,14.0,591.4565,592.909491103534,587.9902668716428,True,589.488,589.456983058234,592.909491103534,587.9902668716428
2025-05-20 10:30:00,589.483,2256132,2025-05-20,2025-05-20 11:00:00,589.483,2025-05-20 10:30:00,False,2025-05-20 16:00:00,2025-05-20 10:00:00,589.4383,11:00,2256132.0,9294011.0,7.583490926865721e-05,0.0030738103816639567,14.0,591.4565,593.2745251300025,587.6264784341097,True,589.483,589.4632987011636,593.2745251300025,587.6264784341097
2025-05-20 11:00:00,590.0547,1767370,2025-05-20,2025-05-20 11:30:00,590.0547,2025-05-20 11:00:00,False,2025-05-20 16:00:00,2025-05-20 10:00:00,589.4383,11:30,1767370.0,11061381.0,0.0010457413439202146,0.0037686168607510917,14.0,591.4565,593.6854729383009,587.2169328842475,True,590.0547,589.5577918673898,593.6854729383009,587.2169328842475
2025-05-20 11:30:00,589.836,1694275,2025-05-20,2025-05-20 12:00:00,589.836,2025-05-20 11:30:00,False,2025-05-20 16:00:00,2025-05-20 10:00:00,589.4383,12:00,1694275.0,12755656.0,0.0006747101435382596,0.0038828692077276556,14.0,591.4565,593.7530482315605,587.1495881750747,True,589.836,589.5947449714778,593.7530482315605,587.1495881750747
2025-05-20 12:00:00,589.2891,1711497,2025-05-20,2025-05-20 12:30:00,589.2891,2025-05-20 12:00:00,False,2025-05-20 16:00:00,2025-05-20 10:00:00,589.4383,12:30,1711497.0,14467153.0,0.000253122336977496,0.0044742806870061635,14.0,591.4565,594.1028423951543,586.8009875981282,True,589.2891,589.5585864783901,594.1028423951543,586.8009875981282
2025-05-20 12:30:00,590.0051,1688715,2025-05-20,2025-05-20 13:00:00,590.0051,2025-05-20 12:30:00,False,2025-05-20 16:00:00,2025-05-20 10:00:00,589.4383,13:00,1688715.0,16155868.0,0.0009615934356488332,0.005002289921882215,14.0,591.4565,594.4151368891818,586.4897587323386,True,590.0051,589.6052589370685,594.4151368891818,586.4897587323386
2025-05-20 13:00:00,590.0845,1907083,2025-05-20,2025-05-20 13:30:00,590.0845,2025-05-20 13:00:00,False,2025-05-20 16:00:00,2025-05-20 10:00:00,589.4383,13:30,1907083.0,18062951.0,0.0010962979500992454,0.0052105444572762005,14.0,591.4565,594.5383103877949,586.3670055330288,True,590.0845,589.6558571191717,594.5383103877949,586.3670055330288
2025-05-20 13:30:00,589.5576,2159866,2025-05-20,2025-05-20 14:00:00,589.5576,2025-05-20 13:30:00,False,2025-05-20 16:00:00,2025-05-20 10:00:00,589.4383,14:00,2159866.0,20222817.0,0.00020239607775729418,0.004700927278901534,14.0,591.4565,594.2368939951336,586.6673934163007,True,589.5576,589.6453629228905,594.2368939951336,586.6673934163007
2025-05-20 14:00:00,587.3701,3528704,2025-05-20,2025-05-20 14:30:00,587.3701,2025-05-20 14:00:00,False,2025-05-20 16:00:00,2025-05-20 10:00:00,589.4383,14:30,3528704.0,23751521.0,0.0035087641912648904,0.005607964884708764,14.0,591.4565,594.7733672828327,586.1327507118976,True,587.3701,589.3073328078062,594.7733672828327,586.1327507118976
2025-05-20 14:30:00,587.4646,3382890,2025-05-20,2025-05-20 15:00:00,587.4646,2025-05-20 14:30:00,False,2025-05-20 16:00:00,2025-05-20 10:00:00,589.4383,15:00,3382890.0,27134411.0,0.003348442067643065,0.005141538177177433,14.0,591.4565,594.4974961748896,586.4076804774595,True,587.4646,589.0775963897871,594.4974961748896,586.4076804774595
2025-05-20 15:00:00,588.0463,5245969,2025-05-20,2025-05-20 15:30:00,588.0463,2025-05-20 15:00:00,False,2025-05-20 16:00:00,2025-05-20 10:00:00,589.4383,15:30,5245969.0,32380380.0,0.0023615703289047163,0.005401960432133297,14.0,591.4565,594.6515246103281,586.2541776262161,True,588.0463,588.9105153088784,594.6515246103281,586.2541776262161
2025-05-20 15:30:00,589.4681,7892994,2025-05-20,2025-05-20 16:00:00,589.4184,2025-05-20 16:00:00,True,2025-05-20 16:00:00,2025-05-20 10:00:00,589.4383,16:00,7892994.0,40273374.0,5.055660617925284e-05,0.005130143854534538,14.0,591.4565,594.4907569286995,586.4143967276277,True,589.4184,589.0100533018888,594.4907569286995,586.4143967276277
2025-05-21 09:30:00,586.6244,5480356,2025-05-21,2025-05-21 10:00:00,586.6244,2025-05-21 09:30:00,False,2025-05-21 16:00:00,2025-05-21 10:00:00,586.6244,10:00,5480356.0,5480356.0,0.0,0.0,14.0,589.4679,589.4679,586.6244,True,586.6244,586.6244,589.4679,586.6244
2025-05-21 10:00:00,586.2956,4056563,2025-05-21,2025-05-21 10:30:00,586.2956,2025-05-21 10:00:00,False,2025-05-21 16:00:00,2025-05-21 10:00:00,586.6244,10:30,4056563.0,9536919.0,0.0005604949265662906,0.001858765952102532,14.0,589.4679,590.5635828623774,585.5340025386074,True,586.2956,586.4845437304438,590.5635828623774,585.5340025386074
2025-05-21 10:30:00,587.3204,2727442,2025-05-21,2025-05-21 11:00:00,587.3204,2025-05-21 10:30:00,False,2025-05-21 16:00:00,2025-05-21 10:00:00,586.6244,11:00,2727442.0,12264361.0,0.0011864491146291734,0.0023981994322903916,14.0,589.4679,590.8815615831334,585.2175576969523,True,587.3204,586.6704278132387,590.8815615831334,585.2175576969523
2025-05-21 11:00:00,588.4042,3441016,2025-05-21,2025-05-21 11:30:00,588.4042,2025-05-21 11:00:00,False,2025-05-21 16:00:00,2025-05-21 10:00:00,586.6244,11:30,3441016.0,15705377.0,0.0030339685836455743,0.00288408413398013,14.0,589.4679,591.1679750178805,584.9325258753545,True,588.4042,587.0502937556481,591.1679750178805,584.9325258753545
2025-05-21 11:30:00,588.3744,2113481,2025-05-21,2025-05-21 12:00:00,588.3744,2025-05-21 11:30:00,False,2025-05-21 16:00:00,2025-05-21 10:00:00,586.6244,12:00,2113481.0,17818858.0,0.0029831694692550315,0.002915793610931607,14.0,589.4679,591.1866667366693,584.9139243224635,True,588.3744,587.207344975733,591.1866667366693,584.9139243224635
2025-05-21 12:00:00,588.3943,2144817,2025-05-21,2025-05-21 12:30:00,588.3943,2025-05-21 12:00:00,False,2025-05-21 16:00:00,2025-05-21 10:00:00,586.6244,12:30,2144817.0,19963675.0,0.003017092367791019,0.0036537801530622882,14.0,589.4679,591.6216861138873,584.4810034099779,True,588.3943,587.3348666526929,591.6216861138873,584.4810034099779
2025-05-21 12:30:00,588.3148,2321327,2025-05-21,2025-05-21 13:00:00,588.3148,2025-05-21 12:30:00,False,2025-05-21 16:00:00,2025-05-21 10:00:00,586.6244,13:00,2321327.0,22285002.0,0.0028815712404732796,0.004039885713081496,14.0,589.4679,591.8492829475301,584.254504467495,True,588.3148,587.4369418392828,591.8492829475301,584.254504467495
2025-05-21 13:00:00,581.1359,8258648,2025-05-21,2025-05-21 13:30:00,581.1359,2025-05-21 13:00:00,False,2025-05-21 16:00:00,2025-05-21 10:00:00,586.6244,13:30,8258648.0,30543650.0,0.009356071789717646,0.004205010065860192,14.0,589.4679,591.9466184530014,584.1576384931209,True,581.1359,585.7332133528736,591.9466184530014,584.1576384931209
2025-05-21 13:30:00,582.9654,8351501,2025-05-21,2025-05-21 14:00:00,582.9654,2025-05-21 13:30:00,False,2025-05-21 16:00:00,2025-05-21 10:00:00,586.6244,14:00,8351501.0,38895151.0,0.006237381193144986,0.003553091160117269,14.0,589.4679,591.562333184663,584.540070030051,True,582.9654,585.1389131537476,591.562333184663,584.540070030051
2025-05-21 14:00:00,581.8618,3749148,2025-05-21,2025-05-21 14:30:00,581.8618,2025-05-21 14:00:00,False,2025-05-21 16:00:00,2025-05-21 10:00:00,586.6244,14:30,3749148.0,42644299.0,0.00811865309387061,0.004711468407611473,14.0,589.4679,592.245159388151,583.860537672266,True,581.8618,584.8508000292677,592.245159388151,583.860537672266
2025-05-21 14:30:00,580.7183,3582801,2025-05-21,2025-05-21 15:00:00,580.7183,2025-05-21 14:30:00,False,2025-05-21 16:00:00,2025-05-21 10:00:00,586.6244,15:00,3582801.0,46227100.0,0.010067941258495305,0.004344345310827875,14.0,589.4679,592.0287521072485,584.0759010386429,True,580.7183,584.5305133308298,592.0287521072485,584.0759010386429
2025-05-21 15:00:00,578.9882,6031424,2025-05-21,2025-05-21 15:30:00,578.9882,2025-05-21 15:00:00,False,2025-05-21 16:00:00,2025-05-21 10:00:00,586.6244,15:30,6031424.0,52258524.0,0.013017187829214127,0.004499148554292834,14.0,589.4679,592.120003650087,583.9850896788272,True,578.9882,583.8908465534236,592.120003650087,583.8908465534236
2025-05-21 15:30:00,579.5351,12506785,2025-05-21,2025-05-21 16:00:00,579.6544,2025-05-21 16:00:00,True,2025-05-21 16:00:00,2025-05-21 10:00:00,586.6244,16:00,12506785.0,64765309.0,0.0120849047533651,0.003444725116923762,14.0,589.4679,591.4984548807504,584.6036401951197,True,579.6544,583.0727492259227,591.4984548807504,583.0727492259227
2025-05-22 09:30:00,581.0166,6093612,2025-05-22,2025-05-22 10:00:00,581.0166,2025-05-22 09:30:00,False,2025-05-22 16:00:00,2025-05-22 10:00:00,581.0166,10:00,6093612.0,6093612.0,0.0,0.0,14.0,579.5349,581.0166,579.5349,True,581.0166,581.0166,581.0166,579.5349
2025-05-22 10:00:00,579.5351,3858318,2025-05-22,2025-05-22 10:30:00,579.5351,2025-05-22 10:00:00,False,2025-05-22 16:00:00,2025-05-22 10:00:00,581.0166,10:30,3858318.0,9951930.0,0.00254984108887768,0.001698714091558354,14.0,579.5349,582.0035810858493,578.5504358988202,True,579.5351,580.4422291878059,582.0035810858493,578.5504358988202
2025-05-22 10:30:00,579.7439,3675535,2025-05-22,2025-05-22 11:00:00,579.7439,2025-05-22 10:30:00,False,2025-05-22 16:00:00,2025-05-22 10:00:00,581.0166,11:00,3675535.0,13627465.0,0.002190470977937564,0.0021133785255983734,14.0,579.5349,582.2445080054563,578.3101233875052,True,579.7439,580.2538791629626,582.2445080054563,578.3101233875052
2025-05-22 11:00:00,579.1866,3030081,2025-05-22,2025-05-22 11:30:00,579.1866,2025-05-22 11:00:00,False,2025-05-22 16:00:00,2025-05-22 10:00:00,581.0166,11:30,3030081.0,16657546.0,0.0031496518343883118,0.0027337794997181713,14.0,579.5349,582.604971270076,577.9505793710088,True,579.1866,580.0597363814634,582.604971270076,577.9505793710088
2025-05-22 11:30:00,580.9768,2708930,2025-05-22,2025-05-22 12:00:00,580.9768,2025-05-22 11:30:00,False,2025-05-22 16:00:00,2025-05-22 10:00:00,581.0166,12:00,2708930.0,19366476.0,6.85006245949582e-05,0.003112086788399685,14.0,579.5349,582.8247740847008,577.7313370942935,True,580.9768,580.1880127466711,582.8247740847008,577.7313370942935
2025-05-22 12:00:00,581.0067,2853261,2025-05-22,2025-05-22 12:30:00,581.0067,2025-05-22 12:00:00,False,2025-05-22 16:00:00,2025-05-22 10:00:00,581.0166,12:30,2853261.0,22219737.0,1.7039100087656855e-05,0.0038463442031816874,14.0,579.5349,583.2513898313624,577.3058092968436,True,581.0067,580.2931412822213,583.2513898313624,577.3058092968436
2025-05-22 12:30:00,579.7589,2113958,2025-05-22,2025-05-22 13:00:00,579.7589,2025-05-22 12:30:00,False,2025-05-22 16:00:00,2025-05-22 10:00:00,581.0166,13:00,2113958.0,24333695.0,0.0021646541596229696,0.00415268596750099,14.0,579.5349,583.4293794817052,577.1282735530929,True,579.7589,580.2467297679617,583.4293794817052,577.1282735530929
2025-05-22 13:00:00,581.3248,2650968,2025-05-22,2025-05-22 13:30:00,581.3248,2025-05-22 13:00:00,False,2025-05-22 16:00:00,2025-05-22 10:00:00,581.0166,13:30,2650968.0,26984663.0,0.000530449560305124,0.004763702179292244,14.0,579.5349,583.7843900436251,576.7741683338941,True,581.3248,580.3526391760905,583.7843900436251,576.7741683338941
2025-05-22 13:30:00,582.001,2288071,2025-05-22,2025-05-22 14:00:00,582.001,2025-05-22 13:30:00,False,2025-05-22 16:00:00,2025-05-22 10:00:00,581.0166,14:00,2288071.0,29272734.0,0.0016942717299297527,0.003983327628834307,14.0,579.5349,583.3309794755914,577.2264226209562,True,582.001,580.4814814837043,583.3309794755914,577.2264226209562
2025-05-22 14:00:00,582.17,2643131,2025-05-22,2025-05-22 14:30:00,582.17,2025-05-22 14:00:00,False,2025-05-22 16:00:00,2025-05-22 10:00:00,581.0166,14:30,2643131.0,31915865.0,0.0019851412162750215,0.005111048902878589,14.0,579.5349,583.9862042559843,576.5728687851752,True,582.17,580.6213171307875,583.9862042559843,576.5728687851752
2025-05-22 14:30:00,582.5031,2340025,2025-05-22,2025-05-22 15:00:00,582.5031,2025-05-22 14:30:00,False,2025-05-22 16:00:00,2025-05-22 10:00:00,581.0166,15:00,2340025.0,34255890.0,0.002558446694982619,0.004901630066651896,14.0,579.5349,583.864528435784,576.6942343094859,True,582.5031,580.7498620017142,583.864528435784,576.6942343094859
2025-05-22 15:00:00,583.1593,3329807,2025-05-22,2025-05-22 15:30:00,583.1593,2025-05-22 15:00:00,False,2025-05-22 16:00:00,2025-05-22 10:00:00,581.0166,15:30,3329807.0,37585697.0,0.0036878464401877142,0.00522122150135969,14.0,579.5349,584.050216364567,576.5090199193316,True,583.1593,580.9633198900369,584.050216364567,576.5090199193316
2025-05-22 15:30:00,579.7638,11357963,2025-05-22,2025-05-22 16:00:00,579.7538,2025-05-22 16:00:00,True,2025-05-22 16:00:00,2025-05-22 10:00:00,581.0166,16:00,11357963.0,48943660.0,0.0021562206656403626,0.004050501834981021,14.0,579.5349,583.3700088044544,577.1874928241144,True,579.7538,580.6826363008079,583.3700088044544,577.1874928241144
2025-05-23 09:30:00,573.4699,8722413,2025-05-23,2025-05-23 10:00:00,573.4699,2025-05-23 09:30:00,False,2025-05-23 16:00:00,2025-05-23 10:00:00,573.4699,10:00,8722413.0,8722413.0,0.0,0.0,14.0,579.7635,579.7635,573.4699,True,573.4699,573.4699,579.7635,573.4699
2025-05-23 10:00:00,574.4045,4739860,2025-05-23,2025-05-23 10:30:00,574.4045,2025-05-23 10:00:00,False,2025-05-23 16:00:00,2025-05-23 10:00:00,573.4699,10:30,4739860.0,13462273.0,0.0016297280816306436,0.001524318265156001,14.0,579.7635,580.6472440925209,572.5957493569128,True,574.4045,573.7989583362854,580.6472440925209,572.5957493569128
2025-05-23 10:30:00,573.8925,2800811,2025-05-23,2025-05-23 11:00:00,573.8925,2025-05-23 10:30:00,False,2025-05-23 16:00:00,2025-05-23 10:00:00,573.4699,11:00,2800811.0,16263084.0,0.0007369174912230658,0.0019808069045591436,14.0,579.7635,580.9118995438114,572.3339668625232,True,573.8925,573.8150679819522,580.9118995438114,572.3339668625232
2025-05-23 11:00:00,575.1304,2554211,2025-05-23,2025-05-23 11:30:00,575.1304,2025-05-23 11:00:00,False,2025-05-23 16:00:00,2025-05-23 10:00:00,573.4699,11:30,2554211.0,18817295.0,0.0028955312214293816,0.0027996591690832334,14.0,579.7635,581.3866401986749,571.8643797362719,True,575.1304,573.9936077513054,581.3866401986749,571.8643797362719
2025-05-23 11:30:00,574.7327,2461738,2025-05-23,2025-05-23 12:00:00,574.7327,2025-05-23 11:30:00,False,2025-05-23 16:00:00,2025-05-23 10:00:00,573.4699,12:00,2461738.0,21279033.0,0.002202033620247512,0.0027607710837893595,14.0,579.7635,581.3640943062366,571.8866808826565,True,574.7327,574.0791121759714,581.3640943062366,571.8866808826565
2025-05-23 12:00:00,575.3193,2153142,2025-05-23,2025-05-23 12:30:00,575.3193,2025-05-23 12:00:00,False,2025-05-23 16:00:00,2025-05-23 10:00:00,573.4699,12:30,2153142.0,23432175.0,0.0032249295037105608,0.0033671131310455482,14.0,579.7635,581.7156292937509,571.5389619694507,True,575.3193,574.1930708883747,581.7156292937509,571.5389619694507
2025-05-23 12:30:00,575.6871,1975951,2025-05-23,2025-05-23 13:00:00,575.6871,2025-05-23 12:30:00,False,2025-05-23 16:00:00,2025-05-23 10:00:00,573.4699,13:00,1975951.0,25408126.0,0.0038662883614291044,0.0037964494740457344,14.0,579.7635,581.964542834646,571.292750499764,True,575.6871,574.3092592415474,581.964542834646,571.292750499764
2025-05-23 13:00:00,577.7255,2455264,2025-05-23,2025-05-23 13:30:00,577.7255,2025-05-23 13:00:00,False,2025-05-23 16:00:00,2025-05-23 10:00:00,573.4699,13:30,2455264.0,27863390.0,0.007420790524489629,0.004383256680531601,14.0,579.7635,582.3047522345033,570.9562342297412,True,577.7255,574.6102912749633,582.3047522345033,570.9562342297412
2025-05-23 13:30:00,577.5267,2001201,2025-05-23,2025-05-23 14:00:00,577.5267,2025-05-23 13:30:00,False,2025-05-23 16:00:00,2025-05-23 10:00:00,573.4699,14:00,2001201.0,29864591.0,0.007074128912432753,0.0036270734021823315,14.0,579.7635,581.8663447704062,571.3898825787579,True,577.5267,574.8057173585468,581.8663447704062,571.3898825787579
2025-05-23 14:00:00,577.3775,3195214,2025-05-23,2025-05-23 14:30:00,577.3775,2025-05-23 14:00:00,False,2025-05-23 16:00:00,2025-05-23 10:00:00,573.4699,14:30,3195214.0,33059805.0,0.006813958326322034,0.004719156498202386,14.0,579.7635,582.4994946884456,570.7636057948915,True,577.3775,575.0542788942524,582.4994946884456,570.7636057948915
2025-05-23 14:30:00,577.3974,1807107,2025-05-23,2025-05-23 15:00:00,577.3974,2025-05-23 14:30:00,False,2025-05-23 16:00:00,2025-05-23 10:00:00,573.4699,15:00,1807107.0,34866912.0,0.006848659362941101,0.004631185588766565,14.0,579.7635,582.448492366093,570.8140544635287,True,577.3974,575.1757198337897,582.448492366093,570.8140544635287
2025-05-23 15:00:00,576.4628,3088211,2025-05-23,2025-05-23 15:30:00,576.4628,2025-05-23 15:00:00,False,2025-05-23 16:00:00,2025-05-23 10:00:00,573.4699,15:30,3088211.0,37955123.0,0.005218931281310457,0.004958562084433087,14.0,579.7635,582.6382933090382,570.6263138972964,True,576.4628,575.2804428543731,582.6382933090382,570.6263138972964
2025-05-23 15:30:00,575.8065,8865369,2025-05-23,2025-05-23 16:00:00,575.8164,2025-05-23 16:00:00,True,2025-05-23 16:00:00,2025-05-23 10:00:00,573.4699,16:00,8865369.0,46820492.0,0.004074494581145283,0.003788719905758179,14.0,579.7635,581.9600615130821,571.2971831745169,True,575.8164,575.3819252963809,581.9600615130821,571.2971831745169
2025-05-27 09:30:00,582.9554,6670511,2025-05-27,2025-05-27 10:00:00,582.9554,2025-05-27 09:30:00,False,2025-05-27 16:00:00,2025-05-27 10:00:00,582.9554,10:00,6670511.0,6670511.0,0.0,0.0,14.0,575.8063,582.9554,575.8063,True,582.9554,582.9554,582.9554,575.8063
2025-05-27 10:00:00,584.5256,4890155,2025-05-27,2025-05-27 10:30:00,584.5256,2025-05-27 10:00:00,False,2025-05-27 16:00:00,2025-05-27 10:00:00,582.9554,10:30,4890155.0,11560666.0,0.0026935165194454935,0.0016298841261346048,14.0,575.8063,583.9055497527045,574.8678024519016,True,584.5256,583.6195936875437,583.9055497527045,574.8678024519016
2025-05-27 10:30:00,584.7104,2884693,2025-05-27,2025-05-27 11:00:00,584.7104,2025-05-27 10:30:00,False,2025-05-27 16:00:00,2025-05-27 10:00:00,582.9554,11:00,2884693.0,14445359.0,0.003010521902704788,0.0018928251571018184,14.0,575.8063,584.0588326465884,574.7163993497422,True,584.7104,583.837424295554,584.0588326465884,574.7163993497422
2025-05-27 11:00:00,585.4412,2881293,2025-05-27,2025-05-27 11:30:00,585.4412,2025-05-27 11:00:00,False,2025-05-27 16:00:00,2025-05-27 10:00:00,582.9554,11:30,2881293.0,17326652.0,0.004264134100138595,0.0028772553025538305,14.0,575.8063,584.6327115158024,574.1495582700811,True,585.4412,584.1041202337416,584.6327115158024,574.1495582700811
2025-05-27 11:30:00,585.6102,2460875,2025-05-27,2025-05-27 12:00:00,585.6102,2025-05-27 11:30:00,False,2025-05-27 16:00:00,2025-05-27 10:00:00,582.9554,12:00,2460875.0,19787527.0,0.004554036209287959,0.0027647623788038694,14.0,575.8063,584.5671331584406,574.2143324042817,True,585.6102,584.2914237833359,584.5671331584406,574.2143324042817
2025-05-27 12:00:00,585.998,2650842,2025-05-27,2025-05-27 12:30:00,585.998,2025-05-27 12:00:00,False,2025-05-27 16:00:00,2025-05-27 10:00:00,582.9554,12:30,2650842.0,22438369.0,0.005219267202945632,0.0033567467996707717,14.0,575.8063,584.9122336733008,573.8734640452446,True,585.998,584.4930366506229,584.9122336733008,573.8734640452446
2025-05-27 12:30:00,586.5829,3420658,2025-05-27,2025-05-27 13:00:00,586.5829,2025-05-27 12:30:00,False,2025-05-27 16:00:00,2025-05-27 10:00:00,582.9554,13:00,3420658.0,25859027.0,0.006222602964137458,0.0038470954793537854,14.0,575.8063,585.1980850840049,573.5911181862865,True,586.5829,584.7694858683353,585.1980850840049,573.5911181862865
2025-05-27 13:00:00,586.8034,1772363,2025-05-27,2025-05-27 13:30:00,586.8034,2025-05-27 13:00:00,False,2025-05-27 16:00:00,2025-05-27 10:00:00,582.9554,13:30,1772363.0,27631390.0,0.0066008480237080835,0.004749873838168035,14.0,575.8063,585.7243646032788,573.0712927197776,True,586.8034,584.8999474249974,585.7243646032788,573.0712927197776
2025-05-27 13:30:00,587.6237,2011967,2025-05-27,2025-05-27 14:00:00,587.6237,2025-05-27 13:30:00,False,2025-05-27 16:00:00,2025-05-27 10:00:00,582.9554,14:00,2011967.0,29643357.0,0.008007988261194532,0.00389418550763657,14.0,575.8063,585.2255364702786,573.5640034513342,True,587.6237,585.0848151610326,585.2255364702786,573.5640034513342
2025-05-27 14:00:00,587.3204,2550376,2025-05-27,2025-05-27 14:30:00,587.3204,2025-05-27 14:00:00,False,2025-05-27 16:00:00,2025-05-27 10:00:00,582.9554,14:30,2550376.0,32193733.0,0.0074877083221116525,0.0049106780935223426,14.0,575.8063,585.8181063122806,572.9787006164778,True,587.3204,585.2619173914346,585.8181063122806,572.9787006164778
2025-05-27 14:30:00,586.9725,2508350,2025-05-27,2025-05-27 15:00:00,586.9725,2025-05-27 14:30:00,False,2025-05-27 16:00:00,2025-05-27 10:00:00,582.9554,15:00,2508350.0,34702083.0,0.006890921672566996,0.004869514616798599,14.0,575.8063,585.7941098412417,573.0024028057052,True,586.9725,585.3855624154579,585.7941098412417,573.0024028057052
2025-05-27 15:00:00,586.9526,3981900,2025-05-27,2025-05-27 15:30:00,586.9526,2025-05-27 15:00:00,False,2025-05-27 16:00:00,2025-05-27 10:00:00,582.9554,15:30,3981900.0,38683983.0,0.006856785270365373,0.005224910478683097,14.0,575.8063,586.0012897780649,572.7977636294382,True,586.9526,585.5468639794124,586.0012897780649,572.7977636294382
2025-05-27 15:30:00,587.7778,11500949,2025-05-27,2025-05-27 16:00:00,587.7778,2025-05-27 16:00:00,True,2025-05-27 16:00:00,2025-05-27 10:00:00,582.9554,16:00,11500949.0,50184932.0,0.0082723309536199,0.004043020569685648,14.0,575.8063,585.3123006734095,573.4783032849454,True,587.7778,586.0581306160801,586.0581306160801,573.4783032849454
2025-05-28 09:30:00,587.39,5836764,2025-05-28,2025-05-28 10:00:00,587.39,2025-05-28 09:30:00,False,2025-05-28 16:00:00,2025-05-28 10:00:00,587.39,10:00,5836764.0,5836764.0,0.0,0.0,14.0,587.7776,587.7776,587.39,True,587.39,587.39,587.7776,587.39
2025-05-28 10:00:00,586.8481,3006119,2025-05-28,2025-05-28 10:30:00,586.8481,2025-05-28 10:00:00,False,2025-05-28 16:00:00,2025-05-28 10:00:00,587.39,10:30,3006119.0,8842883.0,0.0009225557125588368,0.0014174013520046721,14.0,587.7776,588.6107167649182,586.5574326198459,True,586.8481,587.2057822639856,588.6107167649182,586.5574326198459
2025-05-28 10:30:00,585.9831,2726017,2025-05-28,2025-05-28 11:00:00,585.9831,2025-05-28 10:30:00,False,2025-05-28 16:00:00,2025-05-28 10:00:00,587.39,11:00,2726017.0,11568900.0,0.0023951718619655837,0.001670948073220792,14.0,587.7776,588.7597458482024,586.4085018112709,True,585.9831,586.9176777218751,588.7597458482024,586.4085018112709
2025-05-28 11:00:00,585.988,2421661,2025-05-28,2025-05-28 11:30:00,585.988,2025-05-28 11:00:00,False,2025-05-28 16:00:00,2025-05-28 10:00:00,587.39,11:30,2421661.0,13990561.0,0.002386829874529539,0.0026500851245169527,14.0,587.7776,589.3352606742843,585.83336649871,True,585.988,586.7567574927554,589.3352606742843,585.83336649871
2025-05-28 11:30:00,585.7296,2166418,2025-05-28,2025-05-28 12:00:00,585.7296,2025-05-28 11:30:00,False,2025-05-28 16:00:00,2025-05-28 10:00:00,587.39,12:00,2166418.0,16156979.0,0.002826742028294582,0.0027140025096298154,14.0,587.7776,589.3728298815041,585.7958220658685,True,585.7296,586.6190304782473,589.3728298815041,585.7958220658685
2025-05-28 12:00:00,586.4653,1784362,2025-05-28,2025-05-28 12:30:00,586.4653,2025-05-28 12:00:00,False,2025-05-28 16:00:00,2025-05-28 10:00:00,587.39,12:30,1784362.0,17941341.0,0.001574252200412074,0.0033426008682999686,14.0,587.7776,589.7423059161273,585.4265896759692,True,586.4653,586.6037411627146,589.7423059161273,585.4265896759692
2025-05-28 12:30:00,586.6144,1613462,2025-05-28,2025-05-28 13:00:00,586.6144,2025-05-28 12:30:00,False,2025-05-28 16:00:00,2025-05-28 10:00:00,587.39,13:00,1613462.0,19554803.0,0.0013204174398609991,0.004059017797349217,14.0,587.7776,590.1633997392832,585.005773536015,True,586.6144,586.6046206207651,590.1633997392832,585.005773536015
2025-05-28 13:00:00,586.8979,1864822,2025-05-28,2025-05-28 13:30:00,586.8979,2025-05-28 13:00:00,False,2025-05-28 16:00:00,2025-05-28 10:00:00,587.39,13:30,1864822.0,21419625.0,0.0008377738810669833,0.004934519933909761,14.0,587.7776,590.6780002839056,584.4915123360207,True,586.8979,586.6301539267191,590.6780002839056,584.4915123360207
2025-05-28 13:30:00,586.3535,1748100,2025-05-28,2025-05-28 14:00:00,586.3535,2025-05-28 13:30:00,False,2025-05-28 16:00:00,2025-05-28 10:00:00,587.39,14:00,1748100.0,23167725.0,0.0017645857096646456,0.004335508574491387,14.0,587.7776,590.325914824694,584.8433656184295,True,586.3535,586.6092792517435,590.325914824694,584.8433656184295
2025-05-28 14:00:00,586.7338,1869125,2025-05-28,2025-05-28 14:30:00,586.7338,2025-05-28 14:00:00,False,2025-05-28 16:00:00,2025-05-28 10:00:00,587.39,14:30,1869125.0,25036850.0,0.001117145337850567,0.0050585636706633975,14.0,587.7776,590.7509104137898,584.418650285489,True,586.7338,586.6185753430484,590.7509104137898,584.418650285489
2025-05-28 14:30:00,586.3759,4363642,2025-05-28,2025-05-28 15:00:00,586.3759,2025-05-28 14:30:00,False,2025-05-28 16:00:00,2025-05-28 10:00:00,587.39,15:00,4363642.0,29400492.0,0.0017264509099575998,0.004904279653256524,14.0,587.7776,590.66022572432,584.5092751744736,True,586.3759,586.5825572954834,590.66022572432,584.5092751744736
2025-05-28 15:00:00,586.0471,4541992,2025-05-28,2025-05-28 15:30:00,586.0471,2025-05-28 15:00:00,False,2025-05-28 16:00:00,2025-05-28 10:00:00,587.39,15:30,4541992.0,33942484.0,0.0022862152913736278,0.005284158538148033,14.0,587.7776,590.8835100235722,584.2861381162772,True,586.0471,586.5109054166041,590.8835100235722,584.2861381162772
2025-05-28 15:30:00,584.3773,10194983,2025-05-28,2025-05-28 16:00:00,584.3773,2025-05-28 16:00:00,True,2025-05-28 16:00:00,2025-05-28 10:00:00,587.39,16:00,10194983.0,44137467.0,0.005128960315974096,0.004459666559208304,14.0,587.7776,590.3988921069717,584.7704364597867,True,584.3773,586.0180798779073,590.3988921069717,584.7704364597867
2025-05-29 09:30:00,587.8027,6192921,2025-05-29,2025-05-29 10:00:00,587.8027,2025-05-29 09:30:00,False,2025-05-29 16:00:00,2025-05-29 10:00:00,587.8027,10:00,6192921.0,6192921.0,0.0,0.0,14.0,584.3771,587.8027,584.3771,True,587.8027,587.8027,587.8027,584.3771
2025-05-29 10:00:00,586.653,4691962,2025-05-29,2025-05-29 10:30:00,586.653,2025-05-29 10:00:00,False,2025-05-29 16:00:00,2025-05-29 10:00:00,587.8027,10:30,4691962.0,10884883.0,0.0019559284093113583,0.0014184140699881847,14.0,584.3771,588.636447620057,583.5482112991812,True,586.653,587.3071183101096,588.636447620057,583.5482112991812
2025-05-29 10:30:00,587.5591,2505845,2025-05-29,2025-05-29 11:00:00,587.5591,2025-05-29 10:30:00,False,2025-05-29 16:00:00,2025-05-29 10:00:00,587.8027,11:00,2505845.0,13390728.0,0.00041442477212172424,0.0015977117167546334,14.0,584.3771,588.74183926093,583.443433860327,True,587.5591,587.3542723601137,588.74183926093,583.443433860327
2025-05-29 11:00:00,587.3304,2297572,2025-05-29,2025-05-29 11:30:00,587.3304,2025-05-29 11:00:00,False,2025-05-29 16:00:00,2025-05-29 10:00:00,587.8027,11:30,2297572.0,15688300.0,0.0008035009025986195,0.0025380775023641938,14.0,584.3771,589.2945888086989,582.8939056295932,True,587.3304,587.350776221834,589.2945888086989,582.8939056295932
2025-05-29 11:30:00,583.7708,3661581,2025-05-29,2025-05-29 12:00:00,583.7708,2025-05-29 11:30:00,False,2025-05-29 16:00:00,2025-05-29 10:00:00,587.8027,12:00,3661581.0,19349881.0,0.0068592743789709365,0.0027301290746026513,14.0,584.3771,589.4074772413999,582.781675088758,True,583.7708,586.6733367629392,589.4074772413999,582.781675088758
2025-05-29 12:00:00,585.6202,3611933,2025-05-29,2025-05-29 12:30:00,585.6202,2025-05-29 12:00:00,False,2025-05-29 16:00:00,2025-05-29 10:00:00,587.8027,12:30,3611933.0,22961814.0,0.003712980563035817,0.0031852728543051195,14.0,584.3771,589.6750119839973,582.5156994866925,True,585.6202,586.5076765312357,589.6750119839973,582.5156994866925
2025-05-29 12:30:00,586.3858,1948845,2025-05-29,2025-05-29 13:00:00,586.3858,2025-05-29 12:30:00,False,2025-05-29 16:00:00,2025-05-29 10:00:00,587.8027,13:00,1948845.0,24910659.0,0.0024105027077961916,0.00414187942616986,14.0,584.3771,590.2373079097771,581.9566805123852,True,586.3858,586.498141718507,590.2373079097771,581.9566805123852
2025-05-29 13:00:00,585.9584,2014830,2025-05-29,2025-05-29 13:30:00,585.9584,2025-05-29 13:00:00,False,2025-05-29 16:00:00,2025-05-29 10:00:00,587.8027,13:30,2014830.0,26925489.0,0.0031376174352379937,0.00498545375646683,14.0,584.3771,590.7331631787763,581.4637149916118,True,585.9584,586.4577529327471,590.7331631787763,581.4637149916118
2025-05-29 13:30:00,585.2324,2066677,2025-05-29,2025-05-29 14:00:00,585.2324,2025-05-29 13:30:00,False,2025-05-29 16:00:00,2025-05-29 10:00:00,587.8027,14:00,2066677.0,28992166.0,0.004372725746241035,0.004203229713755451,14.0,584.3771,590.2733697744657,581.9208288092418,True,585.2324,586.3704048980059,590.2733697744657,581.9208288092418
2025-05-29 14:00:00,584.6955,2493639,2025-05-29,2025-05-29 14:30:00,584.6955,2025-05-29 14:00:00,False,2025-05-29 16:00:00,2025-05-29 10:00:00,587.8027,14:30,2493639.0,31485805.0,0.005286127471003321,0.004708268923083062,14.0,584.3771,590.5702331853142,581.6256954607086,True,584.6955,586.2377543853396,590.5702331853142,581.6256954607086
2025-05-29 14:30:00,585.4362,2301474,2025-05-29,2025-05-29 15:00:00,585.4362,2025-05-29 14:30:00,False,2025-05-29 16:00:00,2025-05-29 10:00:00,587.8027,15:00,2301474.0,33787279.0,0.004026010768579225,0.004958886957464841,14.0,584.3771,590.7175471425926,581.4792400205689,True,585.4362,586.1831552393876,590.7175471425926,581.4792400205689
2025-05-29 15:00:00,585.5704,3661753,2025-05-29,2025-05-29 15:30:00,585.5704,2025-05-29 15:00:00,False,2025-05-29 16:00:00,2025-05-29 10:00:00,587.8027,15:30,3661753.0,37449032.0,0.0037977028686666525,0.005021169691238551,14.0,584.3771,590.7541571016682,581.4428434172262,True,585.5704,586.1232402505009,590.7541571016682,581.4428434172262
2025-05-29 15:30:00,586.6841,8250133,2025-05-29,2025-05-29 16:00:00,586.6841,2025-05-29 16:00:00,True,2025-05-29 16:00:00,2025-05-29 10:00:00,587.8027,16:00,8250133.0,45699165.0,0.0019030194995701688,0.0048018460942992735,14.0,584.3771,590.6252380992136,581.5710111047671,True,586.6841,586.224493031109,590.6252380992136,581.5710111047671
2025-05-30 09:30:00,584.0691,4802709,2025-05-30,2025-05-30 10:00:00,584.0691,2025-05-30 09:30:00,False,2025-05-30 16:00:00,2025-05-30 10:00:00,584.0691,10:00,4802709.0,4802709.0,0.0,0.0,14.0,586.6838,586.6838,584.0691,True,584.0691,584.0691,586.6838,584.0691
2025-05-30 10:00:00,586.1671,3679222,2025-05-30,2025-05-30 10:30:00,586.1671,2025-05-30 10:00:00,False,2025-05-30 16:00:00,2025-05-30 10:00:00,584.0691,10:30,3679222.0,8481931.0,0.0035920407362757256,0.0015100076967132939,14.0,586.6838,587.5696970535371,583.1871511635876,True,586.1671,584.9791531183289,587.5696970535371,583.1871511635876
2025-05-30 10:30:00,585.3219,2324099,2025-05-30,2025-05-30 11:00:00,585.3219,2025-05-30 10:30:00,False,2025-05-30 16:00:00,2025-05-30 10:00:00,584.0691,11:00,2324099.0,10806030.0,0.0021449516846550054,0.0014019040003585875,14.0,586.6838,587.5062743661656,583.2502911922243,True,585.3219,585.0528691532598,587.5062743661656,583.2502911922243
2025-05-30 11:00:00,585.65,1713252,2025-05-30,2025-05-30 11:30:00,585.65,2025-05-30 11:00:00,False,2025-05-30 16:00:00,2025-05-30 10:00:00,584.0691,11:30,1713252.0,12519282.0,0.0027067002859764155,0.0023282750449861883,14.0,586.6838,588.0497612508377,582.7092264899225,True,585.65,585.1345859495937,588.0497612508377,582.7092264899225
2025-05-30 11:30:00,584.6805,2237111,2025-05-30,2025-05-30 12:00:00,584.6805,2025-05-30 11:30:00,False,2025-05-30 16:00:00,2025-05-30 10:00:00,584.0691,12:00,2237111.0,14756393.0,0.0010467939495515388,0.0026755743258717562,14.0,586.6838,588.2535161126849,582.506379711505,True,584.6805,585.0657452327071,588.2535161126849,582.506379711505
2025-05-30 12:00:00,581.7524,4529583,2025-05-30,2025-05-30 12:30:00,581.7524,2025-05-30 12:00:00,False,2025-05-30 16:00:00,2025-05-30 10:00:00,584.0691,12:30,4529583.0,19285976.0,0.003966482732950749,0.002851524899710451,14.0,586.6838,588.3567434639568,582.4036124181986,True,581.7524,584.2875594546473,588.3567434639568,582.4036124181986
2025-05-30 12:30:00,580.7183,6388237,2025-05-30,2025-05-30 13:00:00,580.7183,2025-05-30 12:30:00,False,2025-05-30 16:00:00,2025-05-30 10:00:00,584.0691,13:00,6388237.0,25674213.0,0.005736992420931064,0.003547953766422537,14.0,586.6838,588.765326997909,581.996849836804,True,580.7183,583.3994591919137,588.765326997909,581.996849836804
2025-05-30 13:00:00,582.5479,2784229,2025-05-30,2025-05-30 13:30:00,582.5479,2025-05-30 13:00:00,False,2025-05-30 16:00:00,2025-05-30 10:00:00,584.0691,13:30,2784229.0,28458442.0,0.0026044863527278084,0.0045586849103315275,14.0,586.6838,589.358306586196,581.4065130072391,True,582.5479,583.3161469783588,589.358306586196,581.4065130072391
2025-05-30 13:30:00,582.5379,2425709,2025-05-30,2025-05-30 14:00:00,582.5379,2025-05-30 13:30:00,False,2025-05-30 16:00:00,2025-05-30 10:00:00,584.0691,14:00,2425709.0,30884151.0,0.002621607614578525,0.004060647393960147,14.0,586.6838,589.0661160435486,581.6974013311924,True,582.5379,583.2550217526847,589.0661160435486,581.6974013311924
2025-05-30 14:00:00,584.9739,4640295,2025-05-30,2025-05-30 14:30:00,584.9739,2025-05-30 14:00:00,False,2025-05-30 16:00:00,2025-05-30 10:00:00,584.0691,14:30,4640295.0,35524446.0,0.0015491317722506892,0.004584393267382089,14.0,586.6838,589.3733892628022,581.3914975502742,True,584.9739,583.4795460742358,589.3733892628022,581.3914975502742
2025-05-30 14:30:00,585.2822,2159148,2025-05-30,2025-05-30 15:00:00,585.2822,2025-05-30 14:30:00,False,2025-05-30 16:00:00,2025-05-30 10:00:00,584.0691,15:00,2159148.0,37683594.0,0.0020769802751077204,0.0047095467249272304,14.0,586.6838,589.4468147688578,581.3183992829639,True,585.2822,583.5828323111723,589.4468147688578,581.3183992829639
2025-05-30 15:00:00,587.2408,3778446,2025-05-30,2025-05-30 15:30:00,587.2408,2025-05-30 15:00:00,False,2025-05-30 16:00:00,2025-05-30 10:00:00,584.0691,15:30,3778446.0,41462040.0,0.0054303506211850205,0.0046554826809263915,14.0,586.6838,589.4150962700801,581.3499764204857,True,587.2408,583.9161838149088,589.4150962700801,581.3499764204857
2025-05-30 15:30:00,586.0278,17092276,2025-05-30,2025-05-30 16:00:00,586.0278,2025-05-30 16:00:00,True,2025-05-30 16:00:00,2025-05-30 10:00:00,584.0691,16:00,17092276.0,58554316.0,0.0033535415586956052,0.004812418379077635,14.0,586.6838,589.5071679018272,581.2583151285087,True,586.0278,584.5325743580354,589.5071679018272,581.2583151285087
2025-06-02 09:30:00,582.9853,6197858,2025-06-02,2025-06-02 10:00:00,582.9853,2025-06-02 09:30:00,False,2025-06-02 16:00:00,2025-06-02 10:00:00,582.9853,10:00,6197858.0,6197858.0,0.0,0.0,14.0,586.0276,586.0276,582.9853,True,582.9853,582.9853,586.0276,582.9853
2025-06-02 10:00:00,585.2324,5563245,2025-06-02,2025-06-02 10:30:00,585.2324,2025-06-02 10:00:00,False,2025-06-02 16:00:00,2025-06-02 10:00:00,582.9853,10:30,5563245.0,11761103.0,0.003854471116166991,0.0014578777449871158,14.0,586.0276,586.8819565959883,582.1353787054754,True,585.2324,584.0482247817573,586.8819565959883,582.1353787054754
2025-06-02 10:30:00,585.998,3488453,2025-06-02,2025-06-02 11:00:00,585.998,2025-06-02 10:30:00,False,2025-06-02 16:00:00,2025-06-02 10:00:00,582.9853,11:00,3488453.0,15249556.0,0.005167711775923012,0.0012571188834130664,14.0,586.0276,586.7643063621613,582.2524181706178,True,585.998,584.4942508306078,586.7643063621613,582.2524181706178
2025-06-02 11:00:00,585.1926,2707939,2025-06-02,2025-06-02 11:30:00,585.1926,2025-06-02 11:00:00,False,2025-06-02 16:00:00,2025-06-02 10:00:00,582.9853,11:30,2707939.0,17957495.0,0.003786201813321677,0.002222993871229809,14.0,586.0276,587.3303357631714,581.689327251083,True,585.1926,584.5995598924461,587.3303357631714,581.689327251083
2025-06-02 11:30:00,586.5051,2032184,2025-06-02,2025-06-02 12:00:00,586.5051,2025-06-02 11:30:00,False,2025-06-02 16:00:00,2025-06-02 10:00:00,582.9853,12:00,2032184.0,19989679.0,0.006037545029008218,0.0025810648663470237,14.0,586.0276,587.5401752490698,581.4805771245733,True,586.5051,584.7932802677421,587.5401752490698,581.4805771245733
2025-06-02 12:00:00,586.0278,1305774,2025-06-02,2025-06-02 12:30:00,586.0278,2025-06-02 12:00:00,False,2025-06-02 16:00:00,2025-06-02 10:00:00,582.9853,12:30,1305774.0,21295453.0,0.005218827987600871,0.002753057978920337,14.0,586.0276,587.6409679600475,581.3803076682418,True,586.0278,584.8689773552317,587.6409679600475,581.3803076682418
2025-06-02 12:30:00,586.6343,1348944,2025-06-02,2025-06-02 13:00:00,586.6343,2025-06-02 12:30:00,False,2025-06-02 16:00:00,2025-06-02 10:00:00,582.9853,13:00,1348944.0,22644397.0,0.006259162966887777,0.0035154655517393558,14.0,586.0276,588.0877598401685,580.9358352606796,True,586.6343,584.9741389715787,588.0877598401685,580.9358352606796
2025-06-02 13:00:00,586.4753,1348117,2025-06-02,2025-06-02 13:30:00,586.4753,2025-06-02 13:00:00,False,2025-06-02 16:00:00,2025-06-02 10:00:00,582.9853,13:30,1348117.0,23992514.0,0.005986428817330136,0.004377784809177261,14.0,586.0276,588.5931027250386,580.4331158096863,True,586.4753,585.0584878106438,588.5931027250386,580.4331158096863
2025-06-02 13:30:00,586.5498,1118213,2025-06-02,2025-06-02 14:00:00,586.5498,2025-06-02 13:30:00,False,2025-06-02 16:00:00,2025-06-02 10:00:00,582.9853,14:00,1118213.0,25110727.0,0.006114219346525562,0.004034967552579443,14.0,586.0276,588.392202350916,580.6329732308692,True,586.5498,585.1248978623,588.392202350916,580.6329732308692
2025-06-02 14:00:00,588.1258,2871574,2025-06-02,2025-06-02 14:30:00,588.1258,2025-06-02 14:00:00,False,2025-06-02 16:00:00,2025-06-02 10:00:00,582.9853,14:30,2871574.0,27982301.0,0.008817546514466201,0.004369955588052699,14.0,586.0276,588.5885145853731,580.4376801305125,True,588.1258,585.4328536860604,588.5885145853731,580.4376801305125
2025-06-02 14:30:00,588.4738,2084981,2025-06-02,2025-06-02 15:00:00,588.4738,2025-06-02 14:30:00,False,2025-06-02 16:00:00,2025-06-02 10:00:00,582.9853,15:00,2084981.0,30067282.0,0.009414474087082292,0.004600547503117954,14.0,586.0276,588.7236478119381,580.3032484337306,True,588.4738,585.6437246017149,588.7236478119381,580.3032484337306
2025-06-02 15:00:00,588.9312,3406228,2025-06-02,2025-06-02 15:30:00,588.9312,2025-06-02 15:00:00,False,2025-06-02 16:00:00,2025-06-02 10:00:00,582.9853,15:30,3406228.0,33473510.0,0.010199056477067092,0.004805221558700961,14.0,586.0276,588.8435924575138,580.1839264680343,True,588.9312,585.9782545255547,588.8435924575138,580.1839264680343
2025-06-02 15:30:00,589.3289,8770867,2025-06-02,2025-06-02 16:00:00,589.3289,2025-06-02 16:00:00,True,2025-06-02 16:00:00,2025-06-02 10:00:00,582.9853,16:00,8770867.0,42244377.0,0.010881234912784032,0.00473192347643694,14.0,586.0276,588.80063775828,580.2266581725124,True,589.3289,586.6739226335377,588.80063775828,580.2266581725124
2025-06-03 09:30:00,589.1102,4306965,2025-06-03,2025-06-03 10:00:00,589.1102,2025-06-03 09:30:00,False,2025-06-03 16:00:00,2025-06-03 10:00:00,589.1102,10:00,4306965.0,4306965.0,0.0,0.0,14.0,589.3287,589.3287,589.1102,True,589.1102,589.1102,589.3287,589.1102
2025-06-03 10:00:00,590.4475,3617717,2025-06-03,2025-06-03 10:30:00,590.4475,2025-06-03 10:00:00,False,2025-06-03 16:00:00,2025-06-03 10:00:00,589.1102,10:30,3617717.0,7924682.0,0.0022700336880943084,0.0016456234993287061,14.0,589.3287,590.2985131575489,588.1407464111857,True,590.4475,589.7206942689309,590.2985131575489,588.1407464111857
2025-06-03 10:30:00,591.0192,2858335,2025-06-03,2025-06-03 11:00:00,591.0192,2025-06-03 10:30:00,False,2025-06-03 16:00:00,2025-06-03 10:00:00,589.1102,11:00,2858335.0,10783017.0,0.0032404803040246843,0.0015990644196222567,14.0,589.3287,590.2710745556323,588.1681748399434,True,591.0192,590.0648988991207,590.2710745556323,588.1681748399434
2025-06-03 11:00:00,591.5661,3035082,2025-06-03,2025-06-03 11:30:00,591.5661,2025-06-03 11:00:00,False,2025-06-03 16:00:00,2025-06-03 10:00:00,589.1102,11:30,3035082.0,13818099.0,0.0041688295330823966,0.0024901607585148733,14.0,589.3287,590.7962232026066,587.6432208975192,True,591.5661,590.394630828213,590.7962232026066,587.6432208975192
2025-06-03 11:30:00,592.2322,2662607,2025-06-03,2025-06-03 12:00:00,592.2322,2025-06-03 11:30:00,False,2025-06-03 16:00:00,2025-06-03 10:00:00,589.1102,12:00,2662607.0,16480706.0,0.005299517815172905,0.0029247444716058446,14.0,589.3287,591.0523358572837,587.3872031993833,True,592.2322,590.6915067350938,591.0523358572837,587.3872031993833
2025-06-03 12:00:00,592.6548,2472247,2025-06-03,2025-06-03 12:30:00,592.6548,2025-06-03 12:00:00,False,2025-06-03 16:00:00,2025-06-03 10:00:00,589.1102,12:30,2472247.0,18952953.0,0.006016870867284307,0.00307520077981235,14.0,589.3287,591.1410040778057,587.2985678535646,True,592.6548,590.9476011750622,591.1410040778057,587.2985678535646
2025-06-03 12:30:00,593.1172,2190946,2025-06-03,2025-06-03 13:00:00,593.1172,2025-06-03 12:30:00,False,2025-06-03 16:00:00,2025-06-03 10:00:00,589.1102,13:00,2190946.0,21143899.0,0.006801783435425257,0.0036873686822852286,14.0,589.3287,591.5017721919519,586.9379334981052,True,593.1172,591.1724165635155,591.5017721919519,586.9379334981052
2025-06-03 13:00:00,593.3409,2137085,2025-06-03,2025-06-03 13:30:00,593.3409,2025-06-03 13:00:00,False,2025-06-03 16:00:00,2025-06-03 10:00:00,589.1102,13:30,2137085.0,23280984.0,0.007181508654917401,0.004507981573014067,14.0,589.3287,591.9853829200483,586.4545020739254,True,593.3409,591.3714731594421,591.9853829200483,586.4545020739254
2025-06-03 13:30:00,592.7394,2507352,2025-06-03,2025-06-03 14:00:00,592.7394,2025-06-03 13:30:00,False,2025-06-03 16:00:00,2025-06-03 10:00:00,589.1102,14:00,2507352.0,25788336.0,0.006160477275728882,0.004141605674355168,14.0,589.3287,591.7694670879803,586.6703378528595,True,592.7394,591.5044741448304,591.7694670879803,586.6703378528595
2025-06-03 14:00:00,592.7692,4636871,2025-06-03,2025-06-03 14:30:00,592.7692,2025-06-03 14:00:00,False,2025-06-03 16:00:00,2025-06-03 10:00:00,589.1102,14:30,4636871.0,30425207.0,0.006211062038987025,0.004613548077240673,14.0,589.3287,592.0475962907478,586.392311769507,True,592.7692,591.6972212522137,592.0475962907478,586.392311769507
2025-06-03 14:30:00,592.958,2367078,2025-06-03,2025-06-03 15:00:00,592.958,2025-06-03 14:30:00,False,2025-06-03 16:00:00,2025-06-03 10:00:00,589.1102,15:00,2367078.0,32792285.0,0.006531545371307512,0.004946008063732513,14.0,589.3287,592.243524502389,586.196456200373,True,592.958,591.7882292937927,592.243524502389,586.196456200373
2025-06-03 15:00:00,592.8188,3652737,2025-06-03,2025-06-03 15:30:00,592.8188,2025-06-03 15:00:00,False,2025-06-03 16:00:00,2025-06-03 10:00:00,589.1102,15:30,3652737.0,36445022.0,0.006295256812732131,0.0052178177824122995,14.0,589.3287,592.4037097705459,586.0363303226395,True,592.8188,591.8915192232014,592.4037097705459,586.0363303226395
2025-06-03 15:30:00,592.6896,8669534,2025-06-03,2025-06-03 16:00:00,592.6896,2025-06-03 16:00:00,True,2025-06-03 16:00:00,2025-06-03 10:00:00,589.1102,16:00,8669534.0,45114556.0,0.006075943006928153,0.005004461504453907,14.0,589.3287,592.27797279262,586.1620206822188,True,592.6896,592.0448841023593,592.27797279262,586.1620206822188
2025-06-04 09:30:00,593.3658,4854122,2025-06-04,2025-06-04 10:00:00,593.3658,2025-06-04 09:30:00,False,2025-06-04 16:00:00,2025-06-04 10:00:00,593.3658,10:00,4854122.0,4854122.0,0.0,0.0,14.0,592.6894,593.3658,592.6894,True,593.3658,593.3658,593.3658,592.6894
2025-06-04 10:00:00,594.1711,5245199,2025-06-04,2025-06-04 10:30:00,594.1711,2025-06-04 10:00:00,False,2025-06-04 16:00:00,2025-06-04 10:00:00,593.3658,10:30,5245199.0,10099321.0,0.0013571729277286337,0.0016125243271138243,14.0,592.6894,594.3226167873775,591.7336739240775,True,594.1711,593.7840418555367,594.3226167873775,591.7336739240775
2025-06-04 10:30:00,594.1811,2576429,2025-06-04,2025-06-04 11:00:00,594.1811,2025-06-04 10:30:00,False,2025-06-04 16:00:00,2025-06-04 10:00:00,593.3658,11:00,2576429.0,12675750.0,0.0013740259381311848,0.0016303857965860472,14.0,592.6894,594.3332151725,591.7230876204529,True,594.1811,593.8647465174369,594.3332151725,591.7230876204529
2025-06-04 11:00:00,593.5646,2064384,2025-06-04,2025-06-04 11:30:00,593.5646,2025-06-04 11:00:00,False,2025-06-04 16:00:00,2025-06-04 10:00:00,593.3658,11:30,2064384.0,14740134.0,0.0003350378468054416,0.0024926129733199615,14.0,592.6894,594.8448312910044,591.2120547124108,True,593.5646,593.8227104227682,594.8448312910044,591.2120547124108
2025-06-04 11:30:00,593.4354,2379861,2025-06-04,2025-06-04 12:00:00,593.4354,2025-06-04 11:30:00,False,2025-06-04 16:00:00,2025-06-04 10:00:00,593.3658,12:00,2379861.0,17119995.0,0.0001172969524025902,0.003011629866478135,14.0,592.6894,595.1527981650268,590.9044389014149,True,593.4354,593.7688701634668,595.1527981650268,590.9044389014149
2025-06-04 12:00:00,592.5106,2418365,2025-06-04,2025-06-04 12:30:00,592.5106,2025-06-04 12:00:00,False,2025-06-04 16:00:00,2025-06-04 10:00:00,593.3658,12:30,2418365.0,19538360.0,0.0014412694496380718,0.003223082990849787,14.0,592.6894,595.278267217332,590.779112876003,True,592.5106,593.6131274847634,595.278267217332,590.779112876003
2025-06-04 12:30:00,593.3757,1693993,2025-06-04,2025-06-04 13:00:00,593.3757,2025-06-04 12:30:00,False,2025-06-04 16:00:00,2025-06-04 10:00:00,593.3658,13:00,1693993.0,21232353.0,1.668448029867875e-05,0.0038467760932954786,14.0,592.6894,595.6483453740192,590.4094565853304,True,593.3757,593.5941846715388,595.6483453740192,590.4094565853304
2025-06-04 13:00:00,593.9106,1759632,2025-06-04,2025-06-04 13:30:00,593.9106,2025-06-04 13:00:00,False,2025-06-04 16:00:00,2025-06-04 10:00:00,593.3658,13:30,1759632.0,22991985.0,0.0009181520067385041,0.004651211838769661,14.0,592.6894,596.125670033681,589.9326760460067,True,593.9106,593.618400698874,596.125670033681,589.9326760460067
2025-06-04 13:30:00,594.1612,1666753,2025-06-04,2025-06-04 14:00:00,594.1612,2025-06-04 13:30:00,False,2025-06-04 16:00:00,2025-06-04 10:00:00,593.3658,14:00,1666753.0,24658738.0,0.001340488447429955,0.004263134085974142,14.0,592.6894,595.8953979674314,590.1626856164644,True,594.1612,593.6550900202639,595.8953979674314,590.1626856164644
2025-06-04 14:00:00,594.1711,2172265,2025-06-04,2025-06-04 14:30:00,594.1711,2025-06-04 14:00:00,False,2025-06-04 16:00:00,2025-06-04 10:00:00,593.3658,14:30,2172265.0,26831003.0,0.0013571729277286337,0.004739917021133704,14.0,592.6894,596.1783046551786,589.8801014246944,True,594.1711,593.696866707428,596.1783046551786,589.8801014246944
2025-06-04 14:30:00,593.5944,2401432,2025-06-04,2025-06-04 15:00:00,593.5944,2025-06-04 14:30:00,False,2025-06-04 16:00:00,2025-06-04 10:00:00,593.3658,15:00,2401432.0,29232435.0,0.0003852598178053501,0.005014105017383403,14.0,592.6894,596.3409984349237,589.71759310571,True,593.5944,593.6884491113518,596.3409984349237,589.71759310571
2025-06-04 15:00:00,593.6243,2499647,2025-06-04,2025-06-04 15:30:00,593.6243,2025-06-04 15:00:00,False,2025-06-04 16:00:00,2025-06-04 10:00:00,593.3658,15:30,2499647.0,31732082.0,0.000435650318909353,0.005278192900221872,14.0,592.6894,596.4976991527946,589.5610710168831,True,593.6243,593.6833958616551,596.4976991527946,589.5610710168831
2025-06-04 15:30:00,592.5305,8395922,2025-06-04,2025-06-04 16:00:00,592.5305,2025-06-04 16:00:00,True,2025-06-04 16:00:00,2025-06-04 10:00:00,593.3658,16:00,8395922.0,40128004.0,0.001407731958936731,0.005252970310312933,14.0,592.6894,596.4827329305551,589.5760201785628,True,592.5305,593.4421771923044,596.4827329305551,589.5760201785628
2025-06-05 09:30:00,590.8601,6194629,2025-06-05,2025-06-05 10:00:00,590.8601,2025-06-05 09:30:00,False,2025-06-05 16:00:00,2025-06-05 10:00:00,590.8601,10:00,6194629.0,6194629.0,0.0,0.0,14.0,592.5303,592.5303,590.8601,True,590.8601,590.8601,592.5303,590.8601
2025-06-05 10:00:00,592.7493,3472589,2025-06-05,2025-06-05 10:30:00,592.7493,2025-06-05 10:00:00,False,2025-06-05 16:00:00,2025-06-05 10:00:00,590.8601,10:30,3472589.0,9667218.0,0.0031973727791061446,0.0017054301891163415,14.0,592.5303,593.5408190615863,589.8524293479156,True,592.7493,591.5387249300263,593.5408190615863,589.8524293479156
2025-06-05 10:30:00,593.9524,7090520,2025-06-05,2025-06-05 11:00:00,593.9524,2025-06-05 10:30:00,False,2025-06-05 16:00:00,2025-06-05 10:00:00,590.8601,11:00,7090520.0,16757738.0,0.005233556979054921,0.0017244954450458896,14.0,592.5303,593.5521158034018,589.8411644488906,True,593.9524,592.5599970943931,593.5521158034018,589.8411644488906
2025-06-05 11:00:00,595.2648,3746273,2025-06-05,2025-06-05 11:30:00,595.2648,2025-06-05 11:00:00,False,2025-06-05 16:00:00,2025-06-05 10:00:00,590.8601,11:30,3746273.0,20504011.0,0.0074547257464161465,0.0024736014127578277,14.0,592.5303,593.9959837871818,589.3985476218977,True,595.2648,593.0541896743521,593.9959837871818,589.3985476218977
2025-06-05 11:30:00,595.3643,2504540,2025-06-05,2025-06-05 12:00:00,595.3643,2025-06-05 11:30:00,False,2025-06-05 16:00:00,2025-06-05 10:00:00,590.8601,12:00,2504540.0,23008551.0,0.007623124323338004,0.002966109581795186,14.0,592.5303,594.287809800334,589.1075441958895,True,595.3643,593.3056511294866,594.287809800334,589.1075441958895
2025-06-05 12:00:00,594.4893,2963443,2025-06-05,2025-06-05 12:30:00,594.4893,2025-06-05 12:00:00,False,2025-06-05 16:00:00,2025-06-05 10:00:00,590.8601,12:30,2963443.0,25971994.0,0.006142232315229812,0.003274577662016704,14.0,592.5303,594.4705864844481,588.925282715163,True,594.4893,593.4407072195112,594.4705864844481,588.925282715163
2025-06-05 12:30:00,591.2877,4672375,2025-06-05,2025-06-05 13:00:00,591.2877,2025-06-05 12:30:00,False,2025-06-05 16:00:00,2025-06-05 10:00:00,590.8601,13:00,4672375.0,30644369.0,0.0007236907687622196,0.00384228207354248,14.0,592.5303,594.8069685497208,588.5898488297985,True,591.2877,593.1124362374178,594.8069685497208,588.5898488297985
2025-06-05 13:00:00,593.0576,3108965,2025-06-05,2025-06-05 13:30:00,593.0576,2025-06-05 13:00:00,False,2025-06-05 16:00:00,2025-06-05 10:00:00,590.8601,13:30,3108965.0,33753334.0,0.0037191545003631976,0.004576019391707891,14.0,592.5303,595.2417301429746,588.1563127246135,True,593.0576,593.1073853602848,595.2417301429746,588.1563127246135
2025-06-05 13:30:00,592.4212,2048832,2025-06-05,2025-06-05 14:00:00,592.4212,2025-06-05 13:30:00,False,2025-06-05 16:00:00,2025-06-05 10:00:00,590.8601,14:00,2048832.0,35802166.0,0.0026420805872660047,0.004337399615664777,14.0,592.5303,595.1003406954898,588.2973036293483,True,592.4212,593.0681173862721,595.1003406954898,588.2973036293483
2025-06-05 14:00:00,591.934,4392056,2025-06-05,2025-06-05 14:30:00,591.934,2025-06-05 14:00:00,False,2025-06-05 16:00:00,2025-06-05 10:00:00,590.8601,14:30,4392056.0,40194222.0,0.001817519917151289,0.004755789892645349,14.0,592.5303,595.3482496118261,588.0500935084526,True,591.934,592.9441914381325,595.3482496118261,588.0500935084526
2025-06-05 14:30:00,591.8644,2766960,2025-06-05,2025-06-05 15:00:00,591.8644,2025-06-05 14:30:00,False,2025-06-05 16:00:00,2025-06-05 10:00:00,590.8601,15:00,2766960.0,42961182.0,0.00169972553570652,0.005025422192877367,14.0,592.5303,595.5080149195724,587.8907785405743,True,591.8644,592.8746463376822,595.5080149195724,587.8907785405743
2025-06-05 15:00:00,589.104,8095451,2025-06-05,2025-06-05 15:30:00,589.104,2025-06-05 15:00:00,False,2025-06-05 16:00:00,2025-06-05 10:00:00,590.8601,15:30,8095451.0,51056633.0,0.0029721079490727664,0.00524648609678808,14.0,592.5303,595.6390019808756,587.7601607002032,True,589.104,592.2767792071758,595.6390019808756,587.7601607002032
2025-06-05 15:30:00,589.6669,12732108,2025-06-05,2025-06-05 16:00:00,589.6669,2025-06-05 16:00:00,True,2025-06-05 16:00:00,2025-06-05 10:00:00,590.8601,16:00,12732108.0,63788741.0,0.0020194289646566776,0.0053446087756230465,14.0,592.5303,595.6971426412026,587.7021839243745,True,589.6669,591.7558524195986,595.6971426412026,587.7021839243745
2025-06-06 09:30:00,596.9532,7795011,2025-06-06,2025-06-06 10:00:00,596.9532,2025-06-06 09:30:00,False,2025-06-06 16:00:00,2025-06-06 10:00:00,596.9532,10:00,7795011.0,7795011.0,0.0,0.0,14.0,589.6667,596.9532,589.6667,True,596.9532,596.9532,596.9532,589.6667
2025-06-06 10:00:00,595.7272,3542710,2025-06-06,2025-06-06 10:30:00,595.7272,2025-06-06 10:00:00,False,2025-06-06 16:00:00,2025-06-06 10:00:00,596.9532,10:30,3542710.0,11337721.0,0.0020537623384881964,0.0019021183972523423,14.0,589.6667,598.0886756640186,588.545084121683,True,595.7272,596.5701104478757,598.0886756640186,588.545084121683
2025-06-06 10:30:00,595.8813,2383189,2025-06-06,2025-06-06 11:00:00,595.8813,2025-06-06 10:30:00,False,2025-06-06 16:00:00,2025-06-06 10:00:00,596.9532,11:00,2383189.0,13720910.0,0.001795618148960454,0.0020398324590524025,14.0,589.6667,598.1708845138953,588.4638787253177,True,595.8813,596.4504707532445,598.1708845138953,588.4638787253177
2025-06-06 11:00:00,595.0759,4683622,2025-06-06,2025-06-06 11:30:00,595.0759,2025-06-06 11:00:00,False,2025-06-06 16:00:00,2025-06-06 10:00:00,596.9532,11:30,4683622.0,18404532.0,0.003144802641145028,0.0027331028779674638,14.0,589.6667,598.584734508932,588.0550802451884,True,595.0759,596.1006672472139,598.584734508932,588.0550802451884
2025-06-06 11:30:00,595.3146,2382273,2025-06-06,2025-06-06 12:00:00,595.3146,2025-06-06 11:30:00,False,2025-06-06 16:00:00,2025-06-06 10:00:00,596.9532,12:00,2382273.0,20786805.0,0.0027449387992224406,0.0031498945334410555,14.0,589.6667,598.8335396214003,587.8093120851178,True,595.3146,596.0105799644775,598.8335396214003,587.8093120851178
2025-06-06 12:00:00,595.1754,1584156,2025-06-06,2025-06-06 12:30:00,595.1754,2025-06-06 12:00:00,False,2025-06-06 16:00:00,2025-06-06 10:00:00,596.9532,12:30,1584156.0,22370961.0,0.0029781229081276006,0.0033440540210443897,14.0,589.6667,598.9494437488353,587.694822700789,True,595.1754,595.9514383231412,598.9494437488353,587.694822700789
2025-06-06 12:30:00,594.2009,2725040,2025-06-06,2025-06-06 13:00:00,594.2009,2025-06-06 12:30:00,False,2025-06-06 16:00:00,2025-06-06 10:00:00,596.9532,13:00,2725040.0,25096001.0,0.004610579187782182,0.0033979865298700246,14.0,589.6667,598.9816389325629,587.6630204962871,True,594.2009,595.7613567658409,598.9816389325629,587.6630204962871
2025-06-06 13:00:00,594.8174,2069167,2025-06-06,2025-06-06 13:30:00,594.8174,2025-06-06 13:00:00,False,2025-06-06 16:00:00,2025-06-06 10:00:00,596.9532,13:30,2069167.0,27165168.0,0.0035778349123516406,0.004287184802054612,14.0,589.6667,599.512448686578,587.1386898854823,True,594.8174,595.6894557126501,599.512448686578,587.1386898854823
2025-06-06 13:30:00,595.5433,1496690,2025-06-06,2025-06-06 14:00:00,595.5433,2025-06-06 13:30:00,False,2025-06-06 16:00:00,2025-06-06 10:00:00,596.9532,14:00,1496690.0,28661858.0,0.002361826689261437,0.004072772619768517,14.0,589.6667,599.3844546482431,587.2651216094507,True,595.5433,595.6818236256596,599.3844546482431,587.2651216094507
2025-06-06 14:00:00,596.1597,2892793,2025-06-06,2025-06-06 14:30:00,596.1597,2025-06-06 14:00:00,False,2025-06-06 16:00:00,2025-06-06 10:00:00,596.9532,14:30,2892793.0,31554651.0,0.0013292499311503558,0.004478571132353369,14.0,589.6667,599.626697368886,587.0258357396699,True,596.1597,595.7256332507623,599.626697368886,587.0258357396699
2025-06-06 14:30:00,596.2492,2888765,2025-06-06,2025-06-06 15:00:00,596.2492,2025-06-06 14:30:00,False,2025-06-06 16:00:00,2025-06-06 10:00:00,596.9532,15:00,2888765.0,34443416.0,0.0011793219300945124,0.004704478290057934,14.0,589.6667,599.7615533695807,586.8926258114799,True,596.2492,595.7695447286587,599.7615533695807,586.8926258114799
2025-06-06 15:00:00,595.8912,2782723,2025-06-06,2025-06-06 15:30:00,595.8912,2025-06-06 15:00:00,False,2025-06-06 16:00:00,2025-06-06 10:00:00,596.9532,15:30,2782723.0,37226139.0,0.0017790339343184414,0.005121208306292654,14.0,589.6667,600.010321686308,586.6468939980158,True,595.8912,595.7786386860427,600.010321686308,586.6468939980158
2025-06-06 15:30:00,595.7222,8878229,2025-06-06,2025-06-06 16:00:00,595.7222,2025-06-06 16:00:00,True,2025-06-06 16:00:00,2025-06-06 10:00:00,596.9532,16:00,8878229.0,46104368.0,0.0020621382044689884,0.004959956995250655,14.0,589.6667,599.9140622001773,586.7419785264686,True,595.7222,595.7677703973992,599.9140622001773,586.7419785264686
2025-06-09 09:30:00,595.5532,4079527,2025-06-09,2025-06-09 10:00:00,595.5532,2025-06-09 09:30:00,False,2025-06-09 16:00:00,2025-06-09 10:00:00,595.5532,10:00,4079527.0,4079527.0,0.0,0.0,14.0,595.722,595.722,595.5532,True,595.5532,595.5532,595.722,595.5532
2025-06-09 10:00:00,596.3287,3354533,2025-06-09,2025-06-09 10:30:00,596.3287,2025-06-09 10:00:00,False,2025-06-09 16:00:00,2025-06-09 10:00:00,595.5532,10:30,3354533.0,7434060.0,0.0013021506726855758,0.0020234193488069935,14.0,595.722,596.9273954213099,594.348146131876,True,596.3287,595.9031353437422,596.9273954213099,594.348146131876
2025-06-09 10:30:00,596.11,3495707,2025-06-09,2025-06-09 11:00:00,596.11,2025-06-09 10:30:00,False,2025-06-09 16:00:00,2025-06-09 10:00:00,595.5532,11:00,3495707.0,10929767.0,0.000934929070988133,0.002152364130385403,14.0,595.722,597.0042106644814,594.2713526545837,True,596.11,595.9692976166372,597.0042106644814,594.2713526545837
2025-06-09 11:00:00,595.7968,1821320,2025-06-09,2025-06-09 11:30:00,595.7968,2025-06-09 11:00:00,False,2025-06-09 16:00:00,2025-06-09 10:00:00,595.5532,11:30,1821320.0,12751087.0,0.00040903146855741923,0.0029238819899396395,14.0,595.722,597.4638208268108,593.811872724469,True,595.7968,595.944658669453,597.4638208268108,593.811872724469
2025-06-09 11:30:00,596.4133,1689560,2025-06-09,2025-06-09 12:00:00,596.4133,2025-06-09 11:30:00,False,2025-06-09 16:00:00,2025-06-09 10:00:00,595.5532,12:00,1689560.0,14440647.0,0.001444203473342176,0.0032975893122200966,14.0,595.722,597.6864465002543,593.5893101328214,True,596.4133,595.9994898447071,597.6864465002543,593.5893101328214
2025-06-09 12:00:00,596.3785,1609428,2025-06-09,2025-06-09 12:30:00,596.3785,2025-06-09 12:00:00,False,2025-06-09 16:00:00,2025-06-09 10:00:00,595.5532,12:30,1609428.0,16050075.0,0.0013857704064055287,0.003383235303938684,14.0,595.722,597.737467701733,593.5383033883863,True,596.3785,596.0374952469381,597.737467701733,593.5383033883863
2025-06-09 12:30:00,597.2584,2281594,2025-06-09,2025-06-09 13:00:00,597.2584,2025-06-09 12:30:00,False,2025-06-09 16:00:00,2025-06-09 10:00:00,595.5532,13:00,2281594.0,18331669.0,0.0028632202799012685,0.003533763686444163,14.0,595.722,597.8271407708158,593.4486557284943,True,597.2584,596.1894513486525,597.8271407708158,593.4486557284943
2025-06-09 13:00:00,597.3976,1869558,2025-06-09,2025-06-09 13:30:00,597.3976,2025-06-09 13:00:00,False,2025-06-09 16:00:00,2025-06-09 10:00:00,595.5532,13:30,1869558.0,20201227.0,0.0030969525476483017,0.004240408576969271,14.0,595.722,598.2481046782892,593.0278111026785,True,597.3976,596.3012615855413,598.2481046782892,593.0278111026785
2025-06-09 13:30:00,597.4722,1566340,2025-06-09,2025-06-09 14:00:00,597.4722,2025-06-09 13:30:00,False,2025-06-09 16:00:00,2025-06-09 10:00:00,595.5532,14:00,1566340.0,21767567.0,0.0032222142371161056,0.0039786805997856145,14.0,595.722,598.0921875642655,593.1836840370197,True,597.4722,596.3855194025084,598.0921875642655,593.1836840370197
2025-06-09 14:00:00,597.5417,1511699,2025-06-09,2025-06-09 14:30:00,597.5417,2025-06-09 14:00:00,False,2025-06-09 16:00:00,2025-06-09 10:00:00,595.5532,14:30,1511699.0,23279266.0,0.0033389124598777187,0.004253034488080176,14.0,595.722,598.2556262113081,593.0202917009134,True,597.5417,596.4605989627079,598.2556262113081,593.0202917009134
2025-06-09 14:30:00,597.5616,2700371,2025-06-09,2025-06-09 15:00:00,597.5616,2025-06-09 14:30:00,False,2025-06-09 16:00:00,2025-06-09 10:00:00,595.5532,15:00,2700371.0,25979637.0,0.003372326771143186,0.00442954197800967,14.0,595.722,598.3607756062238,592.915172100462,True,597.5616,596.5750390248255,598.3607756062238,592.915172100462
2025-06-09 15:00:00,597.0745,2155666,2025-06-09,2025-06-09 15:30:00,597.0745,2025-06-09 15:00:00,False,2025-06-09 16:00:00,2025-06-09 10:00:00,595.5532,15:30,2155666.0,28135303.0,0.002554431745140473,0.004866132646003758,14.0,595.722,598.6208622721426,592.655159131048,True,597.0745,596.6133066433583,598.6208622721426,592.655159131048
2025-06-09 15:30:00,596.2592,8925917,2025-06-09,2025-06-09 16:00:00,596.2592,2025-06-09 16:00:00,True,2025-06-09 16:00:00,2025-06-09 10:00:00,595.5532,16:00,8925917.0,37061220.0,0.0011854524499239627,0.00467551448954902,14.0,595.722,598.5073068427431,592.7686823841026,True,596.2592,596.5280227129382,598.5073068427431,592.7686823841026
2025-06-10 09:30:00,597.1441,4047828,2025-06-10,2025-06-10 10:00:00,597.1441,2025-06-10 09:30:00,False,2025-06-10 16:00:00,2025-06-10 10:00:00,597.1441,10:00,4047828.0,4047828.0,0.0,0.0,14.0,596.2589,597.1441,596.2589,True,597.1441,597.1441,597.1441,596.2589
2025-06-10 10:00:00,597.7606,2557485,2025-06-10,2025-06-10 10:30:00,597.7606,2025-06-10 10:00:00,False,2025-06-10 16:00:00,2025-06-10 10:00:00,597.1441,10:30,2557485.0,6605313.0,0.0010324141191380143,0.0020016704684463005,14.0,596.2589,598.3393857103769,595.0653861683218,True,597.7606,597.3828001952064,598.3393857103769,595.0653861683218
2025-06-10 10:30:00,597.6487,2658845,2025-06-10,2025-06-10 11:00:00,597.6487,2025-06-10 10:30:00,False,2025-06-10 16:00:00,2025-06-10 10:00:00,597.1441,11:00,2658845.0,9264158.0,0.0008450221646667533,0.002135790352256282,14.0,596.2589,598.4194746076868,594.9854159939331,True,597.6487,597.4591143477152,598.4194746076868,594.9854159939331
2025-06-10 11:00:00,597.7054,2378526,2025-06-10,2025-06-10 11:30:00,597.7054,2025-06-10 11:00:00,False,2025-06-10 16:00:00,2025-06-10 10:00:00,597.1441,11:30,2378526.0,11642684.0,0.0009399741201496781,0.0028274776568539112,14.0,596.2589,598.8325116006722,594.5729912825498,True,597.7054,597.5094289338867,598.8325116006722,594.5729912825498
2025-06-10 11:30:00,597.8052,4724027,2025-06-10,2025-06-10 12:00:00,597.8052,2025-06-10 11:30:00,False,2025-06-10 16:00:00,2025-06-10 10:00:00,597.1441,12:00,4724027.0,16366711.0,0.0011071029589004855,0.003177277629730508,14.0,596.2589,599.0413925906555,594.3644199355023,True,597.8052,597.5947992017516,599.0413925906555,594.3644199355023
2025-06-10 12:00:00,598.4566,2394714,2025-06-10,2025-06-10 12:30:00,598.4566,2025-06-10 12:00:00,False,2025-06-10 16:00:00,2025-06-10 10:00:00,597.1441,12:30,2394714.0,18761425.0,0.0021979619324716815,0.0031548757101569425,14.0,596.2589,599.0280154165536,594.3777772794251,True,598.4566,597.704799718065,599.0280154165536,594.3777772794251
2025-06-10 12:30:00,598.7449,1940551,2025-06-10,2025-06-10 13:00:00,598.7449,2025-06-10 12:30:00,False,2025-06-10 16:00:00,2025-06-10 10:00:00,597.1441,13:00,1940551.0,20701976.0,0.0026807599706670793,0.0033456959892112343,14.0,596.2589,599.1419626203511,594.2639989897385,True,598.7449,597.8022960943632,599.1419626203511,594.2639989897385
2025-06-10 13:00:00,598.4863,2482950,2025-06-10,2025-06-10 13:30:00,598.4863,2025-06-10 13:00:00,False,2025-06-10 16:00:00,2025-06-10 10:00:00,597.1441,13:30,2482950.0,23184926.0,0.002247698671057785,0.004004597639764407,14.0,596.2589,599.5354218534593,593.8711230163715,True,598.4863,597.8755483228801,599.5354218534593,593.8711230163715
2025-06-10 13:30:00,597.85,2136922,2025-06-10,2025-06-10 14:00:00,597.85,2025-06-10 13:30:00,False,2025-06-10 16:00:00,2025-06-10 10:00:00,597.1441,14:00,2136922.0,25321848.0,0.0011821267261955537,0.0038440279877336764,14.0,596.2589,599.43953863311,593.9668641004648,True,597.85,597.8733922885644,599.43953863311,593.9668641004648
2025-06-10 14:00:00,597.4736,3909816,2025-06-10,2025-06-10 14:30:00,597.4736,2025-06-10 14:00:00,False,2025-06-10 16:00:00,2025-06-10 10:00:00,597.1441,14:30,3909816.0,29231664.0,0.000551793109904386,0.004195578108593572,14.0,596.2589,599.6494647136358,593.7572492121059,True,597.4736,597.8199189629779,599.6494647136358,593.7572492121059
2025-06-10 14:30:00,599.0233,3710083,2025-06-10,2025-06-10 15:00:00,599.0233,2025-06-10 14:30:00,False,2025-06-10 16:00:00,2025-06-10 10:00:00,597.1441,15:00,3710083.0,32941747.0,0.0031469790960003685,0.0042947504659580716,14.0,596.2589,599.708684901719,593.6981168113934,True,599.0233,597.9554504370063,599.708684901719,593.6981168113934
2025-06-10 15:00:00,599.2122,4323861,2025-06-10,2025-06-10 15:30:00,599.2122,2025-06-10 15:00:00,False,2025-06-10 16:00:00,2025-06-10 10:00:00,597.1441,15:30,4323861.0,37265608.0,0.003463318150510153,0.004778009083460567,14.0,596.2589,599.9972599339349,593.4099695597058,True,599.2122,598.1012688125496,599.9972599339349,593.4099695597058
2025-06-10 15:30:00,599.6398,9564715,2025-06-10,2025-06-10 16:00:00,599.5602,2025-06-10 16:00:00,True,2025-06-10 16:00:00,2025-06-10 10:00:00,597.1441,16:00,9564715.0,46830323.0,0.004179393215138605,0.004332568459420594,14.0,596.2589,599.7312676933891,593.6755674962112,True,599.5602,598.3992437168135,599.7312676933891,593.6755674962112
2025-06-11 09:30:00,600.1868,5430443,2025-06-11,2025-06-11 10:00:00,600.1868,2025-06-11 09:30:00,False,2025-06-11 16:00:00,2025-06-11 10:00:00,600.1868,10:00,5430443.0,5430443.0,0.0,0.0,14.0,599.6395,600.1868,599.6395,True,600.1868,600.1868,600.1868,599.6395
2025-06-11 10:00:00,601.3102,2864624,2025-06-11,2025-06-11 10:30:00,601.3102,2025-06-11 10:00:00,False,2025-06-11 16:00:00,2025-06-11 10:00:00,600.1868,10:30,2864624.0,8295067.0,0.0018717505949814583,0.0020693916511481353,14.0,599.6395,601.4288215530493,598.3986110250013,True,601.3102,600.5747557092908,601.4288215530493,598.3986110250013
2025-06-11 10:30:00,601.2406,2290842,2025-06-11,2025-06-11 11:00:00,601.2406,2025-06-11 10:30:00,False,2025-06-11 16:00:00,2025-06-11 10:00:00,600.1868,11:00,2290842.0,10585909.0,0.001755786698407924,0.002190732299070432,14.0,599.6395,601.5016486082357,598.3258503795515,True,601.2406,600.7188476400468,601.5016486082357,598.3258503795515
2025-06-11 11:00:00,600.7534,2828840,2025-06-11,2025-06-11 11:30:00,600.7534,2025-06-11 11:00:00,False,2025-06-11 16:00:00,2025-06-11 10:00:00,600.1868,11:30,2828840.0,13414749.0,0.0009440394223934057,0.0028199228551560158,14.0,599.6395,601.8792804746829,597.9485628690957,True,600.7534,600.7261338813272,601.8792804746829,597.9485628690957
2025-06-11 11:30:00,600.1419,2188259,2025-06-11,2025-06-11 12:00:00,600.1419,2025-06-11 11:30:00,False,2025-06-11 16:00:00,2025-06-11 10:00:00,600.1868,12:00,2188259.0,15603008.0,7.481004247344991e-05,0.00320816283082781,14.0,599.6395,602.1122969833134,597.7157588442038,True,600.1419,600.6441974336295,602.1122969833134,597.7157588442038
2025-06-11 12:00:00,599.7839,3761081,2025-06-11,2025-06-11 12:30:00,599.7839,2025-06-11 12:00:00,False,2025-06-11 16:00:00,2025-06-11 10:00:00,600.1868,12:30,3761081.0,19364089.0,0.0006712910047337317,0.003293792824120813,14.0,599.6395,602.1636909749719,597.6644117178406,True,599.7839,600.4771021299479,602.1636909749719,597.6644117178406
2025-06-11 12:30:00,599.963,2187265,2025-06-11,2025-06-11 13:00:00,599.963,2025-06-11 12:30:00,False,2025-06-11 16:00:00,2025-06-11 10:00:00,600.1868,13:00,2187265.0,21551354.0,0.0003728839088097402,0.003468493598855395,14.0,599.6395,602.2685440739174,597.5596542326292,True,599.963,600.4249254734251,602.2685440739174,597.5596542326292
2025-06-11 13:00:00,600.9025,1930473,2025-06-11,2025-06-11 13:30:00,600.9025,2025-06-11 13:00:00,False,2025-06-11 16:00:00,2025-06-11 10:00:00,600.1868,13:30,1930473.0,23481827.0,0.0011924620801391228,0.0040868405484043024,14.0,599.6395,602.6396677508569,597.1888689769752,True,600.9025,600.4641875261198,602.6396677508569,597.1888689769752
2025-06-11 13:30:00,599.0034,2256533,2025-06-11,2025-06-11 14:00:00,599.0034,2025-06-11 13:30:00,False,2025-06-11 16:00:00,2025-06-11 10:00:00,600.1868,14:00,2256533.0,25738360.0,0.001971719471337785,0.003914008748336409,14.0,599.6395,602.5359363858361,597.2925057511519,True,599.0034,600.3361173903893,602.5359363858361,597.2925057511519
2025-06-11 14:00:00,597.1541,7218369,2025-06-11,2025-06-11 14:30:00,597.1541,2025-06-11 14:00:00,False,2025-06-11 16:00:00,2025-06-11 10:00:00,600.1868,14:30,7218369.0,32956729.0,0.0050529268554390105,0.003984365888496393,14.0,599.6395,602.5781638126457,597.250316830805,True,597.1541,599.6391739622886,602.5781638126457,597.250316830805
2025-06-11 14:30:00,597.3131,4733976,2025-06-11,2025-06-11 15:00:00,597.3131,2025-06-11 14:30:00,False,2025-06-11 16:00:00,2025-06-11 10:00:00,600.1868,15:00,4733976.0,37690705.0,0.004788009333094312,0.004280360253697879,14.0,599.6395,602.755815723514,597.0728269176527,True,597.3131,599.3470176252898,602.755815723514,597.0728269176527
2025-06-11 15:00:00,596.9949,3898160,2025-06-11,2025-06-11 15:30:00,596.9949,2025-06-11 15:00:00,False,2025-06-11 16:00:00,2025-06-11 10:00:00,600.1868,15:30,3898160.0,41588865.0,0.00531817760737141,0.004856705356432385,14.0,599.6395,603.10173044642,596.7272276284216,True,596.9949,599.1265516221374,603.10173044642,596.7272276284216
2025-06-11 15:30:00,597.9296,8651224,2025-06-11,2025-06-11 16:00:00,597.9296,2025-06-11 16:00:00,True,2025-06-11 16:00:00,2025-06-11 10:00:00,600.1868,16:00,8651224.0,50240089.0,0.0037608291285311513,0.004627485360060547,14.0,599.6395,602.9641556303015,596.864676992436,True,597.9296,598.9204393956985,602.9641556303015,596.864676992436
2025-06-12 09:30:00,597.3827,4561080,2025-06-12,2025-06-12 10:00:00,597.3827,2025-06-12 09:30:00,False,2025-06-12 16:00:00,2025-06-12 10:00:00,597.3827,10:00,4561080.0,4561080.0,0.0,0.0,14.0,597.9293,597.9293,597.3827,True,597.3827,597.3827,597.9293,597.3827
2025-06-12 10:00:00,599.0829,4042483,2025-06-12,2025-06-12 10:30:00,599.0829,2025-06-12 10:00:00,False,2025-06-12 16:00:00,2025-06-12 10:00:00,597.3827,10:30,4042483.0,8603563.0,0.0028460817496054336,0.002163052770320647,14.0,597.9293,599.2226526288209,596.0905296958233,True,599.0829,598.1815585190345,599.2226526288209,596.0905296958233
2025-06-12 10:30:00,599.262,3056427,2025-06-12,2025-06-12 11:00:00,599.262,2025-06-12 10:30:00,False,2025-06-12 16:00:00,2025-06-12 10:00:00,597.3827,11:00,3056427.0,11659990.0,0.003145889561247728,0.002231399269340343,14.0,597.9293,599.2635190031372,596.0497006797034,True,599.262,598.4647740719074,599.2635190031372,596.0497006797034
2025-06-12 11:00:00,598.9736,5064129,2025-06-12,2025-06-12 11:30:00,598.9736,2025-06-12 11:00:00,False,2025-06-12 16:00:00,2025-06-12 10:00:00,597.3827,11:30,5064129.0,16724119.0,0.00266311696003263,0.002670642200780861,14.0,597.9293,599.5261552216634,595.7873045513636,True,598.9736,598.6188485638676,599.5261552216634,595.7873045513636
2025-06-12 11:30:00,599.063,2341692,2025-06-12,2025-06-12 12:00:00,599.063,2025-06-12 11:30:00,False,2025-06-12 16:00:00,2025-06-12 10:00:00,597.3827,12:00,2341692.0,19065811.0,0.0028127697705340182,0.0030004228717719827,14.0,597.9293,599.7233407474226,595.5902992837191,True,599.063,598.6733999209947,599.7233407474226,595.5902992837191
2025-06-12 12:00:00,599.5403,3218014,2025-06-12,2025-06-12 12:30:00,599.5403,2025-06-12 12:00:00,False,2025-06-12 16:00:00,2025-06-12 10:00:00,597.3827,12:30,3218014.0,22283825.0,0.0036117550776078033,0.0031262355839024353,14.0,597.9293,599.7985678543179,595.5151409460523,True,599.5403,598.7985892271771,599.7985678543179,595.5151409460523
2025-06-12 12:30:00,599.0134,2818359,2025-06-12,2025-06-12 13:00:00,599.0134,2025-06-12 12:30:00,False,2025-06-12 16:00:00,2025-06-12 10:00:00,597.3827,13:00,2818359.0,25102184.0,0.0027297409181752386,0.0032893016465937136,14.0,597.9293,599.8960698310367,595.4177281012434,True,599.0134,598.8227072033214,599.8960698310367,595.4177281012434
2025-06-12 13:00:00,599.5303,1844989,2025-06-12,2025-06-12 13:30:00,599.5303,2025-06-12 13:00:00,False,2025-06-12 16:00:00,2025-06-12 10:00:00,597.3827,13:30,1844989.0,26947173.0,0.00359501538963225,0.0035037255691486935,14.0,597.9293,600.0242801769532,595.2896349594429,True,599.5303,598.8711538780933,600.0242801769532,595.2896349594429
2025-06-12 13:30:00,599.6895,1627387,2025-06-12,2025-06-12 14:00:00,599.6895,2025-06-12 13:30:00,False,2025-06-12 16:00:00,2025-06-12 10:00:00,597.3827,14:00,1627387.0,28574560.0,0.003861511222203129,0.0036093186253501807,14.0,597.9293,600.0874173591326,595.226555494428,True,599.6895,598.9177605744095,600.0874173591326,595.226555494428
2025-06-12 14:00:00,599.3812,2181917,2025-06-12,2025-06-12 14:30:00,599.3812,2025-06-12 14:00:00,False,2025-06-12 16:00:00,2025-06-12 10:00:00,597.3827,14:30,2181917.0,30756477.0,0.0033454266419166157,0.0037653854428941363,14.0,597.9293,600.1807342820998,595.1333238775832,True,599.3812,598.9506377586581,600.1807342820998,595.1333238775832
2025-06-12 14:30:00,599.8684,2718653,2025-06-12,2025-06-12 15:00:00,599.8684,2025-06-12 14:30:00,False,2025-06-12 16:00:00,2025-06-12 10:00:00,597.3827,15:00,2718653.0,33475130.0,0.004160984240085819,0.0039032222590263794,14.0,597.9293,600.263150953084,595.0509825482027,True,599.8684,599.0251730052937,600.263150953084,595.0509825482027
2025-06-12 15:00:00,599.8187,2744548,2025-06-12,2025-06-12 15:30:00,599.8187,2025-06-12 15:00:00,False,2025-06-12 16:00:00,2025-06-12 10:00:00,597.3827,15:30,2744548.0,36219678.0,0.00407778799084757,0.00430677605487219,14.0,597.9293,600.5044475917466,594.8099064920451,True,599.8187,599.0853025549344,600.5044475917466,594.8099064920451
2025-06-12 15:30:00,600.3059,8050267,2025-06-12,2025-06-12 16:00:00,600.3059,2025-06-12 16:00:00,True,2025-06-12 16:00:00,2025-06-12 10:00:00,597.3827,16:00,8050267.0,44269945.0,0.004893345589016773,0.0040329085297152656,14.0,597.9293,600.3406941741367,594.9735102136657,True,600.3059,599.3072620656656,600.3406941741367,594.9735102136657
2025-06-13 09:30:00,595.3643,6980852,2025-06-13,2025-06-13 10:00:00,595.3643,2025-06-13 09:30:00,False,2025-06-13 16:00:00,2025-06-13 10:00:00,595.3643,10:00,6980852.0,6980852.0,0.0,0.0,14.0,600.3057,600.3057,595.3643,True,595.3643,595.3643,600.3057,595.3643
2025-06-13 10:00:00,593.4453,4440482,2025-06-13,2025-06-13 10:30:00,593.4453,2025-06-13 10:00:00,False,2025-06-13 16:00:00,2025-06-13 10:00:00,595.3643,10:30,4440482.0,11421334.0,0.003223236596483825,0.0021842128175154868,14.0,600.3057,601.6168954043677,594.0638976648488,True,593.4453,594.6182150892531,601.6168954043677,594.0638976648488
2025-06-13 10:30:00,595.7869,4299825,2025-06-13,2025-06-13 11:00:00,595.7869,2025-06-13 10:30:00,False,2025-06-13 16:00:00,2025-06-13 10:00:00,595.3643,11:00,4299825.0,15721159.0,0.0007098175016539976,0.002299643453862497,14.0,600.3057,601.6861890733213,593.9951743848416,True,595.7869,594.9378569551201,601.6861890733213,593.9951743848416
2025-06-13 11:00:00,597.1541,2937909,2025-06-13,2025-06-13 11:30:00,597.1541,2025-06-13 11:00:00,False,2025-06-13 16:00:00,2025-06-13 10:00:00,595.3643,11:30,2937909.0,18659068.0,0.003006226607809692,0.002635889709755455,14.0,600.3057,601.8880396173375,593.7949853680742,True,597.1541,595.2868090243092,601.8880396173375,593.7949853680742
2025-06-13 11:30:00,597.8102,3377641,2025-06-13,2025-06-13 12:00:00,597.8102,2025-06-13 11:30:00,False,2025-06-13 16:00:00,2025-06-13 10:00:00,595.3643,12:00,3377641.0,22036709.0,0.004108240954320053,0.0031964420964819156,14.0,600.3057,602.224542410238,593.4612524887375,True,597.8102,595.6735777028139,602.224542410238,593.4612524887375
2025-06-13 12:00:00,597.4732,1997409,2025-06-13,2025-06-13 12:30:00,597.4732,2025-06-13 12:00:00,False,2025-06-13 16:00:00,2025-06-13 10:00:00,595.3643,12:30,1997409.0,24034118.0,0.003542200968382092,0.00338300101086816,14.0,600.3057,602.3365347899299,593.3501819712651,True,597.4732,595.8231393290405,602.3365347899299,593.3501819712651
2025-06-13 12:30:00,597.5616,2092409,2025-06-13,2025-06-13 13:00:00,597.5616,2025-06-13 12:30:00,False,2025-06-13 16:00:00,2025-06-13 10:00:00,595.3643,13:00,2092409.0,26126527.0,0.0036906814869483995,0.0033296649864903043,14.0,600.3057,602.3045168704805,593.3819363360836,True,597.5616,595.9623683491877,602.3045168704805,593.3819363360836
2025-06-13 13:00:00,596.0703,3047279,2025-06-13,2025-06-13 13:30:00,596.0703,2025-06-13 13:00:00,False,2025-06-13 16:00:00,2025-06-13 10:00:00,595.3643,13:30,3047279.0,29173806.0,0.0011858285758821197,0.0037226231283863454,14.0,600.3057,602.5404118829222,593.1479830870044,True,596.0703,595.9736420874499,602.5404118829222,593.1479830870044
2025-06-13 13:30:00,596.3096,2681782,2025-06-13,2025-06-13 14:00:00,596.3096,2025-06-13 13:30:00,False,2025-06-13 16:00:00,2025-06-13 10:00:00,595.3643,14:00,2681782.0,31855588.0,0.0015877673552144866,0.0037641214462268502,14.0,600.3057,602.5653235596623,593.1232764700521,True,596.3096,596.0019249081165,602.5653235596623,593.1232764700521
2025-06-13 14:00:00,593.7137,4970813,2025-06-13,2025-06-13 14:30:00,593.7137,2025-06-13 14:00:00,False,2025-06-13 16:00:00,2025-06-13 10:00:00,595.3643,14:30,4970813.0,36826401.0,0.0027724201803835946,0.0038625486875828213,14.0,600.3057,602.6244099936835,593.0646764044013,True,593.7137,595.6930612176303,602.6244099936835,593.0646764044013
2025-06-13 14:30:00,593.6641,6996476,2025-06-13,2025-06-13 15:00:00,593.6641,2025-06-13 14:30:00,False,2025-06-13 16:00:00,2025-06-13 10:00:00,595.3643,15:00,6996476.0,43822877.0,0.002855730516592936,0.004017689226533751,14.0,600.3057,602.7175417435168,592.9723112660271,True,593.6641,595.3691304436629,602.7175417435168,592.9723112660271
2025-06-13 15:00:00,592.9183,5423287,2025-06-13,2025-06-13 15:30:00,592.9183,2025-06-13 15:00:00,False,2025-06-13 16:00:00,2025-06-13 10:00:00,595.3643,15:30,5423287.0,49246164.0,0.004108408918707229,0.004334629022776466,14.0,600.3057,602.9078025097581,592.783616626095,True,592.9183,595.0992300939764,602.9078025097581,592.783616626095
2025-06-13 15:30:00,593.5944,13387094,2025-06-13,2025-06-13 16:00:00,593.5944,2025-06-13 16:00:00,True,2025-06-13 16:00:00,2025-06-13 10:00:00,595.3643,16:00,13387094.0,62633258.0,0.0029728016946934943,0.004228417452813581,14.0,600.3057,602.8440430989035,592.8468512030978,True,593.5944,594.7775910388582,602.8440430989035,592.8468512030978
2025-06-16 09:30:00,599.764,8409931,2025-06-16,2025-06-16 10:00:00,599.764,2025-06-16 09:30:00,False,2025-06-16 16:00:00,2025-06-16 10:00:00,599.764,10:00,8409931.0,8409931.0,0.0,0.0,14.0,593.5942,599.764,593.5942,True,599.764,599.764,599.764,593.5942
2025-06-16 10:00:00,600.6539,4712086,2025-06-16,2025-06-16 10:30:00,600.6539,2025-06-16 10:00:00,False,2025-06-16 16:00:00,2025-06-16 10:00:00,599.764,10:30,4712086.0,13122017.0,0.0014837502751081644,0.002298034854290714,14.0,593.5942,601.1422785763489,592.2300998390951,True,600.6539,600.0835610348166,601.1422785763489,592.2300998390951
2025-06-16 10:30:00,600.4749,3699318,2025-06-16,2025-06-16 11:00:00,600.4749,2025-06-16 10:30:00,False,2025-06-16 16:00:00,2025-06-16 10:00:00,599.764,11:00,3699318.0,16821335.0,0.0011852995511567599,0.0022977077403218494,14.0,593.5942,601.1420823851664,592.2302940120499,True,600.4749,600.1696236022647,601.1420823851664,592.2302940120499
2025-06-16 11:00:00,599.9182,3274207,2025-06-16,2025-06-16 11:30:00,599.9182,2025-06-16 11:00:00,False,2025-06-16 16:00:00,2025-06-16 10:00:00,599.764,11:30,3274207.0,20095542.0,0.000257101126442949,0.0026437965230683346,14.0,593.5942,601.3496539778615,592.0248577179265,True,599.9182,600.128658650013,601.3496539778615,592.0248577179265
2025-06-16 11:30:00,599.6994,3146693,2025-06-16,2025-06-16 12:00:00,599.6994,2025-06-16 11:30:00,False,2025-06-16 16:00:00,2025-06-16 10:00:00,599.764,12:00,3146693.0,23242235.0,0.00010770903221946071,0.0033325997632013826,14.0,593.5942,601.7627733643768,591.6159881096422,True,599.6994,600.0705426732499,601.7627733643768,591.6159881096422
2025-06-16 12:00:00,599.6099,1883068,2025-06-16,2025-06-16 12:30:00,599.6099,2025-06-16 12:00:00,False,2025-06-16 16:00:00,2025-06-16 10:00:00,599.764,12:30,1883068.0,25125303.0,0.00025693439419505193,0.0034056632583446982,14.0,593.5942,601.8065942184779,591.5726180426935,True,599.6099,600.036018851689,601.8065942184779,591.5726180426935
2025-06-16 12:30:00,599.2719,2109876,2025-06-16,2025-06-16 13:00:00,599.2719,2025-06-16 12:30:00,False,2025-06-16 16:00:00,2025-06-16 10:00:00,599.764,13:00,2109876.0,27235179.0,0.0008204893924944612,0.003317121638313111,14.0,593.5942,601.7534901422813,591.6251758348028,True,599.2719,599.9768234990047,601.7534901422813,591.6251758348028
2025-06-16 13:00:00,599.9579,2503464,2025-06-16,2025-06-16 13:30:00,599.9579,2025-06-16 13:00:00,False,2025-06-16 16:00:00,2025-06-16 10:00:00,599.764,13:30,2503464.0,29738643.0,0.00032329382890594616,0.003277268703485809,14.0,593.5942,601.7295877866775,591.6488323057694,True,599.9579,599.9752304774768,601.7295877866775,591.6488323057694
2025-06-16 13:30:00,598.8741,2703042,2025-06-16,2025-06-16 14:00:00,598.8741,2025-06-16 13:30:00,False,2025-06-16 16:00:00,2025-06-16 10:00:00,599.764,14:00,2703042.0,32441685.0,0.0014837502751082754,0.003372238477854117,14.0,593.5942,601.7865472384317,591.592458798529,True,598.8741,599.883484258743,601.7865472384317,591.592458798529
2025-06-16 14:00:00,599.1426,2082510,2025-06-16,2025-06-16 14:30:00,599.1426,2025-06-16 14:00:00,False,2025-06-16 16:00:00,2025-06-16 10:00:00,599.764,14:30,2082510.0,34524195.0,0.0010360741891810576,0.0035738673914443614,14.0,593.5942,601.9074770021622,591.4727730448694,True,599.1426,599.8387938936911,601.9074770021622,591.4727730448694
2025-06-16 14:30:00,599.063,2680619,2025-06-16,2025-06-16 15:00:00,599.063,2025-06-16 14:30:00,False,2025-06-16 16:00:00,2025-06-16 10:00:00,599.764,15:00,2680619.0,37204814.0,0.0011687930586030681,0.0037324800232231676,14.0,593.5942,602.0026071486485,591.3786215065988,True,599.063,599.7828976902721,602.0026071486485,591.3786215065988
2025-06-16 15:00:00,598.6057,4322622,2025-06-16,2025-06-16 15:30:00,598.6057,2025-06-16 15:00:00,False,2025-06-16 16:00:00,2025-06-16 10:00:00,599.764,15:30,4322622.0,41527436.0,0.001931259628787374,0.004255305996876235,14.0,593.5942,602.3161793459104,591.0682750410291,True,598.6057,599.660362298626,602.3161793459104,591.0682750410291
2025-06-16 15:30:00,599.242,10354987,2025-06-16,2025-06-16 16:00:00,599.242,2025-06-16 16:00:00,True,2025-06-16 16:00:00,2025-06-16 10:00:00,599.764,16:00,10354987.0,51882423.0,0.0008703423346516637,0.00414972510378131,14.0,593.5942,602.2528557271444,591.130947246801,True,599.242,599.5768631882709,602.2528557271444,591.130947246801
2025-06-17 09:30:00,597.5616,5845857,2025-06-17,2025-06-17 10:00:00,597.5616,2025-06-17 09:30:00,False,2025-06-17 16:00:00,2025-06-17 10:00:00,597.5616,10:00,5845857.0,5845857.0,0.0,0.0,14.0,599.2418,599.2418,597.5616,True,597.5616,597.5616,599.2418,597.5616
2025-06-17 10:00:00,597.7108,3253273,2025-06-17,2025-06-17 10:30:00,597.7108,2025-06-17 10:00:00,False,2025-06-17 16:00:00,2025-06-17 10:00:00,597.5616,10:30,3253273.0,9099130.0,0.00024968137176140104,0.0022116229796951903,14.0,599.2418,600.5670969352739,596.2400190336565,True,597.7108,597.6149444770654,600.5670969352739,596.2400190336565
2025-06-17 10:30:00,597.0446,2518679,2025-06-17,2025-06-17 11:00:00,597.0446,2025-06-17 10:30:00,False,2025-06-17 16:00:00,2025-06-17 10:00:00,597.5616,11:00,2518679.0,11617809.0,0.0008651827694418079,0.002167334715211276,14.0,599.2418,600.5405575559457,596.2664839998429,True,597.0446,597.4912968377256,600.5405575559457,596.2664839998429
2025-06-17 11:00:00,597.0148,2559050,2025-06-17,2025-06-17 11:30:00,597.0148,2025-06-17 11:00:00,False,2025-06-17 16:00:00,2025-06-17 10:00:00,597.5616,11:30,2559050.0,14176859.0,0.0009150521050883542,0.002357579882090074,14.0,599.2418,600.6545604121875,596.1528007935304,True,597.0148,597.4052848915969,600.6545604121875,596.1528007935304
2025-06-17 11:30:00,597.2932,2328490,2025-06-17,2025-06-17 12:00:00,597.2932,2025-06-17 11:30:00,False,2025-06-17 16:00:00,2025-06-17 10:00:00,597.5616,12:00,2328490.0,16505349.0,0.0004491587143484743,0.003015004964839347,14.0,599.2418,601.0485170021393,595.7599488092027,True,597.2932,597.3894725298447,601.0485170021393,595.7599488092027
2025-06-17 12:00:00,597.7108,2465907,2025-06-17,2025-06-17 12:30:00,597.7108,2025-06-17 12:00:00,False,2025-06-17 16:00:00,2025-06-17 10:00:00,597.5616,12:30,2465907.0,18971256.0,0.00024968137176140104,0.003051210914862514,14.0,599.2418,601.0702131208019,595.7383135237773,True,597.7108,597.4312390664381,601.0702131208019,595.7383135237773
2025-06-17 12:30:00,596.3287,3630089,2025-06-17,2025-06-17 13:00:00,596.3287,2025-06-17 12:30:00,False,2025-06-17 16:00:00,2025-06-17 10:00:00,597.5616,13:00,3630089.0,22601345.0,0.0020632182523107057,0.002931256383195754,14.0,599.2418,600.9983313513278,595.8099937456473,True,596.3287,597.2541560239401,600.9983313513278,595.8099937456473
2025-06-17 13:00:00,595.3941,3598249,2025-06-17,2025-06-17 13:30:00,595.3941,2025-06-17 13:00:00,False,2025-06-17 16:00:00,2025-06-17 10:00:00,597.5616,13:30,3598249.0,26199594.0,0.003627241107862389,0.0028288719752856567,14.0,599.2418,600.9369783344397,595.8711747362531,True,595.3941,596.9986961596352,600.9369783344397,595.8711747362531
2025-06-17 13:30:00,594.5191,4799790,2025-06-17,2025-06-17 14:00:00,594.5191,2025-06-17 13:30:00,False,2025-06-17 16:00:00,2025-06-17 10:00:00,597.5616,14:00,4799790.0,30999384.0,0.005091525292120536,0.0029062214788479557,14.0,599.2418,600.9833293901836,595.8249536431452,True,594.5191,596.6147678579936,600.9833293901836,595.8249536431452
2025-06-17 14:00:00,593.9623,5208010,2025-06-17,2025-06-17 14:30:00,593.9623,2025-06-17 14:00:00,False,2025-06-17 16:00:00,2025-06-17 10:00:00,597.5616,14:30,5208010.0,36207394.0,0.0060233120736004064,0.003113036381949319,14.0,599.2418,601.1072615249849,595.7013689987441,True,593.9623,596.2332413905237,601.1072615249849,595.7013689987441
2025-06-17 14:30:00,594.7379,4019618,2025-06-17,2025-06-17 15:00:00,594.7379,2025-06-17 14:30:00,False,2025-06-17 16:00:00,2025-06-17 10:00:00,597.5616,15:00,4019618.0,40227012.0,0.004725370572674081,0.003323756550797173,14.0,599.2418,601.2335338582615,595.5754507174952,True,594.7379,596.0838218619369,601.2335338582615,595.5754507174952
2025-06-17 15:00:00,594.8572,3936893,2025-06-17,2025-06-17 15:30:00,594.8572,2025-06-17 15:00:00,False,2025-06-17 16:00:00,2025-06-17 10:00:00,597.5616,15:30,3936893.0,44163905.0,0.004525725883323117,0.003903482736763521,14.0,599.2418,601.5809300214471,595.2290286102472,True,594.8572,595.9744773865808,601.5809300214471,595.2290286102472
2025-06-17 15:30:00,594.1215,10449311,2025-06-17,2025-06-17 16:00:00,594.1215,2025-06-17 16:00:00,True,2025-06-17 16:00:00,2025-06-17 10:00:00,597.5616,16:00,10449311.0,54613216.0,0.005756896025447489,0.0036210116309978646,14.0,599.2418,601.4116615275801,595.3978224961623,True,594.1215,595.6199416458481,601.4116615275801,595.3978224961623
2025-06-18 09:30:00,595.76,4626193,2025-06-18,2025-06-18 10:00:00,595.76,2025-06-18 09:30:00,False,2025-06-18 16:00:00,2025-06-18 10:00:00,595.76,10:00,4626193.0,4626193.0,0.0,0.0,14.0,594.1212,595.76,594.1212,True,595.76,595.76,595.76,594.1212
2025-06-18 10:00:00,597.3151,3816165,2025-06-18,2025-06-18 10:30:00,597.3151,2025-06-18 10:00:00,False,2025-06-18 16:00:00,2025-06-18 10:00:00,595.76,10:30,3816165.0,8442358.0,0.002610279307103669,0.002163560526781088,14.0,594.1212,597.0489628194351,592.8357828235562,True,597.3151,596.4629455741511,597.0489628194351,592.8357828235562
2025-06-18 10:30:00,597.4224,2328855,2025-06-18,2025-06-18 11:00:00,597.4224,2025-06-18 10:30:00,False,2025-06-18 16:00:00,2025-06-18 10:00:00,595.76,11:00,2328855.0,10771213.0,0.002790385390090133,0.0020580497800310065,14.0,594.1212,596.9861037369513,592.8984689950283,True,597.4224,596.6703901987177,596.9861037369513,592.8984689950283
2025-06-18 11:00:00,596.7166,1530084,2025-06-18,2025-06-18 11:30:00,596.7166,2025-06-18 11:00:00,False,2025-06-18 16:00:00,2025-06-18 10:00:00,595.76,11:30,1530084.0,12301297.0,0.0016056801396535647,0.0022524528985585607,14.0,594.1212,597.1019213388453,592.7829699809649,True,596.7166,596.6761379566642,597.1019213388453,592.7829699809649
2025-06-18 11:30:00,596.2882,1780236,2025-06-18,2025-06-18 12:00:00,596.2882,2025-06-18 11:30:00,False,2025-06-18 16:00:00,2025-06-18 10:00:00,595.76,12:00,1780236.0,14081533.0,0.0008865986303208118,0.002845177585271768,14.0,594.1212,597.4550429982015,592.4308196788253,True,596.2882,596.6270935013326,597.4550429982015,592.4308196788253
2025-06-18 12:00:00,596.0355,1461240,2025-06-18,2025-06-18 12:30:00,596.0355,2025-06-18 12:00:00,False,2025-06-18 16:00:00,2025-06-18 10:00:00,595.76,12:30,1461240.0,15542773.0,0.00046243453739758245,0.002956598712816037,14.0,594.1212,597.5214232491472,592.3646220248233,True,596.0355,596.5714753637012,597.5214232491472,592.3646220248233
2025-06-18 12:30:00,595.9907,1561930,2025-06-18,2025-06-18 13:00:00,595.9907,2025-06-18 12:30:00,False,2025-06-18 16:00:00,2025-06-18 10:00:00,595.76,13:00,1561930.0,17104703.0,0.00038723647106220227,0.002984313584085019,14.0,594.1212,597.5379346608545,592.3481560322472,True,595.9907,596.5184413844602,597.5379346608545,592.3481560322472
2025-06-18 13:00:00,595.4091,1498178,2025-06-18,2025-06-18 13:30:00,595.4091,2025-06-18 13:00:00,False,2025-06-18 16:00:00,2025-06-18 10:00:00,595.76,13:30,1498178.0,18602881.0,0.0005889955686854131,0.003028119634342471,14.0,594.1212,597.5640325533559,592.3221299291009,True,595.4091,596.4291008754988,597.5640325533559,592.3221299291009
2025-06-18 13:30:00,596.1895,2424854,2025-06-18,2025-06-18 14:00:00,596.1895,2025-06-18 13:30:00,False,2025-06-18 16:00:00,2025-06-18 10:00:00,595.76,14:00,2424854.0,21027735.0,0.00072092789042566,0.003143860020451948,14.0,594.1212,597.6329860457844,592.2533661120171,True,596.1895,596.4014708363454,597.6329860457844,592.2533661120171
2025-06-18 14:00:00,595.9211,3969891,2025-06-18,2025-06-18 14:30:00,595.9211,2025-06-18 14:00:00,False,2025-06-18 16:00:00,2025-06-18 10:00:00,595.76,14:30,3969891.0,24997626.0,0.0002704109037197089,0.0034634768630743074,14.0,594.1212,597.8234009759452,592.063474969938,True,595.9211,596.3251827976385,597.8234009759452,592.063474969938
2025-06-18 14:30:00,593.5944,5961592,2025-06-18,2025-06-18 15:00:00,593.5944,2025-06-18 14:30:00,False,2025-06-18 16:00:00,2025-06-18 10:00:00,595.76,15:00,5961592.0,30959218.0,0.0036350208137505557,0.0035379650981340644,14.0,594.1212,597.8677780868643,592.0192199303385,True,593.5944,595.7993357662264,597.8677780868643,592.0192199303385
2025-06-18 15:00:00,593.4354,6861751,2025-06-18,2025-06-18 15:30:00,593.4354,2025-06-18 15:00:00,False,2025-06-18 16:00:00,2025-06-18 10:00:00,595.76,15:30,6861751.0,37820969.0,0.0039019068081107555,0.004063447779045627,14.0,594.1212,598.1808396488442,591.7070195293761,True,593.4354,595.3704536133698,598.1808396488442,591.7070195293761
2025-06-18 15:30:00,594.0319,8615478,2025-06-18,2025-06-18 16:00:00,594.0717,2025-06-18 16:00:00,True,2025-06-18 16:00:00,2025-06-18 10:00:00,595.76,16:00,8615478.0,46436447.0,0.0029006646971935224,0.0036658641816745352,14.0,594.1212,597.9439752448744,591.9432323733465,True,594.0717,595.1294923877315,597.9439752448744,591.9432323733465
2025-06-20 09:30:00,595.5987,6424512,2025-06-20,2025-06-20 10:00:00,595.5987,2025-06-20 09:30:00,False,2025-06-20 16:00:00,2025-06-20 10:00:00,595.5987,10:00,6424512.0,6424512.0,0.0,0.0,14.0,594.0317,595.5987,594.0317,True,595.5987,595.5987,595.5987,594.0317
2025-06-20 10:00:00,594.4918,4153844,2025-06-20,2025-06-20 10:30:00,594.4918,2025-06-20 10:00:00,False,2025-06-20 16:00:00,2025-06-20 10:00:00,595.5987,10:30,4153844.0,10578356.0,0.0018584661114942058,0.0022102998766233956,14.0,594.0317,596.915151733127,592.7187118067797,True,594.4918,595.1640492921207,596.915151733127,592.7187118067797
2025-06-20 10:30:00,592.597,4259628,2025-06-20,2025-06-20 11:00:00,592.597,2025-06-20 10:30:00,False,2025-06-20 16:00:00,2025-06-20 10:00:00,595.5987,11:00,4259628.0,14837984.0,0.005039802806822813,0.0022277612527430357,14.0,594.0317,596.9255517060442,592.7083391958389,True,592.597,594.4271112389391,596.9255517060442,592.7083391958389
2025-06-20 11:00:00,593.4695,3401329,2025-06-20,2025-06-20 11:30:00,593.4695,2025-06-20 11:00:00,False,2025-06-20 16:00:00,2025-06-20 10:00:00,595.5987,11:30,3401329.0,18239313.0,0.003574890274273601,0.002309751415491057,14.0,594.0317,596.9743849403897,592.6596344400784,True,593.4695,594.2485326445739,596.9743849403897,592.6596344400784
2025-06-20 11:30:00,593.0059,2726780,2025-06-20,2025-06-20 12:00:00,593.0059,2025-06-20 11:30:00,False,2025-06-20 16:00:00,2025-06-20 10:00:00,595.5987,12:00,2726780.0,20966093.0,0.004353266721367932,0.002418557888939616,14.0,594.0317,597.0391899345271,592.5949999456848,True,593.0059,594.0869199949223,597.0391899345271,592.5949999456848
2025-06-20 12:00:00,593.32,2162651,2025-06-20,2025-06-20 12:30:00,593.32,2025-06-20 12:00:00,False,2025-06-20 16:00:00,2025-06-20 10:00:00,595.5987,12:30,2162651.0,23128744.0,0.0038258982096501803,0.0027244168538418773,14.0,594.0317,597.2213591364062,592.4133100248036,True,593.32,594.0152092140023,597.2213591364062,592.4133100248036
2025-06-20 12:30:00,593.6342,1948783,2025-06-20,2025-06-20 13:00:00,593.6342,2025-06-20 12:30:00,False,2025-06-20 16:00:00,2025-06-20 10:00:00,595.5987,13:00,1948783.0,25077527.0,0.003298361799648042,0.002839794567175448,14.0,594.0317,597.2900779524767,592.34477200561,True,593.6342,593.9856008607109,597.2900779524767,592.34477200561
2025-06-20 13:00:00,591.7194,2701585,2025-06-20,2025-06-20 13:30:00,591.7194,2025-06-20 13:00:00,False,2025-06-20 16:00:00,2025-06-20 10:00:00,595.5987,13:30,2701585.0,27779112.0,0.006513278151883184,0.002846075215303001,14.0,594.0317,597.2938186983367,592.3410411015257,True,591.7194,593.7652074135667,597.2938186983367,592.3410411015257
2025-06-20 13:30:00,592.3477,2982158,2025-06-20,2025-06-20 14:00:00,592.3477,2025-06-20 13:30:00,False,2025-06-20 16:00:00,2025-06-20 10:00:00,595.5987,14:00,2982158.0,30761270.0,0.005458373230163183,0.0028830173164651357,14.0,594.0317,597.3158213657641,592.3190963223708,True,592.3477,593.6277868495449,597.3158213657641,592.3190963223708
2025-06-20 14:00:00,593.2851,2433243,2025-06-20,2025-06-20 14:30:00,593.2851,2025-06-20 14:00:00,False,2025-06-20 16:00:00,2025-06-20 10:00:00,595.5987,14:30,2433243.0,33194513.0,0.003884494710952091,0.003105211393982621,14.0,594.0317,597.4481598694813,592.1871059967731,True,593.2851,593.6026670239326,597.4481598694813,592.1871059967731
2025-06-20 14:30:00,591.8491,2196913,2025-06-20,2025-06-20 15:00:00,591.8491,2025-06-20 14:30:00,False,2025-06-20 16:00:00,2025-06-20 10:00:00,595.5987,15:00,2196913.0,35391426.0,0.006295514076844033,0.003510037244217731,14.0,594.0317,597.6892736196078,591.9466266087541,True,591.8491,593.4938148349519,597.6892736196078,591.9466266087541
2025-06-20 15:00:00,591.8192,3130061,2025-06-20,2025-06-20 15:30:00,591.8192,2025-06-20 15:00:00,False,2025-06-20 16:00:00,2025-06-20 10:00:00,595.5987,15:30,3130061.0,38521487.0,0.0063457156639192824,0.004070890917577349,14.0,594.0317,598.0233173383508,591.6134617477169,True,591.8192,593.3577441120094,598.0233173383508,591.6134617477169
2025-06-20 15:30:00,592.6369,13225465,2025-06-20,2025-06-20 16:00:00,592.597,2025-06-20 16:00:00,True,2025-06-20 16:00:00,2025-06-20 10:00:00,595.5987,16:00,13225465.0,51746952.0,0.004972811391294241,0.0037371245529333463,14.0,594.0317,597.8245265254652,591.8117295487092,True,592.597,593.1633134404727,597.8245265254652,591.8117295487092
2025-06-23 09:30:00,595.1,5668980,2025-06-23,2025-06-23 10:00:00,595.1,2025-06-23 09:30:00,False,2025-06-23 16:00:00,2025-06-23 10:00:00,595.1,10:00,5668980.0,5668980.0,0.0,0.0,14.0,592.6368,595.1,592.6368,True,595.1,595.1,595.1,592.6368
2025-06-23 10:00:00,595.9451,4662690,2025-06-23,2025-06-23 10:30:00,595.9451,2025-06-23 10:00:00,False,2025-06-23 16:00:00,2025-06-23 10:00:00,595.1,10:30,4662690.0,10331670.0,0.0014200974626112917,0.00208647311771043,14.0,592.6368,596.3416601523495,591.4002792482341,True,595.9451,595.4813942294905,596.3416601523495,591.4002792482341
2025-06-23 10:30:00,594.8107,3020511,2025-06-23,2025-06-23 11:00:00,594.8107,2025-06-23 10:30:00,False,2025-06-23 16:00:00,2025-06-23 10:00:00,595.1,11:00,3020511.0,13352181.0,0.00048613678373388147,0.002434536332897879,14.0,592.6368,596.5487925717076,591.1940041781876,True,594.8107,595.3296707546655,596.5487925717076,591.1940041781876
2025-06-23 11:00:00,594.7809,2544809,2025-06-23,2025-06-23 11:30:00,594.7809,2025-06-23 11:00:00,False,2025-06-23 16:00:00,2025-06-23 10:00:00,595.1,11:30,2544809.0,15896990.0,0.000536212401277214,0.002371764986083713,14.0,592.6368,596.5114373432184,591.2312047882953,True,594.7809,595.2418228818663,596.5114373432184,591.2312047882953
2025-06-23 11:30:00,594.2025,2694165,2025-06-23,2025-06-23 12:00:00,594.2025,2025-06-23 11:30:00,False,2025-06-23 16:00:00,2025-06-23 10:00:00,595.1,12:00,2694165.0,18591155.0,0.001508149890774746,0.00265473451549793,14.0,592.6368,596.6798325101728,591.0635066318857,True,594.2025,595.0912078538047,596.6798325101728,591.0635066318857
2025-06-23 12:00:00,592.597,2950607,2025-06-23,2025-06-23 12:30:00,592.597,2025-06-23 12:00:00,False,2025-06-23 16:00:00,2025-06-23 10:00:00,595.1,12:30,2950607.0,21541762.0,0.004206015795664708,0.0027143751021775514,14.0,592.6368,596.715324623306,591.0281614254458,True,592.597,594.7495725152984,596.715324623306,591.0281614254458
2025-06-23 12:30:00,591.9388,9258814,2025-06-23,2025-06-23 13:00:00,591.9388,2025-06-23 12:30:00,False,2025-06-23 16:00:00,2025-06-23 10:00:00,595.1,13:00,9258814.0,30800576.0,0.0053120483952276976,0.0026656066656552324,14.0,592.6368,596.6863025267314,591.0570633956074,True,591.9388,593.9046396180871,596.6863025267314,591.0570633956074
2025-06-23 13:00:00,596.2269,5853934,2025-06-23,2025-06-23 13:30:00,596.2269,2025-06-23 13:00:00,False,2025-06-23 16:00:00,2025-06-23 10:00:00,595.1,13:30,5853934.0,36654510.0,0.0018936313224666712,0.003125274629528385,14.0,592.6368,596.9598509320323,590.7846472444351,True,596.2269,594.275517826704,596.9598509320323,590.7846472444351
2025-06-23 13:30:00,596.925,4797029,2025-06-23,2025-06-23 14:00:00,596.925,2025-06-23 13:30:00,False,2025-06-23 16:00:00,2025-06-23 10:00:00,595.1,14:00,4797029.0,41451539.0,0.0030667114770626114,0.0030856434318640396,14.0,592.6368,596.9362664063023,590.8081341505991,True,596.925,594.5821323246672,596.9362664063023,590.8081341505991
2025-06-23 14:00:00,596.7654,3042728,2025-06-23,2025-06-23 14:30:00,596.7654,2025-06-23 14:00:00,False,2025-06-23 16:00:00,2025-06-23 10:00:00,595.1,14:30,3042728.0,44494267.0,0.0027985212569314744,0.0032720230324612925,14.0,592.6368,597.0471809066177,590.6976787405158,True,596.7654,594.7314344738008,597.0471809066177,590.6976787405158
2025-06-23 14:30:00,596.8054,3226881,2025-06-23,2025-06-23 15:00:00,596.8054,2025-06-23 14:30:00,False,2025-06-23 16:00:00,2025-06-23 10:00:00,595.1,15:00,3226881.0,47721148.0,0.002865736850949263,0.003811361087198896,14.0,592.6368,597.368140982992,590.3780471616379,True,596.8054,594.8716750218938,597.368140982992,590.3780471616379
2025-06-23 15:00:00,597.5632,3969332,2025-06-23,2025-06-23 15:30:00,597.5632,2025-06-23 15:00:00,False,2025-06-23 16:00:00,2025-06-23 10:00:00,595.1,15:30,3969332.0,51690480.0,0.004139136279616817,0.004136274134915511,14.0,592.6368,597.5614967376882,590.185491732761,True,597.5632,595.0783582684878,597.5614967376882,590.185491732761
2025-06-23 15:30:00,598.4907,9600783,2025-06-23,2025-06-23 16:00:00,598.4907,2025-06-23 16:00:00,True,2025-06-23 16:00:00,2025-06-23 10:00:00,595.1,16:00,9600783.0,61291263.0,0.005697697865904683,0.0038527866838332487,14.0,592.6368,597.3927933555491,590.3534968286104,True,598.4907,595.6128741339235,597.3927933555491,590.3534968286104
2025-06-24 09:30:00,602.2103,6549237,2025-06-24,2025-06-24 10:00:00,602.2103,2025-06-24 09:30:00,False,2025-06-24 16:00:00,2025-06-24 10:00:00,602.2103,10:00,6549237.0,6549237.0,0.0,0.0,14.0,598.4906,602.2103,598.4906,True,602.2103,602.2103,602.2103,598.4906
2025-06-24 10:00:00,602.9533,4138642,2025-06-24,2025-06-24 10:30:00,602.9533,2025-06-24 10:00:00,False,2025-06-24 16:00:00,2025-06-24 10:00:00,602.2103,10:30,4138642.0,10687879.0,0.0012337882630037988,0.0019125892853135945,14.0,598.4906,603.3620809672855,597.3459332910791,True,602.9533,602.4980101252736,603.3620809672855,597.3459332910791
2025-06-24 10:30:00,603.3273,2960689,2025-06-24,2025-06-24 11:00:00,603.3273,2025-06-24 10:30:00,False,2025-06-24 16:00:00,2025-06-24 10:00:00,602.2103,11:00,2960689.0,13648568.0,0.001854833768203612,0.002100138119170084,14.0,598.4906,603.4750248067868,597.233687076975,True,603.3273,602.6779022143129,603.4750248067868,597.233687076975
2025-06-24 11:00:00,604.1051,2760460,2025-06-24,2025-06-24 11:30:00,604.1051,2025-06-24 11:00:00,False,2025-06-24 16:00:00,2025-06-24 10:00:00,602.2103,11:30,2760460.0,16409028.0,0.0031464091530817306,0.0021396228852233945,14.0,598.4906,603.4988029395971,597.2100558156488,True,604.1051,602.9179970206278,603.4988029395971,597.2100558156488
2025-06-24 11:30:00,604.11,2124047,2025-06-24,2025-06-24 12:00:00,604.11,2025-06-24 11:30:00,False,2025-06-24 16:00:00,2025-06-24 10:00:00,602.2103,12:00,2124047.0,18533075.0,0.003154545845529544,0.0023312062913383963,14.0,598.4906,603.6141764400687,597.0953949479731,True,604.11,603.0546106345223,603.6141764400687,597.0953949479731
2025-06-24 12:00:00,604.8231,1900437,2025-06-24,2025-06-24 12:30:00,604.8231,2025-06-24 12:00:00,False,2025-06-24 16:00:00,2025-06-24 10:00:00,602.2103,12:30,1900437.0,20433512.0,0.004338683679106836,0.002642031374182111,14.0,598.4906,603.8013585064556,596.9093690576469,True,604.8231,603.2190905645638,603.8013585064556,596.9093690576469
2025-06-24 12:30:00,604.9627,2552416,2025-06-24,2025-06-24 13:00:00,604.9627,2025-06-24 12:30:00,False,2025-06-24 16:00:00,2025-06-24 10:00:00,602.2103,13:00,2552416.0,22985928.0,0.004570496386395284,0.0025979556248223695,14.0,598.4906,603.7748156362109,596.9357479793267,True,604.9627,603.4127053979852,603.7748156362109,596.9357479793267
2025-06-24 13:00:00,604.6735,2268126,2025-06-24,2025-06-24 13:30:00,604.6735,2025-06-24 13:00:00,False,2025-06-24 16:00:00,2025-06-24 10:00:00,602.2103,13:30,2268126.0,25254054.0,0.004090265477026955,0.002832931951323852,14.0,598.4906,603.9163208002863,596.795116856693,True,604.6735,603.5259403272163,603.9163208002863,596.795116856693
2025-06-24 13:30:00,605.5012,1955897,2025-06-24,2025-06-24 14:00:00,605.5012,2025-06-24 13:30:00,False,2025-06-24 16:00:00,2025-06-24 10:00:00,602.2103,14:00,1955897.0,27209951.0,0.005464702280914224,0.0028679642983309717,14.0,598.4906,603.9374176404871,596.7741503263134,True,605.5012,603.6679253116149,603.9374176404871,596.7741503263134
2025-06-24 14:00:00,605.3317,2228057,2025-06-24,2025-06-24 14:30:00,605.3317,2025-06-24 14:00:00,False,2025-06-24 16:00:00,2025-06-24 10:00:00,602.2103,14:30,2228057.0,29438008.0,0.00518323914419927,0.0028420926569230976,14.0,598.4906,603.9218374715534,596.7896342605025,True,605.3317,603.7938504367414,603.9218374715534,596.7896342605025
2025-06-24 14:30:00,605.6359,2168464,2025-06-24,2025-06-24 15:00:00,605.6359,2025-06-24 14:30:00,False,2025-06-24 16:00:00,2025-06-24 10:00:00,602.2103,15:00,2168464.0,31606472.0,0.005688378295754859,0.0033435941417608228,14.0,598.4906,604.223846831188,596.4894903359411,True,605.6359,603.9202301909938,604.223846831188,596.4894903359411
2025-06-24 15:00:00,605.8004,2889329,2025-06-24,2025-06-24 15:30:00,605.8004,2025-06-24 15:00:00,False,2025-06-24 16:00:00,2025-06-24 10:00:00,602.2103,15:30,2889329.0,34495801.0,0.005961538685073986,0.003703422692240491,14.0,598.4906,604.440539290521,596.2741363308673,True,605.8004,604.0777110726259,604.440539290521,596.2741363308673
2025-06-24 15:30:00,605.1024,10025819,2025-06-24,2025-06-24 16:00:00,605.1024,2025-06-24 16:00:00,True,2025-06-24 16:00:00,2025-06-24 10:00:00,602.2103,16:00,10025819.0,44521620.0,0.004802475148631746,0.003482534037627581,14.0,598.4906,604.3075178675599,596.4063361142998,True,605.1024,604.3084606661304,604.3084606661304,596.4063361142998
2025-06-25 09:30:00,606.5084,6888859,2025-06-25,2025-06-25 10:00:00,606.5084,2025-06-25 09:30:00,False,2025-06-25 16:00:00,2025-06-25 10:00:00,606.5084,10:00,6888859.0,6888859.0,0.0,0.0,14.0,605.1022,606.5084,605.1022,True,606.5084,606.5084,606.5084,605.1022
2025-06-25 10:00:00,606.0497,3664841,2025-06-25,2025-06-25 10:30:00,606.0497,2025-06-25 10:00:00,False,2025-06-25 16:00:00,2025-06-25 10:00:00,606.5084,10:30,3664841.0,10553700.0,0.0007562962029874498,0.0018385717549499866,14.0,605.1022,607.62350921338,603.9896761862219,True,606.0497,606.3491134401489,607.62350921338,603.9896761862219
2025-06-25 10:30:00,606.0497,2973245,2025-06-25,2025-06-25 11:00:00,606.0497,2025-06-25 10:30:00,False,2025-06-25 16:00:00,2025-06-25 10:00:00,606.5084,11:00,2973245.0,13526945.0,0.0007562962029874498,0.002001163366611436,14.0,605.1022,607.7221223916222,603.891291644304,True,606.0497,606.2833018682194,607.7221223916222,603.891291644304
2025-06-25 11:00:00,605.4912,3483535,2025-06-25,2025-06-25 11:30:00,605.4912,2025-06-25 11:00:00,False,2025-06-25 16:00:00,2025-06-25 10:00:00,606.5084,11:30,3483535.0,17010480.0,0.0016771408277280742,0.00206659285808049,14.0,605.1022,607.7618059278059,603.8517001150713,True,605.4912,606.1210892450889,607.7618059278059,603.8517001150713
2025-06-25 11:30:00,605.212,2667022,2025-06-25,2025-06-25 12:00:00,605.212,2025-06-25 11:30:00,False,2025-06-25 16:00:00,2025-06-25 10:00:00,606.5084,12:00,2667022.0,19677502.0,0.0021374807010093866,0.002177994007792442,14.0,605.1022,607.8293716608758,603.784291034298,True,605.212,605.9978743666651,607.8293716608758,603.784291034298
2025-06-25 12:00:00,605.2719,1485309,2025-06-25,2025-06-25 12:30:00,605.2719,2025-06-25 12:00:00,False,2025-06-25 16:00:00,2025-06-25 10:00:00,606.5084,12:30,1485309.0,21162811.0,0.002038718672321971,0.002522160860740863,14.0,605.1022,608.0381117481907,603.5760349144118,True,605.2719,605.9469219548811,608.0381117481907,603.5760349144118
2025-06-25 12:30:00,605.0524,1630485,2025-06-25,2025-06-25 13:00:00,605.0524,2025-06-25 12:30:00,False,2025-06-25 16:00:00,2025-06-25 10:00:00,606.5084,13:00,1630485.0,22793296.0,0.0024006262732717554,0.0024385779784630857,14.0,605.1022,607.9874180279929,603.6266111003605,True,605.0524,605.8829336387727,607.9874180279929,603.6266111003605
2025-06-25 13:00:00,605.3417,2342745,2025-06-25,2025-06-25 13:30:00,605.3417,2025-06-25 13:00:00,False,2025-06-25 16:00:00,2025-06-25 10:00:00,606.5084,13:30,2342745.0,25136041.0,0.001923633704001615,0.00261212886718882,14.0,605.1022,608.0926780998325,603.5215950757805,True,605.3417,605.8324892429719,608.0926780998325,603.5215950757805
2025-06-25 13:30:00,604.5638,3171290,2025-06-25,2025-06-25 14:00:00,604.5638,2025-06-25 13:30:00,False,2025-06-25 16:00:00,2025-06-25 10:00:00,606.5084,14:00,3171290.0,28307331.0,0.0032062210515139133,0.002818266084415639,14.0,605.1022,608.2177020536333,603.3968609921347,True,604.5638,605.6903571037976,608.2177020536333,603.3968609921347
2025-06-25 14:00:00,604.7311,1688123,2025-06-25,2025-06-25 14:30:00,604.7311,2025-06-25 14:00:00,False,2025-06-25 16:00:00,2025-06-25 10:00:00,606.5084,14:30,1688123.0,29995454.0,0.0029303798595371466,0.0027686767358668296,14.0,605.1022,608.1876256971879,603.4268676160382,True,604.7311,605.6363707904105,608.1876256971879,603.4268676160382
2025-06-25 14:30:00,604.7333,1608489,2025-06-25,2025-06-25 15:00:00,604.7333,2025-06-25 14:30:00,False,2025-06-25 16:00:00,2025-06-25 10:00:00,606.5084,15:00,1608489.0,31603943.0,0.0029267525396187155,0.00328336792207849,14.0,605.1022,608.4997902250312,603.1154268469409,True,604.7333,605.590408821912,608.4997902250312,603.1154268469409
2025-06-25 15:00:00,605.3167,2617258,2025-06-25,2025-06-25 15:30:00,605.3167,2025-06-25 15:00:00,False,2025-06-25 16:00:00,2025-06-25 10:00:00,606.5084,15:30,2617258.0,34221201.0,0.0019648532485289083,0.003679585683122052,14.0,605.1022,608.7400996253333,602.8756746080544,True,605.3167,605.5694754068684,608.7400996253333,602.8756746080544
2025-06-25 15:30:00,605.4414,8472911,2025-06-25,2025-06-25 16:00:00,605.4115,2025-06-25 16:00:00,True,2025-06-25 16:00:00,2025-06-25 10:00:00,606.5084,16:00,8472911.0,42694112.0,0.0017592501604264399,0.003391572047749266,14.0,605.1022,608.5654169361652,603.0499522924484,True,605.4115,605.5381242087785,608.5654169361652,603.0499522924484
2025-06-26 09:30:00,607.5355,5129314,2025-06-26,2025-06-26 10:00:00,607.5355,2025-06-26 09:30:00,False,2025-06-26 16:00:00,2025-06-26 10:00:00,607.5355,10:00,5129314.0,5129314.0,0.0,0.0,14.0,605.4413,607.5355,605.4413,True,607.5355,607.5355,607.5355,605.4413
2025-06-26 10:00:00,608.2635,3268300,2025-06-26,2025-06-26 10:30:00,608.2635,2025-06-26 10:00:00,False,2025-06-26 16:00:00,2025-06-26 10:00:00,607.5355,10:30,3268300.0,8397614.0,0.0011982838862916179,0.0017956519888970449,14.0,605.4413,608.6264223289005,604.3541381254945,True,608.2635,607.8188331467724,608.6264223289005,604.3541381254945
2025-06-26 10:30:00,608.7123,3397455,2025-06-26,2025-06-26 11:00:00,608.7123,2025-06-26 10:30:00,False,2025-06-26 16:00:00,2025-06-26 10:00:00,607.5355,11:00,3397455.0,11795069.0,0.001937006150257936,0.001957039814101169,14.0,605.4413,608.7244711619797,604.2564272707988,True,608.7123,608.0761875910603,608.7244711619797,604.2564272707988
2025-06-26 11:00:00,608.3633,2472810,2025-06-26,2025-06-26 11:30:00,608.3633,2025-06-26 11:00:00,False,2025-06-26 16:00:00,2025-06-26 10:00:00,607.5355,11:30,2472810.0,14267879.0,0.0013625541223516446,0.0021624573567178207,14.0,605.4413,608.8492696114422,604.1320590067542,True,608.3633,608.1259479258621,608.8492696114422,604.1320590067542
2025-06-26 11:30:00,608.842,2054241,2025-06-26,2025-06-26 12:00:00,608.842,2025-06-26 11:30:00,False,2025-06-26 16:00:00,2025-06-26 10:00:00,607.5355,12:00,2054241.0,16322120.0,0.002150491617362249,0.0023222928469786414,14.0,605.4413,608.9463753459355,604.0352879997446,True,608.842,608.2160675628227,608.9463753459355,604.0352879997446
2025-06-26 12:00:00,609.201,1993815,2025-06-26,2025-06-26 12:30:00,609.201,2025-06-26 12:00:00,False,2025-06-26 16:00:00,2025-06-26 10:00:00,607.5355,12:30,1993815.0,18315935.0,0.002741403588761626,0.0025648358052182845,14.0,605.4413,609.0937288033412,603.8884424758021,True,609.201,608.3232842059933,609.0937288033412,603.8884424758021
2025-06-26 12:30:00,609.1511,1331678,2025-06-26,2025-06-26 13:00:00,609.1511,2025-06-26 12:30:00,False,2025-06-26 16:00:00,2025-06-26 10:00:00,607.5355,13:00,1331678.0,19647613.0,0.0026592684707313907,0.0026088595351040195,14.0,605.4413,609.1204747820891,603.8617886915491,True,609.1511,608.3793919927729,609.1204747820891,603.8617886915491
2025-06-26 13:00:00,609.54,1493135,2025-06-26,2025-06-26 13:30:00,609.54,2025-06-26 13:00:00,False,2025-06-26 16:00:00,2025-06-26 10:00:00,607.5355,13:30,1493135.0,21140748.0,0.00329939567317461,0.0026839489884218993,14.0,605.4413,609.1660942906553,603.8163264353161,True,609.54,608.4613637582406,609.1660942906553,603.8163264353161
2025-06-26 13:30:00,609.5999,1863848,2025-06-26,2025-06-26 14:00:00,609.5999,2025-06-26 13:30:00,False,2025-06-26 16:00:00,2025-06-26 10:00:00,607.5355,14:00,1863848.0,23004596.0,0.003397990734697931,0.0029515326989930646,14.0,605.4413,609.3286608940491,603.654320205729,True,609.5999,608.5536087382061,609.3286608940491,603.654320205729
2025-06-26 14:00:00,610.0536,3060675,2025-06-26,2025-06-26 14:30:00,610.0536,2025-06-26 14:00:00,False,2025-06-26 16:00:00,2025-06-26 10:00:00,607.5355,14:30,3060675.0,26065271.0,0.004144778370975821,0.0028810486595674373,14.0,605.4413,609.2858393379146,603.6969941541882,True,610.0536,608.7297429420358,609.2858393379146,603.6969941541882
2025-06-26 14:30:00,609.7613,2874949,2025-06-26,2025-06-26 15:00:00,609.7613,2025-06-26 14:30:00,False,2025-06-26 16:00:00,2025-06-26 10:00:00,607.5355,15:00,2874949.0,28940220.0,0.0036636542226751168,0.0034649031164937305,14.0,605.4413,609.6405516473305,603.3435045527759,True,609.7613,608.8322188020064,609.6405516473305,603.3435045527759
2025-06-26 15:00:00,609.904,3091773,2025-06-26,2025-06-26 15:30:00,609.904,2025-06-26 15:00:00,False,2025-06-26 16:00:00,2025-06-26 10:00:00,607.5355,15:30,3091773.0,32031993.0,0.00389853761632053,0.003788814463809163,14.0,605.4413,609.8373392896775,603.1473952455725,True,609.904,608.9356686301162,609.8373392896775,603.1473952455725
2025-06-26 15:30:00,610.1782,11605446,2025-06-26,2025-06-26 16:00:00,610.2381,2025-06-26 16:00:00,True,2025-06-26 16:00:00,2025-06-26 10:00:00,607.5355,16:00,11605446.0,43637439.0,0.004349869266898843,0.003416680490712817,14.0,605.4413,609.6112546902654,603.3727005220181,True,610.2381,609.2820523152791,609.6112546902654,603.3727005220181
2025-06-27 09:30:00,612.7512,4893241,2025-06-27,2025-06-27 10:00:00,612.7512,2025-06-27 09:30:00,False,2025-06-27 16:00:00,2025-06-27 10:00:00,612.7512,10:00,4893241.0,4893241.0,0.0,0.0,14.0,610.1782,612.7512,610.1782,True,612.7512,612.7512,612.7512,610.1782
2025-06-27 10:00:00,613.1999,4361585,2025-06-27,2025-06-27 10:30:00,613.1999,2025-06-27 10:00:00,False,2025-06-27 16:00:00,2025-06-27 10:00:00,612.7512,10:30,4361585.0,9254826.0,0.0007322711077513144,0.0016528599251245787,14.0,610.1782,613.7639919025521,609.1696609060353,True,613.1999,612.9626619107371,613.7639919025521,609.1696609060353
2025-06-27 10:30:00,613.1151,2817361,2025-06-27,2025-06-27 11:00:00,613.1151,2025-06-27 10:30:00,False,2025-06-27 16:00:00,2025-06-27 10:00:00,612.7512,11:00,2817361.0,12072187.0,0.0005938788859163324,0.0017215718977585273,14.0,610.1782,613.8060952462379,609.127734358255,True,613.1151,612.9982373311315,613.8060952462379,609.127734358255
2025-06-27 11:00:00,613.6486,1934196,2025-06-27,2025-06-27 11:30:00,613.6486,2025-06-27 11:00:00,False,2025-06-27 16:00:00,2025-06-27 10:00:00,612.7512,11:30,1934196.0,14006383.0,0.0014645422155026289,0.0017273022407132133,14.0,610.1782,613.8096065207598,609.1242378279056,True,613.6486,613.0880484460121,613.8096065207598,609.1242378279056
2025-06-27 11:30:00,614.1971,2450085,2025-06-27,2025-06-27 12:00:00,614.1971,2025-06-27 11:30:00,False,2025-06-27 16:00:00,2025-06-27 10:00:00,612.7512,12:00,2450085.0,16456468.0,0.0023596853013096997,0.0019313905108375162,14.0,610.1782,613.9346618531844,608.9997076146,True,614.1971,613.2531671444261,613.9346618531844,608.9997076146
2025-06-27 12:00:00,614.596,2064818,2025-06-27,2025-06-27 12:30:00,614.596,2025-06-27 12:00:00,False,2025-06-27 16:00:00,2025-06-27 10:00:00,612.7512,12:30,2064818.0,18521286.0,0.003010683618408283,0.002321919467613414,14.0,610.1782,614.1739589400835,608.7614153587067,True,614.596,613.4028708664669,614.1739589400835,608.7614153587067
2025-06-27 12:30:00,614.242,2115174,2025-06-27,2025-06-27 13:00:00,614.242,2025-06-27 12:30:00,False,2025-06-27 16:00:00,2025-06-27 10:00:00,612.7512,13:00,2115174.0,20636460.0,0.0024329613715974308,0.0027471150852446747,14.0,610.1782,614.4344980650219,608.5019702620925,True,614.242,613.4888790348199,614.4344980650219,608.5019702620925
2025-06-27 13:00:00,613.6885,1485754,2025-06-27,2025-06-27 13:30:00,613.6885,2025-06-27 13:00:00,False,2025-06-27 16:00:00,2025-06-27 10:00:00,612.7512,13:30,1485754.0,22122214.0,0.0015296583670501018,0.002653966215051286,14.0,610.1782,614.3774209830322,608.5588076720392,True,613.6885,613.5022858144262,614.3774209830322,608.5588076720392
2025-06-27 13:30:00,612.422,5161447,2025-06-27,2025-06-27 14:00:00,612.422,2025-06-27 13:30:00,False,2025-06-27 16:00:00,2025-06-27 10:00:00,612.7512,14:00,5161447.0,27283661.0,0.0005372490498590787,0.003005526280952488,14.0,610.1782,614.5928398352852,608.3442933838356,True,612.422,613.2979203527672,614.5928398352852,608.3442933838356
2025-06-27 14:00:00,610.6968,4076477,2025-06-27,2025-06-27 14:30:00,610.6968,2025-06-27 14:00:00,False,2025-06-27 16:00:00,2025-06-27 10:00:00,612.7512,14:30,4076477.0,31360138.0,0.003352747412000201,0.00304728140626919,14.0,610.1782,614.6184253384292,608.3188153166292,True,610.6968,612.9598029856725,614.6184253384292,608.3188153166292
2025-06-27 14:30:00,609.3705,7518202,2025-06-27,2025-06-27 15:00:00,609.3705,2025-06-27 14:30:00,False,2025-06-27 16:00:00,2025-06-27 10:00:00,612.7512,15:00,7518202.0,38878340.0,0.005517247457042962,0.0036051837369914875,14.0,610.1782,614.960280661062,607.9783954766932,True,609.3705,612.2657120114825,614.960280661062,607.9783954766932
2025-06-27 15:00:00,610.7367,5443010,2025-06-27,2025-06-27 15:30:00,610.7367,2025-06-27 15:00:00,False,2025-06-27 16:00:00,2025-06-27 10:00:00,612.7512,15:30,5443010.0,44321350.0,0.003287631260452839,0.0038549880114697177,14.0,610.1782,615.1133485300138,607.8259703541397,True,610.7367,612.0779373234682,615.1133485300138,607.8259703541397
2025-06-27 15:30:00,613.2098,14339161,2025-06-27,2025-06-27 16:00:00,612.9905,2025-06-27 16:00:00,True,2025-06-27 16:00:00,2025-06-27 10:00:00,612.7512,16:00,14339161.0,58660511.0,0.0007484277468570166,0.003583140512301543,14.0,610.1782,614.9467736486814,607.9918457718567,True,612.9905,612.3010070328572,614.9467736486814,607.9918457718567
2025-06-30 09:30:00,614.6858,5638109,2025-06-30,2025-06-30 10:00:00,614.6858,2025-06-30 09:30:00,False,2025-06-30 16:00:00,2025-06-30 10:00:00,614.6858,10:00,5638109.0,5638109.0,0.0,0.0,14.0,613.2098,614.6858,613.2098,True,614.6858,614.6858,614.6858,613.2098
2025-06-30 10:00:00,615.0248,3800110,2025-06-30,2025-06-30 10:30:00,615.0248,2025-06-30 10:00:00,False,2025-06-30 16:00:00,2025-06-30 10:00:00,614.6858,10:30,3800110.0,9438219.0,0.0005515012710559652,0.0015584676943576586,14.0,613.2098,615.6437679614803,612.2541323368365,True,615.0248,614.8222915658346,615.6437679614803,612.2541323368365
2025-06-30 10:30:00,614.3517,2492200,2025-06-30,2025-06-30 11:00:00,614.3517,2025-06-30 10:30:00,False,2025-06-30 16:00:00,2025-06-30 10:00:00,614.6858,11:00,2492200.0,11930419.0,0.0005435297187602606,0.0016357333789696615,14.0,613.2098,615.6912620806386,612.2067522618287,True,614.3517,614.7239875330615,615.6912620806386,612.2067522618287
2025-06-30 11:00:00,614.5162,3076332,2025-06-30,2025-06-30 11:30:00,614.5162,2025-06-30 11:00:00,False,2025-06-30 16:00:00,2025-06-30 10:00:00,614.6858,11:30,3076332.0,15006751.0,0.0002759133202685504,0.0016072836388816133,14.0,613.2098,615.6737744293929,612.2241979212581,True,614.5162,614.681391808167,615.6737744293929,612.2241979212581
2025-06-30 11:30:00,614.7755,2173244,2025-06-30,2025-06-30 12:00:00,614.7755,2025-06-30 11:30:00,False,2025-06-30 16:00:00,2025-06-30 10:00:00,614.6858,12:00,2173244.0,17179995.0,0.00014592821242986886,0.001903872403843749,14.0,613.2098,615.8560833316546,612.0423267840134,True,614.7755,614.6932963554763,615.8560833316546,612.0423267840134
2025-06-30 12:00:00,614.5162,1578901,2025-06-30,2025-06-30 12:30:00,614.5162,2025-06-30 12:00:00,False,2025-06-30 16:00:00,2025-06-30 10:00:00,614.6858,12:30,1578901.0,18758896.0,0.0002759133202685504,0.002324245232633463,14.0,613.2098,616.1144805402175,611.7845500457458,True,614.5162,614.6783904882676,616.1144805402175,611.7845500457458
2025-06-30 12:30:00,614.955,2032740,2025-06-30,2025-06-30 13:00:00,614.955,2025-06-30 12:30:00,False,2025-06-30 16:00:00,2025-06-30 10:00:00,614.6858,13:00,2032740.0,20791636.0,0.00043794732203039644,0.0025915709555171924,14.0,613.2098,616.2788018660488,611.6206232926814,True,614.955,614.7054338252555,616.2788018660488,611.6206232926814
2025-06-30 13:00:00,614.8104,1690572,2025-06-30,2025-06-30 13:30:00,614.8104,2025-06-30 13:00:00,False,2025-06-30 16:00:00,2025-06-30 10:00:00,614.6858,13:30,1690572.0,22482208.0,0.00020270518694265327,0.0025076678903868904,14.0,613.2098,616.2272278433367,611.6720734744694,True,614.8104,614.7133268612051,616.2272278433367,611.6720734744694
2025-06-30 13:30:00,614.1273,3258255,2025-06-30,2025-06-30 14:00:00,614.1273,2025-06-30 13:30:00,False,2025-06-30 16:00:00,2025-06-30 10:00:00,614.6858,14:00,3258255.0,25740463.0,0.0009085942769460065,0.0028751993067094622,14.0,613.2098,616.4531441860041,611.4466996081726,True,614.1273,614.6391469620069,616.4531441860041,611.4466996081726
2025-06-30 14:00:00,614.3367,3382937,2025-06-30,2025-06-30 14:30:00,614.3367,2025-06-30 14:00:00,False,2025-06-30 16:00:00,2025-06-30 10:00:00,614.6858,14:30,3382937.0,29123400.0,0.000567932429869078,0.003191816940615607,14.0,613.2098,616.6477645495958,611.2525465722084,True,614.3367,614.6040151086411,616.6477645495958,611.2525465722084
2025-06-30 14:30:00,615.2143,4025631,2025-06-30,2025-06-30 15:00:00,615.2143,2025-06-30 14:30:00,False,2025-06-30 16:00:00,2025-06-30 10:00:00,614.6858,15:00,4025631.0,33149031.0,0.0008597888547288157,0.003915035560344948,14.0,613.2098,617.0923167654391,610.8090618270479,True,615.2143,614.6781283392054,617.0923167654391,610.8090618270479
2025-06-30 15:00:00,616.1866,6776315,2025-06-30,2025-06-30 15:30:00,616.1866,2025-06-30 15:00:00,False,2025-06-30 16:00:00,2025-06-30 10:00:00,614.6858,15:30,6776315.0,39925346.0,0.0024415725887925177,0.003962744963336461,14.0,613.2098,617.1216430579843,610.7798059535814,True,616.1866,614.9341531496634,617.1216430579843,610.7798059535814
2025-06-30 15:30:00,616.1417,19797674,2025-06-30,2025-06-30 16:00:00,616.2415,2025-06-30 16:00:00,True,2025-06-30 16:00:00,2025-06-30 10:00:00,614.6858,16:00,19797674.0,59723020.0,0.0023685271402074104,0.003489304051043545,14.0,613.2098,616.8306256520589,611.0701245607204,True,616.2415,615.3675275293898,616.8306256520589,611.0701245607204
2025-07-01 09:30:00,615.4553,4658837,2025-07-01,2025-07-01 10:00:00,615.4553,2025-07-01 09:30:00,False,2025-07-01 16:00:00,2025-07-01 10:00:00,615.4553,10:00,4658837.0,4658837.0,0.0,0.0,14.0,616.1417,616.1417,615.4553,True,615.4553,615.4553,616.1417,615.4553
2025-07-01 10:00:00,615.324,4044077,2025-07-01,2025-07-01 10:30:00,615.324,2025-07-01 10:00:00,False,2025-07-01 16:00:00,2025-07-01 10:00:00,615.4553,10:30,4044077.0,8702914.0,0.00021333799546452425,0.0015048498799555435,14.0,616.1417,617.0689007632806,614.529132165677,True,615.324,615.3942874115611,617.0689007632806,614.529132165677
2025-07-01 10:30:00,614.7456,4015807,2025-07-01,2025-07-01 11:00:00,614.7456,2025-07-01 10:30:00,False,2025-07-01 16:00:00,2025-07-01 10:00:00,615.4553,11:00,4015807.0,12718721.0,0.0011531300485997376,0.0016077762823819564,14.0,616.1417,617.1323180118465,614.4657855657937,True,614.7456,615.1894709486354,617.1323180118465,614.4657855657937
2025-07-01 11:00:00,615.5831,4807050,2025-07-01,2025-07-01 11:30:00,615.5831,2025-07-01 11:00:00,False,2025-07-01 16:00:00,2025-07-01 10:00:00,615.4553,11:30,4807050.0,17525771.0,0.0002076511486699406,0.0015977751997181227,14.0,616.1417,617.1261559277722,614.4719407851248,True,615.5831,615.2974373560112,617.1261559277722,614.4719407851248
2025-07-01 11:30:00,615.2741,2612708,2025-07-01,2025-07-01 12:00:00,615.2741,2025-07-01 11:30:00,False,2025-07-01 16:00:00,2025-07-01 10:00:00,615.4553,12:00,2612708.0,20138479.0,0.00029441618262116,0.0018111384566357272,14.0,616.1417,617.2576179276069,614.3406252378297,True,615.2741,615.2944096349629,617.2576179276069,614.3406252378297
2025-07-01 12:00:00,615.5932,3238301,2025-07-01,2025-07-01 12:30:00,615.5932,2025-07-01 12:00:00,False,2025-07-01 16:00:00,2025-07-01 10:00:00,615.4553,12:30,3238301.0,23376780.0,0.0002240617637057074,0.0022449697264808216,14.0,616.1417,617.5249194637224,614.0736214834978,True,615.5932,615.335799986324,617.5249194637224,614.0736214834978
2025-07-01 12:30:00,615.4138,2277235,2025-07-01,2025-07-01 13:00:00,615.4138,2025-07-01 12:30:00,False,2025-07-01 16:00:00,2025-07-01 10:00:00,615.4553,13:00,2277235.0,25654015.0,6.742975484963498e-05,0.00241833717281213,14.0,616.1417,617.6317383768297,613.9669215698057,True,615.4138,615.3427238288938,617.6317383768297,613.9669215698057
2025-07-01 13:00:00,616.3611,2360891,2025-07-01,2025-07-01 13:30:00,616.3611,2025-07-01 13:00:00,False,2025-07-01 16:00:00,2025-07-01 10:00:00,615.4553,13:30,2360891.0,28014906.0,0.001471755950432252,0.0023009359360507725,14.0,616.1417,617.5594025792295,614.039176783197,True,616.3611,615.4285451104994,617.5594025792295,614.039176783197
2025-07-01 13:30:00,616.9096,2148696,2025-07-01,2025-07-01 14:00:00,616.9096,2025-07-01 13:30:00,False,2025-07-01 16:00:00,2025-07-01 10:00:00,615.4553,14:00,2148696.0,30163602.0,0.00236296608380826,0.002709940738125884,14.0,616.1417,617.8114074932881,613.7874526100345,True,616.9096,615.5340476534931,617.8114074932881,613.7874526100345
2025-07-01 14:00:00,616.2813,2763984,2025-07-01,2025-07-01 14:30:00,616.2813,2025-07-01 14:00:00,False,2025-07-01 16:00:00,2025-07-01 10:00:00,615.4553,14:30,2763984.0,32927586.0,0.001342095843516189,0.00299388979561499,14.0,616.1417,617.9863603482829,613.6126946576728,True,616.2813,615.5967729783835,617.9863603482829,613.6126946576728
2025-07-01 14:30:00,615.9822,2180419,2025-07-01,2025-07-01 15:00:00,615.9822,2025-07-01 14:30:00,False,2025-07-01 16:00:00,2025-07-01 10:00:00,615.4553,15:00,2180419.0,35108005.0,0.0008561141645868631,0.0037355685663153504,14.0,616.1417,618.4433395669162,613.1562245273477,True,615.9822,615.6207103226174,618.4433395669162,613.1562245273477
2025-07-01 15:00:00,616.6553,5424285,2025-07-01,2025-07-01 15:30:00,616.6553,2025-07-01 15:00:00,False,2025-07-01 16:00:00,2025-07-01 10:00:00,615.4553,15:30,5424285.0,40532290.0,0.0019497760438491607,0.003954683595025892,14.0,616.1417,618.5783454732014,613.0213690216182,True,616.6553,615.7591655953931,618.5783454732014,613.0213690216182
2025-07-01 15:30:00,615.9423,9320322,2025-07-01,2025-07-01 16:00:00,615.9423,2025-07-01 16:00:00,True,2025-07-01 16:00:00,2025-07-01 10:00:00,615.4553,16:00,9320322.0,49852612.0,0.0007912841111288316,0.0035738093860637915,14.0,616.1417,618.3436729906053,613.2557800721572,True,615.9423,615.7934039542622,618.3436729906053,613.2557800721572
2025-07-02 09:30:00,615.5932,4277776,2025-07-02,2025-07-02 10:00:00,615.5932,2025-07-02 09:30:00,False,2025-07-02 16:00:00,2025-07-02 10:00:00,615.5932,10:00,4277776.0,4277776.0,0.0,0.0,14.0,615.9422,615.9422,615.5932,True,615.5932,615.5932,615.9422,615.5932
2025-07-02 10:00:00,616.9395,4217745,2025-07-02,2025-07-02 10:30:00,616.9395,2025-07-02 10:00:00,False,2025-07-02 16:00:00,2025-07-02 10:00:00,615.5932,10:30,4217745.0,8495521.0,0.0021869962176319646,0.0014463444425502942,14.0,615.9422,616.8330645779022,614.7028401963082,True,616.9395,616.2615933914706,616.8330645779022,614.7028401963082
2025-07-02 10:30:00,617.1091,4287954,2025-07-02,2025-07-02 11:00:00,617.1091,2025-07-02 10:30:00,False,2025-07-02 16:00:00,2025-07-02 10:00:00,615.5932,11:00,4287954.0,12783475.0,0.002462502834664093,0.0016297839883771695,14.0,615.9422,616.9460527353258,614.5899160592861,True,617.1091,616.5458720678141,616.9460527353258,614.5899160592861
2025-07-02 11:00:00,617.0493,2605548,2025-07-02,2025-07-02 11:30:00,617.0493,2025-07-02 11:00:00,False,2025-07-02 16:00:00,2025-07-02 10:00:00,615.5932,11:30,2605548.0,15389023.0,0.002365360760970159,0.0015454664160409986,14.0,615.9422,616.8941179843224,614.6418213834568,True,617.0493,616.6311085147186,616.8941179843224,614.6418213834568
2025-07-02 11:30:00,617.5528,2521881,2025-07-02,2025-07-02 12:00:00,617.5528,2025-07-02 11:30:00,False,2025-07-02 16:00:00,2025-07-02 10:00:00,615.5932,12:00,2521881.0,17910904.0,0.0031832710302843736,0.001753089401187204,14.0,615.9422,617.0220017425639,614.5140100856371,True,617.5528,616.7608839992275,617.0220017425639,614.5140100856371
2025-07-02 12:00:00,617.4282,1978457,2025-07-02,2025-07-02 12:30:00,617.4282,2025-07-02 12:00:00,False,2025-07-02 16:00:00,2025-07-02 10:00:00,615.5932,12:30,1978457.0,19889361.0,0.0029808646359315016,0.002103976857283252,14.0,615.9422,617.2381281342241,614.2980061536991,True,617.4282,616.8272640107795,617.2381281342241,614.2980061536991
2025-07-02 12:30:00,617.8354,2065785,2025-07-02,2025-07-02 13:00:00,617.8354,2025-07-02 12:30:00,False,2025-07-02 16:00:00,2025-07-02 10:00:00,615.5932,13:00,2065785.0,21955146.0,0.00364234042871181,0.0022316707288251698,14.0,615.9422,617.3167801783882,614.2193986746962,True,617.8354,616.9221206883207,617.3167801783882,614.2193986746962
2025-07-02 13:00:00,617.7523,1836882,2025-07-02,2025-07-02 13:30:00,617.7523,2025-07-02 13:00:00,False,2025-07-02 16:00:00,2025-07-02 10:00:00,615.5932,13:30,1836882.0,23792028.0,0.0035073486841634693,0.0022455114560060918,14.0,615.9422,617.3253052663375,614.2108784171606,True,617.7523,616.9862153268439,617.3253052663375,614.2108784171606
2025-07-02 13:30:00,617.7373,1717617,2025-07-02,2025-07-02 14:00:00,617.7373,2025-07-02 13:30:00,False,2025-07-02 16:00:00,2025-07-02 10:00:00,615.5932,14:00,1717617.0,25509645.0,0.003482981943270236,0.0027942864065267914,14.0,615.9422,617.6633189166661,613.8730562892897,True,617.7373,617.0367874066613,617.6633189166661,613.8730562892897
2025-07-02 14:00:00,617.877,2249588,2025-07-02,2025-07-02 14:30:00,617.877,2025-07-02 14:00:00,False,2025-07-02 16:00:00,2025-07-02 10:00:00,615.5932,14:30,2249588.0,27759233.0,0.003709917523455397,0.003050339990872976,14.0,615.9422,617.8210331247262,613.7154314439306,True,617.877,617.1048776225338,617.8210331247262,613.7154314439306
2025-07-02 14:30:00,618.134,2427868,2025-07-02,2025-07-02 15:00:00,618.134,2025-07-02 14:30:00,False,2025-07-02 16:00:00,2025-07-02 10:00:00,615.5932,15:00,2427868.0,30187101.0,0.004127401017425036,0.0035719353569286716,14.0,615.9422,618.1423057220044,613.3943408834351,True,618.134,617.1876471898511,618.1423057220044,613.3943408834351
2025-07-02 15:00:00,618.0165,2996437,2025-07-02,2025-07-02 15:30:00,618.0165,2025-07-02 15:00:00,False,2025-07-02 16:00:00,2025-07-02 10:00:00,615.5932,15:30,2996437.0,33183538.0,0.003936528213761781,0.003846573444550107,14.0,615.9422,618.3114669098977,613.2252755442344,True,618.0165,617.2624916873813,618.3114669098977,613.2252755442344
2025-07-02 15:30:00,618.7346,8509136,2025-07-02,2025-07-02 16:00:00,618.7346,2025-07-02 16:00:00,True,2025-07-02 16:00:00,2025-07-02 10:00:00,615.5932,16:00,8509136.0,41692674.0,0.005103045322787825,0.003331801592920236,14.0,615.9422,617.9943972031067,613.5421655956492,True,618.7346,617.5629370327387,617.9943972031067,613.5421655956492
2025-07-03 09:30:00,622.514,6512549,2025-07-03,2025-07-03 10:00:00,622.514,2025-07-03 09:30:00,False,2025-07-03 13:00:00,2025-07-03 10:00:00,622.514,10:00,6512549.0,6512549.0,0.0,0.0,14.0,618.7344,622.514,618.7344,True,622.514,622.514,622.514,618.7344
2025-07-03 10:00:00,623.262,4168965,2025-07-03,2025-07-03 10:30:00,623.262,2025-07-03 10:00:00,False,2025-07-03 13:00:00,2025-07-03 10:00:00,622.514,10:30,4168965.0,10681514.0,0.0012015794022302018,0.0014688619870253303,14.0,618.7344,623.428387150991,617.8255645597751,True,623.262,622.8059423051826,623.428387150991,617.8255645597751
2025-07-03 10:30:00,623.5711,2914576,2025-07-03,2025-07-03 11:00:00,623.5711,2025-07-03 10:30:00,False,2025-07-03 13:00:00,2025-07-03 10:00:00,622.514,11:00,2914576.0,13596090.0,0.0016981144199166298,0.0016802637123954673,14.0,618.7344,623.5599876846582,617.6947630400692,True,623.5711,622.9699681577277,623.5599876846582,617.6947630400692
2025-07-03 11:00:00,623.6609,2982223,2025-07-03,2025-07-03 11:30:00,623.6609,2025-07-03 11:00:00,False,2025-07-03 13:00:00,2025-07-03 10:00:00,622.514,11:30,2982223.0,16578313.0,0.001842368203767153,0.001646989368796481,14.0,618.7344,623.5392739399269,617.7153510210914,True,623.6609,623.094257814429,623.5392739399269,617.7153510210914
2025-07-03 11:30:00,624.1645,3146120,2025-07-03,2025-07-03 12:00:00,624.1645,2025-07-03 11:30:00,False,2025-07-03 13:00:00,2025-07-03 10:00:00,622.514,12:00,3146120.0,19724433.0,0.002651345993824883,0.0019751223288879843,14.0,618.7344,623.7435413014454,617.512323870909,True,624.1645,623.2649654005415,623.7435413014454,617.512323870909
2025-07-03 12:00:00,624.0049,3426249,2025-07-03,2025-07-03 12:30:00,624.0049,2025-07-03 12:00:00,False,2025-07-03 13:00:00,2025-07-03 10:00:00,622.514,12:30,3426249.0,23150682.0,0.002394966217627248,0.0022689464023688067,14.0,618.7344,623.9264509007243,617.3305248090982,True,624.0049,623.3744740612998,623.9264509007243,617.3305248090982
2025-07-03 12:30:00,623.611,8923745,2025-07-03,2025-07-03 13:00:00,623.611,2025-07-03 13:00:00,True,2025-07-03 13:00:00,2025-07-03 10:00:00,622.514,13:00,8923745.0,32074427.0,0.001762209363965983,0.0024652033373896037,14.0,618.7344,624.0486235903717,617.2090938921623,True,623.611,623.4402802926269,624.0486235903717,617.2090938921623
2025-07-07 09:30:00,621.8758,3931208,2025-07-07,2025-07-07 10:00:00,621.8758,2025-07-07 09:30:00,False,2025-07-07 16:00:00,2025-07-07 10:00:00,621.8758,10:00,3931208.0,3931208.0,0.0,0.0,14.0,623.611,623.611,621.8758,True,621.8758,621.8758,623.611,621.8758
2025-07-07 10:00:00,621.3173,2464612,2025-07-07,2025-07-07 10:30:00,621.3173,2025-07-07 10:00:00,False,2025-07-07 16:00:00,2025-07-07 10:00:00,621.8758,10:30,2464612.0,6395820.0,0.00089808929693036,0.0013513975336413853,14.0,623.611,624.4537463673516,621.0353985776487,True,621.3173,621.6605835301807,624.4537463673516,621.0353985776487
2025-07-07 10:30:00,620.3799,2935008,2025-07-07,2025-07-07 11:00:00,620.3799,2025-07-07 10:30:00,False,2025-07-07 16:00:00,2025-07-07 10:00:00,621.8758,11:00,2935008.0,9330828.0,0.0024054642422168815,0.0015768512023003889,14.0,623.611,624.5943417551177,620.8951943970885,True,620.3799,621.2577450675545,624.5943417551177,620.8951943970885
2025-07-07 11:00:00,620.3201,2406522,2025-07-07,2025-07-07 11:30:00,620.3201,2025-07-07 11:00:00,False,2025-07-07 16:00:00,2025-07-07 10:00:00,621.8758,11:30,2406522.0,11737350.0,0.002501624922532808,0.0015883644576346612,14.0,623.611,624.60152154779,620.888034582217,True,620.3201,621.0654986504961,624.60152154779,620.888034582217
2025-07-07 11:30:00,620.0309,2261258,2025-07-07,2025-07-07 12:00:00,620.0309,2025-07-07 11:30:00,False,2025-07-07 16:00:00,2025-07-07 10:00:00,621.8758,12:00,2261258.0,13998608.0,0.0029666695504151352,0.001963592059123046,14.0,623.611,624.8355176075818,620.6546896173593,True,620.0309,620.8983752854283,624.8355176075818,620.6546896173593
2025-07-07 12:00:00,618.8642,7092271,2025-07-07,2025-07-07 12:30:00,618.8642,2025-07-07 12:00:00,False,2025-07-07 16:00:00,2025-07-07 10:00:00,621.8758,12:30,7092271.0,21090879.0,0.0048427676394547925,0.002182032912370196,14.0,623.611,624.9717397265161,620.5188465369935,True,618.8642,620.2143391963797,624.9717397265161,620.2143391963797
2025-07-07 12:30:00,618.0813,3688948,2025-07-07,2025-07-07 13:00:00,618.0813,2025-07-07 12:30:00,False,2025-07-07 16:00:00,2025-07-07 10:00:00,621.8758,13:00,3688948.0,24779827.0,0.006101700693289525,0.002396093940660371,14.0,623.611,625.1052305384292,620.3857271637767,True,618.0813,619.896795789906,625.1052305384292,619.896795789906
2025-07-07 13:00:00,618.4503,2341981,2025-07-07,2025-07-07 13:30:00,618.4503,2025-07-07 13:00:00,False,2025-07-07 16:00:00,2025-07-07 10:00:00,621.8758,13:30,2341981.0,27121808.0,0.005508334622444044,0.002319771661421337,13.0,623.611,625.0576351255506,620.4331901422363,True,618.4503,619.7718901915573,625.0576351255506,619.7718901915573
2025-07-07 13:30:00,618.3157,3875088,2025-07-07,2025-07-07 14:00:00,618.3157,2025-07-07 13:30:00,False,2025-07-07 16:00:00,2025-07-07 10:00:00,621.8758,14:00,3875088.0,30996896.0,0.005724776555061317,0.0028284431493157233,13.0,623.611,625.3748482607879,620.1168596537648,True,618.3157,619.589844055808,625.3748482607879,619.589844055808
2025-07-07 14:00:00,616.2614,4219440,2025-07-07,2025-07-07 14:30:00,616.2614,2025-07-07 14:00:00,False,2025-07-07 16:00:00,2025-07-07 10:00:00,621.8758,14:30,4219440.0,35216336.0,0.009028169290395405,0.0029243326075631872,13.0,623.611,625.4346459817351,620.0572283202056,True,616.2614,619.1910470319825,625.4346459817351,619.1910470319825
2025-07-07 14:30:00,618.4402,3350164,2025-07-07,2025-07-07 15:00:00,618.4402,2025-07-07 14:30:00,False,2025-07-07 16:00:00,2025-07-07 10:00:00,621.8758,15:00,3350164.0,38566500.0,0.005524575807580923,0.0034758078800958695,13.0,623.611,625.7785520279144,619.7142791939191,True,618.4402,619.1258230501315,625.7785520279144,619.1258230501315
2025-07-07 15:00:00,617.7473,3474387,2025-07-07,2025-07-07 15:30:00,617.7473,2025-07-07 15:00:00,False,2025-07-07 16:00:00,2025-07-07 10:00:00,621.8758,15:30,3474387.0,42040887.0,0.0066387854295022475,0.0037225069876341767,13.0,623.611,625.9323963050655,619.5608629890594,True,617.7473,619.0118977049176,625.9323963050655,619.0118977049176
2025-07-07 15:30:00,618.9639,11392345,2025-07-07,2025-07-07 16:00:00,618.9639,2025-07-07 16:00:00,True,2025-07-07 16:00:00,2025-07-07 10:00:00,621.8758,16:00,11392345.0,53433232.0,0.004682446237657234,0.0033149302235479386,13.0,623.611,625.6782269516369,619.814325115287,True,618.9639,619.0016642529409,625.6782269516369,619.0016642529409
2025-07-08 09:30:00,618.9439,3906956,2025-07-08,2025-07-08 10:00:00,618.9439,2025-07-08 09:30:00,False,2025-07-08 16:00:00,2025-07-08 10:00:00,618.9439,10:00,3906956.0,3906956.0,0.0,0.0,14.0,618.9638,618.9638,618.9439,True,618.9439,618.9438999999999,618.9638,618.9438999999999
2025-07-08 10:00:00,618.3057,3106979,2025-07-08,2025-07-08 10:30:00,618.3057,2025-07-08 10:00:00,False,2025-07-08 16:00:00,2025-07-08 10:00:00,618.9439,10:30,3106979.0,7013935.0,0.0010311112202575634,0.0011853155836732807,14.0,618.9638,619.6974674378696,618.2102561499105,True,618.3057,618.6611950707697,619.6974674378696,618.2102561499105
2025-07-08 10:30:00,618.733,4557668,2025-07-08,2025-07-08 11:00:00,618.733,2025-07-08 10:30:00,False,2025-07-08 16:00:00,2025-07-08 10:00:00,618.9439,11:00,4557668.0,11571603.0,0.00034074170534681425,0.001697968826626309,14.0,618.9638,620.0147812372102,617.8929525523695,True,618.733,618.6894766345423,620.0147812372102,617.8929525523695
2025-07-08 11:00:00,618.2858,2721378,2025-07-08,2025-07-08 11:30:00,618.2858,2025-07-08 11:00:00,False,2025-07-08 16:00:00,2025-07-08 10:00:00,618.9439,11:30,2721378.0,14292981.0,0.0010632627609706846,0.0015523214801148838,14.0,618.9638,619.9246308021536,617.9831000890439,True,618.2858,618.6126167609891,619.9246308021536,617.9831000890439
2025-07-08 11:30:00,619.3728,2028743,2025-07-08,2025-07-08 12:00:00,619.3728,2025-07-08 11:30:00,False,2025-07-08 16:00:00,2025-07-08 10:00:00,618.9439,12:00,2028743.0,16321724.0,0.0006929545634104528,0.001882051244558409,14.0,618.9638,620.1287215901266,617.7790158626931,True,619.3728,618.7071053349205,620.1287215901266,617.7790158626931
2025-07-08 12:00:00,620.1805,2907866,2025-07-08,2025-07-08 12:30:00,620.1805,2025-07-08 12:00:00,False,2025-07-08 16:00:00,2025-07-08 10:00:00,618.9439,12:30,2907866.0,19229590.0,0.0019979193590891065,0.0022749305317325314,14.0,618.9638,620.3718996466571,617.5358456244603,True,620.1805,618.9299095783373,620.3718996466571,617.5358456244603
2025-07-08 12:30:00,619.0836,3690230,2025-07-08,2025-07-08 13:00:00,619.0836,2025-07-08 12:30:00,False,2025-07-08 16:00:00,2025-07-08 10:00:00,618.9439,13:00,3690230.0,22919820.0,0.0002257070471169964,0.0025683095982561655,14.0,618.9638,620.5534906685132,617.3542604408478,True,619.0836,618.954654668165,620.5534906685132,617.3542604408478
2025-07-08 13:00:00,619.1334,2448164,2025-07-08,2025-07-08 13:30:00,619.1334,2025-07-08 13:00:00,False,2025-07-08 16:00:00,2025-07-08 10:00:00,618.9439,13:30,2448164.0,25367984.0,0.00030616668166549843,0.002652272126541485,13.0,618.9638,620.6054604340782,617.302292346137,True,619.1334,618.9719046745732,620.6054604340782,617.302292346137
2025-07-08 13:30:00,619.4026,1870754,2025-07-08,2025-07-08 14:00:00,619.4026,2025-07-08 13:30:00,False,2025-07-08 16:00:00,2025-07-08 10:00:00,618.9439,14:00,1870754.0,27238738.0,0.0007411010917144356,0.0031466746262270176,13.0,618.9638,620.911477684013,616.996284934812,True,619.4026,619.0014847895853,620.911477684013,616.996284934812
2025-07-08 14:00:00,618.9539,2005566,2025-07-08,2025-07-08 14:30:00,618.9539,2025-07-08 14:00:00,False,2025-07-08 16:00:00,2025-07-08 10:00:00,618.9439,14:30,2005566.0,29244304.0,1.615655312225961e-05,0.0034055440775640957,13.0,618.9638,621.0717085033165,616.8360592670106,True,618.9539,618.998221438332,621.0717085033165,616.8360592670106
2025-07-08 14:30:00,618.7545,2032011,2025-07-08,2025-07-08 15:00:00,618.7545,2025-07-08 14:30:00,False,2025-07-08 16:00:00,2025-07-08 10:00:00,618.9439,15:00,2032011.0,31276315.0,0.0003060051161341004,0.0036811036717103304,13.0,618.9638,621.2422699168358,616.6655033371272,True,618.7545,618.9823869436473,621.2422699168358,616.6655033371272
2025-07-08 15:00:00,618.7698,2722889,2025-07-08,2025-07-08 15:30:00,618.7698,2025-07-08 15:00:00,False,2025-07-08 16:00:00,2025-07-08 10:00:00,618.9439,15:30,2722889.0,33999204.0,0.0002812855898570721,0.003917151334618409,13.0,618.9638,621.3883748752504,616.519403076061,True,618.7698,618.9653615259228,621.3883748752504,616.519403076061
2025-07-08 15:30:00,618.6249,8817281,2025-07-08,2025-07-08 16:00:00,618.6149,2025-07-08 16:00:00,True,2025-07-08 16:00:00,2025-07-08 10:00:00,618.9439,16:00,8817281.0,42816485.0,0.0005153940445975502,0.0034464413422374573,13.0,618.9638,621.0970224296684,616.8107461545143,True,618.6149,618.8931903107062,621.0970224296684,616.8107461545143
2025-07-09 09:30:00,622.514,5494149,2025-07-09,2025-07-09 10:00:00,622.514,2025-07-09 09:30:00,False,2025-07-09 16:00:00,2025-07-09 10:00:00,622.514,10:00,5494149.0,5494149.0,0.0,0.0,14.0,618.6248,622.514,618.6248,True,622.514,622.514,622.514,618.6248
2025-07-09 10:00:00,621.6116,3302068,2025-07-09,2025-07-09 10:30:00,621.6116,2025-07-09 10:00:00,False,2025-07-09 16:00:00,2025-07-09 10:00:00,622.514,10:30,3302068.0,8796217.0,0.0014496059526373228,0.0011529842226125234,14.0,618.6248,623.2317488203554,617.9115353658832,True,621.6116,622.1752423086879,623.2317488203554,617.9115353658832
2025-07-09 10:30:00,619.6221,6150981,2025-07-09,2025-07-09 11:00:00,619.6221,2025-07-09 10:30:00,False,2025-07-09 16:00:00,2025-07-09 10:00:00,622.514,11:00,6150981.0,14947198.0,0.004645518012446281,0.001637643266211313,14.0,618.6248,623.5334558602223,617.6117132619687,True,619.6221,621.1245885452845,623.5334558602223,617.6117132619687
2025-07-09 11:00:00,620.4099,3791184,2025-07-09,2025-07-09 11:30:00,620.4099,2025-07-09 11:00:00,False,2025-07-09 16:00:00,2025-07-09 10:00:00,622.514,11:30,3791184.0,18738382.0,0.0033800043051240847,0.001609904454009722,14.0,618.6248,623.5161880612834,617.6288731791192,True,620.4099,620.9799914409099,623.5161880612834,617.6288731791192
2025-07-09 11:30:00,620.2104,2934503,2025-07-09,2025-07-09 12:00:00,620.2104,2025-07-09 11:30:00,False,2025-07-09 16:00:00,2025-07-09 10:00:00,622.514,12:00,2934503.0,21672885.0,0.003700479025371295,0.001923854496786337,14.0,618.6248,623.7116263582125,617.4346558966965,True,620.2104,620.8757889596932,623.7116263582125,617.4346558966965
2025-07-09 12:00:00,620.1008,2141828,2025-07-09,2025-07-09 12:30:00,620.1008,2025-07-09 12:00:00,False,2025-07-09 16:00:00,2025-07-09 10:00:00,622.514,12:30,2141828.0,23814713.0,0.0038765393228104017,0.002399286600653535,14.0,618.6248,624.0075894989192,617.1405418065281,True,620.1008,620.806088642349,624.0075894989192,617.1405418065281
2025-07-09 12:30:00,620.3002,1538188,2025-07-09,2025-07-09 13:00:00,620.3002,2025-07-09 12:30:00,False,2025-07-09 16:00:00,2025-07-09 10:00:00,622.514,13:00,1538188.0,25352901.0,0.0035562252415206608,0.0025258251450149182,14.0,618.6248,624.0863615143238,617.0622619248303,True,620.3002,620.7753958297593,624.0863615143238,617.0622619248303
2025-07-09 13:00:00,620.5994,2189369,2025-07-09,2025-07-09 13:30:00,620.5994,2025-07-09 13:00:00,False,2025-07-09 16:00:00,2025-07-09 10:00:00,622.514,13:30,2189369.0,27542270.0,0.003075593480628691,0.002650954653676835,13.0,618.6248,624.164256385279,616.9848537075602,True,620.5994,620.761405704261,624.164256385279,616.9848537075602
2025-07-09 13:30:00,620.709,2398111,2025-07-09,2025-07-09 14:00:00,620.709,2025-07-09 13:30:00,False,2025-07-09 16:00:00,2025-07-09 10:00:00,622.514,14:00,2398111.0,29940381.0,0.0028995331831895843,0.003089547765965953,13.0,618.6248,624.4372867379826,616.7135291311889,True,620.709,620.7572082060445,624.4372867379826,616.7135291311889
2025-07-09 14:00:00,621.1478,3013570,2025-07-09,2025-07-09 14:30:00,621.1478,2025-07-09 14:00:00,False,2025-07-09 16:00:00,2025-07-09 10:00:00,622.514,14:30,3013570.0,32953951.0,0.002194649437603058,0.0033270888747903423,13.0,618.6248,624.5851594038012,616.5665803102506,True,621.1478,620.7929270099145,624.5851594038012,616.5665803102506
2025-07-09 14:30:00,621.6863,2375741,2025-07-09,2025-07-09 15:00:00,621.6863,2025-07-09 14:30:00,False,2025-07-09 16:00:00,2025-07-09 10:00:00,622.514,15:00,2375741.0,35329692.0,0.001329608651371772,0.0036147353684434867,13.0,618.6248,624.7642233731513,616.3886350556438,True,621.6863,620.8530017719826,624.7642233731513,616.3886350556438
2025-07-09 15:00:00,621.8658,3720645,2025-07-09,2025-07-09 15:30:00,621.8658,2025-07-09 15:00:00,False,2025-07-09 16:00:00,2025-07-09 10:00:00,622.514,15:30,3720645.0,39050337.0,0.001041261722627862,0.0037902302547006936,13.0,618.6248,624.8734713967747,616.2800695667319,True,621.8658,620.9494993428763,624.8734713967747,616.2800695667319
2025-07-09 15:30:00,622.3345,8608344,2025-07-09,2025-07-09 16:00:00,622.3345,2025-07-09 16:00:00,True,2025-07-09 16:00:00,2025-07-09 10:00:00,622.514,16:00,8608344.0,47658681.0,0.00028834692874368795,0.00341913762761791,13.0,618.6248,624.6424610411188,616.5096366689424,True,622.3345,621.1996649338365,624.6424610411188,616.5096366689424
2025-07-10 09:30:00,621.6365,4618062,2025-07-10,2025-07-10 10:00:00,621.6365,2025-07-10 09:30:00,False,2025-07-10 16:00:00,2025-07-10 10:00:00,621.6365,10:00,4618062.0,4618062.0,0.0,0.0,14.0,622.3345,622.3345,621.6365,True,621.6365,621.6365,622.3345,621.6365
2025-07-10 10:00:00,622.0254,4180099,2025-07-10,2025-07-10 10:30:00,622.0254,2025-07-10 10:00:00,False,2025-07-10 16:00:00,2025-07-10 10:00:00,621.6365,10:30,4180099.0,8798161.0,0.0006256067653684916,0.0012386931212465177,14.0,622.3345,623.1053814642644,620.8664831435342,True,622.0254,621.8212704879577,623.1053814642644,620.8664831435342
2025-07-10 10:30:00,623.1373,3239324,2025-07-10,2025-07-10 11:00:00,623.1373,2025-07-10 10:30:00,False,2025-07-10 16:00:00,2025-07-10 10:00:00,621.6365,11:00,3239324.0,12037485.0,0.002414272649691629,0.001907667212140204,14.0,622.3345,623.5217071206338,620.4506244310803,True,623.1373,622.1754180514286,623.5217071206338,620.4506244310803
2025-07-10 11:00:00,623.7806,2766155,2025-07-10,2025-07-10 11:30:00,623.7806,2025-07-10 11:00:00,False,2025-07-10 16:00:00,2025-07-10 10:00:00,621.6365,11:30,2766155.0,14803640.0,0.003449121793845933,0.0017859724682979885,14.0,622.3345,623.445972283072,620.5262743257108,True,623.7806,622.4753565849886,623.445972283072,620.5262743257108
2025-07-10 11:30:00,623.96,1691523,2025-07-10,2025-07-10 12:00:00,623.96,2025-07-10 11:30:00,False,2025-07-10 16:00:00,2025-07-10 10:00:00,621.6365,12:00,1691523.0,16495163.0,0.003737714886433041,0.0021560916618593956,14.0,622.3345,623.6763102263376,620.2961947256425,True,623.96,622.6276017300223,623.6763102263376,620.2961947256425
2025-07-10 12:00:00,623.8404,2255563,2025-07-10,2025-07-10 12:30:00,623.8404,2025-07-10 12:00:00,False,2025-07-10 16:00:00,2025-07-10 10:00:00,621.6365,12:30,2255563.0,18750726.0,0.003545319491374821,0.002658347882871321,14.0,622.3345,623.9888816005127,619.9839739263094,True,623.8404,622.7734917027212,623.9888816005127,619.9839739263094
2025-07-10 12:30:00,623.8005,1561545,2025-07-10,2025-07-10 13:00:00,623.8005,2025-07-10 12:30:00,False,2025-07-10 16:00:00,2025-07-10 10:00:00,621.6365,13:00,1561545.0,20312271.0,0.0034811340711173866,0.002632468501387058,14.0,622.3345,623.9727759685765,620.0000614944374,True,623.8005,622.85244494589,623.9727759685765,620.0000614944374
2025-07-10 13:00:00,624.3589,1888962,2025-07-10,2025-07-10 13:30:00,624.3589,2025-07-10 13:00:00,False,2025-07-10 16:00:00,2025-07-10 10:00:00,621.6365,13:30,1888962.0,22201233.0,0.004379408223294412,0.0026085202208127045,13.0,622.3345,623.9578721273593,620.0149486197547,True,624.3589,622.9806196446522,623.9578721273593,620.0149486197547
2025-07-10 13:30:00,624.8528,2640153,2025-07-10,2025-07-10 14:00:00,624.8528,2025-07-10 13:30:00,False,2025-07-10 16:00:00,2025-07-10 10:00:00,621.6365,14:00,2640153.0,24841386.0,0.005173923989341134,0.00292093298835588,13.0,622.3345,624.152297370842,619.8207414403839,True,624.8528,623.1795957638475,624.152297370842,619.8207414403839
2025-07-10 14:00:00,624.8775,2183255,2025-07-10,2025-07-10 14:30:00,624.8775,2025-07-10 14:00:00,False,2025-07-10 16:00:00,2025-07-10 10:00:00,621.6365,14:30,2183255.0,27024641.0,0.005213657820929196,0.0030325763643290074,13.0,622.3345,624.2217768954066,619.7513398428957,True,624.8775,623.3167653163719,624.2217768954066,619.7513398428957
2025-07-10 14:30:00,624.5185,2431375,2025-07-10,2025-07-10 15:00:00,624.5185,2025-07-10 14:30:00,False,2025-07-10 16:00:00,2025-07-10 10:00:00,621.6365,15:00,2431375.0,29456016.0,0.00463614990432526,0.0033535229129586933,13.0,622.3345,624.4215130052747,619.5518277537185,True,624.5185,623.4159595749031,624.4215130052747,619.5518277537185
2025-07-10 15:00:00,624.4885,2682709,2025-07-10,2025-07-10 15:30:00,624.4885,2025-07-10 15:00:00,False,2025-07-10 16:00:00,2025-07-10 10:00:00,621.6365,15:30,2682709.0,32138725.0,0.004587890189845734,0.0035221945500318276,13.0,622.3345,624.5264831841969,619.4469753075991,True,624.4885,623.5054875151457,624.5264831841969,619.4469753075991
2025-07-10 15:30:00,624.0897,8935504,2025-07-10,2025-07-10 16:00:00,624.0897,2025-07-10 16:00:00,True,2025-07-10 16:00:00,2025-07-10 10:00:00,621.6365,16:00,8935504.0,41074229.0,0.003946357718699112,0.0029984800047945406,13.0,622.3345,624.2005575545439,619.7725353844995,True,624.0897,623.6325801745178,624.2005575545439,619.7725353844995
2025-07-11 09:30:00,621.467,5392624,2025-07-11,2025-07-11 10:00:00,621.467,2025-07-11 09:30:00,False,2025-07-11 16:00:00,2025-07-11 10:00:00,621.467,10:00,5392624.0,5392624.0,0.0,0.0,14.0,624.0896,624.0896,621.467,True,621.467,621.467,624.0896,621.467
2025-07-11 10:00:00,622.2947,2866941,2025-07-11,2025-07-11 10:30:00,622.2947,2025-07-11 10:00:00,False,2025-07-11 16:00:00,2025-07-11 10:00:00,621.467,10:30,2866941.0,8259565.0,0.001331848674185565,0.0010969307968368622,14.0,624.0896,624.7741831022256,620.7852937084822,True,622.2947,621.7542992785577,624.7741831022256,620.7852937084822
2025-07-11 10:30:00,622.1251,2625178,2025-07-11,2025-07-11 11:00:00,622.1251,2025-07-11 10:30:00,False,2025-07-11 16:00:00,2025-07-11 10:00:00,621.467,11:00,2625178.0,10884743.0,0.001058946010005446,0.0018808020163974537,14.0,624.0896,625.2633889780926,620.2981436132756,True,622.1251,621.8437288495006,625.2633889780926,620.2981436132756
2025-07-11 11:00:00,621.6265,3206846,2025-07-11,2025-07-11 11:30:00,621.6265,2025-07-11 11:00:00,False,2025-07-11 16:00:00,2025-07-11 10:00:00,621.467,11:30,3206846.0,14091589.0,0.0002566507956174302,0.001917646872168872,14.0,624.0896,625.2863834693932,620.2752457512938,True,621.6265,621.7942937242564,625.2863834693932,620.2752457512938
2025-07-11 11:30:00,622.0453,3122467,2025-07-11,2025-07-11 12:00:00,622.0453,2025-07-11 11:30:00,False,2025-07-11 16:00:00,2025-07-11 10:00:00,621.467,12:00,3122467.0,17214056.0,0.0009305401574017935,0.002359742823010269,14.0,624.0896,625.5622909545153,620.0004977070123,True,622.0453,621.8398238894192,625.5622909545153,620.0004977070123
2025-07-11 12:00:00,622.2097,2302642,2025-07-11,2025-07-11 12:30:00,622.2097,2025-07-11 12:00:00,False,2025-07-11 16:00:00,2025-07-11 10:00:00,621.467,12:30,2302642.0,19516698.0,0.0011950755229159782,0.0028785539510125524,14.0,624.0896,625.8860755838658,619.678073711726,True,622.2097,621.8834630473864,625.8860755838658,619.678073711726
2025-07-11 12:30:00,622.6237,1863216,2025-07-11,2025-07-11 13:00:00,622.6237,2025-07-11 12:30:00,False,2025-07-11 16:00:00,2025-07-11 10:00:00,621.467,13:00,1863216.0,21379914.0,0.0018612412243932397,0.002853461187105285,14.0,624.0896,625.8704154508762,619.6936680364332,True,622.6237,621.9479731915292,625.8704154508762,619.6936680364332
2025-07-11 13:00:00,622.7035,2011768,2025-07-11,2025-07-11 13:30:00,622.7035,2025-07-11 13:00:00,False,2025-07-11 16:00:00,2025-07-11 10:00:00,621.467,13:30,2011768.0,23391682.0,0.001989647076996892,0.0029000904250133966,13.0,624.0896,625.8995162733105,619.6646895038382,True,622.7035,622.0129511891107,625.8995162733105,619.6646895038382
2025-07-11 13:30:00,622.7335,2430320,2025-07-11,2025-07-11 14:00:00,622.7335,2025-07-11 13:30:00,False,2025-07-11 16:00:00,2025-07-11 10:00:00,621.467,14:00,2430320.0,25822002.0,0.002037919953915557,0.0032634711498109167,13.0,624.0896,626.1262984044971,619.4388603749404,True,622.7335,622.0807679364752,626.1262984044971,619.4388603749404
2025-07-11 14:00:00,622.534,2332914,2025-07-11,2025-07-11 14:30:00,622.534,2025-07-11 14:00:00,False,2025-07-11 16:00:00,2025-07-11 10:00:00,621.467,14:30,2332914.0,28154916.0,0.0017169053224064257,0.003412826127191276,13.0,624.0896,626.2195092925883,619.3460411852128,True,622.534,622.118322707594,626.2195092925883,619.3460411852128
2025-07-11 14:30:00,622.6038,2706579,2025-07-11,2025-07-11 15:00:00,622.6038,2025-07-11 14:30:00,False,2025-07-11 16:00:00,2025-07-11 10:00:00,621.467,15:00,2706579.0,30861495.0,0.001829220216037264,0.0034305328430029015,13.0,624.0896,626.2305598697766,619.3350370456575,True,622.6038,622.1608994733858,626.2305598697766,619.3350370456575
2025-07-11 15:00:00,622.6736,5219034,2025-07-11,2025-07-11 15:30:00,622.6736,2025-07-11 15:00:00,False,2025-07-11 16:00:00,2025-07-11 10:00:00,621.467,15:30,5219034.0,36080529.0,0.0019415351096678801,0.00357496250247298,13.0,624.0896,626.3206969181834,619.2452787784756,True,622.6736,622.235061398235,626.3206969181834,619.2452787784756
2025-07-11 15:30:00,621.8958,8509565,2025-07-11,2025-07-11 16:00:00,621.8958,2025-07-11 16:00:00,True,2025-07-11 16:00:00,2025-07-11 10:00:00,621.467,16:00,8509565.0,44590094.0,0.0006899803207571775,0.00307891792952574,13.0,624.0896,626.0111206590705,619.5535541110914,True,621.8958,622.170316817964,626.0111206590705,619.5535541110914
2025-07-14 09:30:00,620.9883,5452518,2025-07-14,2025-07-14 10:00:00,620.9883,2025-07-14 09:30:00,False,2025-07-14 16:00:00,2025-07-14 10:00:00,620.9883,10:00,5452518.0,5452518.0,0.0,0.0,14.0,621.8957,621.8957,620.9883,True,620.9883,620.9883,621.8957,620.9883
2025-07-14 10:00:00,620.9484,3496158,2025-07-14,2025-07-14 10:30:00,620.9484,2025-07-14 10:00:00,False,2025-07-14 16:00:00,2025-07-14 10:00:00,620.9883,10:30,3496158.0,8948676.0,6.425241828222905e-05,0.0010593152656005308,14.0,621.8957,622.5544836086214,620.3304776140507,True,620.9484,620.9727114700097,622.5544836086214,620.3304776140507
2025-07-14 10:30:00,621.7063,2994127,2025-07-14,2025-07-14 11:00:00,621.7063,2025-07-14 10:30:00,False,2025-07-14 16:00:00,2025-07-14 10:00:00,620.9883,11:00,2994127.0,11942803.0,0.0011562214618214828,0.0015964551023390703,14.0,621.8957,622.8885285633878,619.9969200599721,True,621.7063,621.1566261862229,622.8885285633878,619.9969200599721
2025-07-14 11:00:00,622.4243,2901142,2025-07-14,2025-07-14 11:30:00,622.4243,2025-07-14 11:00:00,False,2025-07-14 16:00:00,2025-07-14 10:00:00,620.9883,11:30,2901142.0,14843945.0,0.0023124429236429656,0.001680629766550574,14.0,621.8957,622.9408764251099,619.9446485783403,True,622.4243,621.4043838910277,622.9408764251099,619.9446485783403
2025-07-14 11:30:00,622.2149,2406534,2025-07-14,2025-07-14 12:00:00,622.2149,2025-07-14 11:30:00,False,2025-07-14 16:00:00,2025-07-14 10:00:00,620.9883,12:00,2406534.0,17250479.0,0.001975238502883059,0.002115262354155545,14.0,621.8957,623.2111725624213,619.6747468266389,True,622.2149,621.5174552192957,623.2111725624213,619.6747468266389
2025-07-14 12:00:00,622.155,1467462,2025-07-14,2025-07-14 12:30:00,622.155,2025-07-14 12:00:00,False,2025-07-14 16:00:00,2025-07-14 10:00:00,620.9883,12:30,1467462.0,18717941.0,0.0018787793586449997,0.0026906380448172523,14.0,621.8957,623.5689962303284,619.3174452546335,True,622.155,621.5674378930835,623.5689962303284,619.3174452546335
2025-07-14 12:30:00,622.5639,1861417,2025-07-14,2025-07-14 13:00:00,622.5639,2025-07-14 12:30:00,False,2025-07-14 16:00:00,2025-07-14 10:00:00,620.9883,13:00,1861417.0,20579358.0,0.0025372458708159407,0.002750809717444228,14.0,621.8957,623.6064167347968,619.2800793499408,True,622.5639,621.6575685718767,623.6064167347968,619.2800793499408
2025-07-14 13:00:00,623.0027,2053266,2025-07-14,2025-07-14 13:30:00,623.0027,2025-07-14 13:00:00,False,2025-07-14 16:00:00,2025-07-14 10:00:00,620.9883,13:30,2053266.0,22632624.0,0.003243861438291251,0.0025521188038682974,13.0,621.8957,623.4828517100148,619.4034640825878,True,623.0027,621.7796009366126,623.4828517100148,619.4034640825878
2025-07-14 13:30:00,622.9429,1749082,2025-07-14,2025-07-14 14:00:00,622.9429,2025-07-14 13:30:00,False,2025-07-14 16:00:00,2025-07-14 10:00:00,620.9883,14:00,1749082.0,24381706.0,0.003147563327682734,0.00300035935933033,13.0,621.8957,623.7616105840224,619.1251119420604,True,622.9429,621.8630530729146,623.7616105840224,619.1251119420604
2025-07-14 14:00:00,623.2021,1540979,2025-07-14,2025-07-14 14:30:00,623.2021,2025-07-14 14:00:00,False,2025-07-14 16:00:00,2025-07-14 10:00:00,620.9883,14:30,1540979.0,25922685.0,0.0035649624960727433,0.0032460884819185323,13.0,621.8957,623.9144284687247,618.9725170319638,True,623.2021,621.9426529752647,623.9144284687247,618.9725170319638
2025-07-14 14:30:00,623.2321,1596964,2025-07-14,2025-07-14 15:00:00,623.2321,2025-07-14 14:30:00,False,2025-07-14 16:00:00,2025-07-14 10:00:00,620.9883,15:00,1596964.0,27519649.0,0.003613272585006877,0.0030869717767869963,13.0,621.8957,623.8154744740052,619.0713266441851,True,623.2321,622.0174795284089,623.8154744740052,619.0713266441851
2025-07-14 15:00:00,622.9628,2670536,2025-07-14,2025-07-14 15:30:00,622.9628,2025-07-14 15:00:00,False,2025-07-14 16:00:00,2025-07-14 10:00:00,620.9883,15:30,2670536.0,30190185.0,0.003179609020008911,0.0032361793829151797,13.0,621.8957,623.9082660426636,618.9786704665084,True,622.9628,622.1010998292094,623.9082660426636,618.9786704665084
2025-07-14 15:30:00,623.0825,7010944,2025-07-14,2025-07-14 16:00:00,623.0426,2025-07-14 16:00:00,True,2025-07-14 16:00:00,2025-07-14 10:00:00,620.9883,16:00,7010944.0,37201129.0,0.0033723662748557093,0.0027494693856382735,13.0,621.8957,623.6055831882101,619.2809116803104,True,623.0426,622.2785354380427,623.6055831882101,619.2809116803104
2025-07-15 09:30:00,623.97,5909934,2025-07-15,2025-07-15 10:00:00,623.97,2025-07-15 09:30:00,False,2025-07-15 16:00:00,2025-07-15 10:00:00,623.97,10:00,5909934.0,5909934.0,0.0,0.0,14.0,623.0824,623.97,623.0824,True,623.97,623.97,623.97,623.0824
2025-07-15 10:00:00,623.6709,3640929,2025-07-15,2025-07-15 10:30:00,623.6709,2025-07-15 10:00:00,False,2025-07-15 16:00:00,2025-07-15 10:00:00,623.97,10:30,3640929.0,9550863.0,0.00047934996874865465,0.0009624691910055978,14.0,623.0824,624.5705519011117,622.4827023865422,True,623.6709,623.8559786949199,624.5705519011117,622.4827023865422
2025-07-15 10:30:00,622.2647,5031483,2025-07-15,2025-07-15 11:00:00,622.2647,2025-07-15 10:30:00,False,2025-07-15 16:00:00,2025-07-15 10:00:00,623.97,11:00,5031483.0,14582346.0,0.002732983957562163,0.0016443182936310419,14.0,623.0824,624.9960052856769,622.0578542112405,True,622.2647,623.3069249485782,624.9960052856769,622.0578542112405
2025-07-15 11:00:00,623.3916,3984586,2025-07-15,2025-07-15 11:30:00,623.3916,2025-07-15 11:00:00,False,2025-07-15 16:00:00,2025-07-15 10:00:00,623.97,11:30,3984586.0,18566932.0,0.0009269676426750806,0.0018075033752909847,14.0,623.0824,625.0978278810803,621.9561764589156,True,623.3916,623.3250967727894,625.0978278810803,621.9561764589156
2025-07-15 11:30:00,623.1323,2743339,2025-07-15,2025-07-15 12:00:00,623.1323,2025-07-15 11:30:00,False,2025-07-15 16:00:00,2025-07-15 10:00:00,623.97,12:00,2743339.0,21310271.0,0.001342532493549431,0.002148625826448996,14.0,623.0824,625.3106780569294,621.7436290633542,True,623.1323,623.3002774307047,625.3106780569294,621.7436290633542
2025-07-15 12:00:00,622.534,2765867,2025-07-15,2025-07-15 12:30:00,622.534,2025-07-15 12:00:00,False,2025-07-15 16:00:00,2025-07-15 10:00:00,623.97,12:30,2765867.0,24076138.0,0.002301392695161719,0.002524406870744416,14.0,623.0824,625.5451541551384,621.5094865084001,True,622.534,623.2122474709814,625.5451541551384,621.5094865084001
2025-07-15 12:30:00,621.447,3308130,2025-07-15,2025-07-15 13:00:00,621.447,2025-07-15 12:30:00,False,2025-07-15 16:00:00,2025-07-15 10:00:00,623.97,13:00,3308130.0,27384268.0,0.004043463628059074,0.0025526095371291024,14.0,623.0824,625.5627517728825,621.4919139233427,True,621.447,622.9989984582206,625.5627517728825,621.4919139233427
2025-07-15 13:00:00,622.1251,3266457,2025-07-15,2025-07-15 13:30:00,622.1251,2025-07-15 13:00:00,False,2025-07-15 16:00:00,2025-07-15 10:00:00,623.97,13:30,3266457.0,30650725.0,0.0029567126624677753,0.0026559826589317268,13.0,623.0824,625.6272534996936,621.4275039505144,True,622.1251,622.9058668361744,625.6272534996936,621.4275039505144
2025-07-15 13:30:00,622.873,2416017,2025-07-15,2025-07-15 14:00:00,622.873,2025-07-15 13:30:00,False,2025-07-15 16:00:00,2025-07-15 10:00:00,623.97,14:00,2416017.0,33066742.0,0.0017580973444235592,0.0030065787324549545,13.0,623.0824,625.8460149316899,621.2090537075931,True,622.873,622.9034654252663,625.8460149316899,621.2090537075931
2025-07-15 14:00:00,622.883,2372297,2025-07-15,2025-07-15 14:30:00,622.883,2025-07-15 14:00:00,False,2025-07-15 16:00:00,2025-07-15 10:00:00,623.97,14:30,2372297.0,35439039.0,0.001742070932897355,0.0033050455003140146,13.0,623.0824,626.032249240831,621.0230843175552,True,622.883,622.9020954652353,626.032249240831,621.0230843175552
2025-07-15 14:30:00,621.3074,3910683,2025-07-15,2025-07-15 15:00:00,621.3074,2025-07-15 14:30:00,False,2025-07-15 16:00:00,2025-07-15 10:00:00,623.97,15:00,3910683.0,39349722.0,0.004267192332964687,0.0031444745255606588,13.0,623.0824,625.9320577697141,621.1231332658748,True,621.3074,622.7436102681589,625.9320577697141,621.1231332658748
2025-07-15 15:00:00,621.6166,4228741,2025-07-15,2025-07-15 15:30:00,621.6166,2025-07-15 15:00:00,False,2025-07-15 16:00:00,2025-07-15 10:00:00,623.97,15:30,4228741.0,43578463.0,0.0037716556885748487,0.0031623695937145714,13.0,623.0824,625.9432237553901,621.1119831638613,True,621.6166,622.6342481153821,625.9432237553901,621.1119831638613
2025-07-15 15:30:00,620.4199,9367385,2025-07-15,2025-07-15 16:00:00,620.4199,2025-07-15 16:00:00,True,2025-07-15 16:00:00,2025-07-15 10:00:00,623.97,16:00,9367385.0,52945848.0,0.005689536355914626,0.0025705977247883526,13.0,623.0824,625.5739758623362,621.4807058002043,True,620.4199,622.2424770492013,625.5739758623362,621.4807058002043
2025-07-16 09:30:00,620.3301,5109190,2025-07-16,2025-07-16 10:00:00,620.3301,2025-07-16 09:30:00,False,2025-07-16 16:00:00,2025-07-16 10:00:00,620.3301,10:00,5109190.0,5109190.0,0.0,0.0,14.0,620.4198,620.4198,620.3301,True,620.3301,620.3301,620.4198,620.3301
2025-07-16 10:00:00,620.7698,3180866,2025-07-16,2025-07-16 10:30:00,620.7698,2025-07-16 10:00:00,False,2025-07-16 16:00:00,2025-07-16 10:00:00,620.3301,10:30,3180866.0,8290056.0,0.0007088161609440924,0.0009085807414159446,14.0,620.4198,620.9835014818732,619.7664800178194,True,620.7698,620.4988113790547,620.9835014818732,619.7664800178194
2025-07-16 10:30:00,620.5096,6447225,2025-07-16,2025-07-16 11:00:00,620.5096,2025-07-16 10:30:00,False,2025-07-16 16:00:00,2025-07-16 10:00:00,620.3301,11:00,6447225.0,14737281.0,0.00028936206706720036,0.0017070433071566526,14.0,620.4198,621.4788834672174,619.2711696545672,True,620.5096,620.5035311551567,621.4788834672174,619.2711696545672
2025-07-16 11:00:00,619.6918,12867068,2025-07-16,2025-07-16 11:30:00,619.6918,2025-07-16 11:00:00,False,2025-07-16 16:00:00,2025-07-16 10:00:00,620.3301,11:30,12867068.0,27604349.0,0.0010289682864011995,0.0016489718388333669,14.0,620.4198,621.4428547784546,619.3071931343193,True,619.6918,620.1251632403357,621.4428547784546,619.3071931343193
2025-07-16 11:30:00,620.2204,14748487,2025-07-16,2025-07-16 12:00:00,620.2204,2025-07-16 11:30:00,False,2025-07-16 16:00:00,2025-07-16 10:00:00,620.3301,12:00,14748487.0,42352836.0,0.00017684133012407788,0.002019196301307559,14.0,620.4198,621.672549365418,619.0775317564903,True,620.2204,620.1583274447785,621.672549365418,619.0775317564903
2025-07-16 12:00:00,619.9312,4276971,2025-07-16,2025-07-16 12:30:00,619.9312,2025-07-16 12:00:00,False,2025-07-16 16:00:00,2025-07-16 10:00:00,620.3301,12:30,4276971.0,46629807.0,0.0006430447273153561,0.0023788860861769074,14.0,620.4198,621.8957080298086,618.8544053562733,True,619.9312,620.1374949010233,621.8957080298086,618.8544053562733
2025-07-16 12:30:00,621.3772,2912321,2025-07-16,2025-07-16 13:00:00,621.3772,2025-07-16 12:30:00,False,2025-07-16 16:00:00,2025-07-16 10:00:00,620.3301,13:00,2912321.0,49542128.0,0.001687972258640924,0.0025149643401050875,14.0,620.4198,621.9801336728951,618.7699919194062,True,621.3772,620.2103706401025,621.9801336728951,618.7699919194062
2025-07-16 13:00:00,621.3573,2474448,2025-07-16,2025-07-16 13:30:00,621.3573,2025-07-16 13:00:00,False,2025-07-16 16:00:00,2025-07-16 10:00:00,620.3301,13:30,2474448.0,52016576.0,0.0016558925642975453,0.0025687862885810206,13.0,620.4198,622.0135258754042,618.7366045447259,True,621.3573,620.2649304992663,622.0135258754042,618.7366045447259
2025-07-16 13:30:00,621.3871,1521460,2025-07-16,2025-07-16 14:00:00,621.3871,2025-07-16 13:30:00,False,2025-07-16 16:00:00,2025-07-16 10:00:00,620.3301,14:00,1521460.0,53538036.0,0.0017039315035656255,0.0027214552758018265,13.0,620.4198,622.108244737922,618.6418993766164,True,621.3871,620.2968206494501,622.108244737922,618.6418993766164
2025-07-16 14:00:00,621.6564,2001191,2025-07-16,2025-07-16 14:30:00,621.6564,2025-07-16 14:00:00,False,2025-07-16 16:00:00,2025-07-16 10:00:00,620.3301,14:30,2001191.0,55539227.0,0.002138055206413414,0.0030403402532907906,13.0,620.4198,622.3060872918786,618.4440854266421,True,621.6564,620.345809051109,622.3060872918786,618.4440854266421
2025-07-16 14:30:00,622.6038,2377166,2025-07-16,2025-07-16 15:00:00,622.6038,2025-07-16 14:30:00,False,2025-07-16 16:00:00,2025-07-16 10:00:00,620.3301,15:00,2377166.0,57916393.0,0.0036653065843490484,0.003035152528422953,13.0,620.4198,622.3028687246536,618.4473035285282,True,622.6038,620.4384878080892,622.3028687246536,618.4473035285282
2025-07-16 15:00:00,622.4044,2505362,2025-07-16,2025-07-16 15:30:00,622.4044,2025-07-16 15:00:00,False,2025-07-16 16:00:00,2025-07-16 10:00:00,620.3301,15:30,2505362.0,60421755.0,0.0033438648229386914,0.0029939170555223302,13.0,620.4198,622.2772854208039,618.4728831335561,True,622.4044,620.5200035088653,622.2772854208039,618.4728831335561
2025-07-16 15:30:00,622.4941,7238262,2025-07-16,2025-07-16 16:00:00,622.4742,2025-07-16 16:00:00,True,2025-07-16 16:00:00,2025-07-16 10:00:00,620.3301,16:00,7238262.0,67660017.0,0.0034884652542250816,0.002638833202271651,13.0,620.4198,622.0569843675868,618.6931523357515,True,622.4742,620.7290632583229,622.0569843675868,618.6931523357515
2025-07-17 09:30:00,624.1395,4956137,2025-07-17,2025-07-17 10:00:00,624.1395,2025-07-17 09:30:00,False,2025-07-17 16:00:00,2025-07-17 10:00:00,624.1395,10:00,4956137.0,4956137.0,0.0,0.0,14.0,622.494,624.1395,622.494,True,624.1395,624.1395,624.1395,622.494
2025-07-17 10:00:00,623.7394,3320526,2025-07-17,2025-07-17 10:30:00,623.7394,2025-07-17 10:00:00,False,2025-07-17 16:00:00,2025-07-17 10:00:00,624.1395,10:30,3320526.0,8276663.0,0.0006410425874342485,0.000905189309841419,14.0,622.494,624.7044644032499,621.9305250857597,True,623.7394,623.9789833216479,624.7044644032499,621.9305250857597
2025-07-17 10:30:00,624.0997,2701052,2025-07-17,2025-07-17 11:00:00,624.0997,2025-07-17 10:30:00,False,2025-07-17 16:00:00,2025-07-17 10:00:00,624.1395,11:00,2701052.0,10977715.0,6.376779550087974e-05,0.0016736908688766347,14.0,622.494,625.1841165820553,621.4521374762695,True,624.0997,624.0086854978745,625.1841165820553,621.4521374762695
2025-07-17 11:00:00,624.9273,3330502,2025-07-17,2025-07-17 11:30:00,624.9273,2025-07-17 11:00:00,False,2025-07-17 16:00:00,2025-07-17 10:00:00,624.1395,11:30,3330502.0,14308217.0,0.0012622178214964919,0.0016026738001671617,14.0,622.494,625.1397920242994,621.4963451754387,True,624.9273,624.2225100042094,625.1397920242994,621.4963451754387
2025-07-17 11:30:00,625.4808,2642942,2025-07-17,2025-07-17 12:00:00,625.4808,2025-07-17 11:30:00,False,2025-07-17 16:00:00,2025-07-17 10:00:00,624.1395,12:00,2642942.0,16951159.0,0.0021490387966152102,0.0018791506319586085,14.0,622.494,625.3123521358553,621.3242400065095,True,625.4808,624.4186964406681,625.3123521358553,621.3242400065095
2025-07-17 12:00:00,625.1069,2612682,2025-07-17,2025-07-17 12:30:00,625.1069,2025-07-17 12:00:00,False,2025-07-17 16:00:00,2025-07-17 10:00:00,624.1395,12:30,2612682.0,19563841.0,0.001549974004209087,0.0022791950901050067,14.0,622.494,625.5620356839406,621.0752147315802,True,625.1069,624.5106035999935,625.5620356839406,621.0752147315802
2025-07-17 12:30:00,625.0868,1705708,2025-07-17,2025-07-17 13:00:00,625.0868,2025-07-17 12:30:00,False,2025-07-17 16:00:00,2025-07-17 10:00:00,624.1395,13:00,1705708.0,21269549.0,0.0015177696652752815,0.002464060481917171,14.0,622.494,625.6774174771537,620.9601371343695,True,625.0868,624.5568115759625,625.6774174771537,620.9601371343695
2025-07-17 13:00:00,625.2864,2153807,2025-07-17,2025-07-17 13:30:00,625.2864,2025-07-17 13:00:00,False,2025-07-17 16:00:00,2025-07-17 10:00:00,624.1395,13:30,2153807.0,23423356.0,0.0018375699663295553,0.002548190816296092,13.0,622.494,625.7299265419877,620.9077665060006,True,625.2864,624.6238981477932,625.7299265419877,620.9077665060006
2025-07-17 13:30:00,625.696,1574085,2025-07-17,2025-07-17 14:00:00,625.696,2025-07-17 13:30:00,False,2025-07-17 16:00:00,2025-07-17 10:00:00,624.1395,14:00,1574085.0,24997441.0,0.002493833509976673,0.002605894541344266,13.0,622.494,625.7659417160874,620.8718462833805,True,625.696,624.691408235887,625.7659417160874,620.8718462833805
2025-07-17 14:00:00,626.1041,2558319,2025-07-17,2025-07-17 14:30:00,626.1041,2025-07-17 14:00:00,False,2025-07-17 16:00:00,2025-07-17 10:00:00,624.1395,14:30,2558319.0,27555760.0,0.0031476937447478814,0.0029793922030505035,13.0,622.494,625.9990563599158,620.6393462299543,True,626.1041,624.822564704853,625.9990563599158,620.6393462299543
2025-07-17 14:30:00,626.2437,2314848,2025-07-17,2025-07-17 15:00:00,626.2437,2025-07-17 14:30:00,False,2025-07-17 16:00:00,2025-07-17 10:00:00,624.1395,15:00,2314848.0,29870608.0,0.003371361690775787,0.0030919643780175942,13.0,622.494,626.0693171009137,620.5692707264703,True,626.2437,624.932696785047,626.0693171009137,620.5692707264703
2025-07-17 15:00:00,626.2337,3286603,2025-07-17,2025-07-17 15:30:00,626.2337,2025-07-17 15:00:00,False,2025-07-17 16:00:00,2025-07-17 10:00:00,624.1395,15:30,3286603.0,33157211.0,0.0033553396316048367,0.003099994868938467,13.0,622.494,626.0743292475019,620.5642717940551,True,626.2337,625.0616545875979,626.0743292475019,620.5642717940551
2025-07-17 15:30:00,626.3035,12708872,2025-07-17,2025-07-17 16:00:00,626.3035,2025-07-17 16:00:00,True,2025-07-17 16:00:00,2025-07-17 10:00:00,624.1395,16:00,12708872.0,45866083.0,0.0034671736046187895,0.0027718497479484695,13.0,622.494,625.8695209157597,620.7685401630006,True,626.3035,625.4057531754368,625.8695209157597,620.7685401630006
2025-07-18 09:30:00,627.5002,4677932,2025-07-18,2025-07-18 10:00:00,627.5002,2025-07-18 09:30:00,False,2025-07-18 16:00:00,2025-07-18 10:00:00,627.5002,10:00,4677932.0,4677932.0,0.0,0.0,14.0,626.3035,627.5002,626.3035,True,627.5002,627.5002,627.5002,626.3035
2025-07-18 10:00:00,625.6453,4161437,2025-07-18,2025-07-18 10:30:00,625.6453,2025-07-18 10:00:00,False,2025-07-18 16:00:00,2025-07-18 10:00:00,627.5002,10:30,4161437.0,8839369.0,0.002956014994098699,0.0008653863599230356,14.0,626.3035,628.043230113929,625.7615054939279,True,625.6453,626.6269420229543,628.043230113929,625.7615054939279
2025-07-18 10:30:00,625.4359,2388022,2025-07-18,2025-07-18 11:00:00,625.4359,2025-07-18 10:30:00,False,2025-07-18 16:00:00,2025-07-18 10:00:00,627.5002,11:00,2388022.0,11227391.0,0.003289720067021551,0.0015398881292511307,14.0,626.3035,628.4664801090827,625.3390626750415,True,625.4359,626.3736120593198,628.4664801090827,625.3390626750415
2025-07-18 11:00:00,625.8947,2221227,2025-07-18,2025-07-18 11:30:00,625.8947,2025-07-18 11:00:00,False,2025-07-18 16:00:00,2025-07-18 10:00:00,627.5002,11:30,2221227.0,13448618.0,0.0025585649215729145,0.0015955069215346507,14.0,626.3035,628.5013809123643,625.3042284307686,True,625.8947,626.2945130473034,628.5013809123643,625.3042284307686
2025-07-18 11:30:00,626.3633,1791878,2025-07-18,2025-07-18 12:00:00,626.3633,2025-07-18 11:30:00,False,2025-07-18 16:00:00,2025-07-18 10:00:00,627.5002,12:00,1791878.0,15240496.0,0.0018117922512215223,0.0018790468590481058,14.0,626.3035,628.679302279862,625.1266463755142,True,626.3633,626.302600568026,628.679302279862,625.1266463755142
2025-07-18 12:00:00,625.1966,2830991,2025-07-18,2025-07-18 12:30:00,625.1966,2025-07-18 12:00:00,False,2025-07-18 16:00:00,2025-07-18 10:00:00,627.5002,12:30,2830991.0,18071487.0,0.0036710745271475442,0.0021940929769226824,14.0,626.3035,628.8769937818375,624.9293318892279,True,625.1966,626.1293399141532,628.8769937818375,624.9293318892279
2025-07-18 12:30:00,624.9373,2566128,2025-07-18,2025-07-18 13:00:00,624.9373,2025-07-18 12:30:00,False,2025-07-18 16:00:00,2025-07-18 10:00:00,627.5002,13:00,2566128.0,20637615.0,0.004084301487075059,0.00238252485295602,14.0,626.3035,628.9952348217348,624.8113163457567,True,624.9373,625.9811189593178,628.9952348217348,624.8113163457567
2025-07-18 13:00:00,625.2266,2041421,2025-07-18,2025-07-18 13:30:00,625.2266,2025-07-18 13:00:00,False,2025-07-18 16:00:00,2025-07-18 10:00:00,627.5002,13:30,2041421.0,22679036.0,0.003623265777445206,0.0024357426850003185,13.0,626.3035,629.0286290219863,624.7779858312849,True,625.2266,625.9132020139746,629.0286290219863,624.7779858312849
2025-07-18 13:30:00,625.3661,1388687,2025-07-18,2025-07-18 14:00:00,625.3661,2025-07-18 13:30:00,False,2025-07-18 16:00:00,2025-07-18 10:00:00,627.5002,14:00,1388687.0,24067723.0,0.003400955091328983,0.0025363439855964768,13.0,626.3035,629.0917563582306,624.714978884617,True,625.3661,625.8816346964314,629.0917563582306,624.714978884617
2025-07-18 14:00:00,625.3661,1909018,2025-07-18,2025-07-18 14:30:00,625.3661,2025-07-18 14:00:00,False,2025-07-18 16:00:00,2025-07-18 10:00:00,627.5002,14:30,1909018.0,25976741.0,0.003400955091328983,0.002902693385648354,13.0,626.3035,629.321640680033,624.4855329731416,True,625.3661,625.8437483035574,629.321640680033,624.4855329731416
2025-07-18 14:30:00,625.4958,1566019,2025-07-18,2025-07-18 15:00:00,625.4958,2025-07-18 14:30:00,False,2025-07-18 16:00:00,2025-07-18 10:00:00,627.5002,15:00,1566019.0,27542760.0,0.003194261930115627,0.0030694803371022613,13.0,626.3035,629.4262995254277,624.3810737216917,True,625.4958,625.8239647504788,629.4262995254277,624.3810737216917
2025-07-18 15:00:00,625.6553,2270659,2025-07-18,2025-07-18 15:30:00,625.6553,2025-07-18 15:00:00,False,2025-07-18 16:00:00,2025-07-18 10:00:00,627.5002,15:30,2270659.0,29813419.0,0.0029400787441978826,0.0030582104085757214,13.0,626.3035,629.4192276430233,624.3881321173726,True,625.6553,625.811118852675,629.4192276430233,624.3881321173726
2025-07-18 15:30:00,625.8448,7487095,2025-07-18,2025-07-18 16:00:00,625.8448,2025-07-18 16:00:00,True,2025-07-18 16:00:00,2025-07-18 10:00:00,627.5002,16:00,7487095.0,37300514.0,0.0026380868085779108,0.002703950081619235,13.0,626.3035,629.1969292170061,624.6100066000565,True,625.8448,625.817879455216,629.1969292170061,624.6100066000565
2025-07-21 09:30:00,629.036,4734746,2025-07-21,2025-07-21 10:00:00,629.036,2025-07-21 09:30:00,False,2025-07-21 16:00:00,2025-07-21 10:00:00,629.036,10:00,4734746.0,4734746.0,0.0,0.0,14.0,625.8447,629.036,625.8447,True,629.036,629.036,629.036,625.8447
2025-07-21 10:00:00,629.5146,3952682,2025-07-21,2025-07-21 10:30:00,629.5146,2025-07-21 10:00:00,False,2025-07-21 16:00:00,2025-07-21 10:00:00,629.036,10:30,3952682.0,8687428.0,0.0007608467559885312,0.0010242252089478487,14.0,625.8447,629.6802745285356,625.2036940813736,True,629.5146,629.2537576153954,629.6802745285356,625.2036940813736
2025-07-21 10:30:00,629.2753,2914478,2025-07-21,2025-07-21 11:00:00,629.2753,2025-07-21 10:30:00,False,2025-07-21 16:00:00,2025-07-21 10:00:00,629.036,11:00,2914478.0,11601906.0,0.00038042337799448767,0.0017324482136157893,14.0,625.8447,630.1257722945,624.760456467484,True,629.2753,629.2591692094902,630.1257722945,624.760456467484
2025-07-21 11:00:00,629.5426,2136648,2025-07-21,2025-07-21 11:30:00,629.5426,2025-07-21 11:00:00,False,2025-07-21 16:00:00,2025-07-21 10:00:00,629.036,11:30,2136648.0,13738554.0,0.0008053593117087754,0.001673651400539671,14.0,625.8447,630.0887869823899,624.7972541413246,True,629.5426,629.3032489453694,630.0887869823899,624.7972541413246
2025-07-21 11:30:00,629.4149,2235714,2025-07-21,2025-07-21 12:00:00,629.4149,2025-07-21 11:30:00,False,2025-07-21 16:00:00,2025-07-21 10:00:00,629.036,12:00,2235714.0,15974268.0,0.0006023502629421973,0.0018399116411846645,14.0,625.8447,630.1933706591242,624.6932010508963,True,629.4149,629.3188753156013,630.1933706591242,624.6932010508963
2025-07-21 12:00:00,629.011,2334883,2025-07-21,2025-07-21 12:30:00,629.011,2025-07-21 12:00:00,False,2025-07-21 16:00:00,2025-07-21 10:00:00,629.036,12:30,2334883.0,18309151.0,3.974335332157519e-05,0.002241263756118344,14.0,625.8447,630.4458355880937,624.4420169569313,True,629.011,629.2796133727336,630.4458355880937,624.4420169569313
2025-07-21 12:30:00,629.4947,1704689,2025-07-21,2025-07-21 13:00:00,629.4947,2025-07-21 12:30:00,False,2025-07-21 16:00:00,2025-07-21 10:00:00,629.036,13:00,1704689.0,20013840.0,0.0007292110467445045,0.0025004777183472793,14.0,625.8447,630.6088905020382,624.2797892725042,True,629.4947,629.2979334855929,630.6088905020382,624.2797892725042
2025-07-21 13:00:00,629.6443,1482985,2025-07-21,2025-07-21 13:30:00,629.6443,2025-07-21 13:00:00,False,2025-07-21 16:00:00,2025-07-21 10:00:00,629.036,13:30,1482985.0,21496825.0,0.0009670352730211107,0.002596789408876865,13.0,625.8447,630.6694740226022,624.2195131114382,True,629.6443,629.3218280070104,630.6694740226022,624.2195131114382
2025-07-21 13:30:00,629.41,1388416,2025-07-21,2025-07-21 14:00:00,629.41,2025-07-21 13:30:00,False,2025-07-21 16:00:00,2025-07-21 10:00:00,629.036,14:00,1388416.0,22885241.0,0.0005945605656909603,0.0027566290657095463,13.0,625.8447,630.7700189209776,624.1194783093597,True,629.41,629.3271772801868,630.7700189209776,624.1194783093597
2025-07-21 14:00:00,629.4547,1654388,2025-07-21,2025-07-21 14:30:00,629.4547,2025-07-21 14:00:00,False,2025-07-21 16:00:00,2025-07-21 10:00:00,629.036,14:30,1654388.0,24539629.0,0.0006656216814300286,0.002906401668673645,13.0,625.8447,630.8642312800558,624.0257439195894,True,629.4547,629.3357744785139,630.8642312800558,624.0257439195894
2025-07-21 14:30:00,628.647,3082060,2025-07-21,2025-07-21 15:00:00,628.647,2025-07-21 14:30:00,False,2025-07-21 16:00:00,2025-07-21 10:00:00,629.036,15:00,3082060.0,27621689.0,0.00061840657768375,0.0028907891427232355,13.0,625.8447,630.854410439182,624.0355149362091,True,628.647,629.2589202257111,630.854410439182,624.0355149362091
2025-07-21 15:00:00,627.7097,5294070,2025-07-21,2025-07-21 15:30:00,627.7097,2025-07-21 15:00:00,False,2025-07-21 16:00:00,2025-07-21 10:00:00,629.036,15:30,5294070.0,32915759.0,0.0021084643804168968,0.0030314755996330325,13.0,625.8447,630.9429072852907,623.9474670627903,True,627.7097,629.0097483831195,630.9429072852907,623.9474670627903
2025-07-21 15:30:00,627.0316,10481527,2025-07-21,2025-07-21 16:00:00,627.0316,2025-07-21 16:00:00,True,2025-07-21 16:00:00,2025-07-21 10:00:00,629.036,16:00,10481527.0,43397286.0,0.0031864630959117513,0.0028493084709823803,13.0,625.8447,630.8283176033528,624.0614753947706,True,627.0316,628.5319762088948,630.8283176033528,624.0614753947706
2025-07-22 09:30:00,625.037,6919406,2025-07-22,2025-07-22 10:00:00,625.037,2025-07-22 09:30:00,False,2025-07-22 16:00:00,2025-07-22 10:00:00,625.037,10:00,6919406.0,6919406.0,0.0,0.0,14.0,627.0314,627.0314,625.037,True,625.037,625.037,627.0314,625.037
2025-07-22 10:00:00,625.3262,3641105,2025-07-22,2025-07-22 10:30:00,625.3262,2025-07-22 10:00:00,False,2025-07-22 16:00:00,2025-07-22 10:00:00,625.037,10:30,3641105.0,10560511.0,0.000462692608597548,0.0010391784578716035,14.0,627.0314,627.682997523289,624.3874750142273,True,625.3262,625.136711800499,627.682997523289,624.3874750142273
2025-07-22 10:30:00,626.2288,2793184,2025-07-22,2025-07-22 11:00:00,626.2288,2025-07-22 10:30:00,False,2025-07-22 16:00:00,2025-07-22 10:00:00,625.037,11:00,2793184.0,13353695.0,0.001906767119386421,0.0017207977607039484,14.0,627.0314,628.110394229011,623.9614377300429,True,626.2288,625.3651432036003,628.110394229011,623.9614377300429
2025-07-22 11:00:00,625.9147,2097955,2025-07-22,2025-07-22 11:30:00,625.9147,2025-07-22 11:00:00,False,2025-07-22 16:00:00,2025-07-22 10:00:00,625.037,11:30,2097955.0,15451650.0,0.0014042368691773444,0.00171146897135683,14.0,627.0314,628.1045447851665,623.96726856855,True,625.9147,625.439759534464,628.1045447851665,623.96726856855
2025-07-22 11:30:00,625.9545,2219589,2025-07-22,2025-07-22 12:00:00,625.9545,2025-07-22 11:30:00,False,2025-07-22 16:00:00,2025-07-22 10:00:00,625.037,12:00,2219589.0,17671239.0,0.0014679130995445266,0.0018725132162212593,14.0,627.0314,628.2055245834856,623.8666099568727,True,625.9545,625.5044133074766,628.2055245834856,623.8666099568727
2025-07-22 12:00:00,625.4459,2252752,2025-07-22,2025-07-22 12:30:00,625.4459,2025-07-22 12:00:00,False,2025-07-22 16:00:00,2025-07-22 10:00:00,625.037,12:30,2252752.0,19923991.0,0.0006542012712846823,0.0022243944727649884,14.0,627.0314,628.42616518041,623.6466711519264,True,625.4459,625.4977973653973,628.42616518041,623.6466711519264
2025-07-22 12:30:00,626.1141,1893008,2025-07-22,2025-07-22 13:00:00,626.1141,2025-07-22 12:30:00,False,2025-07-22 16:00:00,2025-07-22 10:00:00,625.037,13:00,1893008.0,21816999.0,0.0017232579831274464,0.002521282270112573,14.0,627.0314,628.6123231516239,623.4611052937356,True,626.1141,625.5512724477276,628.6123231516239,623.4611052937356
2025-07-22 13:00:00,627.3506,2219748,2025-07-22,2025-07-22 13:30:00,627.3506,2025-07-22 13:00:00,False,2025-07-22 16:00:00,2025-07-22 10:00:00,625.037,13:30,2219748.0,24036747.0,0.003701540868780384,0.0026555840308829003,13.0,627.0314,628.696534572702,623.3771617240891,True,627.3506,625.7174369347732,628.696534572702,623.3771617240891
2025-07-22 13:30:00,626.6027,1967246,2025-07-22,2025-07-22 14:00:00,626.6027,2025-07-22 13:30:00,False,2025-07-22 16:00:00,2025-07-22 10:00:00,625.037,14:00,1967246.0,26003993.0,0.0025049717056750964,0.0027324726263822353,13.0,627.0314,628.7447461363821,623.329103507024,True,626.6027,625.7844085811668,628.7447461363821,623.329103507024
2025-07-22 14:00:00,626.6526,2861036,2025-07-22,2025-07-22 14:30:00,626.6526,2025-07-22 14:00:00,False,2025-07-22 16:00:00,2025-07-22 10:00:00,625.037,14:30,2861036.0,28865029.0,0.002584806979426757,0.002913916226486026,13.0,627.0314,628.8585169709762,623.2156945435459,True,626.6526,625.8704617392693,628.8585169709762,623.2156945435459
2025-07-22 14:30:00,627.59,2903034,2025-07-22,2025-07-22 15:00:00,627.59,2025-07-22 14:30:00,False,2025-07-22 16:00:00,2025-07-22 10:00:00,625.037,15:00,2903034.0,31768063.0,0.004084558194154875,0.00287222127525823,13.0,627.0314,628.832372927335,623.2417554307765,True,627.59,626.0275968480483,628.832372927335,623.2417554307765
2025-07-22 15:00:00,627.4554,2735073,2025-07-22,2025-07-22 15:30:00,627.4554,2025-07-22 15:00:00,False,2025-07-22 16:00:00,2025-07-22 10:00:00,625.037,15:30,2735073.0,34503136.0,0.003869210942712309,0.0030058518912964463,13.0,627.0314,628.9161635195923,623.1582313514198,True,627.4554,626.1407791932768,628.9161635195923,623.1582313514198
2025-07-22 15:30:00,627.1213,8454587,2025-07-22,2025-07-22 16:00:00,627.1213,2025-07-22 16:00:00,True,2025-07-22 16:00:00,2025-07-22 10:00:00,625.037,16:00,8454587.0,42957723.0,0.003334682586790816,0.0029122266214211758,13.0,627.0314,628.8574575355469,623.2167506092268,True,627.1213,626.3337572630352,628.8574575355469,623.2167506092268
2025-07-23 09:30:00,628.2183,5301738,2025-07-23,2025-07-23 10:00:00,628.2183,2025-07-23 09:30:00,False,2025-07-23 16:00:00,2025-07-23 10:00:00,628.2183,10:00,5301738.0,5301738.0,0.0,0.0,14.0,627.1212,628.2183,627.1212,True,628.2183,628.2183,628.2183,627.1212
2025-07-23 10:00:00,628.9961,3011837,2025-07-23,2025-07-23 10:30:00,628.9961,2025-07-23 10:00:00,False,2025-07-23 16:00:00,2025-07-23 10:00:00,628.2183,10:30,3011837.0,8313575.0,0.0012381046524749806,0.0010569895016668193,14.0,627.1212,628.8823201478549,626.4583394753274,True,628.9961,628.5000809207951,628.8823201478549,626.4583394753274
2025-07-23 10:30:00,628.9861,2017491,2025-07-23,2025-07-23 11:00:00,628.9861,2025-07-23 10:30:00,False,2025-07-23 16:00:00,2025-07-23 10:00:00,628.2183,11:00,2017491.0,10331066.0,0.0012221866188870667,0.0017746289800458542,14.0,627.1212,629.3331544009751,626.0082925444789,True,628.9861,628.59499262866,629.3331544009751,626.0082925444789
2025-07-23 11:00:00,629.1157,2242962,2025-07-23,2025-07-23 11:30:00,629.1157,2025-07-23 11:00:00,False,2025-07-23 16:00:00,2025-07-23 10:00:00,628.2183,11:30,2242962.0,12574028.0,0.0014284843341876297,0.0017969393799645017,14.0,627.1212,629.3471702024844,625.9943012197094,True,629.1157,628.6878766946916,629.3471702024844,625.9943012197094
2025-07-23 11:30:00,630.2227,4250822,2025-07-23,2025-07-23 12:00:00,630.2227,2025-07-23 11:30:00,False,2025-07-23 16:00:00,2025-07-23 10:00:00,628.2183,12:00,4250822.0,16824850.0,0.0031906106523800215,0.0019563344245729286,14.0,627.1212,629.4473050864367,625.8943412080606,True,630.2227,629.0756519599878,629.4473050864367,625.8943412080606
2025-07-23 12:00:00,629.9235,3092490,2025-07-23,2025-07-23 12:30:00,629.9235,2025-07-23 12:00:00,False,2025-07-23 16:00:00,2025-07-23 10:00:00,628.2183,12:30,3092490.0,19917340.0,0.002714343087426796,0.0022551187233063436,14.0,627.1212,629.6350068506538,625.7069672400977,True,629.9235,629.2072941162826,629.6350068506538,625.7069672400977
2025-07-23 12:30:00,630.1037,1786095,2025-07-23,2025-07-23 13:00:00,630.1037,2025-07-23 12:30:00,False,2025-07-23 16:00:00,2025-07-23 10:00:00,628.2183,13:00,1786095.0,21703435.0,0.003001186052682625,0.0026395557149895593,14.0,627.1212,629.8765172040261,625.465878652549,True,630.1037,629.2810642852387,629.8765172040261,625.465878652549
2025-07-23 13:00:00,630.3672,1716419,2025-07-23,2025-07-23 13:30:00,630.3672,2025-07-23 13:00:00,False,2025-07-23 16:00:00,2025-07-23 10:00:00,628.2183,13:30,1716419.0,23419854.0,0.003420626237726543,0.0028271059476789105,13.0,627.1212,629.9943396923708,625.3482619255645,True,630.3672,629.3606661468641,629.9943396923708,625.3482619255645
2025-07-23 13:30:00,630.806,3651213,2025-07-23,2025-07-23 14:00:00,630.806,2025-07-23 13:30:00,False,2025-07-23 16:00:00,2025-07-23 10:00:00,628.2183,14:00,3651213.0,27071067.0,0.004119109551568467,0.0027433961357566073,13.0,627.1212,629.9417516566316,625.400758123269,True,630.806,629.5556057018476,629.9417516566316,625.400758123269
2025-07-23 14:00:00,631.4941,3025062,2025-07-23,2025-07-23 14:30:00,631.4941,2025-07-23 14:00:00,False,2025-07-23 16:00:00,2025-07-23 10:00:00,628.2183,14:30,3025062.0,30096129.0,0.005214429442758961,0.0030095093907868387,13.0,627.1212,630.1089288733142,625.2338728594385,True,631.4941,629.7504502095435,630.1089288733142,625.2338728594385
2025-07-23 14:30:00,631.5291,2164560,2025-07-23,2025-07-23 15:00:00,631.5291,2025-07-23 14:30:00,False,2025-07-23 16:00:00,2025-07-23 10:00:00,628.2183,15:00,2164560.0,32260689.0,0.005270142560316993,0.003120563123686539,13.0,627.1212,630.1786948606051,625.1642287091979,True,631.5291,629.8697903200548,630.1786948606051,625.1642287091979
2025-07-23 15:00:00,631.5889,3279362,2025-07-23,2025-07-23 15:30:00,631.5889,2025-07-23 15:00:00,False,2025-07-23 16:00:00,2025-07-23 10:00:00,628.2183,15:30,3279362.0,35540051.0,0.005365332401173317,0.003153500729670535,13.0,627.1212,630.1993868674424,625.1435728382081,True,631.5889,630.0284165121851,630.1993868674424,625.1435728382081
2025-07-23 15:30:00,632.4565,8179336,2025-07-23,2025-07-23 16:00:00,632.4565,2025-07-23 16:00:00,True,2025-07-23 16:00:00,2025-07-23 10:00:00,628.2183,16:00,8179336.0,43719387.0,0.006746380995268586,0.0031078726580105595,13.0,627.1212,630.1707224778319,625.1721871692613,True,632.4565,630.4826797588973,630.4826797588973,625.1721871692613
2025-07-24 09:30:00,633.354,5422138,2025-07-24,2025-07-24 10:00:00,633.354,2025-07-24 09:30:00,False,2025-07-24 16:00:00,2025-07-24 10:00:00,633.354,10:00,5422138.0,5422138.0,0.0,0.0,14.0,632.4564,633.354,632.4564,True,633.354,633.354,633.354,632.4564
2025-07-24 10:00:00,633.0449,3919871,2025-07-24,2025-07-24 10:30:00,633.0449,2025-07-24 10:00:00,False,2025-07-24 16:00:00,2025-07-24 10:00:00,633.354,10:30,3919871.0,9342009.0,0.0004880367061707025,0.0009892115327270348,14.0,632.4564,633.9805210810988,631.830766835173,True,633.0449,633.2243028303549,633.9805210810988,631.830766835173
2025-07-24 10:30:00,633.7722,2717004,2025-07-24,2025-07-24 11:00:00,633.7722,2025-07-24 10:30:00,False,2025-07-24 16:00:00,2025-07-24 10:00:00,633.354,11:00,2717004.0,12059013.0,0.0006602942430298242,0.0016860349646332096,14.0,632.4564,634.4218569889904,631.390056395994,True,633.7722,633.34774898648,634.4218569889904,631.390056395994
2025-07-24 11:00:00,633.7778,2844013,2025-07-24,2025-07-24 11:30:00,633.7778,2025-07-24 11:00:00,False,2025-07-24 16:00:00,2025-07-24 10:00:00,633.354,11:30,2844013.0,14903026.0,0.000669136059770592,0.0017300196351943211,14.0,632.4564,634.4497148560289,631.3622380095957,True,633.7778,633.429817599466,634.4497148560289,631.3622380095957
2025-07-24 11:30:00,633.7535,2032835,2025-07-24,2025-07-24 12:00:00,633.7535,2025-07-24 11:30:00,False,2025-07-24 16:00:00,2025-07-24 10:00:00,633.354,12:00,2032835.0,16935861.0,0.0006307688906992404,0.001956858683294046,14.0,632.4564,634.593384274499,631.2187722018551,True,633.7535,633.4686696491309,634.593384274499,631.2187722018551
2025-07-24 12:00:00,632.7955,2809710,2025-07-24,2025-07-24 12:30:00,632.7955,2025-07-24 12:00:00,False,2025-07-24 16:00:00,2025-07-24 10:00:00,633.354,12:30,2809710.0,19745571.0,0.000881813330302017,0.002236081469841722,14.0,632.4564,634.7702311432502,631.0421759634772,True,632.7955,633.3728804974847,634.7702311432502,631.0421759634772
2025-07-24 12:30:00,633.1296,2303804,2025-07-24,2025-07-24 13:00:00,633.1296,2025-07-24 12:30:00,False,2025-07-24 16:00:00,2025-07-24 10:00:00,633.354,13:00,2303804.0,22049375.0,0.0003543042279673392,0.0025937589738446176,14.0,632.4564,634.9967676211205,630.8159605369345,True,633.1296,633.347461609955,634.9967676211205,630.8159605369345
2025-07-24 13:00:00,633.6033,2556259,2025-07-24,2025-07-24 13:30:00,633.6033,2025-07-24 13:00:00,False,2025-07-24 16:00:00,2025-07-24 10:00:00,633.354,13:30,2556259.0,24605634.0,0.0003936187345465747,0.0028204349902606852,13.0,632.4564,635.1403337828217,630.6725978396257,True,633.6033,633.3740404490572,635.1403337828217,630.6725978396257
2025-07-24 13:30:00,633.4986,1711849,2025-07-24,2025-07-24 14:00:00,633.4986,2025-07-24 13:30:00,False,2025-07-24 16:00:00,2025-07-24 10:00:00,633.354,14:00,1711849.0,26317483.0,0.00022830833941211992,0.002792329028702625,13.0,632.4564,635.122532759645,630.6903736348912,True,633.4986,633.3821425590776,635.122532759645,630.6903736348912
2025-07-24 14:00:00,634.0222,4693326,2025-07-24,2025-07-24 14:30:00,634.0222,2025-07-24 14:00:00,False,2025-07-24 16:00:00,2025-07-24 10:00:00,633.354,14:30,4693326.0,31010809.0,0.0010550182046691337,0.003125241076887113,13.0,632.4564,635.3333839370108,630.4798212793798,True,634.0222,633.4790119515844,635.3333839370108,630.4798212793798
2025-07-24 14:30:00,633.4338,3913417,2025-07-24,2025-07-24 15:00:00,633.4338,2025-07-24 14:30:00,False,2025-07-24 16:00:00,2025-07-24 10:00:00,633.354,15:00,3913417.0,34924226.0,0.00012599588855510824,0.0032084663192936125,13.0,632.4564,635.38609497719,630.4271849421783,True,633.4338,633.4739457485442,635.38609497719,630.4271849421783
2025-07-24 15:00:00,633.6931,3064511,2025-07-24,2025-07-24 15:30:00,633.6931,2025-07-24 15:00:00,False,2025-07-24 16:00:00,2025-07-24 10:00:00,633.354,15:30,3064511.0,37988737.0,0.0005354035815672287,0.0032634087440868067,13.0,632.4564,635.4208929817024,630.3924362539864,True,633.6931,633.491624688865,635.4208929817024,630.3924362539864
2025-07-24 15:30:00,632.6659,9992125,2025-07-24,2025-07-24 16:00:00,632.6659,2025-07-24 16:00:00,True,2025-07-24 16:00:00,2025-07-24 10:00:00,633.354,16:00,9992125.0,47980862.0,0.0010864382320157073,0.0032342830943552334,13.0,632.4564,635.4024461349424,630.4108569575633,True,632.6659,633.3196656209616,635.4024461349424,630.4108569575633
2025-07-25 09:30:00,633.5334,3906476,2025-07-25,2025-07-25 10:00:00,633.5334,2025-07-25 09:30:00,False,2025-07-25 16:00:00,2025-07-25 10:00:00,633.5334,10:00,3906476.0,3906476.0,0.0,0.0,14.0,632.6658,633.5334,632.6658,True,633.5334,633.5334,633.5334,632.6658
2025-07-25 10:00:00,633.7379,2703028,2025-07-25,2025-07-25 10:30:00,633.7379,2025-07-25 10:00:00,False,2025-07-25 16:00:00,2025-07-25 10:00:00,633.5334,10:30,2703028.0,6609504.0,0.00032279276830537995,0.0009382441972942135,14.0,632.6658,634.1278090363421,632.0722049843234,True,633.7379,633.6170324822558,634.1278090363421,632.0722049843234
2025-07-25 10:30:00,634.062,2946749,2025-07-25,2025-07-25 11:00:00,634.062,2025-07-25 10:30:00,False,2025-07-25 16:00:00,2025-07-25 10:00:00,633.5334,11:00,2946749.0,9556253.0,0.0008343680064855086,0.0016119049519984377,14.0,632.6658,634.5545956247165,631.6460028640199,True,634.062,633.7542418663047,634.5545956247165,631.6460028640199
2025-07-25 11:00:00,634.2266,1767047,2025-07-25,2025-07-25 11:30:00,634.2266,2025-07-25 11:00:00,False,2025-07-25 16:00:00,2025-07-25 10:00:00,633.5334,11:30,1767047.0,11323300.0,0.0010941806698745449,0.0016462173391945667,14.0,632.6658,634.576333668039,631.6242945901246,True,634.2266,633.827955273445,634.576333668039,631.6242945901246
2025-07-25 11:30:00,634.1667,1557555,2025-07-25,2025-07-25 12:00:00,634.1667,2025-07-25 11:30:00,False,2025-07-25 16:00:00,2025-07-25 10:00:00,633.5334,12:00,1557555.0,12880855.0,0.0009996315900628883,0.0018125317473565003,14.0,632.6658,634.6816994005108,631.5190731520332,True,634.1667,633.868916338729,634.6816994005108,631.5190731520332
2025-07-25 12:00:00,635.0045,3043085,2025-07-25,2025-07-25 12:30:00,635.0045,2025-07-25 12:00:00,False,2025-07-25 16:00:00,2025-07-25 10:00:00,633.5334,12:30,3043085.0,15923940.0,0.0023220559484313785,0.0021279991207470627,14.0,632.6658,634.8815585181638,631.3194877338733,True,635.0045,634.0859278073643,634.8815585181638,631.3194877338733
2025-07-25 12:30:00,635.0842,1826380,2025-07-25,2025-07-25 13:00:00,635.0842,2025-07-25 12:30:00,False,2025-07-25 16:00:00,2025-07-25 10:00:00,633.5334,13:00,1826380.0,17750320.0,0.0024478583133895615,0.002493194321273286,14.0,632.6658,635.112921875217,631.0884412201762,True,635.0842,634.1886428213576,635.112921875217,631.0884412201762
2025-07-25 13:00:00,635.2836,1518039,2025-07-25,2025-07-25 13:30:00,635.2836,2025-07-25 13:00:00,False,2025-07-25 16:00:00,2025-07-25 10:00:00,633.5334,13:30,1518039.0,19268359.0,0.0027626009930967754,0.0026470909719953917,14.0,632.6658,635.2104205435976,630.9910760725298,True,635.2836,634.2749079620739,635.2104205435976,630.9910760725298
2025-07-25 13:30:00,635.3734,1904209,2025-07-25,2025-07-25 14:00:00,635.3734,2025-07-25 13:30:00,False,2025-07-25 16:00:00,2025-07-25 10:00:00,633.5334,14:00,1904209.0,21172568.0,0.002904345690377008,0.002609184693753303,14.0,632.6658,635.1864056502615,631.0150580783788,True,635.3734,634.3737036502043,635.1864056502615,631.0150580783788
2025-07-25 14:00:00,635.5779,2177212,2025-07-25,2025-07-25 14:30:00,635.5779,2025-07-25 14:00:00,False,2025-07-25 16:00:00,2025-07-25 10:00:00,633.5334,14:30,2177212.0,23349780.0,0.00322713845868261,0.002977368014585829,14.0,632.6658,635.4196620813319,630.7821210831577,True,635.5779,634.4859869669264,635.4196620813319,630.7821210831577
2025-07-25 14:30:00,635.4183,1707277,2025-07-25,2025-07-25 15:00:00,635.4183,2025-07-25 14:30:00,False,2025-07-25 16:00:00,2025-07-25 10:00:00,633.5334,15:00,1707277.0,25057057.0,0.0029752180390174576,0.0029882898599551478,14.0,632.6658,635.4265814351629,630.7752112051196,True,635.4183,634.5495106520171,635.4265814351629,630.7752112051196
2025-07-25 15:00:00,635.5679,2263682,2025-07-25,2025-07-25 15:30:00,635.5679,2025-07-25 15:00:00,False,2025-07-25 16:00:00,2025-07-25 10:00:00,633.5334,15:30,2263682.0,27320739.0,0.0032113539712348427,0.0030685512324782655,14.0,632.6658,635.4774296953861,630.7244325796631,True,635.5679,634.6338901278439,635.4774296953861,630.7244325796631
2025-07-25 15:30:00,635.3384,9846561,2025-07-25,2025-07-25 16:00:00,635.2488,2025-07-25 16:00:00,True,2025-07-25 16:00:00,2025-07-25 10:00:00,633.5334,16:00,9846561.0,37167300.0,0.002849099984310044,0.0030808656041881244,14.0,632.6658,635.4852312611644,630.7166416978339,True,635.2488,634.796795358132,635.4852312611644,630.7166416978339
2025-07-28 09:30:00,635.6876,5294752,2025-07-28,2025-07-28 10:00:00,635.6876,2025-07-28 09:30:00,False,2025-07-28 16:00:00,2025-07-28 10:00:00,635.6876,10:00,5294752.0,5294752.0,0.0,0.0,14.0,635.3384,635.6876,635.3384,True,635.6876,635.6876,635.6876,635.3384
2025-07-28 10:00:00,635.9667,3224150,2025-07-28,2025-07-28 10:30:00,635.9667,2025-07-28 10:00:00,False,2025-07-28 16:00:00,2025-07-28 10:00:00,635.6876,10:30,3224150.0,8518902.0,0.0004390521381885115,0.0008971515881067149,14.0,635.3384,636.2579081398796,634.7684051454548,True,635.9667,635.7932310150063,636.2579081398796,634.7684051454548
2025-07-28 10:30:00,635.6676,2268138,2025-07-28,2025-07-28 11:00:00,635.6676,2025-07-28 10:30:00,False,2025-07-28 16:00:00,2025-07-28 10:00:00,635.6876,11:00,2268138.0,10787040.0,3.1461994854042885e-05,0.0014996837923033396,14.0,635.3384,636.6409303906883,634.385593298892,True,635.6676,635.7668151975889,636.6409303906883,634.385593298892
2025-07-28 11:00:00,635.3086,2903153,2025-07-28,2025-07-28 11:30:00,635.3086,2025-07-28 11:00:00,False,2025-07-28 16:00:00,2025-07-28 10:00:00,635.6876,11:30,2903153.0,13690193.0,0.0005962048024847899,0.0015456856068618336,14.0,635.3384,636.6701731737805,634.3563665796333,True,635.3086,635.6696457255789,636.6701731737805,634.3563665796333
2025-07-28 11:30:00,635.6177,1547572,2025-07-28,2025-07-28 12:00:00,635.6177,2025-07-28 11:30:00,False,2025-07-28 16:00:00,2025-07-28 10:00:00,635.6876,12:00,1547572.0,15237765.0,0.000109959672014881,0.0016720290359027684,14.0,635.3384,636.7504881249632,634.2760957475759,True,635.6177,635.6643700338731,636.7504881249632,634.2760957475759
2025-07-28 12:00:00,635.6377,1459179,2025-07-28,2025-07-28 12:30:00,635.6377,2025-07-28 12:00:00,False,2025-07-28 16:00:00,2025-07-28 10:00:00,635.6876,12:30,1459179.0,16696944.0,7.849767716083811e-05,0.0019479482856739616,14.0,635.3384,636.9258865706441,634.1007936528972,True,635.6377,635.6620392868,636.9258865706441,634.1007936528972
2025-07-28 12:30:00,635.1241,1506948,2025-07-28,2025-07-28 13:00:00,635.1241,2025-07-28 12:30:00,False,2025-07-28 16:00:00,2025-07-28 10:00:00,635.6876,13:00,1506948.0,18203892.0,0.0008864417050135076,0.00223220557985186,14.0,635.3384,637.1065854077626,633.9201940784259,True,635.1241,635.6175077914272,637.1065854077626,633.9201940784259
2025-07-28 13:00:00,634.5507,2202275,2025-07-28,2025-07-28 13:30:00,634.5507,2025-07-28 13:00:00,False,2025-07-28 16:00:00,2025-07-28 10:00:00,635.6876,13:30,2202275.0,20406167.0,0.0017884570974798786,0.0024509671413277295,14.0,635.3384,637.2456494197495,633.7812064579763,True,634.5507,635.5023757272397,637.2456494197495,633.7812064579763
2025-07-28 13:30:00,634.3313,1409710,2025-07-28,2025-07-28 14:00:00,634.3313,2025-07-28 13:30:00,False,2025-07-28 16:00:00,2025-07-28 10:00:00,635.6876,14:00,1409710.0,21815877.0,0.0021335951810290688,0.0024077253462758525,14.0,635.3384,637.2181611468332,633.8086796308576,True,634.3313,635.4267025299877,637.2181611468332,633.8086796308576
2025-07-28 14:00:00,634.3193,3347872,2025-07-28,2025-07-28 14:30:00,634.3193,2025-07-28 14:00:00,False,2025-07-28 16:00:00,2025-07-28 10:00:00,635.6876,14:30,3347872.0,25163749.0,0.0021524723779415833,0.0025630086694634862,14.0,635.3384,637.3168728298704,633.7100221727569,True,634.3193,635.2793698760626,637.3168728298704,633.7100221727569
2025-07-28 14:30:00,634.2914,2061926,2025-07-28,2025-07-28 15:00:00,634.2914,2025-07-28 14:30:00,False,2025-07-28 16:00:00,2025-07-28 10:00:00,635.6876,15:00,2061926.0,27225675.0,0.0021963618607631075,0.002806192876486329,14.0,635.3384,637.4714620147907,633.5555179077618,True,634.2914,635.2045463583842,637.4714620147907,633.5555179077618
2025-07-28 15:00:00,634.2914,2334015,2025-07-28,2025-07-28 15:30:00,634.2914,2025-07-28 15:00:00,False,2025-07-28 16:00:00,2025-07-28 10:00:00,635.6876,15:30,2334015.0,29559690.0,0.0021963618607631075,0.0028237346997448793,14.0,635.3384,637.4826131343175,633.5443729138397,True,634.2914,635.1324448817561,637.4826131343175,633.5443729138397
2025-07-28 15:30:00,635.179,6665436,2025-07-28,2025-07-28 16:00:00,635.179,2025-07-28 16:00:00,True,2025-07-28 16:00:00,2025-07-28 10:00:00,635.6876,16:00,6665436.0,36225126.0,0.0008000785291391033,0.0029499123003776107,14.0,635.3384,637.5628226704374,633.4642074389378,True,635.179,635.1410110399837,637.5628226704374,633.4642074389378
2025-07-29 09:30:00,636.256,4639846,2025-07-29,2025-07-29 10:00:00,636.256,2025-07-29 09:30:00,False,2025-07-29 16:00:00,2025-07-29 10:00:00,636.256,10:00,4639846.0,4639846.0,0.0,0.0,14.0,635.1788,636.256,635.1788,True,636.256,636.256,636.256,635.1788
2025-07-29 10:00:00,635.9867,2787876,2025-07-29,2025-07-29 10:30:00,635.9867,2025-07-29 10:00:00,False,2025-07-29 16:00:00,2025-07-29 10:00:00,636.256,10:30,2787876.0,7427722.0,0.00042325730523551375,0.0008548616536732112,14.0,635.1788,636.7999108563195,634.6358100006538,True,635.9867,636.1549225758853,636.7999108563195,634.6358100006538
2025-07-29 10:30:00,634.9396,3108330,2025-07-29,2025-07-29 11:00:00,634.9396,2025-07-29 10:30:00,False,2025-07-29 16:00:00,2025-07-29 10:00:00,636.256,11:00,3108330.0,10536052.0,0.002068978524367493,0.001477592384410999,14.0,635.1788,637.1961270201358,634.2402646423807,True,634.9396,635.7963799621718,637.1961270201358,634.2402646423807
2025-07-29 11:00:00,633.4836,3653885,2025-07-29,2025-07-29 11:30:00,633.4836,2025-07-29 11:00:00,False,2025-07-29 16:00:00,2025-07-29 10:00:00,636.256,11:30,3653885.0,14189937.0,0.004357365588693818,0.0015123243241128412,14.0,635.1788,637.2182254251627,634.2182036505992,True,633.4836,635.2008429973439,637.2182254251627,634.2182036505992
2025-07-29 11:30:00,634.1218,3417035,2025-07-29,2025-07-29 12:00:00,634.1218,2025-07-29 11:30:00,False,2025-07-29 16:00:00,2025-07-29 10:00:00,636.256,12:00,3417035.0,17606972.0,0.0033543102147562953,0.0016303865436602275,14.0,635.1788,637.293343220723,634.1432130316617,True,634.1218,634.9914300620346,637.293343220723,634.1432130316617
2025-07-29 12:00:00,633.9025,2128536,2025-07-29,2025-07-29 12:30:00,633.9025,2025-07-29 12:00:00,False,2025-07-29 16:00:00,2025-07-29 10:00:00,636.256,12:30,2128536.0,19735508.0,0.0036989827993763047,0.0018108467369647996,14.0,635.1788,637.4081621014743,634.0285885426308,True,633.9025,634.8739855635944,637.4081621014743,634.0285885426308
2025-07-29 12:30:00,634.3959,1820911,2025-07-29,2025-07-29 13:00:00,634.3959,2025-07-29 12:30:00,False,2025-07-29 16:00:00,2025-07-29 10:00:00,636.256,13:00,1820911.0,21556419.0,0.002923508776341621,0.002279400912558754,14.0,635.1788,637.706282507021,633.730972863642,True,634.3959,634.8336007825372,637.706282507021,633.730972863642
2025-07-29 13:00:00,634.4303,2241335,2025-07-29,2025-07-29 13:30:00,634.4303,2025-07-29 13:00:00,False,2025-07-29 16:00:00,2025-07-29 10:00:00,636.256,13:30,2241335.0,23797754.0,0.002869442488558027,0.0025568450281716138,14.0,635.1788,637.8828079902444,633.5547462432199,True,634.4303,634.7956168551705,637.8828079902444,633.5547462432199
2025-07-29 13:30:00,633.8227,2728534,2025-07-29,2025-07-29 14:00:00,633.8227,2025-07-29 13:30:00,False,2025-07-29 16:00:00,2025-07-29 10:00:00,636.256,14:00,2728534.0,26526288.0,0.0038244040134787216,0.0025071892097983267,14.0,635.1788,637.8512141778695,633.5862865663474,True,633.8227,634.6955411597506,637.8512141778695,633.5862865663474
2025-07-29 14:00:00,633.5584,2163463,2025-07-29,2025-07-29 14:30:00,633.5584,2025-07-29 14:00:00,False,2025-07-29 16:00:00,2025-07-29 10:00:00,636.256,14:30,2163463.0,28689751.0,0.004239802846652818,0.002715602656950581,14.0,635.1788,637.9838184841008,633.4539067630814,True,633.5584,634.6097905784752,637.9838184841008,633.4539067630814
2025-07-29 14:30:00,633.5633,1701756,2025-07-29,2025-07-29 15:00:00,633.5633,2025-07-29 14:30:00,False,2025-07-29 16:00:00,2025-07-29 10:00:00,636.256,15:00,1701756.0,30391507.0,0.004232101544032529,0.0029412183582455437,14.0,635.1788,638.1273678277439,633.3106004526717,True,633.5633,634.5511929044321,638.1273678277439,633.3106004526717
2025-07-29 15:00:00,633.349,2660693,2025-07-29,2025-07-29 15:30:00,633.349,2025-07-29 15:00:00,False,2025-07-29 16:00:00,2025-07-29 10:00:00,636.256,15:30,2660693.0,33052200.0,0.0045689156565908995,0.0029605258619524533,14.0,635.1788,638.1396523428224,633.2983367356361,True,633.349,634.4544167066156,638.1396523428224,633.2983367356361
2025-07-29 15:30:00,633.5036,8746247,2025-07-29,2025-07-29 16:00:00,633.5036,2025-07-29 16:00:00,True,2025-07-29 16:00:00,2025-07-29 10:00:00,636.256,16:00,8746247.0,41798447.0,0.004325931700447594,0.002970246906416293,14.0,635.1788,638.1458374156888,633.2921621342788,True,633.5036,634.255460085864,638.1458374156888,633.2921621342788
2025-07-30 09:30:00,633.9523,4178773,2025-07-30,2025-07-30 10:00:00,633.9523,2025-07-30 09:30:00,False,2025-07-30 16:00:00,2025-07-30 10:00:00,633.9523,10:00,4178773.0,4178773.0,0.0,0.0,14.0,633.5035,633.9523,633.5035,True,633.9523,633.9523,633.9523,633.5035
2025-07-30 10:00:00,634.6105,2491831,2025-07-30,2025-07-30 10:30:00,634.6105,2025-07-30 10:00:00,False,2025-07-30 16:00:00,2025-07-30 10:00:00,633.9523,10:30,2491831.0,6670604.0,0.001038248461280089,0.0007815510360016534,14.0,633.5035,634.4477660768407,633.0083846832644,True,634.6105,634.1981732618816,634.4477660768407,633.0083846832644
2025-07-30 10:30:00,634.5009,2089188,2025-07-30,2025-07-30 11:00:00,634.5009,2025-07-30 10:30:00,False,2025-07-30 16:00:00,2025-07-30 10:00:00,633.9523,11:00,2089188.0,8759792.0,0.0008653647916412321,0.0012935538495482282,14.0,633.5035,634.772351438095,632.6840291088728,True,634.5009,634.2703728150851,634.772351438095,632.6840291088728
2025-07-30 11:00:00,633.5634,2627765,2025-07-30,2025-07-30 11:30:00,633.5634,2025-07-30 11:00:00,False,2025-07-30 16:00:00,2025-07-30 10:00:00,633.9523,11:30,2627765.0,11387557.0,0.0006134530941839245,0.0015821358443678221,14.0,633.5035,634.9552986574494,632.5012114051176,True,633.5634,634.107233485075,634.9552986574494,632.5012114051176
2025-07-30 11:30:00,634.416,1622974,2025-07-30,2025-07-30 12:00:00,634.416,2025-07-30 11:30:00,False,2025-07-30 16:00:00,2025-07-30 10:00:00,633.9523,12:00,1622974.0,13010531.0,0.0007314430439009367,0.0016056602000448703,14.0,633.5035,634.9702119768369,632.4863086434609,True,634.416,634.1457499780447,634.9702119768369,632.4863086434609
2025-07-30 12:00:00,634.8499,2122047,2025-07-30,2025-07-30 12:30:00,634.8499,2025-07-30 12:00:00,False,2025-07-30 16:00:00,2025-07-30 10:00:00,633.9523,12:30,2122047.0,15132578.0,0.0014158793966043692,0.0017981641281480784,14.0,633.5035,635.092250284817,632.3643567312438,True,634.8499,634.244493195601,635.092250284817,632.3643567312438
2025-07-30 12:30:00,634.7152,1383984,2025-07-30,2025-07-30 13:00:00,634.7152,2025-07-30 12:30:00,False,2025-07-30 16:00:00,2025-07-30 10:00:00,633.9523,13:00,1383984.0,16516562.0,0.0012034028427689858,0.0022342068793316794,14.0,633.5035,635.3686805898282,632.0881221222193,True,634.7152,634.2839354648806,635.3686805898282,632.0881221222193
2025-07-30 13:00:00,634.441,1075412,2025-07-30,2025-07-30 13:30:00,634.441,2025-07-30 13:00:00,False,2025-07-30 16:00:00,2025-07-30 10:00:00,633.9523,13:30,1075412.0,17591974.0,0.000770878187522861,0.002542119957309424,14.0,633.5035,635.5638827938122,631.8930581096247,True,634.441,634.2935369505265,635.5638827938122,631.8930581096247
2025-07-30 13:30:00,634.8798,1665340,2025-07-30,2025-07-30 14:00:00,634.8798,2025-07-30 13:30:00,False,2025-07-30 16:00:00,2025-07-30 10:00:00,633.9523,14:00,1665340.0,19257314.0,0.0014630438283764757,0.002573251411961836,14.0,633.5035,635.5836186510915,631.8733362241422,True,634.8798,634.344235989178,635.5836186510915,631.8733362241422
2025-07-30 14:00:00,635.0393,2677921,2025-07-30,2025-07-30 14:30:00,635.0393,2025-07-30 14:00:00,False,2025-07-30 16:00:00,2025-07-30 10:00:00,633.9523,14:30,2677921.0,21935235.0,0.001714640044684801,0.002861685043311278,14.0,633.5035,635.7664718150828,631.6906125091647,True,635.0393,634.4290915428534,635.7664718150828,631.6906125091647
2025-07-30 14:30:00,630.9805,8182938,2025-07-30,2025-07-30 15:00:00,630.9805,2025-07-30 14:30:00,False,2025-07-30 16:00:00,2025-07-30 10:00:00,633.9523,15:00,8182938.0,30118173.0,0.0046877343926349235,0.0031485392791498834,14.0,633.5035,635.9483237176574,631.5088893467711,True,630.9805,633.4921286406716,635.9483237176574,631.5088893467711
2025-07-30 15:00:00,630.4022,8774153,2025-07-30,2025-07-30 15:30:00,630.4022,2025-07-30 15:00:00,False,2025-07-30 16:00:00,2025-07-30 10:00:00,633.9523,15:30,8774153.0,38892326.0,0.005599948134899169,0.0032125011429498134,14.0,633.5035,635.9888724883257,631.4683692821874,True,630.4022,632.7950372233998,635.9888724883257,631.4683692821874
2025-07-30 15:30:00,632.7058,11486680,2025-07-30,2025-07-30 16:00:00,632.7058,2025-07-30 16:00:00,True,2025-07-30 16:00:00,2025-07-30 10:00:00,633.9523,16:00,11486680.0,50379006.0,0.001966236260993237,0.0032586458186808576,14.0,633.5035,636.0181260116382,631.4391364686054,True,632.7058,632.7746906641746,636.0181260116382,631.4391364686054
2025-07-31 09:30:00,637.677,8756784,2025-07-31,2025-07-31 10:00:00,637.677,2025-07-31 09:30:00,False,2025-07-31 16:00:00,2025-07-31 10:00:00,637.677,10:00,8756784.0,8756784.0,0.0,0.0,14.0,632.7057,637.677,632.7057,True,637.677,637.677,637.677,632.7057
2025-07-31 10:00:00,637.0438,4470930,2025-07-31,2025-07-31 10:30:00,637.0438,2025-07-31 10:00:00,False,2025-07-31 16:00:00,2025-07-31 10:00:00,637.677,10:30,4470930.0,13227714.0,0.0009929792042052688,0.0008110254428524818,14.0,632.7057,638.1941722713218,632.1925595794622,True,637.0438,637.4629801870528,638.1941722713218,632.1925595794622
2025-07-31 10:30:00,634.8499,4449541,2025-07-31,2025-07-31 11:00:00,634.8499,2025-07-31 10:30:00,False,2025-07-31 16:00:00,2025-07-31 10:00:00,637.677,11:00,4449541.0,17677255.0,0.004433435736273972,0.0011829175739731998,14.0,632.7057,638.4313193298186,631.957261308317,True,634.8499,636.8052418997124,638.4313193298186,631.957261308317
2025-07-31 11:00:00,634.441,4846631,2025-07-31,2025-07-31 11:30:00,634.441,2025-07-31 11:00:00,False,2025-07-31 16:00:00,2025-07-31 10:00:00,637.677,11:30,4846631.0,22523886.0,0.005074669464321224,0.0013795880801062501,14.0,632.7057,638.5567315881578,631.8328267580647,True,634.441,636.2965104986281,638.5567315881578,631.8328267580647
2025-07-31 11:30:00,635.7573,2932186,2025-07-31,2025-07-31 12:00:00,635.7573,2025-07-31 11:30:00,False,2025-07-31 16:00:00,2025-07-31 10:00:00,637.677,12:00,2932186.0,25456072.0,0.003010458272761918,0.001390926497006863,14.0,632.7057,638.5639618358318,631.8256528770627,True,635.7573,636.2344009369042,638.5639618358318,631.8256528770627
2025-07-31 12:00:00,636.3159,2217719,2025-07-31,2025-07-31 12:30:00,636.3159,2025-07-31 12:00:00,False,2025-07-31 16:00:00,2025-07-31 10:00:00,637.677,12:30,2217719.0,27673791.0,0.0021344661952681365,0.0016460612642359032,14.0,632.7057,638.7266554087942,631.6642276555687,True,636.3159,636.2409320992126,638.7266554087942,631.6642276555687
2025-07-31 12:30:00,636.0067,2486230,2025-07-31,2025-07-31 13:00:00,636.0067,2025-07-31 12:30:00,False,2025-07-31 16:00:00,2025-07-31 10:00:00,637.677,13:00,2486230.0,30160021.0,0.002619351176222473,0.002071511791592508,14.0,632.7057,638.9979554247274,631.3950426818423,True,636.0067,636.2216232641151,638.9979554247274,631.3950426818423
2025-07-31 13:00:00,633.0748,3627203,2025-07-31,2025-07-31 13:30:00,633.0748,2025-07-31 13:00:00,False,2025-07-31 16:00:00,2025-07-31 10:00:00,637.677,13:30,3627203.0,33787224.0,0.007217133439029522,0.00228436781189717,14.0,632.7057,639.1336888131872,631.2603674645161,True,633.0748,635.8837983281551,639.1336888131872,631.2603674645161
2025-07-31 13:30:00,631.6088,5580156,2025-07-31,2025-07-31 14:00:00,631.6088,2025-07-31 13:30:00,False,2025-07-31 16:00:00,2025-07-31 10:00:00,637.677,14:00,5580156.0,39367380.0,0.009516102980035468,0.0023081885433215038,14.0,632.7057,639.1488787457397,631.2452959519658,True,631.6088,635.2778357883356,639.1488787457397,631.2452959519658
2025-07-31 14:00:00,632.4066,6070789,2025-07-31,2025-07-31 14:30:00,632.4066,2025-07-31 14:00:00,False,2025-07-31 16:00:00,2025-07-31 10:00:00,637.677,14:30,6070789.0,45438169.0,0.00826499936488223,0.002611755202150964,14.0,632.7057,639.3424562220421,631.0532275965944,True,632.4066,634.8942229134366,639.3424562220421,631.0532275965944
2025-07-31 14:30:00,632.5862,3785266,2025-07-31,2025-07-31 15:00:00,632.5862,2025-07-31 14:30:00,False,2025-07-31 16:00:00,2025-07-31 10:00:00,637.677,15:00,3785266.0,49223435.0,0.007983352073228422,0.0031522238854577167,14.0,632.7057,639.687100670607,630.7112699799947,True,632.5862,634.7167367087161,639.687100670607,630.7112699799947
2025-07-31 15:00:00,631.175,4949005,2025-07-31,2025-07-31 15:30:00,631.175,2025-07-31 15:00:00,False,2025-07-31 16:00:00,2025-07-31 10:00:00,637.677,15:30,4949005.0,54172440.0,0.010196384690054794,0.0032847909961679156,14.0,632.7057,639.7716356680634,630.6273940134158,True,631.175,634.3931760073683,639.7716356680634,630.6273940134158
2025-07-31 15:30:00,630.3324,17074478,2025-07-31,2025-07-31 16:00:00,630.3324,2025-07-31 16:00:00,True,2025-07-31 16:00:00,2025-07-31 10:00:00,637.677,16:00,17074478.0,71246918.0,0.01151774330891664,0.0031172085717018666,14.0,632.7057,639.6647722103772,630.7334243685954,True,630.3324,633.4200022540737,639.6647722103772,630.7334243685954
2025-08-01 09:30:00,619.4525,11889917,2025-08-01,2025-08-01 10:00:00,619.4525,2025-08-01 09:30:00,False,2025-08-01 16:00:00,2025-08-01 10:00:00,619.4525,10:00,11889917.0,11889917.0,0.0,0.0,14.0,630.3323,630.3323,619.4525,True,619.4525,619.4525,630.3323,619.4525
2025-08-01 10:00:00,621.6268,9696065,2025-08-01,2025-08-01 10:30:00,621.6268,2025-08-01 10:00:00,False,2025-08-01 16:00:00,2025-08-01 10:00:00,619.4525,10:30,9696065.0,21585982.0,0.003510035071292883,0.0007868204807110321,14.0,630.3323,630.8282583632938,618.9651020861724,True,621.6268,620.429159488065,630.8282583632938,618.9651020861724
2025-08-01 10:30:00,620.2503,7790382,2025-08-01,2025-08-01 11:00:00,620.2503,2025-08-01 10:30:00,False,2025-08-01 16:00:00,2025-08-01 10:00:00,619.4525,11:00,7790382.0,29376364.0,0.0012879115024961862,0.0014239525544209517,14.0,630.3323,631.229863288719,618.5704290302825,True,620.2503,620.3817273505699,631.229863288719,618.5704290302825
2025-08-01 11:00:00,619.7916,5683603,2025-08-01,2025-08-01 11:30:00,619.7916,2025-08-01 11:00:00,False,2025-08-01 16:00:00,2025-08-01 10:00:00,619.4525,11:30,5683603.0,35059967.0,0.000547418890068263,0.0017237322707279496,14.0,630.3323,631.4188241267922,618.3847297355669,True,619.7916,620.2860612713612,631.4188241267922,618.3847297355669
2025-08-01 11:30:00,622.2049,5248138,2025-08-01,2025-08-01 12:00:00,622.2049,2025-08-01 11:30:00,False,2025-08-01 16:00:00,2025-08-01 10:00:00,619.4525,12:00,5248138.0,40308105.0,0.004443278540323892,0.0015394920766754433,14.0,630.3323,631.3026915815226,618.4988577843732,True,622.2049,620.5358951558278,631.3026915815226,618.4988577843732
2025-08-01 12:00:00,622.5041,5126592,2025-08-01,2025-08-01 12:30:00,622.5041,2025-08-01 12:00:00,False,2025-08-01 16:00:00,2025-08-01 10:00:00,619.4525,12:30,5126592.0,45434697.0,0.004926285711979617,0.001713160597975343,14.0,630.3323,631.4121604599912,618.3912783846827,True,622.5041,620.7579761616392,631.4121604599912,618.3912783846827
2025-08-01 12:30:00,619.652,6967130,2025-08-01,2025-08-01 13:00:00,619.652,2025-08-01 12:30:00,False,2025-08-01 16:00:00,2025-08-01 10:00:00,619.4525,13:00,6967130.0,52401827.0,0.0003220585920631347,0.002125662502437453,14.0,630.3323,631.6721737341852,618.1357530487088,True,619.652,620.6109301493877,631.6721737341852,618.1357530487088
2025-08-01 13:00:00,618.7944,6801765,2025-08-01,2025-08-01 13:30:00,618.7944,2025-08-01 13:00:00,False,2025-08-01 16:00:00,2025-08-01 10:00:00,619.4525,13:30,6801765.0,59203592.0,0.0010623897716127706,0.0026577596948995008,14.0,630.3323,632.0075717813334,617.8061441125952,True,618.7944,620.4022331637124,632.0075717813334,617.8061441125952
2025-08-01 13:30:00,618.9539,5206051,2025-08-01,2025-08-01 14:00:00,618.9539,2025-08-01 13:30:00,False,2025-08-01 16:00:00,2025-08-01 10:00:00,619.4525,14:00,5206051.0,64409643.0,0.0008049043308405723,0.00284234447375864,14.0,630.3323,632.1239215295366,617.691802609869,True,618.9539,620.2851684515966,632.1239215295366,617.691802609869
2025-08-01 14:00:00,619.9213,5686985,2025-08-01,2025-08-01 14:30:00,619.9213,2025-08-01 14:00:00,False,2025-08-01 16:00:00,2025-08-01 10:00:00,619.4525,14:30,5686985.0,70096628.0,0.0007567973331288336,0.00307947620518495,14.0,630.3323,632.2733933192095,617.5449107660077,True,619.9213,620.2556475675648,632.2733933192095,617.5449107660077
2025-08-01 14:30:00,619.662,6810809,2025-08-01,2025-08-01 15:00:00,619.662,2025-08-01 14:30:00,False,2025-08-01 16:00:00,2025-08-01 10:00:00,619.4525,15:00,6810809.0,76907437.0,0.0003382018798858688,0.0035918047323999424,14.0,630.3323,632.5963305381246,617.227547579003,True,619.662,620.2030750160183,632.5963305381246,617.227547579003
2025-08-01 15:00:00,620.0609,7480405,2025-08-01,2025-08-01 15:30:00,620.0609,2025-08-01 15:00:00,False,2025-08-01 16:00:00,2025-08-01 10:00:00,619.4525,15:30,7480405.0,84387842.0,0.000982157631133962,0.0038744231090526954,14.0,630.3323,632.7744740295024,617.0524789190395,True,620.0609,620.1904721732924,632.7744740295024,617.0524789190395
2025-08-01 15:30:00,620.001,16048035,2025-08-01,2025-08-01 16:00:00,620.001,2025-08-01 16:00:00,True,2025-08-01 16:00:00,2025-08-01 10:00:00,619.4525,16:00,16048035.0,100435877.0,0.0008854593370759556,0.0038906202137132567,14.0,630.3323,632.7846835877364,617.0424455820648,True,620.001,620.1601975726284,632.7846835877364,617.0424455820648
2025-08-04 09:30:00,627.4005,8153121,2025-08-04,2025-08-04 10:00:00,627.4005,2025-08-04 09:30:00,False,2025-08-04 16:00:00,2025-08-04 10:00:00,627.4005,10:00,8153121.0,8153121.0,0.0,0.0,14.0,620.0009,627.4005,620.0009,True,627.4005,627.4005,627.4005,620.0009
2025-08-04 10:00:00,627.6897,4167806,2025-08-04,2025-08-04 10:30:00,627.6897,2025-08-04 10:00:00,False,2025-08-04 16:00:00,2025-08-04 10:00:00,627.4005,10:30,4167806.0,12320927.0,0.00046094958483466897,0.001032947813068936,14.0,620.0009,628.0485719743932,619.3604714262442,True,627.6897,627.49832782539,628.0485719743932,619.3604714262442
2025-08-04 10:30:00,627.4182,4461681,2025-08-04,2025-08-04 11:00:00,627.4182,2025-08-04 10:30:00,False,2025-08-04 16:00:00,2025-08-04 10:00:00,627.4005,11:00,4461681.0,16782608.0,2.8211644715003814e-05,0.0014333589858977164,14.0,620.0009,628.2997901444317,619.1122161387203,True,627.4182,627.4770257252567,628.2997901444317,619.1122161387203
2025-08-04 11:00:00,627.2409,3072662,2025-08-04,2025-08-04 11:30:00,627.2409,2025-08-04 11:00:00,False,2025-08-04 16:00:00,2025-08-04 10:00:00,627.4005,11:30,3072662.0,19855270.0,0.0002543829659045205,0.0015976591254726138,14.0,620.0009,628.4028721341512,619.0103499043138,True,627.2409,627.4404845680114,628.4028721341512,619.0103499043138
2025-08-04 11:30:00,628.1783,3099248,2025-08-04,2025-08-04 12:00:00,628.1783,2025-08-04 11:30:00,False,2025-08-04 16:00:00,2025-08-04 10:00:00,627.4005,12:00,3099248.0,22954518.0,0.001239718489226771,0.0017157806507783599,14.0,620.0009,628.4769816381886,618.9371144523149,True,628.1783,627.5401021248671,628.4769816381886,618.9371144523149
2025-08-04 12:00:00,627.989,2411427,2025-08-04,2025-08-04 12:30:00,627.989,2025-08-04 12:00:00,False,2025-08-04 16:00:00,2025-08-04 10:00:00,627.4005,12:30,2411427.0,25365945.0,0.0009379973398173647,0.00193083962321353,14.0,620.0009,628.611909745024,618.803777695852,True,627.989,627.5827768391873,628.611909745024,618.803777695852
2025-08-04 12:30:00,628.4276,1995392,2025-08-04,2025-08-04 13:00:00,628.4276,2025-08-04 12:30:00,False,2025-08-04 16:00:00,2025-08-04 10:00:00,627.4005,13:00,1995392.0,27361337.0,0.0016370723325851433,0.0019674348396693958,14.0,620.0009,628.634869602126,618.7810886287136,True,628.4276,627.6443876214564,628.634869602126,618.7810886287136
2025-08-04 13:00:00,628.5723,1964029,2025-08-04,2025-08-04 13:30:00,628.5723,2025-08-04 13:00:00,False,2025-08-04 16:00:00,2025-08-04 10:00:00,627.4005,13:30,1964029.0,29325366.0,0.0018677065128256398,0.002501940290136752,14.0,620.0009,628.9702185890019,618.449694768369,True,628.5723,627.7065333699842,628.9702185890019,618.449694768369
2025-08-04 13:30:00,628.0188,2371838,2025-08-04,2025-08-04 14:00:00,628.0188,2025-08-04 13:30:00,False,2025-08-04 16:00:00,2025-08-04 10:00:00,627.4005,14:00,2371838.0,31697204.0,0.0009854949111454125,0.0026750116882699143,14.0,620.0009,629.0788036707263,618.3423903457622,True,628.0188,627.7298996536224,629.0788036707263,618.3423903457622
2025-08-04 14:00:00,628.2581,2847847,2025-08-04,2025-08-04 14:30:00,628.2581,2025-08-04 14:00:00,False,2025-08-04 16:00:00,2025-08-04 10:00:00,627.4005,14:30,2847847.0,34545051.0,0.0013669099721789202,0.002878892979260385,14.0,620.0009,629.2067188946345,618.2159837618549,True,628.2581,627.7734437714711,629.2067188946345,618.2159837618549
2025-08-04 14:30:00,628.1534,2135481,2025-08-04,2025-08-04 15:00:00,628.1534,2025-08-04 14:30:00,False,2025-08-04 16:00:00,2025-08-04 10:00:00,627.4005,15:00,2135481.0,36680532.0,0.0012000309212378824,0.0033578711106055847,14.0,620.0009,629.5072300137294,617.9190168893406,True,628.1534,627.7955642060072,629.5072300137294,617.9190168893406
2025-08-04 15:00:00,628.5673,4046777,2025-08-04,2025-08-04 15:30:00,628.5673,2025-08-04 15:00:00,False,2025-08-04 16:00:00,2025-08-04 10:00:00,627.4005,15:30,4046777.0,40727309.0,0.0018597371216633185,0.0037174622955616276,14.0,620.0009,629.7328377029664,617.6960700310358,True,628.5673,627.8722459887689,629.7328377029664,617.6960700310358
2025-08-04 15:30:00,629.4249,9919356,2025-08-04,2025-08-04 16:00:00,629.3651,2025-08-04 16:00:00,True,2025-08-04 16:00:00,2025-08-04 10:00:00,627.4005,16:00,9919356.0,50646665.0,0.0032266470938420166,0.003712984003871846,14.0,620.0009,629.7300280205212,617.6988465759139,True,629.3651,628.1646275383423,629.7300280205212,617.6988465759139
2025-08-05 09:30:00,629.4947,4789187,2025-08-05,2025-08-05 10:00:00,629.4947,2025-08-05 09:30:00,False,2025-08-05 16:00:00,2025-08-05 10:00:00,629.4947,10:00,4789187.0,4789187.0,0.0,0.0,14.0,629.4248,629.4947,629.4248,True,629.4947,629.4947,629.4947,629.4248
2025-08-05 10:00:00,628.1085,4857039,2025-08-05,2025-08-05 10:30:00,628.1085,2025-08-05 10:00:00,False,2025-08-05 16:00:00,2025-08-05 10:00:00,629.4947,10:30,4857039.0,9646226.0,0.002202083671236532,0.0010316334999322227,14.0,629.4248,630.1441078205498,628.7754642906319,True,628.1085,628.7967247025313,630.1441078205498,628.7754642906319
2025-08-05 10:30:00,626.144,6705442,2025-08-05,2025-08-05 11:00:00,626.144,2025-08-05 10:30:00,False,2025-08-05 16:00:00,2025-08-05 10:00:00,629.4947,11:00,6705442.0,16351668.0,0.005322840684758634,0.0012401609635514907,14.0,629.4248,630.2753747537025,628.6442119335488,True,626.144,627.7089034701781,630.2753747537025,627.7089034701781
2025-08-05 11:00:00,626.1888,3713861,2025-08-05,2025-08-05 11:30:00,626.1888,2025-08-05 11:00:00,False,2025-08-05 16:00:00,2025-08-05 10:00:00,629.4947,11:30,3713861.0,20065529.0,0.005251672492238568,0.0015496173628461452,14.0,629.4248,630.4701759169396,628.449432401314,True,626.1888,627.4275526523721,630.4701759169396,627.4275526523721
2025-08-05 11:30:00,626.3185,2778972,2025-08-05,2025-08-05 12:00:00,626.3185,2025-08-05 11:30:00,False,2025-08-05 16:00:00,2025-08-05 10:00:00,629.4947,12:00,2778972.0,22844501.0,0.005045634220589901,0.0017084367933267413,14.0,629.4248,630.5701519066841,628.3494675130477,True,626.3185,627.2926393851719,630.5701519066841,627.2926393851719
2025-08-05 12:00:00,627.2802,2258266,2025-08-05,2025-08-05 12:30:00,627.2802,2025-08-05 12:00:00,False,2025-08-05 16:00:00,2025-08-05 10:00:00,629.4947,12:30,2258266.0,25102767.0,0.003517900944995933,0.0018334542406889334,14.0,629.4248,630.6488497272062,628.2707784312453,True,627.2802,627.2915203276357,630.6488497272062,627.2915203276357
2025-08-05 12:30:00,627.1412,3082644,2025-08-05,2025-08-05 13:00:00,627.1412,2025-08-05 12:30:00,False,2025-08-05 16:00:00,2025-08-05 10:00:00,629.4947,13:00,3082644.0,28185411.0,0.0037387129708954525,0.0017955497471355433,14.0,629.4248,630.6249890494081,628.2946364595191,True,627.1412,627.2750797635415,630.6249890494081,627.2750797635415
2025-08-05 13:00:00,627.9669,1469645,2025-08-05,2025-08-05 13:30:00,627.9669,2025-08-05 13:00:00,False,2025-08-05 16:00:00,2025-08-05 10:00:00,629.4947,13:30,1469645.0,29655056.0,0.002427025994023446,0.0024241541365908853,14.0,629.4248,631.020692180967,627.8989772674071,True,627.9669,627.3093649846319,631.020692180967,627.3093649846319
2025-08-05 13:30:00,628.3878,1885997,2025-08-05,2025-08-05 14:00:00,628.3878,2025-08-05 13:30:00,False,2025-08-05 16:00:00,2025-08-05 10:00:00,629.4947,14:00,1885997.0,31541053.0,0.001758394470993907,0.002619825800178618,14.0,629.4248,631.1438664561357,627.7758166696877,True,628.3878,627.3738499973447,631.1438664561357,627.3738499973447
2025-08-05 14:00:00,626.8021,3333195,2025-08-05,2025-08-05 14:30:00,626.8021,2025-08-05 14:00:00,False,2025-08-05 16:00:00,2025-08-05 10:00:00,629.4947,14:30,3333195.0,34874248.0,0.004277398999546711,0.002852095767780497,14.0,629.4248,631.2900791697102,627.6296201917839,True,626.8021,627.3192035363688,631.2900791697102,627.3192035363688
2025-08-05 14:30:00,626.7025,2812173,2025-08-05,2025-08-05 15:00:00,626.7025,2025-08-05 14:30:00,False,2025-08-05 16:00:00,2025-08-05 10:00:00,629.4947,15:00,2812173.0,37686421.0,0.004435621141845925,0.0031387881526250988,14.0,629.4248,631.4705505065002,627.4491688947916,True,626.7025,627.2731849177798,631.4705505065002,627.2731849177798
2025-08-05 15:00:00,627.2409,2660503,2025-08-05,2025-08-05 15:30:00,627.2409,2025-08-05 15:00:00,False,2025-08-05 16:00:00,2025-08-05 10:00:00,629.4947,15:30,2660503.0,40346924.0,0.003580331971023698,0.0035808966836393752,14.0,629.4248,631.7488554835986,627.1708948210796,True,627.2409,627.2710560288314,631.7488554835986,627.1708948210796
2025-08-05 15:30:00,626.2337,7180459,2025-08-05,2025-08-05 16:00:00,626.2337,2025-08-05 16:00:00,True,2025-08-05 16:00:00,2025-08-05 10:00:00,629.4947,16:00,7180459.0,47527383.0,0.005180345442145851,0.003537063342295231,14.0,629.4248,631.7212626275392,627.1984846131885,True,626.2337,627.1143318003287,631.7212626275392,627.1143318003287
2025-08-06 09:30:00,627.2111,5392073,2025-08-06,2025-08-06 10:00:00,627.2111,2025-08-06 09:30:00,False,2025-08-06 16:00:00,2025-08-06 10:00:00,627.2111,10:00,5392073.0,5392073.0,0.0,0.0,14.0,626.2336,627.2111,626.2336,True,627.2111,627.2111,627.2111,626.2336
2025-08-06 10:00:00,627.0166,3975508,2025-08-06,2025-08-06 10:30:00,627.0166,2025-08-06 10:00:00,False,2025-08-06 16:00:00,2025-08-06 10:00:00,627.2111,10:30,3975508.0,9367581.0,0.0003101029302573499,0.0011382954649531113,14.0,626.2336,627.9250515506982,625.5207611331188,True,627.0166,627.1285561387833,627.9250515506982,625.5207611331188
2025-08-06 10:30:00,629.2354,3338513,2025-08-06,2025-08-06 11:00:00,629.2354,2025-08-06 10:30:00,False,2025-08-06 16:00:00,2025-08-06 10:00:00,627.2111,11:00,3338513.0,12706094.0,0.0032274620139853827,0.0015996951505294502,14.0,626.2336,628.2144465550283,625.2318171469814,True,629.2354,627.6821271748265,628.2144465550283,625.2318171469814
2025-08-06 11:00:00,630.1678,3148082,2025-08-06,2025-08-06 11:30:00,630.1678,2025-08-06 11:00:00,False,2025-08-06 16:00:00,2025-08-06 10:00:00,627.2111,11:30,3148082.0,15854176.0,0.004714042847774991,0.0018512390918345287,14.0,626.2336,628.3722177071526,625.0742918790597,True,630.1678,628.1756944140711,628.3722177071526,625.0742918790597
2025-08-06 11:30:00,630.9307,3563295,2025-08-06,2025-08-06 12:00:00,630.9307,2025-08-06 11:30:00,False,2025-08-06 16:00:00,2025-08-06 10:00:00,627.2111,12:00,3563295.0,19417471.0,0.0059303797397718405,0.0020562077140743,14.0,626.2336,628.500776302173,624.9459336408675,True,630.9307,628.6812647650871,628.6812647650871,624.9459336408675
2025-08-06 12:00:00,630.6415,1891124,2025-08-06,2025-08-06 12:30:00,630.6415,2025-08-06 12:00:00,False,2025-08-06 16:00:00,2025-08-06 10:00:00,627.2111,12:30,1891124.0,21308595.0,0.005469290961209072,0.002038801113380403,14.0,626.2336,628.4898586890046,624.9568342390838,True,630.6415,628.8552343721113,628.8552343721113,624.9568342390838
2025-08-06 12:30:00,630.4919,1963747,2025-08-06,2025-08-06 13:00:00,630.4919,2025-08-06 12:30:00,False,2025-08-06 16:00:00,2025-08-06 10:00:00,627.2111,13:00,1963747.0,23272342.0,0.0052307747742346145,0.0019420312265822953,14.0,626.2336,628.429163541859,625.017434793665,True,630.4919,628.9933381012835,628.9933381012835,625.017434793665
2025-08-06 13:00:00,630.5491,1478956,2025-08-06,2025-08-06 13:30:00,630.5491,2025-08-06 13:00:00,False,2025-08-06 16:00:00,2025-08-06 10:00:00,627.2111,13:30,1478956.0,24751298.0,0.005321972139842535,0.002479235095857021,14.0,626.2336,628.7661037716312,624.6810196806751,True,630.5491,629.0862990197242,629.0862990197242,624.6810196806751
2025-08-06 13:30:00,630.4869,1645536,2025-08-06,2025-08-06 14:00:00,630.4869,2025-08-06 13:30:00,False,2025-08-06 16:00:00,2025-08-06 10:00:00,627.2111,14:00,1645536.0,26396834.0,0.005222802976541763,0.002623716012137781,14.0,626.2336,628.8567238060606,624.5905408763414,True,630.4869,629.1736102228283,629.1736102228283,624.5905408763414
2025-08-06 14:00:00,631.165,1888815,2025-08-06,2025-08-06 14:30:00,631.165,2025-08-06 14:00:00,False,2025-08-06 16:00:00,2025-08-06 10:00:00,627.2111,14:30,1888815.0,28285649.0,0.006303938179665458,0.0030049060387185894,14.0,626.2336,629.0958104219412,624.3518268737115,True,631.165,629.3065881467913,629.3065881467913,624.3518268737115
2025-08-06 14:30:00,630.841,1967411,2025-08-06,2025-08-06 15:00:00,630.841,2025-08-06 14:30:00,False,2025-08-06 16:00:00,2025-08-06 10:00:00,627.2111,15:00,1967411.0,30253060.0,0.005787365689159607,0.0031938106210177325,14.0,626.2336,629.2142934728001,624.2335284770818,True,630.841,629.4063737142193,629.4063737142193,624.2335284770818
2025-08-06 15:00:00,631.2698,2346532,2025-08-06,2025-08-06 15:30:00,631.2698,2025-08-06 15:00:00,False,2025-08-06 16:00:00,2025-08-06 10:00:00,627.2111,15:30,2346532.0,32599592.0,0.0064710270593106856,0.003597787194216876,14.0,626.2336,629.4676720636506,623.9805447733316,True,631.2698,629.5405039023893,629.5405039023893,623.9805447733316
2025-08-06 15:30:00,631.0305,10156262,2025-08-06,2025-08-06 16:00:00,631.0305,2025-08-06 16:00:00,True,2025-08-06 16:00:00,2025-08-06 10:00:00,627.2111,16:00,10156262.0,42755854.0,0.006089496821723994,0.0036579119271467142,14.0,626.2336,629.5053829635287,623.94289264538,True,631.0305,629.8944388453403,629.8944388453403,623.94289264538
2025-08-07 09:30:00,634.8,6229275,2025-08-07,2025-08-07 10:00:00,634.8,2025-08-07 09:30:00,False,2025-08-07 16:00:00,2025-08-07 10:00:00,634.8,10:00,6229275.0,6229275.0,0.0,0.0,14.0,631.0303,634.8,631.0303,True,634.8,634.8,634.8,631.0303
2025-08-07 10:00:00,632.0177,5784395,2025-08-07,2025-08-07 10:30:00,632.0177,2025-08-07 10:00:00,False,2025-08-07 16:00:00,2025-08-07 10:00:00,634.8,10:30,5784395.0,12013670.0,0.004382955261499677,0.0011146569180119042,14.0,631.0303,635.5075842115539,630.3269177106299,True,632.0177,633.4603658824906,635.5075842115539,630.3269177106299
2025-08-07 10:30:00,631.0005,4355565,2025-08-07,2025-08-07 11:00:00,631.0005,2025-08-07 10:30:00,False,2025-08-07 16:00:00,2025-08-07 10:00:00,634.8,11:00,4355565.0,16369235.0,0.005985349716446042,0.0018256733089926289,14.0,631.0303,635.9589374165485,629.8782448241244,True,631.0005,632.8058389151356,635.9589374165485,629.8782448241244
2025-08-07 11:00:00,630.1828,3596460,2025-08-07,2025-08-07 11:30:00,630.1828,2025-08-07 11:00:00,False,2025-08-07 16:00:00,2025-08-07 10:00:00,634.8,11:30,3596460.0,19965695.0,0.007273471959672206,0.002097798022282993,14.0,631.0303,636.1316821845452,629.7065258846594,True,630.1828,632.3333457443881,636.1316821845452,629.7065258846594
2025-08-07 11:30:00,630.0931,3008707,2025-08-07,2025-08-07 12:00:00,630.0931,2025-08-07 11:30:00,False,2025-08-07 16:00:00,2025-08-07 10:00:00,634.8,12:00,3008707.0,22974402.0,0.007414776307498316,0.002326303495728345,14.0,631.0303,636.2767374590883,629.5623320071995,True,630.0931,632.0399651787977,636.2767374590883,629.5623320071995
2025-08-07 12:00:00,630.462,2593360,2025-08-07,2025-08-07 12:30:00,630.462,2025-08-07 12:00:00,False,2025-08-07 16:00:00,2025-08-07 10:00:00,634.8,12:30,2593360.0,25567762.0,0.006833648393194669,0.002318752324594688,14.0,631.0303,636.2719439756527,629.5670970249853,True,630.462,631.8799108190893,636.2719439756527,629.5670970249853
2025-08-07 12:30:00,629.4947,3863117,2025-08-07,2025-08-07 13:00:00,629.4947,2025-08-07 12:30:00,False,2025-08-07 16:00:00,2025-08-07 10:00:00,634.8,13:00,3863117.0,29430879.0,0.008357435412728376,0.0022072458772222476,14.0,631.0303,636.2011596828606,629.6374609719227,True,629.4947,631.5668264404743,636.2011596828606,629.6374609719227
2025-08-07 13:00:00,628.308,3146081,2025-08-07,2025-08-07 13:30:00,628.308,2025-08-07 13:00:00,False,2025-08-07 16:00:00,2025-08-07 10:00:00,634.8,13:30,3146081.0,32576960.0,0.010226843100188954,0.0027281209653936623,14.0,631.0303,636.531811188832,629.3087730087714,True,628.308,631.2521091695357,636.531811188832,629.3087730087714
2025-08-07 13:30:00,629.0134,3181366,2025-08-07,2025-08-07 14:00:00,629.0134,2025-08-07 13:30:00,False,2025-08-07 16:00:00,2025-08-07 10:00:00,634.8,14:00,3181366.0,35758326.0,0.009115626969123936,0.002818642402606716,14.0,631.0303,636.5892741971746,629.2516512390904,True,629.0134,631.05293448681,636.5892741971746,629.2516512390904
2025-08-07 14:00:00,628.0288,3282337,2025-08-07,2025-08-07 14:30:00,628.0288,2025-08-07 14:00:00,False,2025-08-07 16:00:00,2025-08-07 10:00:00,634.8,14:30,3282337.0,39040663.0,0.010666666666666491,0.003230352069784131,14.0,631.0303,636.8506274938989,628.9918499642985,True,628.0288,630.7986809020533,636.8506274938989,628.9918499642985
2025-08-07 14:30:00,628.7874,2476419,2025-08-07,2025-08-07 15:00:00,628.7874,2025-08-07 14:30:00,False,2025-08-07 16:00:00,2025-08-07 10:00:00,634.8,15:00,2476419.0,41517082.0,0.009471644612476182,0.0033663823351880056,14.0,631.0303,636.9369795063773,628.9060107451116,True,628.7874,630.6787116267516,636.9369795063773,628.9060107451116
2025-08-07 15:00:00,628.6271,2695996,2025-08-07,2025-08-07 15:30:00,628.6271,2025-08-07 15:00:00,False,2025-08-07 16:00:00,2025-08-07 10:00:00,634.8,15:30,2695996.0,44213078.0,0.009724165091367198,0.003820336296195865,14.0,631.0303,637.2251494808252,628.6195520409107,True,628.6271,630.5536098019187,637.2251494808252,628.6195520409107
2025-08-07 15:30:00,630.5019,7712249,2025-08-07,2025-08-07 16:00:00,630.5019,2025-08-07 16:00:00,True,2025-08-07 16:00:00,2025-08-07 10:00:00,634.8,16:00,7712249.0,51925327.0,0.006770793950850673,0.0038452207283685147,14.0,631.0303,637.2409461183684,628.6038492102114,True,630.5019,630.5459295639467,637.2409461183684,628.6038492102114
2025-08-08 09:30:00,634.1917,5559398,2025-08-08,2025-08-08 10:00:00,634.1917,2025-08-08 09:30:00,False,2025-08-08 16:00:00,2025-08-08 10:00:00,634.1917,10:00,5559398.0,5559398.0,0.0,0.0,14.0,630.5018,634.1917,630.5018,True,634.1917,634.1917,634.1917,630.5018
2025-08-08 10:00:00,634.6803,4287697,2025-08-08,2025-08-08 10:30:00,634.6803,2025-08-08 10:00:00,False,2025-08-08 16:00:00,2025-08-08 10:00:00,634.1917,10:30,4287697.0,9847095.0,0.0007704295089323576,0.0012165812228262598,14.0,630.5018,634.9632457138922,629.7347433491618,True,634.6803,634.4044499281971,634.9632457138922,629.7347433491618
2025-08-08 10:30:00,634.072,3200368,2025-08-08,2025-08-08 11:00:00,634.072,2025-08-08 10:30:00,False,2025-08-08 16:00:00,2025-08-08 10:00:00,634.1917,11:00,3200368.0,13047463.0,0.0001887441920163102,0.002018218283951521,14.0,630.5018,635.4716372844703,629.2293097391756,True,634.072,634.322904411509,635.4716372844703,629.2293097391756
2025-08-08 11:00:00,634.2366,2532821,2025-08-08,2025-08-08 11:30:00,634.2366,2025-08-08 11:00:00,False,2025-08-08 16:00:00,2025-08-08 10:00:00,634.1917,11:30,2532821.0,15580284.0,7.079878213467339e-05,0.002434577096432942,14.0,630.5018,635.7356885875678,628.9667947584603,True,634.2366,634.3088742676513,635.7356885875678,628.9667947584603
2025-08-08 11:30:00,634.5756,2889168,2025-08-08,2025-08-08 12:00:00,634.5756,2025-08-08 11:30:00,False,2025-08-08 16:00:00,2025-08-08 10:00:00,634.1917,12:00,2889168.0,18469452.0,0.0006053374713039794,0.002726516642605259,14.0,630.5018,635.920834224652,628.7827263491074,True,634.5756,634.3505980529959,635.920834224652,628.7827263491074
2025-08-08 12:00:00,635.1341,2336081,2025-08-08,2025-08-08 12:30:00,635.1341,2025-08-08 12:00:00,False,2025-08-08 16:00:00,2025-08-08 10:00:00,634.1917,12:30,2336081.0,20805533.0,0.0014859860196845265,0.002544650457883768,14.0,630.5018,635.8054961997912,628.8973933059335,True,635.1341,634.4385709980705,635.8054961997912,628.8973933059335
2025-08-08 12:30:00,634.79,1778302,2025-08-08,2025-08-08 13:00:00,634.79,2025-08-08 12:30:00,False,2025-08-08 16:00:00,2025-08-08 10:00:00,634.1917,13:00,1778302.0,22583835.0,0.0009434055980235279,0.0025124697290546277,14.0,630.5018,635.7850874486677,628.9176833133855,True,634.79,634.4662433086852,635.7850874486677,628.9176833133855
2025-08-08 13:00:00,634.631,1798347,2025-08-08,2025-08-08 13:30:00,634.631,2025-08-08 13:00:00,False,2025-08-08 16:00:00,2025-08-08 10:00:00,634.1917,13:30,1798347.0,24382182.0,0.0006926927615105161,0.0031998050598753586,14.0,630.5018,636.2209898105909,628.4843171500995,True,634.631,634.4783952031119,636.2209898105909,628.4843171500995
2025-08-08 13:30:00,635.4669,1537600,2025-08-08,2025-08-08 14:00:00,635.4669,2025-08-08 13:30:00,False,2025-08-08 16:00:00,2025-08-08 10:00:00,634.1917,14:00,1537600.0,25919782.0,0.002010748485040237,0.003226833251020641,14.0,630.5018,636.2381308650812,628.4672758269317,True,635.4669,634.537034777152,636.2381308650812,628.4672758269317
2025-08-08 14:00:00,635.4581,2036265,2025-08-08,2025-08-08 14:30:00,635.4581,2025-08-08 14:00:00,False,2025-08-08 16:00:00,2025-08-08 10:00:00,634.1917,14:30,2036265.0,27956047.0,0.0019968725544656785,0.0037493314680225242,14.0,630.5018,636.5694948975687,628.1378397606152,True,635.4581,634.6041234065281,636.5694948975687,628.1378397606152
2025-08-08 14:30:00,635.4631,2238190,2025-08-08,2025-08-08 15:00:00,635.4631,2025-08-08 14:30:00,False,2025-08-08 16:00:00,2025-08-08 10:00:00,634.1917,15:00,2238190.0,30194237.0,0.0020047566059286925,0.0038147668124994738,14.0,630.5018,636.6109934499226,628.0965826581388,True,635.4631,634.6677962465387,636.6109934499226,628.0965826581388
2025-08-08 15:00:00,635.4731,2858508,2025-08-08,2025-08-08 15:30:00,635.4731,2025-08-08 15:00:00,False,2025-08-08 16:00:00,2025-08-08 10:00:00,634.1917,15:30,2858508.0,33052745.0,0.0020205247088538325,0.004304913892422245,14.0,630.5018,636.9218406597888,627.7875440419828,True,635.4731,634.7374415126641,636.9218406597888,627.7875440419828
2025-08-08 15:30:00,635.4183,8932944,2025-08-08,2025-08-08 16:00:00,635.3884,2025-08-08 16:00:00,True,2025-08-08 16:00:00,2025-08-08 10:00:00,634.1917,16:00,8932944.0,41985689.0,0.0019341155048229197,0.004140414095673712,14.0,630.5018,636.8175162540393,627.8912614599324,True,635.3884,634.8759405072548,636.8175162540393,627.8912614599324
2025-08-11 09:30:00,635.9368,4317425,2025-08-11,2025-08-11 10:00:00,635.9368,2025-08-11 09:30:00,False,2025-08-11 16:00:00,2025-08-11 10:00:00,635.9368,10:00,4317425.0,4317425.0,0.0,0.0,14.0,635.4182,635.9368,635.4182,True,635.9368,635.9368,635.9368,635.4182
2025-08-11 10:00:00,635.4881,2861676,2025-08-11,2025-08-11 10:30:00,635.4881,2025-08-11 10:00:00,False,2025-08-11 16:00:00,2025-08-11 10:00:00,635.9368,10:30,2861676.0,7179101.0,0.0007055732582230689,0.0012172657051793903,14.0,635.4182,636.7109040573015,634.6447272166931,True,635.4881,635.7579427835881,636.7109040573015,634.6447272166931
2025-08-11 10:30:00,634.9995,2462056,2025-08-11,2025-08-11 11:00:00,634.9995,2025-08-11 10:30:00,False,2025-08-11 16:00:00,2025-08-11 10:00:00,635.9368,11:00,2462056.0,9641157.0,0.0014738886002507723,0.0020045269135245086,14.0,635.4182,637.2115524309006,634.1444871167566,True,634.9995,635.5642597426429,637.2115524309006,634.1444871167566
2025-08-11 11:00:00,635.3087,1984889,2025-08-11,2025-08-11 11:30:00,635.3087,2025-08-11 11:00:00,False,2025-08-11 16:00:00,2025-08-11 10:00:00,635.9368,11:30,1984889.0,11626046.0,0.0009876767628479444,0.0023821084871776493,14.0,635.4182,637.4516704485885,633.9045649128728,True,635.3087,635.5206285956464,637.4516704485885,633.9045649128728
2025-08-11 11:30:00,636.0964,2038819,2025-08-11,2025-08-11 12:00:00,636.0964,2025-08-11 11:30:00,False,2025-08-11 16:00:00,2025-08-11 10:00:00,635.9368,12:00,2038819.0,13664865.0,0.00025096833521831563,0.0027267300146311007,14.0,635.4182,637.6708279599685,633.685586122217,True,636.0964,635.6065345799976,637.6708279599685,633.685586122217
2025-08-11 12:00:00,636.7845,2830835,2025-08-11,2025-08-11 12:30:00,636.7845,2025-08-11 12:00:00,False,2025-08-11 16:00:00,2025-08-11 10:00:00,635.9368,12:30,2830835.0,16495700.0,0.001332994096268747,0.0026479535054811216,14.0,635.4182,637.6207310788244,633.7356421498635,True,636.7845,635.8086857915093,637.6207310788244,633.7356421498635
2025-08-11 12:30:00,635.5579,2196088,2025-08-11,2025-08-11 13:00:00,635.5579,2025-08-11 12:30:00,False,2025-08-11 16:00:00,2025-08-11 10:00:00,635.9368,13:00,2196088.0,18691788.0,0.0005958139236476034,0.002527769339860272,14.0,635.4182,637.5443015451287,633.8120093560507,True,635.5579,635.7792211053431,637.5443015451287,633.8120093560507
2025-08-11 13:00:00,635.4183,1649618,2025-08-11,2025-08-11 13:30:00,635.4183,2025-08-11 13:00:00,False,2025-08-11 16:00:00,2025-08-11 10:00:00,635.9368,13:30,1649618.0,20341406.0,0.0008153325927984234,0.0031802091661960303,14.0,635.4182,637.9592120404814,633.3974372159922,True,635.4183,635.749951646194,637.9592120404814,633.3974372159922
2025-08-11 13:30:00,635.0892,2169086,2025-08-11,2025-08-11 14:00:00,635.0892,2025-08-11 13:30:00,False,2025-08-11 16:00:00,2025-08-11 10:00:00,635.9368,14:00,2169086.0,22510492.0,0.001332836847938279,0.003327989530974161,14.0,635.4182,638.0531910127611,633.3035348826095,True,635.0892,635.6862823516608,638.0531910127611,633.3035348826095
2025-08-11 14:00:00,634.7451,3191582,2025-08-11,2025-08-11 14:30:00,634.7451,2025-08-11 14:00:00,False,2025-08-11 16:00:00,2025-08-11 10:00:00,635.9368,14:30,3191582.0,25702074.0,0.0018739283526286732,0.0038444208160964993,14.0,635.4182,638.3816086716419,632.9753850449933,True,634.7451,635.5694100458586,638.3816086716419,632.9753850449933
2025-08-11 14:30:00,634.7202,2494777,2025-08-11,2025-08-11 15:00:00,634.7202,2025-08-11 14:30:00,False,2025-08-11 16:00:00,2025-08-11 10:00:00,635.9368,15:00,2494777.0,28196851.0,0.001913083186882658,0.003913791814516969,14.0,635.4182,638.4257242423901,632.9313054500449,True,634.7202,635.494274361715,638.4257242423901,632.9313054500449
2025-08-11 15:00:00,634.5208,1631757,2025-08-11,2025-08-11 15:30:00,634.5208,2025-08-11 15:00:00,False,2025-08-11 16:00:00,2025-08-11 10:00:00,635.9368,15:30,1631757.0,29828608.0,0.002226636357575029,0.004298632487310597,14.0,635.4182,638.6704585883564,632.6867706824515,True,634.5208,635.4410210015834,638.6704585883564,632.6867706824515
2025-08-11 15:30:00,634.1617,11052405,2025-08-11,2025-08-11 16:00:00,634.1617,2025-08-11 16:00:00,True,2025-08-11 16:00:00,2025-08-11 10:00:00,635.9368,16:00,11052405.0,40881013.0,0.002791315111816073,0.004050960696310224,14.0,635.4182,638.5129549821372,632.8441458460798,True,634.1617,635.095149586056,638.5129549821372,632.8441458460798
2025-08-12 09:30:00,635.4083,8394587,2025-08-12,2025-08-12 10:00:00,635.4083,2025-08-12 09:30:00,False,2025-08-12 16:00:00,2025-08-12 10:00:00,635.4083,10:00,8394587.0,8394587.0,0.0,0.0,14.0,634.1617,635.4083,634.1617,True,635.4083,635.4083,635.4083,634.1617
2025-08-12 10:00:00,637.5623,4240010,2025-08-12,2025-08-12 10:30:00,637.5623,2025-08-12 10:00:00,False,2025-08-12 16:00:00,2025-08-12 10:00:00,635.4083,10:30,4240010.0,12634597.0,0.003389946275489386,0.0012346143230097845,14.0,634.1617,636.1927841881393,633.3787548820758,True,637.5623,636.1311549941087,636.1927841881393,633.3787548820758
2025-08-12 10:30:00,638.1101,3194372,2025-08-12,2025-08-12 11:00:00,638.1101,2025-08-12 10:30:00,False,2025-08-12 16:00:00,2025-08-12 10:00:00,635.4083,11:00,3194372.0,15828969.0,0.004252069102653966,0.0019736070193005334,14.0,634.1617,636.6623462810019,632.9101140175085,True,638.1101,636.5305168550334,636.6623462810019,632.9101140175085
2025-08-12 11:00:00,638.759,3719051,2025-08-12,2025-08-12 11:30:00,638.759,2025-08-12 11:00:00,False,2025-08-12 16:00:00,2025-08-12 10:00:00,635.4083,11:30,3719051.0,19548020.0,0.005273302221579401,0.002352354193868406,14.0,634.1617,636.9030053793239,632.6699270654143,True,638.759,636.9544903556116,636.9544903556116,632.6699270654143
2025-08-12 11:30:00,639.4172,2603331,2025-08-12,2025-08-12 12:00:00,639.4172,2025-08-12 11:30:00,False,2025-08-12 16:00:00,2025-08-12 10:00:00,635.4083,12:00,2603331.0,22151351.0,0.00630917159879707,0.0026398053886078,14.0,634.1617,637.0856542543062,632.4876365270914,True,639.4172,637.2439195809999,637.2439195809999,632.4876365270914
2025-08-12 12:00:00,639.6067,1775052,2025-08-12,2025-08-12 12:30:00,639.6067,2025-08-12 12:00:00,False,2025-08-12 16:00:00,2025-08-12 10:00:00,635.4083,12:30,1775052.0,23926403.0,0.006607405033897118,0.0026964387072656976,14.0,634.1617,637.121639535038,632.4517218454546,True,639.6067,637.4192095361306,637.4192095361306,632.4517218454546
2025-08-12 12:30:00,639.9308,1957173,2025-08-12,2025-08-12 13:00:00,639.9308,2025-08-12 12:30:00,False,2025-08-12 16:00:00,2025-08-12 10:00:00,635.4083,13:00,1957173.0,25883576.0,0.007117470766434542,0.0024472376213259977,14.0,634.1617,636.9632950966628,632.6097556297559,True,639.9308,637.6091221294655,637.6091221294655,632.6097556297559
2025-08-12 13:00:00,639.7662,1555664,2025-08-12,2025-08-12 13:30:00,639.7662,2025-08-12 13:00:00,False,2025-08-12 16:00:00,2025-08-12 10:00:00,635.4083,13:30,1555664.0,27439240.0,0.00685842473256959,0.002974051432197319,14.0,634.1617,637.2980369646452,632.2756704878703,True,639.7662,637.7314173675402,637.7314173675402,632.2756704878703
2025-08-12 13:30:00,640.3098,1617648,2025-08-12,2025-08-12 14:00:00,640.3098,2025-08-12 13:30:00,False,2025-08-12 16:00:00,2025-08-12 10:00:00,635.4083,14:00,1617648.0,29056888.0,0.007713937636634416,0.003244265612564388,14.0,634.1617,637.4697332976281,632.1043110038846,True,640.3098,637.8749604582054,637.8749604582054,632.1043110038846
2025-08-12 14:00:00,640.4722,2154413,2025-08-12,2025-08-12 14:30:00,640.4722,2025-08-12 14:00:00,False,2025-08-12 16:00:00,2025-08-12 10:00:00,635.4083,14:30,2154413.0,31211301.0,0.00796952132982831,0.0037936437713252075,14.0,634.1617,637.8188127395434,631.755916416782,True,640.4722,638.05423932367,638.05423932367,631.755916416782
2025-08-12 14:30:00,640.2349,1992029,2025-08-12,2025-08-12 15:00:00,640.2349,2025-08-12 14:30:00,False,2025-08-12 16:00:00,2025-08-12 10:00:00,635.4083,15:00,1992029.0,33203330.0,0.007596060674687433,0.0037586864568546685,14.0,634.1617,637.7966005717831,631.778085006754,True,640.2349,638.1850677467953,638.1850677467953,631.778085006754
2025-08-12 15:00:00,640.5491,2314568,2025-08-12,2025-08-12 15:30:00,640.5491,2025-08-12 15:00:00,False,2025-08-12 16:00:00,2025-08-12 10:00:00,635.4083,15:30,2314568.0,35517898.0,0.00809054587420377,0.004181305731229363,14.0,634.1617,638.0651363664608,631.5100760492638,True,640.5491,638.3391228489367,638.3391228489367,631.5100760492638
2025-08-12 15:30:00,640.913,9252704,2025-08-12,2025-08-12 16:00:00,640.913,2025-08-12 16:00:00,True,2025-08-12 16:00:00,2025-08-12 10:00:00,635.4083,16:00,9252704.0,44770602.0,0.008663248497068565,0.004012148733812028,14.0,634.1617,637.9576526062988,631.617348938313,True,640.913,638.8710639519657,638.8710639519657,631.617348938313
2025-08-13 09:30:00,643.8051,5838094,2025-08-13,2025-08-13 10:00:00,643.8051,2025-08-13 09:30:00,False,2025-08-13 16:00:00,2025-08-13 10:00:00,643.8051,10:00,5838094.0,5838094.0,0.0,0.0,14.0,640.913,643.8051,640.913,True,643.8051,643.8051,643.8051,640.913
2025-08-13 10:00:00,642.4631,4327748,2025-08-13,2025-08-13 10:30:00,642.4631,2025-08-13 10:00:00,False,2025-08-13 16:00:00,2025-08-13 10:00:00,643.8051,10:30,4327748.0,10165842.0,0.0020844817787246672,0.001388317296082242,14.0,640.913,644.698905755636,640.023209396816,True,642.4631,643.2337909224046,644.698905755636,640.023209396816
2025-08-13 10:30:00,642.03,3386641,2025-08-13,2025-08-13 11:00:00,642.03,2025-08-13 10:30:00,False,2025-08-13 16:00:00,2025-08-13 10:00:00,643.8051,11:00,3386641.0,13552483.0,0.0027572008982222895,0.002190027196712455,14.0,640.913,645.2150506783821,639.5093830992735,True,642.03,642.9329746296823,645.2150506783821,639.5093830992735
2025-08-13 11:00:00,641.9103,3423774,2025-08-13,2025-08-13 11:30:00,641.9103,2025-08-13 11:00:00,False,2025-08-13 16:00:00,2025-08-13 10:00:00,643.8051,11:30,3423774.0,16976257.0,0.002943126731987711,0.0026269840429678187,14.0,640.913,645.4963657244813,639.2293317760694,True,641.9103,642.7267214604726,645.4963657244813,639.2293317760694
2025-08-13 11:30:00,641.671,2242277,2025-08-13,2025-08-13 12:00:00,641.671,2025-08-13 11:30:00,False,2025-08-13 16:00:00,2025-08-13 10:00:00,643.8051,12:00,2242277.0,19218534.0,0.0033148230730076778,0.0028625597419233034,14.0,640.913,645.648030560905,639.0783482481247,True,641.671,642.6035476559971,645.648030560905,639.0783482481247
2025-08-13 12:00:00,641.4814,1430669,2025-08-13,2025-08-13 12:30:00,641.4814,2025-08-13 12:00:00,False,2025-08-13 16:00:00,2025-08-13 10:00:00,643.8051,12:30,1430669.0,20649203.0,0.003609322138019788,0.0029745145605850065,14.0,640.913,645.7201076441289,639.0065949494317,True,641.4814,642.5258002550511,645.7201076441289,639.0065949494317
2025-08-13 12:30:00,641.2296,1750568,2025-08-13,2025-08-13 13:00:00,641.2296,2025-08-13 12:30:00,False,2025-08-13 16:00:00,2025-08-13 10:00:00,643.8051,13:00,1750568.0,22399771.0,0.00400043429292507,0.002741257958022563,14.0,640.913,645.5699358537905,639.1560921383499,True,641.2296,642.4245007065831,645.5699358537905,639.1560921383499
2025-08-13 13:00:00,641.879,1970752,2025-08-13,2025-08-13 13:30:00,641.879,2025-08-13 13:00:00,False,2025-08-13 16:00:00,2025-08-13 10:00:00,643.8051,13:30,1970752.0,24370523.0,0.002991743929956492,0.0032196084675432507,14.0,640.913,645.8779003514076,638.8495110782414,True,641.879,642.3803881281004,645.8779003514076,638.8495110782414
2025-08-13 13:30:00,641.7457,1694987,2025-08-13,2025-08-13 14:00:00,641.7457,2025-08-13 13:30:00,False,2025-08-13 16:00:00,2025-08-13 10:00:00,643.8051,14:00,1694987.0,26065510.0,0.003198794169229191,0.003501039047211956,14.0,640.913,646.0590867938942,638.6691385611342,True,641.7457,642.3391156524733,646.0590867938942,638.6691385611342
2025-08-13 14:00:00,642.1247,1863986,2025-08-13,2025-08-13 14:30:00,642.1247,2025-08-13 14:00:00,False,2025-08-13 16:00:00,2025-08-13 10:00:00,643.8051,14:30,1863986.0,27929496.0,0.0026101066922272764,0.003990436048973018,14.0,640.913,646.3741630795528,638.3554776605446,True,642.1247,642.3248057711068,646.3741630795528,638.3554776605446
2025-08-13 14:30:00,642.2114,2258650,2025-08-13,2025-08-13 15:00:00,642.2114,2025-08-13 14:30:00,False,2025-08-13 16:00:00,2025-08-13 10:00:00,643.8051,15:00,2258650.0,30188146.0,0.0024754386071188517,0.0039248234650239855,14.0,640.913,646.3319213633822,638.3975296185611,True,642.2114,642.3163208530561,646.3319213633822,638.3975296185611
2025-08-13 15:00:00,642.5385,2619840,2025-08-13,2025-08-13 15:30:00,642.5385,2025-08-13 15:00:00,False,2025-08-13 16:00:00,2025-08-13 10:00:00,643.8051,15:30,2619840.0,32807986.0,0.001967365589368608,0.004375963836445824,14.0,640.913,646.6223678353194,638.108387889692,True,642.5385,642.3340626862893,646.6223678353194,638.108387889692
2025-08-13 15:30:00,643.107,7505989,2025-08-13,2025-08-13 16:00:00,643.107,2025-08-13 16:00:00,True,2025-08-13 16:00:00,2025-08-13 10:00:00,643.8051,16:00,7505989.0,40313975.0,0.0010843343738656808,0.004149067841083455,14.0,640.913,646.4762910363355,638.2538084827677,True,643.107,642.4779745425228,646.4762910363355,638.2538084827677
2025-08-14 09:30:00,642.2872,5798363,2025-08-14,2025-08-14 10:00:00,642.2872,2025-08-14 09:30:00,False,2025-08-14 16:00:00,2025-08-14 10:00:00,642.2872,10:00,5798363.0,5798363.0,0.0,0.0,14.0,643.1069,643.1069,642.2872,True,642.2872,642.2872,643.1069,642.2872
2025-08-14 10:00:00,642.4587,2701448,2025-08-14,2025-08-14 10:30:00,642.4587,2025-08-14 10:00:00,False,2025-08-14 16:00:00,2025-08-14 10:00:00,642.2872,10:30,2701448.0,8499811.0,0.000267014506905916,0.0015023490869789538,14.0,643.1069,644.0730710640449,641.3222604115017,True,642.4587,642.3417068980946,644.0730710640449,641.3222604115017
2025-08-14 10:30:00,642.9573,2977255,2025-08-14,2025-08-14 11:00:00,642.9573,2025-08-14 10:30:00,False,2025-08-14 16:00:00,2025-08-14 10:00:00,642.2872,11:00,2977255.0,11477066.0,0.0010433027468086387,0.0023398062435119166,14.0,643.1069,644.6116455398655,640.7843723993121,True,642.9573,642.5013973312256,644.6116455398655,640.7843723993121
2025-08-14 11:00:00,641.5313,2856286,2025-08-14,2025-08-14 11:30:00,641.5313,2025-08-14 11:00:00,False,2025-08-14 16:00:00,2025-08-14 10:00:00,642.2872,11:30,2856286.0,14333352.0,0.0011768878470566069,0.0027894119481261842,14.0,643.1069,644.9007900707824,640.4955964101914,True,641.5313,642.3080806928135,644.9007900707824,640.4955964101914
2025-08-14 11:30:00,642.2693,2542524,2025-08-14,2025-08-14 12:00:00,642.2693,2025-08-14 11:30:00,False,2025-08-14 16:00:00,2025-08-14 10:00:00,642.2872,12:00,2542524.0,16875876.0,2.7869152615767057e-05,0.003054277897802477,14.0,643.1069,645.0711271905942,640.3254764009986,True,642.2693,642.3022379832431,645.0711271905942,640.3254764009986
2025-08-14 12:00:00,641.3318,2042446,2025-08-14,2025-08-14 12:30:00,641.3318,2025-08-14 12:00:00,False,2025-08-14 16:00:00,2025-08-14 10:00:00,642.2872,12:30,2042446.0,18918322.0,0.001487496559171575,0.003169336618279133,14.0,643.1069,645.145122247638,640.251575657588,True,641.3318,642.1974682696754,645.145122247638,640.251575657588
2025-08-14 12:30:00,642.3989,1514323,2025-08-14,2025-08-14 13:00:00,642.3989,2025-08-14 12:30:00,False,2025-08-14 16:00:00,2025-08-14 10:00:00,642.2872,13:00,1514323.0,20432645.0,0.0001739097400665912,0.003001695819805258,14.0,643.1069,645.0373112934179,640.3592491966456,True,642.3989,642.2123969635454,645.0373112934179,640.3592491966456
2025-08-14 13:00:00,643.2266,1680762,2025-08-14,2025-08-14 13:30:00,643.2266,2025-08-14 13:00:00,False,2025-08-14 16:00:00,2025-08-14 10:00:00,642.2872,13:30,1680762.0,22113407.0,0.0014625855847663072,0.0034051888386439594,14.0,643.1069,645.2968004379348,640.1000907953561,True,643.2266,642.2894829559461,645.2968004379348,640.1000907953561
2025-08-14 13:30:00,642.8975,1602717,2025-08-14,2025-08-14 14:00:00,642.8975,2025-08-14 13:30:00,False,2025-08-14 16:00:00,2025-08-14 10:00:00,642.2872,14:00,1602717.0,23716124.0,0.0009501979799690918,0.003713216606484604,14.0,643.1069,645.4948952208248,639.9022485028274,True,642.8975,642.3305722693937,645.4948952208248,639.9022485028274
2025-08-14 14:00:00,642.2693,2391158,2025-08-14,2025-08-14 14:30:00,642.2693,2025-08-14 14:00:00,False,2025-08-14 16:00:00,2025-08-14 10:00:00,642.2872,14:30,2391158.0,26107282.0,2.7869152615767057e-05,0.004101513798084314,14.0,643.1069,645.7446118239932,639.652850186867,True,642.2693,642.3249603609177,645.7446118239932,639.652850186867
2025-08-14 14:30:00,642.7979,2312992,2025-08-14,2025-08-14 15:00:00,642.7979,2025-08-14 14:30:00,False,2025-08-14 16:00:00,2025-08-14 10:00:00,642.2872,15:00,2312992.0,28420274.0,0.0007951271642967495,0.0040926408020642525,14.0,643.1069,645.738905539029,639.6585491986364,True,642.7979,642.3634506865802,645.738905539029,639.6585491986364
2025-08-14 15:00:00,643.2266,3079370,2025-08-14,2025-08-14 15:30:00,643.2266,2025-08-14 15:00:00,False,2025-08-14 16:00:00,2025-08-14 10:00:00,642.2872,15:30,3079370.0,31499644.0,0.0014625855847663072,0.004478246837003065,14.0,643.1069,645.9868914407798,639.4108793781525,True,643.2266,642.4478311989843,645.9868914407798,639.4108793781525
2025-08-14 15:30:00,643.1668,7106497,2025-08-14,2025-08-14 16:00:00,643.1568,2025-08-14 16:00:00,True,2025-08-14 16:00:00,2025-08-14 10:00:00,642.2872,16:00,7106497.0,38606141.0,0.0013694808179269824,0.00414891756550131,14.0,643.1069,645.7750975139052,639.6224033538233,True,643.1568,642.5783359458202,645.7750975139052,639.6224033538233
2025-08-15 09:30:00,641.6362,5169500,2025-08-15,2025-08-15 10:00:00,641.6362,2025-08-15 09:30:00,False,2025-08-15 16:00:00,2025-08-15 10:00:00,641.6362,10:00,5169500.0,5169500.0,0.0,0.0,14.0,643.1667,643.1667,641.6362,True,641.6362,641.6362,643.1667,641.6362
2025-08-15 10:00:00,642.3889,3353255,2025-08-15,2025-08-15 10:30:00,642.3889,2025-08-15 10:00:00,False,2025-08-15 16:00:00,2025-08-15 10:00:00,641.6362,10:30,3353255.0,8522755.0,0.001173094660182894,0.0014983649254504208,14.0,643.1667,644.1303984244978,640.6747948230208,True,642.3889,641.9323477877166,644.1303984244978,640.6747948230208
2025-08-15 10:30:00,641.7507,2236771,2025-08-15,2025-08-15 11:00:00,641.7507,2025-08-15 10:30:00,False,2025-08-15 16:00:00,2025-08-15 10:00:00,641.6362,11:00,2236771.0,10759526.0,0.00017845003134175919,0.0023547301535349974,14.0,643.1667,644.6811840222396,640.1253198922603,True,641.7507,641.8945854825947,644.6811840222396,640.1253198922603
2025-08-15 11:00:00,641.7108,2146008,2025-08-15,2025-08-15 11:30:00,641.7108,2025-08-15 11:00:00,False,2025-08-15 16:00:00,2025-08-15 10:00:00,641.6362,11:30,2146008.0,12905534.0,0.00011626526059460573,0.0027953196036391886,14.0,643.1667,644.9645564849179,639.8426217517355,True,641.7108,641.8640245530019,644.9645564849179,639.8426217517355
2025-08-15 11:30:00,641.5911,3058646,2025-08-15,2025-08-15 12:00:00,641.5911,2025-08-15 11:30:00,False,2025-08-15 16:00:00,2025-08-15 10:00:00,641.6362,12:00,3058646.0,15964180.0,7.028905164652155e-05,0.002984866295127683,14.0,643.1667,645.0864666049786,639.7210017328862,True,641.5911,641.8117337624733,645.0864666049786,639.7210017328862
2025-08-15 12:00:00,641.5513,2148069,2025-08-15,2025-08-15 12:30:00,641.5513,2025-08-15 12:00:00,False,2025-08-15 16:00:00,2025-08-15 10:00:00,641.6362,12:30,2148069.0,18112249.0,0.00013231797083779195,0.003109725233332004,14.0,643.1667,645.1667717162289,639.6408877182408,True,641.5513,641.7808469470522,645.1667717162289,639.6408877182408
2025-08-15 12:30:00,642.2792,1818708,2025-08-15,2025-08-15 13:00:00,642.2792,2025-08-15 12:30:00,False,2025-08-15 16:00:00,2025-08-15 10:00:00,641.6362,13:00,1818708.0,19930957.0,0.0010021255035173038,0.0028392709217107603,14.0,643.1667,644.9928245091226,639.814420995023,True,642.2792,641.8263218675099,644.9928245091226,639.814420995023
2025-08-15 13:00:00,642.3839,1857701,2025-08-15,2025-08-15 13:30:00,642.3839,2025-08-15 13:00:00,False,2025-08-15 16:00:00,2025-08-15 10:00:00,641.6362,13:30,1857701.0,21788658.0,0.001165302082394959,0.003312330595191783,14.0,643.1667,645.2970807382186,639.5108887837574,True,642.3839,641.8738609795702,645.2970807382186,639.5108887837574
2025-08-15 13:30:00,642.9374,2006720,2025-08-15,2025-08-15 14:00:00,642.9374,2025-08-15 13:30:00,False,2025-08-15 16:00:00,2025-08-15 10:00:00,641.6362,14:00,2006720.0,23795378.0,0.002027940443509957,0.0035736346271697528,14.0,643.1667,645.4651427901625,639.3432266576344,True,642.9374,641.9635517179597,645.4651427901625,639.3432266576344
2025-08-15 14:00:00,642.738,2697391,2025-08-15,2025-08-15 14:30:00,642.738,2025-08-15 14:00:00,False,2025-08-15 16:00:00,2025-08-15 10:00:00,641.6362,14:30,2697391.0,26492769.0,0.0017171724413305167,0.0038729945619366823,14.0,643.1667,645.6576811315188,639.1511464866583,True,642.738,642.0424030387085,645.6576811315188,639.1511464866583
2025-08-15 14:30:00,642.4737,2136084,2025-08-15,2025-08-15 15:00:00,642.4737,2025-08-15 14:30:00,False,2025-08-15 16:00:00,2025-08-15 10:00:00,641.6362,15:00,2136084.0,28628853.0,0.0013052567794646919,0.003936920025298488,14.0,643.1667,645.6987958608352,639.1101295952636,True,642.4737,642.0745833897083,645.6987958608352,639.1101295952636
2025-08-15 15:00:00,642.02,3193951,2025-08-15,2025-08-15 15:30:00,642.02,2025-08-15 15:00:00,False,2025-08-15 16:00:00,2025-08-15 10:00:00,641.6362,15:30,3193951.0,31822804.0,0.0005981582709952971,0.0043533348093981695,14.0,643.1667,645.9666199833558,638.84294279557,True,642.02,642.0691050329883,645.9666199833558,638.84294279557
2025-08-15 15:30:00,641.6609,7301487,2025-08-15,2025-08-15 16:00:00,641.6609,2025-08-15 16:00:00,True,2025-08-15 16:00:00,2025-08-15 10:00:00,641.6362,16:00,7301487.0,39124291.0,3.849533427180418e-05,0.004043230482188235,14.0,643.1667,645.7671712065684,639.0419169576846,True,641.6609,641.9929246431201,645.7671712065684,639.0419169576846
2025-08-18 09:30:00,640.9629,4485629,2025-08-18,2025-08-18 10:00:00,640.9629,2025-08-18 09:30:00,False,2025-08-18 16:00:00,2025-08-18 10:00:00,640.9629,10:00,4485629.0,4485629.0,0.0,0.0,14.0,641.6609,641.6609,640.9629,True,640.9629,640.9629,641.6609,640.9629
2025-08-18 10:00:00,641.1424,2724771,2025-08-18,2025-08-18 10:30:00,641.1424,2025-08-18 10:00:00,False,2025-08-18 16:00:00,2025-08-18 10:00:00,640.9629,10:30,2724771.0,7210400.0,0.0002800474099202699,0.0015507965341643051,14.0,641.6609,642.6559854998287,639.9688969561521,True,641.1424,641.0307320751277,642.6559854998287,639.9688969561521
2025-08-18 10:30:00,641.4415,2333708,2025-08-18,2025-08-18 11:00:00,641.4415,2025-08-18 10:30:00,False,2025-08-18 16:00:00,2025-08-18 10:00:00,640.9629,11:00,2333708.0,9544108.0,0.0007466890829406214,0.002365229298998406,14.0,641.6609,643.1785751607017,639.446875769349,True,641.4415,641.131172304054,643.1785751607017,639.446875769349
2025-08-18 11:00:00,640.9729,1684640,2025-08-18,2025-08-18 11:30:00,640.9729,2025-08-18 11:00:00,False,2025-08-18 16:00:00,2025-08-18 10:00:00,640.9629,11:30,1684640.0,11228748.0,1.5601527014963423e-05,0.00276103820778989,14.0,641.6609,643.4325502613448,639.1931769433243,True,640.9729,641.1074268380144,643.4325502613448,639.1931769433243
2025-08-18 11:30:00,640.9479,1216647,2025-08-18,2025-08-18 12:00:00,640.9479,2025-08-18 11:30:00,False,2025-08-18 16:00:00,2025-08-18 10:00:00,640.9629,12:00,1216647.0,12445395.0,2.3402290522556157e-05,0.002982032679387086,14.0,641.6609,643.5743537728848,639.0515276859253,True,640.9479,641.0918316842334,643.5743537728848,639.0515276859253
2025-08-18 12:00:00,641.3453,1192231,2025-08-18,2025-08-18 12:30:00,641.3453,2025-08-18 12:00:00,False,2025-08-18 16:00:00,2025-08-18 10:00:00,640.9629,12:30,1192231.0,13637626.0,0.0005966023930557007,0.003113569540023215,14.0,641.6609,643.6587558332639,638.967217438275,True,641.3453,641.1139904370527,643.6587558332639,638.967217438275
2025-08-18 12:30:00,640.7136,1383506,2025-08-18,2025-08-18 13:00:00,640.7136,2025-08-18 12:30:00,False,2025-08-18 16:00:00,2025-08-18 10:00:00,640.9629,13:00,1383506.0,15021132.0,0.00038894606848527413,0.002847534050175317,14.0,641.6609,643.4880512614161,639.1377363173508,True,640.7136,641.0771128853471,643.4880512614161,639.1377363173508
2025-08-18 13:00:00,641.3867,1166616,2025-08-18,2025-08-18 13:30:00,641.3867,2025-08-18 13:00:00,False,2025-08-18 16:00:00,2025-08-18 10:00:00,640.9629,13:30,1166616.0,16187748.0,0.0006611927148982844,0.003267819522685717,14.0,641.6609,643.757732015964,638.8683489220628,True,641.3867,641.0994241593643,643.757732015964,638.8683489220628
2025-08-18 13:30:00,641.0128,1846572,2025-08-18,2025-08-18 14:00:00,641.0128,2025-08-18 13:30:00,False,2025-08-18 16:00:00,2025-08-18 10:00:00,640.9629,14:00,1846572.0,18034320.0,7.785161980500277e-05,0.003566087860204102,14.0,641.6609,643.9491191458577,638.6771699834688,True,641.0128,641.0905545292808,643.9491191458577,638.6771699834688
2025-08-18 14:00:00,640.9729,1452772,2025-08-18,2025-08-18 14:30:00,640.9729,2025-08-18 14:00:00,False,2025-08-18 16:00:00,2025-08-18 10:00:00,640.9629,14:30,1452772.0,19487092.0,1.5601527014963423e-05,0.0038419017093216062,14.0,641.6609,644.1260981085148,638.5003835388783,True,640.9729,641.0817833280256,644.1260981085148,638.5003835388783
2025-08-18 14:30:00,641.6261,2039652,2025-08-18,2025-08-18 15:00:00,641.6261,2025-08-18 14:30:00,False,2025-08-18 16:00:00,2025-08-18 10:00:00,640.9629,15:00,2039652.0,21526744.0,0.0010346932716385204,0.0038732696623486012,14.0,641.6609,644.1462256974853,638.480277844739,True,641.6261,641.1333571558476,644.1462256974853,638.480277844739
2025-08-18 15:00:00,641.4615,1893647,2025-08-18,2025-08-18 15:30:00,641.4615,2025-08-18 15:00:00,False,2025-08-18 16:00:00,2025-08-18 10:00:00,640.9629,15:30,1893647.0,23420391.0,0.0007778921369707703,0.00423917741012904,14.0,641.6609,644.3810143922431,638.2457445535892,True,641.4615,641.1598890234155,644.3810143922431,638.2457445535892
2025-08-18 15:30:00,641.5214,5692897,2025-08-18,2025-08-18 16:00:00,641.5214,2025-08-18 16:00:00,True,2025-08-18 16:00:00,2025-08-18 10:00:00,640.9629,16:00,5692897.0,29113288.0,0.0008713452837909585,0.003988831682554856,14.0,641.6609,644.2203773273767,638.4062068771377,True,641.5214,641.2305799310885,644.2203773273767,638.4062068771377
2025-08-19 09:30:00,641.1025,5737858,2025-08-19,2025-08-19 10:00:00,641.1025,2025-08-19 09:30:00,False,2025-08-19 16:00:00,2025-08-19 10:00:00,641.1025,10:00,5737858.0,5737858.0,0.0,0.0,14.0,641.5213,641.5213,641.1025,True,641.1025,641.1025,641.5213,641.1025
2025-08-19 10:00:00,641.272,3756868,2025-08-19,2025-08-19 10:30:00,641.272,2025-08-19 10:00:00,False,2025-08-19 16:00:00,2025-08-19 10:00:00,641.1025,10:30,3756868.0,9494726.0,0.00026438829984298806,0.0015405672559275021,14.0,641.5213,642.50960670876,640.1148384808067,True,641.272,641.1695676674609,642.50960670876,640.1148384808067
2025-08-19 10:30:00,639.482,5009553,2025-08-19,2025-08-19 11:00:00,639.482,2025-08-19 10:30:00,False,2025-08-19 16:00:00,2025-08-19 10:00:00,641.1025,11:00,5009553.0,14504279.0,0.0025276769315358827,0.002270780053182201,14.0,641.5213,642.9780537717315,639.6466972309547,True,639.482,640.5867079699033,642.9780537717315,639.6466972309547
2025-08-19 11:00:00,639.7961,3453486,2025-08-19,2025-08-19 11:30:00,639.7961,2025-08-19 11:00:00,False,2025-08-19 16:00:00,2025-08-19 10:00:00,641.1025,11:30,3453486.0,17957765.0,0.002037739675012862,0.0024509122033842573,14.0,641.5213,643.0936123829009,639.5312140591299,True,639.7961,640.434664909113,643.0936123829009,639.5312140591299
2025-08-19 11:30:00,638.9584,2399548,2025-08-19,2025-08-19 12:00:00,638.9584,2025-08-19 11:30:00,False,2025-08-19 16:00:00,2025-08-19 10:00:00,641.1025,12:00,2399548.0,20357313.0,0.0033443950070386474,0.0027441106847989616,14.0,641.5213,643.2817054538561,639.3432437796986,True,638.9584,640.260655278759,643.2817054538561,639.3432437796986
2025-08-19 12:00:00,638.5546,2280344,2025-08-19,2025-08-19 12:30:00,638.5546,2025-08-19 12:00:00,False,2025-08-19 16:00:00,2025-08-19 10:00:00,641.1025,12:30,2280344.0,22637657.0,0.003974247487726124,0.0028919709395717435,14.0,641.5213,643.3765609567164,639.2484502007131,True,638.5546,640.0888003505486,643.3765609567164,639.2484502007131
2025-08-19 12:30:00,637.9413,2995417,2025-08-19,2025-08-19 13:00:00,637.9413,2025-08-19 12:30:00,False,2025-08-19 16:00:00,2025-08-19 10:00:00,641.1025,13:00,2995417.0,25633074.0,0.004930880787393566,0.0026664938567570067,14.0,641.5213,643.2319126054289,639.3930041221984,True,637.9413,639.8378488237228,643.2319126054289,639.3930041221984
2025-08-19 13:00:00,637.9114,2894677,2025-08-19,2025-08-19 13:30:00,637.9114,2025-08-19 13:00:00,False,2025-08-19 16:00:00,2025-08-19 10:00:00,641.1025,13:30,2894677.0,28527751.0,0.004977519195448421,0.003110087395995736,14.0,641.5213,643.5164873093928,639.1086151952086,True,637.9114,639.6423743504037,643.5164873093928,639.1086151952086
2025-08-19 13:30:00,638.0709,1872200,2025-08-19,2025-08-19 14:00:00,638.0709,2025-08-19 13:30:00,False,2025-08-19 16:00:00,2025-08-19 10:00:00,641.1025,14:00,1872200.0,30399951.0,0.004728729025389677,0.0032984769749416936,14.0,641.5213,643.6373432369847,638.9878381651724,True,638.0709,639.5455941194477,643.6373432369847,638.9878381651724
2025-08-19 14:00:00,637.303,2316145,2025-08-19,2025-08-19 14:30:00,637.303,2025-08-19 14:00:00,False,2025-08-19 16:00:00,2025-08-19 10:00:00,641.1025,14:30,2316145.0,32716096.0,0.005926509411521508,0.003540173043633188,14.0,641.5213,643.7923964131766,638.8328862112941,True,637.303,639.386829052956,643.7923964131766,638.8328862112941
2025-08-19 14:30:00,637.2632,2237062,2025-08-19,2025-08-19 15:00:00,637.2632,2025-08-19 14:30:00,False,2025-08-19 16:00:00,2025-08-19 10:00:00,641.1025,15:00,2237062.0,34953158.0,0.005988589968062841,0.0036448833571776007,14.0,641.5213,643.8595703096449,638.7657561675051,True,637.2632,639.2509131549859,643.8595703096449,638.7657561675051
2025-08-19 15:00:00,637.4427,3713105,2025-08-19,2025-08-19 15:30:00,637.4427,2025-08-19 15:00:00,False,2025-08-19 16:00:00,2025-08-19 10:00:00,641.1025,15:30,3713105.0,38666263.0,0.005708603538435719,0.00396839001587046,14.0,641.5213,644.0671067218882,638.5583552398504,True,637.4427,639.0772712049778,644.0671067218882,638.5583552398504
2025-08-19 15:30:00,638.041,9412757,2025-08-19,2025-08-19 16:00:00,638.041,2025-08-19 16:00:00,True,2025-08-19 16:00:00,2025-08-19 10:00:00,641.1025,16:00,9412757.0,48079020.0,0.004775367433444644,0.003742075509936525,14.0,641.5213,643.9219211458326,638.7034460353908,True,638.041,638.874393337697,643.9219211458326,638.7034460353908
2025-08-20 09:30:00,633.5535,10806572,2025-08-20,2025-08-20 10:00:00,633.5535,2025-08-20 09:30:00,False,2025-08-20 16:00:00,2025-08-20 10:00:00,633.5535,10:00,10806572.0,10806572.0,0.0,0.0,14.0,638.041,638.041,633.5535,True,633.5535,633.5535,638.041,633.5535
2025-08-20 10:00:00,632.1873,7629039,2025-08-20,2025-08-20 10:30:00,632.1873,2025-08-20 10:00:00,False,2025-08-20 16:00:00,2025-08-20 10:00:00,633.5535,10:30,7629039.0,18435611.0,0.0021564082591287725,0.0014852915301105662,14.0,638.041,638.9886768931633,632.6124883525781,True,632.1873,632.9881380447168,638.9886768931633,632.6124883525781
2025-08-20 10:30:00,631.4293,4243728,2025-08-20,2025-08-20 11:00:00,631.4293,2025-08-20 10:30:00,False,2025-08-20 16:00:00,2025-08-20 10:00:00,633.5535,11:00,4243728.0,22679339.0,0.0033528344488665818,0.002389516634603247,14.0,638.041,639.565609583059,632.0396133728389,True,631.4293,632.6964503258715,639.565609583059,632.0396133728389
2025-08-20 11:00:00,634.5806,4601057,2025-08-20,2025-08-20 11:30:00,634.5806,2025-08-20 11:00:00,False,2025-08-20 16:00:00,2025-08-20 10:00:00,633.5535,11:30,4601057.0,27280396.0,0.0016211732710813553,0.002552646959157753,14.0,638.041,639.669693418468,631.9362615847612,True,634.5806,633.0142272396375,639.669693418468,631.9362615847612
2025-08-20 11:30:00,633.4238,3323580,2025-08-20,2025-08-20 12:00:00,633.4238,2025-08-20 11:30:00,False,2025-08-20 16:00:00,2025-08-20 10:00:00,633.5535,12:00,3323580.0,30603976.0,0.0002047183071357539,0.0029307501107373696,14.0,638.041,639.910938731405,631.696713009717,True,633.4238,633.0587066835793,639.910938731405,631.696713009717
2025-08-20 12:00:00,635.6676,3208795,2025-08-20,2025-08-20 12:30:00,635.6676,2025-08-20 12:00:00,False,2025-08-20 16:00:00,2025-08-20 10:00:00,633.5535,12:30,3208795.0,33812771.0,0.003336892622327836,0.0030747115175090117,14.0,638.041,640.002792011343,631.6055057565918,True,635.6676,633.306287806974,640.002792011343,631.6055057565918
2025-08-20 12:30:00,634.4609,2317887,2025-08-20,2025-08-20 13:00:00,634.4609,2025-08-20 12:30:00,False,2025-08-20 16:00:00,2025-08-20 10:00:00,633.5535,13:00,2317887.0,36130658.0,0.0014322389506176147,0.002932742281373048,14.0,638.041,639.9122098179496,631.6954508630381,True,634.4609,633.3803595438422,639.9122098179496,631.6954508630381
2025-08-20 13:00:00,634.81,1694415,2025-08-20,2025-08-20 13:30:00,634.81,2025-08-20 13:00:00,False,2025-08-20 16:00:00,2025-08-20 10:00:00,633.5535,13:30,1694415.0,37825073.0,0.0019832579253369342,0.0034105617537047044,14.0,638.041,640.2170782318956,631.3927266639743,True,634.81,633.4444018322345,640.2170782318956,631.3927266639743
2025-08-20 13:30:00,635.4183,1776844,2025-08-20,2025-08-20 14:00:00,635.4183,2025-08-20 13:30:00,False,2025-08-20 16:00:00,2025-08-20 10:00:00,633.5535,14:00,1776844.0,39601917.0,0.002943397834594963,0.003531740203299779,14.0,638.041,640.2943950510536,631.3159536331086,True,635.4183,633.532965956946,640.2943950510536,631.3159536331086
2025-08-20 14:00:00,634.062,3728960,2025-08-20,2025-08-20 14:30:00,634.062,2025-08-20 14:00:00,False,2025-08-20 16:00:00,2025-08-20 10:00:00,633.5535,14:30,3728960.0,43330877.0,0.0008026157222713604,0.0038410208555500957,14.0,638.041,640.4917287876962,631.1200077933933,True,634.062,633.5784934634672,640.4917287876962,631.1200077933933
2025-08-20 14:30:00,634.9695,2824430,2025-08-20,2025-08-20 15:00:00,634.9695,2025-08-20 14:30:00,False,2025-08-20 16:00:00,2025-08-20 10:00:00,633.5535,15:00,2824430.0,46155307.0,0.0022350125127554854,0.003737801612565309,14.0,638.041,640.4258706786828,631.1854027060535,True,634.9695,633.6636147820618,640.4258706786828,631.1854027060535
2025-08-20 15:00:00,636.5052,3868900,2025-08-20,2025-08-20 15:30:00,636.5052,2025-08-20 15:00:00,False,2025-08-20 16:00:00,2025-08-20 10:00:00,633.5535,15:30,3868900.0,50024207.0,0.004658959345974711,0.003976151116123071,14.0,638.041,640.5779474342824,631.0343955438514,True,636.5052,633.8833845637133,640.5779474342824,631.0343955438514
2025-08-20 15:30:00,636.3457,8528843,2025-08-20,2025-08-20 16:00:00,636.3457,2025-08-20 16:00:00,True,2025-08-20 16:00:00,2025-08-20 10:00:00,633.5535,16:00,8528843.0,58553050.0,0.00440720475855616,0.003942727736540197,14.0,638.041,640.5566219477499,631.0555710429678,True,636.3457,634.2420456714194,640.5566219477499,631.0555710429678
2025-08-21 09:30:00,633.3041,5786775,2025-08-21,2025-08-21 10:00:00,633.3041,2025-08-21 09:30:00,False,2025-08-21 16:00:00,2025-08-21 10:00:00,633.3041,10:00,5786775.0,5786775.0,0.0,0.0,14.0,636.3456,636.3456,633.3041,True,633.3041,633.3041,636.3456,633.3041
2025-08-21 10:00:00,636.0665,3081287,2025-08-21,2025-08-21 10:30:00,636.0665,2025-08-21 10:00:00,False,2025-08-21 16:00:00,2025-08-21 10:00:00,633.3041,10:30,3081287.0,8868062.0,0.004361885545980382,0.0015683936054622452,14.0,636.3456,637.343640369904,632.310829899247,True,636.0665,634.2639204442864,637.343640369904,632.310829899247
2025-08-21 10:30:00,635.4482,1844874,2025-08-21,2025-08-21 11:00:00,635.4482,2025-08-21 10:30:00,False,2025-08-21 16:00:00,2025-08-21 10:00:00,633.3041,11:00,1844874.0,10712936.0,0.0033855773237534414,0.002312330828359862,14.0,636.3456,637.8170415483712,631.8396914058433,True,635.4482,634.4678651482469,637.8170415483712,631.8396914058433
2025-08-21 11:00:00,634.9296,2357104,2025-08-21,2025-08-21 11:30:00,634.9296,2025-08-21 11:00:00,False,2025-08-21 16:00:00,2025-08-21 10:00:00,633.3041,11:30,2357104.0,13070040.0,0.0025666974207179116,0.0023059686596406193,14.0,636.3456,637.8129930103003,631.8437205933781,True,634.9296,634.5511362833014,637.8129930103003,631.8437205933781
2025-08-21 11:30:00,633.8626,1872232,2025-08-21,2025-08-21 12:00:00,633.8626,2025-08-21 11:30:00,False,2025-08-21 16:00:00,2025-08-21 10:00:00,633.3041,12:00,1872232.0,14942272.0,0.0008818828111172294,0.0027303401131926436,14.0,636.3456,638.0830399175336,631.5749644119206,True,633.8626,634.4648642851234,638.0830399175336,631.5749644119206
2025-08-21 12:00:00,633.4637,2168078,2025-08-21,2025-08-21 12:30:00,633.4637,2025-08-21 12:00:00,False,2025-08-21 16:00:00,2025-08-21 10:00:00,633.3041,12:30,2168078.0,17110350.0,0.0002520116323265764,0.0031605991194418475,14.0,636.3456,638.3568333430208,631.302479619201,True,633.4637,634.3380052634809,638.3568333430208,631.302479619201
2025-08-21 12:30:00,633.1246,1554284,2025-08-21,2025-08-21 13:00:00,633.1246,2025-08-21 12:30:00,False,2025-08-21 16:00:00,2025-08-21 10:00:00,633.3041,13:00,1554284.0,18664634.0,0.0002834341353544767,0.002847948550972701,14.0,636.3456,638.1578795294379,631.5004825060798,True,633.1246,634.2369598110737,638.1578795294379,631.5004825060798
2025-08-21 13:00:00,632.641,2019751,2025-08-21,2025-08-21 13:30:00,632.641,2025-08-21 13:00:00,False,2025-08-21 16:00:00,2025-08-21 10:00:00,633.3041,13:30,2019751.0,20684385.0,0.001047048329546607,0.0030367135027266623,14.0,636.3456,638.2779992759207,631.3809368881978,True,632.641,634.0811204460466,638.2779992759207,631.3809368881978
2025-08-21 13:30:00,634.1119,2118794,2025-08-21,2025-08-21 14:00:00,634.1119,2025-08-21 13:30:00,False,2025-08-21 16:00:00,2025-08-21 10:00:00,633.3041,14:00,2118794.0,22803179.0,0.0012755325601081502,0.0030622612643397434,14.0,636.3456,638.294256481613,631.3647573860225,True,634.1119,634.083980377736,638.294256481613,631.3647573860225
2025-08-21 14:00:00,633.7648,1498465,2025-08-21,2025-08-21 14:30:00,633.7648,2025-08-21 14:00:00,False,2025-08-21 16:00:00,2025-08-21 10:00:00,633.3041,14:30,1498465.0,24301644.0,0.0007274546304059104,0.003307993452506462,14.0,636.3456,638.4506270783313,631.2091341837545,True,633.7648,634.064299379005,638.4506270783313,631.2091341837545
2025-08-21 14:30:00,634.2864,1981015,2025-08-21,2025-08-21 15:00:00,634.2864,2025-08-21 14:30:00,False,2025-08-21 16:00:00,2025-08-21 10:00:00,633.3041,15:00,1981015.0,26282659.0,0.0015510715941993158,0.003327205929674385,14.0,636.3456,638.4628528536422,631.1969668431929,True,634.2864,634.0810398717268,638.4628528536422,631.1969668431929
2025-08-21 15:00:00,634.1617,1941567,2025-08-21,2025-08-21 15:30:00,634.1617,2025-08-21 15:00:00,False,2025-08-21 16:00:00,2025-08-21 10:00:00,633.3041,15:30,1941567.0,28224226.0,0.001354167768691239,0.003580620734403065,14.0,636.3456,638.6241122496062,631.0364782083575,True,634.1617,634.0865885462332,638.6241122496062,631.0364782083575
2025-08-21 15:30:00,633.7928,7141123,2025-08-21,2025-08-21 16:00:00,633.7928,2025-08-21 16:00:00,True,2025-08-21 16:00:00,2025-08-21 10:00:00,633.3041,16:00,7141123.0,35365349.0,0.0007716671974808964,0.003434832125800163,14.0,636.3456,638.5313403099916,631.128806731919,True,633.7928,634.0272655025205,638.5313403099916,631.128806731919
2025-08-22 09:30:00,637.1435,5471096,2025-08-22,2025-08-22 10:00:00,637.1435,2025-08-22 09:30:00,False,2025-08-22 16:00:00,2025-08-22 10:00:00,637.1435,10:00,5471096.0,5471096.0,0.0,0.0,14.0,633.7927,637.1435,633.7927,True,637.1435,637.1435,637.1435,633.7927
2025-08-22 10:00:00,642.4683,14188096,2025-08-22,2025-08-22 10:30:00,642.4683,2025-08-22 10:00:00,False,2025-08-22 16:00:00,2025-08-22 10:00:00,637.1435,10:30,14188096.0,19659192.0,0.008357300984785931,0.0016292400679399236,14.0,633.7927,638.1815597192275,632.7600995383921,True,642.4683,640.986423634949,640.986423634949,632.7600995383921
2025-08-22 10:30:00,643.9047,4992432,2025-08-22,2025-08-22 11:00:00,643.9047,2025-08-22 10:30:00,False,2025-08-22 16:00:00,2025-08-22 10:00:00,637.1435,11:00,4992432.0,24651624.0,0.010611738172012997,0.002462164101306809,14.0,633.7927,638.7122518530809,632.2321983663896,True,643.9047,641.5774312014171,641.5774312014171,632.2321983663896
2025-08-22 11:00:00,644.1939,4448115,2025-08-22,2025-08-22 11:30:00,644.1939,2025-08-22 11:00:00,False,2025-08-22 16:00:00,2025-08-22 10:00:00,637.1435,11:30,4448115.0,29099739.0,0.011065639059332666,0.0024502028404013087,14.0,633.7927,638.7046308134431,632.2397793262344,True,644.1939,641.9773782287773,641.9773782287773,632.2397793262344
2025-08-22 11:30:00,643.6544,3161064,2025-08-22,2025-08-22 12:00:00,643.6544,2025-08-22 11:30:00,False,2025-08-22 16:00:00,2025-08-22 10:00:00,637.1435,12:00,3161064.0,32260803.0,0.010218891034751154,0.002475954703963596,14.0,633.7927,638.7210384459249,632.2234579830972,True,643.6544,642.1417006465495,642.1417006465495,632.2234579830972
2025-08-22 12:00:00,643.0172,2719927,2025-08-22,2025-08-22 12:30:00,643.0172,2025-08-22 12:00:00,False,2025-08-22 16:00:00,2025-08-22 10:00:00,637.1435,12:30,2719927.0,34980730.0,0.009218802357710665,0.00282672239946663,14.0,633.7927,638.9445278031246,632.0011439782915,True,643.0172,642.2097751072577,642.2097751072577,632.0011439782915
2025-08-22 12:30:00,642.9973,1631693,2025-08-22,2025-08-22 13:00:00,642.9973,2025-08-22 12:30:00,False,2025-08-22 16:00:00,2025-08-22 10:00:00,637.1435,13:00,1631693.0,36612423.0,0.00918756920536734,0.002845189661207797,14.0,633.7927,638.9562940989058,631.989439562611,True,642.9973,642.2448724526263,642.2448724526263,631.989439562611
2025-08-22 13:00:00,644.3734,2475370,2025-08-22,2025-08-22 13:30:00,644.3734,2025-08-22 13:00:00,False,2025-08-22 16:00:00,2025-08-22 10:00:00,637.1435,13:30,2475370.0,39087793.0,0.011347365232478923,0.003035617685436222,14.0,633.7927,639.0776240767608,631.8687476709796,True,644.3734,642.3796688386731,642.3796688386731,631.8687476709796
2025-08-22 13:30:00,644.0144,1782770,2025-08-22,2025-08-22 14:00:00,644.0144,2025-08-22 13:30:00,False,2025-08-22 16:00:00,2025-08-22 10:00:00,637.1435,14:00,1782770.0,40870563.0,0.01078391288618663,0.0030958775664302845,14.0,633.7927,639.1160182682469,631.8305553983027,True,644.0144,642.4509756536165,642.4509756536165,631.8305553983027
2025-08-22 14:00:00,643.6454,2379579,2025-08-22,2025-08-22 14:30:00,643.6454,2025-08-22 14:00:00,False,2025-08-22 16:00:00,2025-08-22 10:00:00,637.1435,14:30,2379579.0,43250142.0,0.010204765488465384,0.0033058975451691103,14.0,633.7927,639.2498311325705,631.6974462689238,True,643.6454,642.5166916711904,642.5166916711904,631.6974462689238
2025-08-22 14:30:00,643.6853,2605034,2025-08-22,2025-08-22 15:00:00,643.6853,2025-08-22 14:30:00,False,2025-08-22 16:00:00,2025-08-22 10:00:00,637.1435,15:00,2605034.0,45855176.0,0.01026738874366595,0.0034138394806967737,14.0,633.7927,639.3186056351694,631.6290334581626,True,643.6853,642.5830803473397,642.5830803473397,631.6290334581626
2025-08-22 15:00:00,643.2964,3178877,2025-08-22,2025-08-22 15:30:00,643.2964,2025-08-22 15:00:00,False,2025-08-22 16:00:00,2025-08-22 10:00:00,637.1435,15:30,3178877.0,49034053.0,0.00965700819360138,0.0036071928870857273,14.0,633.7927,639.441799501253,631.5064874806731,True,643.2964,642.6293248508787,642.6293248508787,631.5064874806731
2025-08-22 15:30:00,643.5258,12826651,2025-08-22,2025-08-22 16:00:00,643.5158,2025-08-22 16:00:00,True,2025-08-22 16:00:00,2025-08-22 10:00:00,637.1435,16:00,12826651.0,61860704.0,0.01001705267337738,0.0034267041158290872,14.0,633.7927,639.3268022538238,631.6208799463275,True,643.5158,642.8131330946056,642.8131330946056,631.6208799463275
2025-08-25 09:30:00,642.5585,5469920,2025-08-25,2025-08-25 10:00:00,642.5585,2025-08-25 09:30:00,False,2025-08-25 16:00:00,2025-08-25 10:00:00,642.5585,10:00,5469920.0,5469920.0,0.0,0.0,14.0,643.5257,643.5257,642.5585,True,642.5585,642.5585,643.5257,642.5585
2025-08-25 10:00:00,642.3491,3415496,2025-08-25,2025-08-25 10:30:00,642.3491,2025-08-25 10:00:00,False,2025-08-25 16:00:00,2025-08-25 10:00:00,642.5585,10:30,3415496.0,8885416.0,0.00032588472489269993,0.0021932651679364423,14.0,643.5257,644.9371225024819,641.1491988235886,True,642.3491,642.4780080047575,644.9371225024819,641.1491988235886
2025-08-25 10:30:00,642.5984,2119322,2025-08-25,2025-08-25 11:00:00,642.5984,2025-08-25 10:30:00,False,2025-08-25 16:00:00,2025-08-25 10:00:00,642.5585,11:00,2119322.0,11004738.0,6.2095513482463e-05,0.0032181302818280943,14.0,643.5257,645.5966495423047,640.4906630333039,True,642.5984,642.501193418544,645.5966495423047,640.4906630333039
2025-08-25 11:00:00,643.1269,2024484,2025-08-25,2025-08-25 11:30:00,643.1269,2025-08-25 11:00:00,False,2025-08-25 16:00:00,2025-08-25 10:00:00,642.5585,11:30,2024484.0,13029222.0,0.0008845887183812629,0.003222435418503319,14.0,643.5257,645.5994200083971,640.4878967311396,True,643.1269,642.5984158745625,645.5994200083971,640.4878967311396
2025-08-25 11:30:00,643.1768,1692739,2025-08-25,2025-08-25 12:00:00,643.1768,2025-08-25 11:30:00,False,2025-08-25 16:00:00,2025-08-25 10:00:00,642.5585,12:00,1692739.0,14721961.0,0.0009622470171977149,0.003117324171501052,14.0,643.5257,645.5317782195922,640.5554368563465,True,643.1768,642.6649187926255,645.5317782195922,640.5554368563465
2025-08-25 12:00:00,643.1269,1453685,2025-08-25,2025-08-25 12:30:00,643.1269,2025-08-25 12:00:00,False,2025-08-25 16:00:00,2025-08-25 10:00:00,642.5585,12:30,1453685.0,16175646.0,0.0008845887183812629,0.0034182084721732947,14.0,643.5257,645.7254049998012,640.362101091433,True,643.1269,642.7064364637864,645.7254049998012,640.362101091433
2025-08-25 12:30:00,643.2017,1302930,2025-08-25,2025-08-25 13:00:00,643.2017,2025-08-25 12:30:00,False,2025-08-25 16:00:00,2025-08-25 10:00:00,642.5585,13:00,1302930.0,17478576.0,0.0010009983526790833,0.0033845108664065254,14.0,643.5257,645.703719724462,640.3837537744481,True,643.2017,642.7433555880467,645.703719724462,640.3837537744481
2025-08-25 13:00:00,642.8676,1479055,2025-08-25,2025-08-25 13:30:00,642.8676,2025-08-25 13:00:00,False,2025-08-25 16:00:00,2025-08-25 10:00:00,642.5585,13:30,1479055.0,18957631.0,0.0004810456946722219,0.0037127361654114566,14.0,643.5257,645.9149411397617,640.1728498186575,True,642.8676,642.7530490101162,645.9149411397617,640.1728498186575
2025-08-25 13:30:00,642.7131,1697157,2025-08-25,2025-08-25 14:00:00,642.7131,2025-08-25 13:30:00,False,2025-08-25 16:00:00,2025-08-25 10:00:00,642.5585,14:00,1697157.0,20654788.0,0.00024060066126296853,0.003795764564647514,14.0,643.5257,645.9683720485001,640.119499214987,True,642.7131,642.7497664907236,645.9683720485001,640.119499214987
2025-08-25 14:00:00,642.4189,1840350,2025-08-25,2025-08-25 14:30:00,642.4189,2025-08-25 14:00:00,False,2025-08-25 16:00:00,2025-08-25 10:00:00,642.5585,14:30,1840350.0,22495138.0,0.00021725648326176294,0.003937172939189572,14.0,643.5257,646.059371971713,640.0286360619538,True,642.4189,642.722697968352,646.059371971713,640.0286360619538
2025-08-25 14:30:00,642.1796,1567654,2025-08-25,2025-08-25 15:00:00,642.1796,2025-08-25 14:30:00,False,2025-08-25 16:00:00,2025-08-25 10:00:00,642.5585,15:00,1567654.0,24062792.0,0.0005896739363029369,0.004061507896584493,14.0,643.5257,646.139384712205,639.9487435782326,True,642.1796,642.687315968521,646.139384712205,639.9487435782326
2025-08-25 15:00:00,641.9103,2429032,2025-08-25,2025-08-25 15:30:00,641.9103,2025-08-25 15:00:00,False,2025-08-25 16:00:00,2025-08-25 10:00:00,642.5585,15:30,2429032.0,26491824.0,0.0010087797453460778,0.004164140820795589,14.0,643.5257,646.205431636601,639.8827959204008,True,641.9103,642.616071472406,646.205431636601,639.8827959204008
2025-08-25 15:30:00,640.6936,7723502,2025-08-25,2025-08-25 16:00:00,640.6936,2025-08-25 16:00:00,True,2025-08-25 16:00:00,2025-08-25 10:00:00,642.5585,16:00,7723502.0,34215326.0,0.0029023038369269116,0.003911733085795899,14.0,643.5257,646.0430007722499,640.0449826559907,True,640.6936,642.1821076907348,646.0430007722499,640.0449826559907
2025-08-26 09:30:00,640.7136,4369256,2025-08-26,2025-08-26 10:00:00,640.7136,2025-08-26 09:30:00,False,2025-08-26 16:00:00,2025-08-26 10:00:00,640.7136,10:00,4369256.0,4369256.0,0.0,0.0,14.0,640.6935,640.7136,640.6935,True,640.7136,640.7136,640.7136,640.6935
2025-08-26 10:00:00,641.2913,2966848,2025-08-26,2025-08-26 10:30:00,641.2913,2025-08-26 10:00:00,False,2025-08-26 16:00:00,2025-08-26 10:00:00,640.7136,10:30,2966848.0,7336104.0,0.0009016509092361069,0.0020592509574833113,14.0,640.6935,642.0329900942726,639.3741512966717,True,641.2913,640.9472319236478,642.0329900942726,639.3741512966717
2025-08-26 10:30:00,640.9031,1922580,2025-08-26,2025-08-26 11:00:00,640.9031,2025-08-26 10:30:00,False,2025-08-26 16:00:00,2025-08-26 10:00:00,640.7136,11:00,1922580.0,9258684.0,0.00029576397316977143,0.002842362769594082,14.0,640.6935,642.5347404826127,638.872416648879,True,640.9031,640.9380678616961,642.5347404826127,638.872416648879
2025-08-26 11:00:00,640.6537,1647790,2025-08-26,2025-08-26 11:30:00,640.6537,2025-08-26 11:00:00,False,2025-08-26 16:00:00,2025-08-26 10:00:00,640.7136,11:30,1647790.0,10906474.0,9.348950919740862e-05,0.0029105008632277973,14.0,640.6935,642.5783974858819,638.8287610151856,True,640.6537,640.8951045246154,642.5783974858819,638.8287610151856
2025-08-26 11:30:00,641.0028,1041363,2025-08-26,2025-08-26 12:00:00,641.0028,2025-08-26 11:30:00,False,2025-08-26 16:00:00,2025-08-26 10:00:00,640.7136,12:00,1041363.0,11947837.0,0.00045137172053144603,0.002825653656973039,14.0,640.6935,642.5240347269124,638.8831220687262,True,641.0028,640.9044911678491,642.5240347269124,638.8831220687262
2025-08-26 12:00:00,641.5513,1647352,2025-08-26,2025-08-26 12:30:00,641.5513,2025-08-26 12:00:00,False,2025-08-26 16:00:00,2025-08-26 10:00:00,640.7136,12:30,1647352.0,13595189.0,0.001307448444983761,0.003230114741700818,14.0,640.6935,642.7831784445683,638.623986480738,True,641.5513,640.9828660858632,642.7831784445683,638.623986480738
2025-08-26 12:30:00,641.5024,1044420,2025-08-26,2025-08-26 13:00:00,641.5024,2025-08-26 12:30:00,False,2025-08-26 16:00:00,2025-08-26 10:00:00,640.7136,13:00,1044420.0,14639609.0,0.0012311272930680683,0.003188959822248213,14.0,640.6935,642.7568099279681,638.6503541701244,True,641.5024,641.0199307103761,642.7568099279681,638.6503541701244
2025-08-26 13:00:00,641.7507,1139855,2025-08-26,2025-08-26 13:30:00,641.7507,2025-08-26 13:00:00,False,2025-08-26 16:00:00,2025-08-26 10:00:00,640.7136,13:30,1139855.0,15779464.0,0.0016186639397073321,0.003573737572600655,14.0,640.6935,643.0033422655962,638.403829566529,True,641.7507,641.0727190071539,643.0033422655962,638.403829566529
2025-08-26 13:30:00,641.0875,1494131,2025-08-26,2025-08-26 14:00:00,641.0875,2025-08-26 13:30:00,False,2025-08-26 16:00:00,2025-08-26 10:00:00,640.7136,14:00,1494131.0,17273595.0,0.0005835680715999825,0.0036873507210953044,14.0,640.6935,643.0761357549756,638.331038360774,True,641.0875,641.0739975331134,643.0761357549756,638.331038360774
2025-08-26 14:00:00,641.7408,1497557,2025-08-26,2025-08-26 14:30:00,641.7408,2025-08-26 14:00:00,False,2025-08-26 16:00:00,2025-08-26 10:00:00,640.7136,14:30,1497557.0,18771152.0,0.0016032124181537544,0.0036471627594549328,14.0,640.6935,643.0503867813964,638.3567865265751,True,641.7408,641.1271948383136,643.0503867813964,638.3567865265751
2025-08-26 14:30:00,642.0898,1850150,2025-08-26,2025-08-26 15:00:00,642.0898,2025-08-26 14:30:00,False,2025-08-26 16:00:00,2025-08-26 10:00:00,640.7136,15:00,1850150.0,20621302.0,0.002147917571907243,0.003786797381902851,14.0,640.6935,643.1398525830296,638.2673235315979,True,642.0898,641.2135600901242,643.1398525830296,638.2673235315979
2025-08-26 15:00:00,642.7579,2673379,2025-08-26,2025-08-26 15:30:00,642.7579,2025-08-26 15:00:00,False,2025-08-26 16:00:00,2025-08-26 10:00:00,640.7136,15:30,2673379.0,23294681.0,0.003190661162803421,0.003980458518961473,14.0,640.6935,643.2639339073346,638.1432460998817,True,642.7579,641.3907939352206,643.2639339073346,638.1432460998817
2025-08-26 15:30:00,643.3762,9398213,2025-08-26,2025-08-26 16:00:00,643.2366,2025-08-26 16:00:00,True,2025-08-26 16:00:00,2025-08-26 10:00:00,640.7136,16:00,9398213.0,32692894.0,0.004155678918006389,0.0037490158282802604,14.0,640.6935,643.1156454277944,638.2915299274237,True,643.2366,641.9214070572492,643.1156454277944,638.2915299274237
2025-08-27 09:30:00,643.5433,4163387,2025-08-27,2025-08-27 10:00:00,643.5433,2025-08-27 09:30:00,False,2025-08-27 16:00:00,2025-08-27 10:00:00,643.5433,10:00,4163387.0,4163387.0,0.0,0.0,14.0,643.3762,643.5433,643.3762,True,643.5433,643.5433,643.5433,643.3762
2025-08-27 10:00:00,644.3336,2986956,2025-08-27,2025-08-27 10:30:00,644.3336,2025-08-27 10:00:00,False,2025-08-27 16:00:00,2025-08-27 10:00:00,643.5433,10:30,2986956.0,7150343.0,0.0012280447951209528,0.0021015043845532227,14.0,643.3762,644.8957090665998,642.0241420947829,True,644.3336,643.8734367957874,644.8957090665998,642.0241420947829
2025-08-27 10:30:00,644.4582,2056507,2025-08-27,2025-08-27 11:00:00,644.4582,2025-08-27 10:30:00,False,2025-08-27 16:00:00,2025-08-27 10:00:00,643.5433,11:00,2056507.0,9206850.0,0.0014216603606935774,0.0026329557666786812,14.0,643.3762,645.2377210428425,641.6822189240662,True,644.4582,644.0040536324693,645.2377210428425,641.6822189240662
2025-08-27 11:00:00,644.5181,1552957,2025-08-27,2025-08-27 11:30:00,644.5181,2025-08-27 11:00:00,False,2025-08-27 16:00:00,2025-08-27 10:00:00,643.5433,11:30,1552957.0,10759807.0,0.0015147387906919718,0.0025804613390436842,14.0,643.3762,645.2039386056506,641.7159925894392,True,644.5181,644.0782456607076,645.2039386056506,641.7159925894392
2025-08-27 11:30:00,644.7524,1688277,2025-08-27,2025-08-27 12:00:00,644.7524,2025-08-27 11:30:00,False,2025-08-27 16:00:00,2025-08-27 10:00:00,643.5433,12:00,1688277.0,12448084.0,0.0018788168566123975,0.0024342959413130106,14.0,643.3762,645.1098748432493,641.8100319276026,True,644.7524,644.169678146661,645.1098748432493,641.8100319276026
2025-08-27 12:00:00,644.1541,1677365,2025-08-27,2025-08-27 12:30:00,644.1541,2025-08-27 12:00:00,False,2025-08-27 16:00:00,2025-08-27 10:00:00,643.5433,12:30,1677365.0,14125449.0,0.0009491202845246516,0.002932840276256153,14.0,643.3762,645.4307097097548,641.4892803678554,True,644.1541,644.1678282771118,645.4307097097548,641.4892803678554
2025-08-27 12:30:00,644.4932,1916922,2025-08-27,2025-08-27 13:00:00,644.4932,2025-08-27 12:30:00,False,2025-08-27 16:00:00,2025-08-27 10:00:00,643.5433,13:00,1916922.0,16042371.0,0.0014760467555174905,0.0029032707164506027,14.0,643.3762,645.4116804176581,641.5083047188788,True,644.4932,644.2067073314475,645.4116804176581,641.5083047188788
2025-08-27 13:00:00,644.6627,1518023,2025-08-27,2025-08-27 13:30:00,644.6627,2025-08-27 13:00:00,False,2025-08-27 16:00:00,2025-08-27 10:00:00,643.5433,13:30,1518023.0,17560394.0,0.001739432296163912,0.0033092155583052834,14.0,643.3762,645.6729235008031,641.2471294691167,True,644.6627,644.246126000453,645.6729235008031,641.2471294691167
2025-08-27 13:30:00,644.9618,1174339,2025-08-27,2025-08-27 14:00:00,644.9618,2025-08-27 13:30:00,False,2025-08-27 16:00:00,2025-08-27 10:00:00,643.5433,14:00,1174339.0,18734733.0,0.00220420288735812,0.0033559767993137485,14.0,643.3762,645.7030163841538,641.2170443995694,True,644.9618,644.2909862015007,645.7030163841538,641.2170443995694
2025-08-27 14:00:00,645.4405,2140459,2025-08-27,2025-08-27 14:30:00,645.4405,2025-08-27 14:00:00,False,2025-08-27 16:00:00,2025-08-27 10:00:00,643.5433,14:30,2140459.0,20875192.0,0.002948053378847959,0.0033113966336326683,14.0,643.3762,645.6743271172169,641.2457262171606,True,645.4405,644.4088527655841,645.6743271172169,641.2457262171606
2025-08-27 14:30:00,645.2311,1522612,2025-08-27,2025-08-27 15:00:00,645.2311,2025-08-27 14:30:00,False,2025-08-27 16:00:00,2025-08-27 10:00:00,643.5433,15:00,1522612.0,22397804.0,0.0026226673481022367,0.003526836802099111,14.0,643.3762,645.8129721941843,641.1071171402454,True,645.2311,644.4647494734082,645.8129721941843,641.1071171402454
2025-08-27 15:00:00,644.902,3270770,2025-08-27,2025-08-27 15:30:00,644.902,2025-08-27 15:00:00,False,2025-08-27 16:00:00,2025-08-27 10:00:00,643.5433,15:30,3270770.0,25668574.0,0.0021112798470592775,0.003746146669210954,14.0,643.3762,645.9541075897881,640.9660183913205,True,644.902,644.5204653033901,645.9541075897881,640.9660183913205
2025-08-27 15:30:00,644.8422,5905935,2025-08-27,2025-08-27 16:00:00,644.7823,2025-08-27 16:00:00,True,2025-08-27 16:00:00,2025-08-27 10:00:00,643.5433,16:00,5905935.0,31574509.0,0.002018356806760435,0.003610885978014717,14.0,643.3762,645.8670614782153,641.0530419008317,True,644.7823,644.5694408456201,645.8670614782153,641.0530419008317
2025-08-28 09:30:00,644.2737,6484013,2025-08-28,2025-08-28 10:00:00,644.2737,2025-08-28 09:30:00,False,2025-08-28 16:00:00,2025-08-28 10:00:00,644.2737,10:00,6484013.0,6484013.0,0.0,0.0,14.0,644.842,644.842,644.2737,True,644.2737,644.2737,644.842,644.2737
2025-08-28 10:00:00,644.2438,3090824,2025-08-28,2025-08-28 10:30:00,644.2438,2025-08-28 10:00:00,False,2025-08-28 16:00:00,2025-08-28 10:00:00,644.2737,10:30,3090824.0,9574837.0,4.6408847668266695e-05,0.0018761536369547424,14.0,644.842,646.0518226635611,643.0649435545507,True,644.2438,644.2640480719724,646.0518226635611,643.0649435545507
2025-08-28 10:30:00,645.0865,2605231,2025-08-28,2025-08-28 11:00:00,645.0865,2025-08-28 10:30:00,False,2025-08-28 16:00:00,2025-08-28 10:00:00,644.2737,11:00,2605231.0,12180068.0,0.001261575631598788,0.0023069779555535052,14.0,644.842,646.3296362788151,642.7873747767571,True,645.0865,644.4399647629882,646.3296362788151,642.7873747767571
2025-08-28 11:00:00,644.4832,2611648,2025-08-28,2025-08-28 11:30:00,644.4832,2025-08-28 11:00:00,False,2025-08-28 16:00:00,2025-08-28 10:00:00,644.2737,11:30,2611648.0,14791716.0,0.0003251723607529122,0.002169123255545096,14.0,644.842,646.2407417783522,642.8761909343939,True,644.4832,644.4475984425607,646.2407417783522,642.8761909343939
2025-08-28 11:30:00,645.278,1856436,2025-08-28,2025-08-28 12:00:00,645.278,2025-08-28 11:30:00,False,2025-08-28 16:00:00,2025-08-28 10:00:00,644.2737,12:00,1856436.0,16648152.0,0.001558809555628482,0.002038870266249731,14.0,644.842,646.156749180229,642.9601095097432,True,645.278,644.540196548686,646.156749180229,642.9601095097432
2025-08-28 12:00:00,646.3679,2122788,2025-08-28,2025-08-28 12:30:00,646.3679,2025-08-28 12:00:00,False,2025-08-28 16:00:00,2025-08-28 10:00:00,644.2737,12:30,2122788.0,18770940.0,0.003250481899230051,0.00251251683992258,14.0,644.842,646.4621763840893,642.6549514792307,True,646.3679,644.7468898178568,646.4621763840893,642.6549514792307
2025-08-28 12:30:00,645.8892,1715779,2025-08-28,2025-08-28 13:00:00,645.8892,2025-08-28 12:30:00,False,2025-08-28 16:00:00,2025-08-28 10:00:00,644.2737,13:00,1715779.0,20486719.0,0.0025074746959250493,0.002411742955221254,14.0,644.842,646.3971931507308,642.7198774427906,True,645.8892,644.8425592035699,646.3971931507308,642.7198774427906
2025-08-28 13:00:00,646.338,1457753,2025-08-28,2025-08-28 13:30:00,646.338,2025-08-28 13:00:00,False,2025-08-28 16:00:00,2025-08-28 10:00:00,644.2737,13:30,1457753.0,21944472.0,0.0032040730515618954,0.0027029719294463517,14.0,644.842,646.5849898249281,642.5322462740194,True,646.338,644.9419000903006,646.5849898249281,642.5322462740194
2025-08-28 13:30:00,646.5836,1813752,2025-08-28,2025-08-28 14:00:00,646.5836,2025-08-28 13:30:00,False,2025-08-28 16:00:00,2025-08-28 10:00:00,644.2737,14:00,1813752.0,23758224.0,0.0035852774992990444,0.0028623036506161903,14.0,644.842,646.6877336106705,642.4295930364939,True,646.5836,645.0672308597477,646.6877336106705,642.4295930364939
2025-08-28 14:00:00,646.8566,2076434,2025-08-28,2025-08-28 14:30:00,646.8566,2025-08-28 14:00:00,False,2025-08-28 16:00:00,2025-08-28 10:00:00,644.2737,14:30,2076434.0,25834658.0,0.004009010456270445,0.0027600671130742016,14.0,644.842,646.6218071973291,642.4954613488113,True,646.8566,645.2110495594716,646.6218071973291,642.4954613488113
2025-08-28 14:30:00,647.1855,2834036,2025-08-28,2025-08-28 15:00:00,647.1855,2025-08-28 14:30:00,False,2025-08-28 16:00:00,2025-08-28 10:00:00,644.2737,15:00,2834036.0,28668694.0,0.004519507780621934,0.0030376241403581145,14.0,644.842,646.8007876259168,642.3166386558821,True,647.1855,645.4062333243363,646.8007876259168,642.3166386558821
2025-08-28 15:00:00,647.1407,2389459,2025-08-28,2025-08-28 15:30:00,647.1407,2025-08-28 15:00:00,False,2025-08-28 16:00:00,2025-08-28 10:00:00,644.2737,15:30,2389459.0,31058153.0,0.004449972115888157,0.0032023691517603886,14.0,644.842,646.9070221285594,642.2104977778295,True,647.1407,645.5396745179695,646.9070221285594,642.2104977778295
2025-08-28 15:30:00,647.1258,9034557,2025-08-28,2025-08-28 16:00:00,647.1396,2025-08-28 16:00:00,True,2025-08-28 16:00:00,2025-08-28 10:00:00,644.2737,16:00,9034557.0,40092710.0,0.004426845298822535,0.0032714261820082713,14.0,644.842,646.9515530020586,642.1660061494406,True,647.1396,645.9002043490326,646.9515530020586,642.1660061494406
2025-08-29 09:30:00,643.7128,6804956,2025-08-29,2025-08-29 10:00:00,643.7128,2025-08-29 09:30:00,False,2025-08-29 16:00:00,2025-08-29 10:00:00,643.7128,10:00,6804956.0,6804956.0,0.0,0.0,14.0,647.1257,647.1257,643.7128,True,643.7128,643.7128,647.1257,643.7128
2025-08-29 10:00:00,642.8427,7032185,2025-08-29,2025-08-29 10:30:00,642.8427,2025-08-29 10:00:00,False,2025-08-29 16:00:00,2025-08-29 10:00:00,643.7128,10:30,7032185.0,13837141.0,0.0013516897597810607,0.0018244378754358787,14.0,647.1257,648.306340637248,642.5383859867771,True,642.8427,643.2706057513109,648.306340637248,642.5383859867771
2025-08-29 10:30:00,641.9551,3876706,2025-08-29,2025-08-29 11:00:00,641.9551,2025-08-29 10:30:00,False,2025-08-29 16:00:00,2025-08-29 10:00:00,643.7128,11:00,3876706.0,17713847.0,0.0027305655565649234,0.0023836087726665394,14.0,647.1257,648.668194495538,642.1784405228423,True,641.9551,642.9827050463347,648.668194495538,642.1784405228423
2025-08-29 11:00:00,642.6573,2267753,2025-08-29,2025-08-29 11:30:00,642.6573,2025-08-29 11:00:00,False,2025-08-29 16:00:00,2025-08-29 10:00:00,643.7128,11:30,2267753.0,19981600.0,0.0016397064032283026,0.00218729279687497,14.0,647.1257,648.5411533822827,642.3048116293038,True,642.6573,642.9457741564139,648.5411533822827,642.3048116293038
2025-08-29 11:30:00,641.9801,2066755,2025-08-29,2025-08-29 12:00:00,641.9801,2025-08-29 11:30:00,False,2025-08-29 16:00:00,2025-08-29 10:00:00,643.7128,12:00,2066755.0,22048355.0,0.0026917283608466347,0.0021069754151300524,14.0,647.1257,648.4891779403988,642.3565129559955,True,641.9801,642.8552543924162,648.4891779403988,642.3565129559955
2025-08-29 12:00:00,642.4288,1861256,2025-08-29,2025-08-29 12:30:00,642.4288,2025-08-29 12:00:00,False,2025-08-29 16:00:00,2025-08-29 10:00:00,643.7128,12:30,1861256.0,23909611.0,0.001994678372093883,0.002638552259890118,14.0,647.1257,648.833174978168,642.0143301368398,True,642.4288,642.822056830289,648.833174978168,642.0143301368398
2025-08-29 12:30:00,642.9175,1619586,2025-08-29,2025-08-29 13:00:00,642.9175,2025-08-29 12:30:00,False,2025-08-29 16:00:00,2025-08-29 10:00:00,643.7128,13:00,1619586.0,25529197.0,0.0012354888701917588,0.0025234621764999338,14.0,647.1257,648.7586972273912,642.0884150966712,True,642.9175,642.8281117963522,648.7586972273912,642.0884150966712
2025-08-29 13:00:00,642.2094,2374393,2025-08-29,2025-08-29 13:30:00,642.2094,2025-08-29 13:00:00,False,2025-08-29 16:00:00,2025-08-29 10:00:00,643.7128,13:30,2374393.0,27903590.0,0.002335513601718131,0.002882356235878593,14.0,647.1257,648.9909467967924,641.8573903968052,True,642.2094,642.7754639127545,648.9909467967924,641.8573903968052
2025-08-29 13:30:00,642.8577,1943982,2025-08-29,2025-08-29 14:00:00,642.8577,2025-08-29 13:30:00,False,2025-08-29 16:00:00,2025-08-29 10:00:00,643.7128,14:00,1943982.0,29847572.0,0.0013283874423500874,0.0029747700087775337,14.0,647.1257,649.0507501242691,641.7979024682938,True,642.8577,642.780819975665,649.0507501242691,641.7979024682938
2025-08-29 14:00:00,642.5086,1819965,2025-08-29,2025-08-29 14:30:00,642.5086,2025-08-29 14:00:00,False,2025-08-29 16:00:00,2025-08-29 10:00:00,643.7128,14:30,1819965.0,31667537.0,0.0018707100433609236,0.0029037912489173995,14.0,647.1257,649.0048179446096,641.8435924045439,True,642.5086,642.7651752216063,649.0048179446096,641.8435924045439
2025-08-29 14:30:00,642.6981,1566847,2025-08-29,2025-08-29 15:00:00,642.6981,2025-08-29 14:30:00,False,2025-08-29 16:00:00,2025-08-29 10:00:00,643.7128,15:00,1566847.0,33234384.0,0.0015763240998160066,0.003217249224264775,14.0,647.1257,649.2076646563269,641.6418154935507,True,642.6981,642.7620129361327,649.2076646563269,641.6418154935507
2025-08-29 15:00:00,642.8477,3065886,2025-08-29,2025-08-29 15:30:00,642.8477,2025-08-29 15:00:00,False,2025-08-29 16:00:00,2025-08-29 10:00:00,643.7128,15:30,3065886.0,36300270.0,0.001343922320637403,0.0033759011094056973,14.0,647.1257,649.310332368555,641.5396892443414,True,642.8477,642.7692499833913,649.310332368555,641.5396892443414
2025-08-29 15:30:00,643.2665,13692131,2025-08-29,2025-08-29 16:00:00,643.3663,2025-08-29 16:00:00,True,2025-08-29 16:00:00,2025-08-29 10:00:00,643.7128,16:00,13692131.0,49992401.0,0.0006933216179638713,0.003449478310151101,14.0,647.1257,649.3579460660914,641.4923266584334,True,643.3663,642.9327725763742,649.3579460660914,641.4923266584334
2025-09-02 09:30:00,637.5623,9867278,2025-09-02,2025-09-02 10:00:00,637.5623,2025-09-02 09:30:00,False,2025-09-02 16:00:00,2025-09-02 10:00:00,637.5623,10:00,9867278.0,9867278.0,0.0,0.0,14.0,643.2664,643.2664,637.5623,True,637.5623,637.5623,643.2664,637.5623
2025-09-02 10:00:00,637.5823,4192303,2025-09-02,2025-09-02 10:30:00,637.5823,2025-09-02 10:00:00,False,2025-09-02 16:00:00,2025-09-02 10:00:00,637.5623,10:30,4192303.0,14059581.0,3.1369483421528344e-05,0.0018705890541185924,14.0,643.2664,644.4696870867223,636.3696829403013,True,637.5823,637.5682636243783,644.4696870867223,636.3696829403013
2025-09-02 10:30:00,635.887,3297740,2025-09-02,2025-09-02 11:00:00,635.887,2025-09-02 10:30:00,False,2025-09-02 16:00:00,2025-09-02 10:00:00,637.5623,11:00,3297740.0,17357321.0,0.002627664778799055,0.002473371412403264,14.0,643.2664,644.8574367243195,635.985371633554,True,635.887,637.2488381609293,644.8574367243195,635.985371633554
2025-09-02 11:00:00,634.7402,2721900,2025-09-02,2025-09-02 11:30:00,634.7402,2025-09-02 11:00:00,False,2025-09-02 16:00:00,2025-09-02 10:00:00,637.5623,11:30,2721900.0,20079221.0,0.004426390958185755,0.0022338663426164245,14.0,643.2664,644.703371160296,636.1380710367089,True,634.7402,636.9087720692103,644.703371160296,636.1380710367089
2025-09-02 11:30:00,633.4338,3131119,2025-09-02,2025-09-02 12:00:00,633.4338,2025-09-02 11:30:00,False,2025-09-02 16:00:00,2025-09-02 10:00:00,637.5623,12:00,3131119.0,23210340.0,0.006475445615275577,0.0022813154169606465,14.0,643.2664,644.7338935555329,636.1078192957372,True,633.4338,636.4399917294835,644.7338935555329,636.1078192957372
2025-09-02 12:00:00,633.8626,2299231,2025-09-02,2025-09-02 12:30:00,633.8626,2025-09-02 12:00:00,False,2025-09-02 16:00:00,2025-09-02 10:00:00,637.5623,12:30,2299231.0,25509571.0,0.005802883890719368,0.002685815422449056,14.0,643.2664,644.9940948178634,635.8499253418879,True,633.8626,636.2076860210273,644.9940948178634,635.8499253418879
2025-09-02 12:30:00,635.149,2240552,2025-09-02,2025-09-02 13:00:00,635.149,2025-09-02 12:30:00,False,2025-09-02 16:00:00,2025-09-02 10:00:00,637.5623,13:00,2240552.0,27750123.0,0.0037851987170509638,0.0025691532441102305,14.0,643.2664,644.9190499583872,635.9243047486327,True,635.149,636.1222074420031,644.9190499583872,635.9243047486327
2025-09-02 13:00:00,635.8674,2277702,2025-09-02,2025-09-02 13:30:00,635.8674,2025-09-02 13:00:00,False,2025-09-02 16:00:00,2025-09-02 10:00:00,637.5623,13:30,2277702.0,30027825.0,0.0026584068725520327,0.002990940593658572,14.0,643.2664,645.1903715882966,635.6553890359437,True,635.8674,636.1028795213074,645.1903715882966,635.6553890359437
2025-09-02 13:30:00,636.5352,3013532,2025-09-02,2025-09-02 14:00:00,636.5352,2025-09-02 13:30:00,False,2025-09-02 16:00:00,2025-09-02 10:00:00,637.5623,14:00,3013532.0,33041357.0,0.0016109798211092485,0.002974452194092663,14.0,643.2664,645.179765154866,635.6659014178942,True,636.5352,636.1423092456008,645.179765154866,635.6659014178942
2025-09-02 14:00:00,635.9468,1757453,2025-09-02,2025-09-02 14:30:00,635.9468,2025-09-02 14:00:00,False,2025-09-02 16:00:00,2025-09-02 10:00:00,637.5623,14:30,1757453.0,34798810.0,0.0025338700233686895,0.0029035613696839885,14.0,643.2664,645.1341634694556,635.7110987349532,True,635.9468,636.1324353932994,645.1341634694556,635.7110987349532
2025-09-02 14:30:00,636.3357,2618896,2025-09-02,2025-09-02 15:00:00,636.3357,2025-09-02 14:30:00,False,2025-09-02 16:00:00,2025-09-02 10:00:00,637.5623,15:00,2618896.0,37417706.0,0.001923890418238483,0.003193195003760014,14.0,643.2664,645.3204750545667,635.5264392490543,True,636.3357,636.1466620502042,645.3204750545667,635.5264392490543
2025-09-02 15:00:00,637.3579,2636613,2025-09-02,2025-09-02 15:30:00,637.3579,2025-09-02 15:00:00,False,2025-09-02 16:00:00,2025-09-02 10:00:00,637.5623,15:30,2636613.0,40054319.0,0.00032059612056745124,0.0033128501067672955,14.0,643.2664,645.3974451619199,635.4501516663743,True,637.3579,636.2263929207884,645.3974451619199,635.4501516663743
2025-09-02 15:30:00,638.4998,11737377,2025-09-02,2025-09-02 16:00:00,638.5945,2025-09-02 16:00:00,True,2025-09-02 16:00:00,2025-09-02 10:00:00,637.5623,16:00,11737377.0,51791696.0,0.0014704445353810325,0.003299621632018801,14.0,643.2664,645.3889357285909,635.4585856431604,True,638.5945,636.7630690235574,645.3889357285909,635.4585856431604
2025-09-03 09:30:00,640.2798,6887402,2025-09-03,2025-09-03 10:00:00,640.2798,2025-09-03 09:30:00,False,2025-09-03 16:00:00,2025-09-03 10:00:00,640.2798,10:00,6887402.0,6887402.0,0.0,0.0,14.0,638.4996,640.2798,638.4996,True,640.2798,640.2798,640.2798,638.4996
2025-09-03 10:00:00,640.6388,4371120,2025-09-03,2025-09-03 10:30:00,640.6388,2025-09-03 10:00:00,False,2025-09-03 16:00:00,2025-09-03 10:00:00,640.2798,10:30,4371120.0,11258522.0,0.0005606923723033841,0.0016306907118280312,14.0,638.4996,641.323898322831,637.4584046327741,True,640.6388,640.419181712804,641.323898322831,637.4584046327741
2025-09-03 10:30:00,642.2094,3431185,2025-09-03,2025-09-03 11:00:00,642.2094,2025-09-03 10:30:00,False,2025-09-03 16:00:00,2025-09-03 10:00:00,640.2798,11:00,3431185.0,14689707.0,0.0030136824557012165,0.0023573425321279135,14.0,638.4996,641.7891588050024,636.9944377361733,True,642.2094,640.8373364202976,641.7891588050024,636.9944377361733
2025-09-03 11:00:00,640.6737,3144258,2025-09-03,2025-09-03 11:30:00,640.6737,2025-09-03 11:00:00,False,2025-09-03 16:00:00,2025-09-03 10:00:00,640.2798,11:30,3144258.0,17833965.0,0.0006151997923409258,0.0021733726809454496,14.0,638.4996,641.6713666254813,637.1119024125654,True,640.6737,640.8084861268484,641.6713666254813,637.1119024125654
2025-09-03 11:30:00,640.5441,2612737,2025-09-03,2025-09-03 12:00:00,640.5441,2025-09-03 11:30:00,False,2025-09-03 16:00:00,2025-09-03 10:00:00,640.2798,12:00,2612737.0,20446702.0,0.00041278828412183444,0.0022931921324233972,14.0,638.4996,641.7480845999097,637.0353977407245,True,640.5441,640.7747021251105,641.7480845999097,637.0353977407245
2025-09-03 12:00:00,640.6638,1964722,2025-09-03,2025-09-03 12:30:00,640.6638,2025-09-03 12:00:00,False,2025-09-03 16:00:00,2025-09-03 10:00:00,640.2798,12:30,1964722.0,22411424.0,0.0005997378021296296,0.0026283496265077882,14.0,638.4996,641.9626791731905,636.8213998148146,True,640.6638,640.7649797690009,641.9626791731905,636.8213998148146
2025-09-03 12:30:00,640.0504,2349142,2025-09-03,2025-09-03 13:00:00,640.0504,2025-09-03 12:30:00,False,2025-09-03 16:00:00,2025-09-03 10:00:00,640.2798,13:00,2349142.0,24760566.0,0.00035828086408484783,0.002331133812011404,14.0,638.4996,641.7723778909278,637.0111719934843,True,640.0504,640.6971844953504,641.7723778909278,637.0111719934843
2025-09-03 13:00:00,640.4792,1832935,2025-09-03,2025-09-03 13:30:00,640.4792,2025-09-03 13:00:00,False,2025-09-03 16:00:00,2025-09-03 10:00:00,640.2798,13:30,1832935.0,26593501.0,0.00031142634829328664,0.0026909393179430324,14.0,638.4996,642.0027540883048,636.781436321869,True,640.4792,640.6821600948028,642.0027540883048,636.781436321869
2025-09-03 13:30:00,639.1985,2760677,2025-09-03,2025-09-03 14:00:00,639.1985,2025-09-03 13:30:00,False,2025-09-03 16:00:00,2025-09-03 10:00:00,640.2798,14:00,2760677.0,29354178.0,0.0016887929308406768,0.0025385266358408654,14.0,638.4996,641.9051673266908,636.8787517584262,True,639.1985,640.5426260802739,641.9051673266908,636.8787517584262
2025-09-03 14:00:00,639.319,2367265,2025-09-03,2025-09-03 14:30:00,639.319,2025-09-03 14:00:00,False,2025-09-03 16:00:00,2025-09-03 10:00:00,640.2798,14:30,2367265.0,31721443.0,0.0015005939590786443,0.0025153005620797302,14.0,638.4996,641.8902961408284,636.8935815972324,True,639.319,640.4513109659861,641.8902961408284,636.8935815972324
2025-09-03 14:30:00,639.0881,2487021,2025-09-03,2025-09-03 15:00:00,639.0881,2025-09-03 14:30:00,False,2025-09-03 16:00:00,2025-09-03 10:00:00,640.2798,15:00,2487021.0,34208464.0,0.0018612175489527427,0.0027880399854422317,14.0,638.4996,642.064925684271,636.7194375845112,True,639.0881,640.3522029119139,642.064925684271,636.7194375845112
2025-09-03 15:00:00,639.2626,2405180,2025-09-03,2025-09-03 15:30:00,639.2626,2025-09-03 15:00:00,False,2025-09-03 16:00:00,2025-09-03 10:00:00,640.2798,15:30,2405180.0,36613644.0,0.0015886804487662554,0.0027578536957932726,14.0,638.4996,642.0455980127718,636.7387115183775,True,639.2626,640.2806260120108,642.0455980127718,636.7387115183775
2025-09-03 15:30:00,641.9601,11987499,2025-09-03,2025-09-03 16:00:00,641.8205,2025-09-03 16:00:00,True,2025-09-03 16:00:00,2025-09-03 10:00:00,640.2798,16:00,11987499.0,48601143.0,0.002624321429474996,0.0027858499204696913,14.0,638.4996,642.0635234299083,636.7208359401201,True,641.8205,640.6604367891183,642.0635234299083,636.7208359401201
2025-09-04 09:30:00,643.2351,5147264,2025-09-04,2025-09-04 10:00:00,643.2351,2025-09-04 09:30:00,False,2025-09-04 16:00:00,2025-09-04 10:00:00,643.2351,10:00,5147264.0,5147264.0,0.0,0.0,14.0,641.9601,643.2351,641.9601,True,643.2351,643.2351,643.2351,641.9601
2025-09-04 10:00:00,643.077,4676892,2025-09-04,2025-09-04 10:30:00,643.077,2025-09-04 10:00:00,False,2025-09-04 16:00:00,2025-09-04 10:00:00,643.2351,10:30,4676892.0,9824156.0,0.000245788825889659,0.001521848611369368,14.0,641.9601,644.214006443719,640.9831339132604,True,643.077,643.1598348448864,644.214006443719,640.9831339132604
2025-09-04 10:30:00,643.8649,3405393,2025-09-04,2025-09-04 11:00:00,643.8649,2025-09-04 10:30:00,False,2025-09-04 16:00:00,2025-09-04 10:00:00,643.2351,11:00,3405393.0,13229549.0,0.000979113235580753,0.0023756626433764083,14.0,641.9601,644.7632095979785,640.4350193718918,True,643.8649,643.341324323006,644.7632095979785,640.4350193718918
2025-09-04 11:00:00,644.4682,2933002,2025-09-04,2025-09-04 11:30:00,644.4682,2025-09-04 11:00:00,False,2025-09-04 16:00:00,2025-09-04 10:00:00,643.2351,11:30,2933002.0,16162551.0,0.0019170284706166996,0.0020070921852563934,14.0,641.9601,644.5261321424927,640.6716269000436,True,644.4682,643.545817327506,644.5261321424927,640.6716269000436
2025-09-04 11:30:00,644.4133,2070009,2025-09-04,2025-09-04 12:00:00,644.4133,2025-09-04 11:30:00,False,2025-09-04 16:00:00,2025-09-04 10:00:00,643.2351,12:00,2070009.0,18232560.0,0.0018316786506209493,0.0020859039332172652,14.0,641.9601,644.5768266250734,640.6210329024415,True,644.4133,643.6443057975512,644.5768266250734,640.6210329024415
2025-09-04 12:00:00,644.1547,1641350,2025-09-04,2025-09-04 12:30:00,644.1547,2025-09-04 12:00:00,False,2025-09-04 16:00:00,2025-09-04 10:00:00,643.2351,12:30,1641350.0,19873910.0,0.001429648350968593,0.0024133793168013484,14.0,641.9601,644.7874702861806,640.4108067724483,True,644.1547,643.6864583243661,644.7874702861806,640.4108067724483
2025-09-04 12:30:00,644.1542,1580240,2025-09-04,2025-09-04 13:00:00,644.1542,2025-09-04 12:30:00,False,2025-09-04 16:00:00,2025-09-04 10:00:00,643.2351,13:00,1580240.0,21454150.0,0.0014288710302032825,0.0020709799956656733,14.0,641.9601,644.56722702461,640.6306134748845,True,644.1542,643.7209105914334,644.56722702461,640.6306134748845
2025-09-04 13:00:00,645.0902,1829562,2025-09-04,2025-09-04 13:30:00,645.0902,2025-09-04 13:00:00,False,2025-09-04 16:00:00,2025-09-04 10:00:00,643.2351,13:30,1829562.0,23283712.0,0.0028840155022633596,0.0024994880621099463,14.0,641.9601,644.84285845358,640.355528393699,True,645.0902,643.8285051136863,644.84285845358,640.355528393699
2025-09-04 13:30:00,645.3528,2157719,2025-09-04,2025-09-04 14:00:00,645.3528,2025-09-04 13:30:00,False,2025-09-04 16:00:00,2025-09-04 10:00:00,643.2351,14:00,2157719.0,25441431.0,0.0032922643680359798,0.0024306694045274,14.0,641.9601,644.7985918774881,640.3997072260026,True,645.3528,643.957782434518,644.7985918774881,640.3997072260026
2025-09-04 14:00:00,645.4405,1901876,2025-09-04,2025-09-04 14:30:00,645.4405,2025-09-04 14:00:00,False,2025-09-04 16:00:00,2025-09-04 10:00:00,643.2351,14:30,1901876.0,27343307.0,0.003428606430215142,0.0024360496525691134,14.0,641.9601,644.8020526418752,640.3962533214318,True,645.4405,644.0609135207676,644.8020526418752,640.3962533214318
2025-09-04 14:30:00,645.8394,1893705,2025-09-04,2025-09-04 15:00:00,645.8394,2025-09-04 14:30:00,False,2025-09-04 16:00:00,2025-09-04 10:00:00,643.2351,15:00,1893705.0,29237012.0,0.004048752936523403,0.002744167052716081,14.0,641.9601,645.0002445685706,640.1984542444217,True,645.8394,644.1761075336906,645.0002445685706,640.1984542444217
2025-09-04 15:00:00,646.0994,3075583,2025-09-04,2025-09-04 15:30:00,646.0994,2025-09-04 15:00:00,False,2025-09-04 16:00:00,2025-09-04 10:00:00,643.2351,15:30,3075583.0,32312595.0,0.004452959734317918,0.002730804757178819,14.0,641.9601,644.9916494710644,640.207032305001,True,646.0994,644.3591706895098,644.9916494710644,640.207032305001
2025-09-04 15:30:00,647.3253,11340058,2025-09-04,2025-09-04 16:00:00,647.2554,2025-09-04 16:00:00,True,2025-09-04 16:00:00,2025-09-04 10:00:00,643.2351,16:00,11340058.0,43652653.0,0.006358794785918942,0.002895848995870357,14.0,641.9601,645.0978117184436,640.1010804890261,True,647.2554,645.111551269042,645.111551269042,640.1010804890261
2025-09-05 09:30:00,649.2599,7712440,2025-09-05,2025-09-05 10:00:00,649.2599,2025-09-05 09:30:00,False,2025-09-05 16:00:00,2025-09-05 10:00:00,649.2599,10:00,7712440.0,7712440.0,0.0,0.0,14.0,647.3252,649.2599,647.3252,True,649.2599,649.2599,649.2599,647.3252
2025-09-05 10:00:00,644.7175,7836989,2025-09-05,2025-09-05 10:30:00,644.7175,2025-09-05 10:00:00,False,2025-09-05 16:00:00,2025-09-05 10:00:00,649.2599,10:30,7836989.0,15549429.0,0.006996273757242766,0.0015203324912967783,14.0,647.3252,650.246990921266,646.3410504660048,True,644.7175,646.9705079693601,650.246990921266,646.3410504660048
2025-09-05 10:30:00,642.4288,7125021,2025-09-05,2025-09-05 11:00:00,642.4288,2025-09-05 10:30:00,False,2025-09-05 16:00:00,2025-09-05 10:00:00,649.2599,11:00,7125021.0,22674450.0,0.010521364402760747,0.002371077678288702,14.0,647.3252,650.799345656298,645.7903416676862,True,642.4288,645.5433613502554,650.799345656298,645.5433613502554
2025-09-05 11:00:00,644.434,4895405,2025-09-05,2025-09-05 11:30:00,644.434,2025-09-05 11:00:00,False,2025-09-05 16:00:00,2025-09-05 10:00:00,649.2599,11:30,4895405.0,27569855.0,0.007432924780969907,0.002059959372653543,14.0,647.3252,650.5973490162932,645.9917363871051,True,644.434,645.3463790628678,650.5973490162932,645.3463790628678
2025-09-05 11:30:00,643.9197,3658254,2025-09-05,2025-09-05 12:00:00,643.9197,2025-09-05 11:30:00,False,2025-09-05 16:00:00,2025-09-05 10:00:00,649.2599,12:00,3658254.0,31228109.0,0.008225057484683718,0.002214747468789064,14.0,647.3252,650.6978467201112,645.8915381518167,True,643.9197,645.1792490458548,650.6978467201112,645.1792490458548
2025-09-05 12:00:00,643.9646,2671413,2025-09-05,2025-09-05 12:30:00,643.9646,2025-09-05 12:00:00,False,2025-09-05 16:00:00,2025-09-05 10:00:00,649.2599,12:30,2671413.0,33899522.0,0.008155901819902889,0.0024092473019297067,14.0,647.3252,650.8241276623262,645.7656335084289,True,643.9646,645.0835300191519,650.8241276623262,645.0835300191519
2025-09-05 12:30:00,644.6526,2325481,2025-09-05,2025-09-05 13:00:00,644.6526,2025-09-05 12:30:00,False,2025-09-05 16:00:00,2025-09-05 10:00:00,649.2599,13:00,2325481.0,36225003.0,0.007096233727048262,0.002160620087818294,14.0,647.3252,650.662703982155,645.926576169529,True,644.6526,645.0558662651457,650.662703982155,645.0558662651457
2025-09-05 13:00:00,643.8798,2360574,2025-09-05,2025-09-05 13:30:00,643.8798,2025-09-05 13:00:00,False,2025-09-05 16:00:00,2025-09-05 10:00:00,649.2599,13:30,2360574.0,38585577.0,0.008286512073208185,0.002601018770502593,14.0,647.3252,650.9486371868346,645.6414950041807,True,643.8798,644.9839173229858,650.9486371868346,644.9839173229858
2025-09-05 13:30:00,643.3574,2511081,2025-09-05,2025-09-05 14:00:00,643.3574,2025-09-05 13:30:00,False,2025-09-05 16:00:00,2025-09-05 10:00:00,649.2599,14:00,2511081.0,41096658.0,0.009091120520457241,0.002597959860817892,14.0,647.3252,650.9466511594387,645.6434751135041,True,643.3574,644.8845341384475,650.9466511594387,644.8845341384475
2025-09-05 14:00:00,643.9222,2646760,2025-09-05,2025-09-05 14:30:00,643.9222,2025-09-05 14:00:00,False,2025-09-05 16:00:00,2025-09-05 10:00:00,649.2599,14:30,2646760.0,43743418.0,0.008221206946555704,0.002678959458111926,14.0,647.3252,650.9992409498778,645.5910420329858,True,643.9222,644.8263066925657,650.9992409498778,644.8263066925657
2025-09-05 14:30:00,644.4832,2321924,2025-09-05,2025-09-05 15:00:00,644.4832,2025-09-05 14:30:00,False,2025-09-05 16:00:00,2025-09-05 10:00:00,649.2599,15:00,2321924.0,46065342.0,0.007357146190608677,0.0029765688935894136,14.0,647.3252,651.192466822195,645.3983919456434,True,644.4832,644.8090123964759,651.192466822195,644.8090123964759
2025-09-05 15:00:00,645.3787,3695402,2025-09-05,2025-09-05 15:30:00,645.3787,2025-09-05 15:00:00,False,2025-09-05 16:00:00,2025-09-05 10:00:00,649.2599,15:30,3695402.0,49760744.0,0.005977883433121334,0.0029444029107182196,14.0,647.3252,651.1715827393726,645.4192137969387,True,645.3787,644.8513193344397,651.1715827393726,644.8513193344397
2025-09-05 15:30:00,645.4504,8585542,2025-09-05,2025-09-05 16:00:00,645.4206,2025-09-05 16:00:00,True,2025-09-05 16:00:00,2025-09-05 10:00:00,649.2599,16:00,8585542.0,58346286.0,0.00586744999960731,0.0032522285650126398,14.0,647.3252,651.3714415928973,645.2199504937075,True,645.4206,644.935087872234,651.3714415928973,644.935087872234
2025-09-08 09:30:00,646.5624,5959190,2025-09-08,2025-09-08 10:00:00,646.5624,2025-09-08 09:30:00,False,2025-09-08 16:00:00,2025-09-08 10:00:00,646.5624,10:00,5959190.0,5959190.0,0.0,0.0,14.0,645.4504,646.5624,645.4504,True,646.5624,646.5624,646.5624,645.4504
2025-09-08 10:00:00,646.9797,3442232,2025-09-08,2025-09-08 10:30:00,646.9797,2025-09-08 10:00:00,False,2025-09-08 16:00:00,2025-09-08 10:00:00,646.5624,10:30,3442232.0,9401422.0,0.0006454133429347753,0.0019362738553724834,14.0,645.4504,647.814321870987,644.2006312655402,True,646.9797,646.715190015553,647.814321870987,644.2006312655402
2025-09-08 10:30:00,647.5546,2829384,2025-09-08,2025-09-08 11:00:00,647.5546,2025-09-08 10:30:00,False,2025-09-08 16:00:00,2025-09-08 10:00:00,646.5624,11:00,2829384.0,12230806.0,0.0015345773277257724,0.0031098572762472015,14.0,645.4504,648.5731167841878,643.4431413771033,True,647.5546,646.909372899284,648.5731167841878,643.4431413771033
2025-09-08 11:00:00,647.9685,2325284,2025-09-08,2025-09-08 11:30:00,647.9685,2025-09-08 11:00:00,False,2025-09-08 16:00:00,2025-09-08 10:00:00,646.5624,11:30,2325284.0,14556090.0,0.002174732090823639,0.0025825779098232076,14.0,645.4504,648.2321977715623,643.7834740550734,True,647.9685,647.0785647153048,648.2321977715623,643.7834740550734
2025-09-08 11:30:00,647.5646,2342330,2025-09-08,2025-09-08 12:00:00,647.5646,2025-09-08 11:30:00,False,2025-09-08 16:00:00,2025-09-08 10:00:00,646.5624,12:00,2342330.0,16898420.0,0.001550043739011242,0.002797230928291721,14.0,645.4504,648.3709843423505,643.6449261784417,True,647.5646,647.1459352167126,648.3709843423505,643.6449261784417
2025-09-08 12:00:00,646.8267,1876172,2025-09-08,2025-09-08 12:30:00,646.8267,2025-09-08 12:00:00,False,2025-09-08 16:00:00,2025-09-08 10:00:00,646.5624,12:30,1876172.0,18774592.0,0.0004087772502698872,0.002982360434005785,14.0,645.4504,648.4906821198758,643.5254342649267,True,646.8267,647.1140335820454,648.4906821198758,643.5254342649267
2025-09-08 12:30:00,646.7568,2002856,2025-09-08,2025-09-08 13:00:00,646.7568,2025-09-08 12:30:00,False,2025-09-08 16:00:00,2025-09-08 10:00:00,646.5624,13:00,2002856.0,20777448.0,0.0003006670353857821,0.00259591353235622,14.0,645.4504,648.2408200836728,643.7748665721753,True,646.7568,647.0795978119161,648.2408200836728,643.7748665721753
2025-09-08 13:00:00,646.717,1517027,2025-09-08,2025-09-08 13:30:00,646.717,2025-09-08 13:00:00,False,2025-09-08 16:00:00,2025-09-08 10:00:00,646.5624,13:30,1517027.0,22294475.0,0.00023911071847049215,0.0031096766269892518,14.0,645.4504,648.5729999831701,643.4432579772391,True,646.717,647.0549248527718,648.5729999831701,643.4432579772391
2025-09-08 13:30:00,645.7853,1511160,2025-09-08,2025-09-08 14:00:00,645.7853,2025-09-08 13:30:00,False,2025-09-08 16:00:00,2025-09-08 10:00:00,646.5624,14:00,1511160.0,23805635.0,0.0012018948209794322,0.0031024727234569838,14.0,645.4504,648.5683422100129,643.4479077396555,True,645.7853,646.9743302249657,648.5683422100129,643.4479077396555
2025-09-08 14:00:00,646.6122,2263502,2025-09-08,2025-09-08 14:30:00,646.6122,2025-09-08 14:00:00,False,2025-09-08 16:00:00,2025-09-08 10:00:00,646.5624,14:30,2263502.0,26069137.0,7.702272820075962e-05,0.0031435333513422964,14.0,645.4504,648.5948904681239,643.4214051409627,True,646.6122,646.9428875850167,648.5948904681239,643.4214051409627
2025-09-08 14:30:00,646.3978,1928307,2025-09-08,2025-09-08 15:00:00,646.3978,2025-09-08 14:30:00,False,2025-09-08 16:00:00,2025-09-08 10:00:00,646.5624,15:00,1928307.0,27997444.0,0.0002545771297558508,0.0034088467086711267,14.0,645.4504,648.7664321091904,643.2501585283495,True,646.3978,646.9053450077085,648.7664321091904,643.2501585283495
2025-09-08 15:00:00,645.8194,3228769,2025-09-08,2025-09-08 15:30:00,645.8194,2025-09-08 15:00:00,False,2025-09-08 16:00:00,2025-09-08 10:00:00,646.5624,15:30,3228769.0,31226213.0,0.0011491543584966069,0.0033286689937272224,14.0,645.4504,648.7145922133899,643.3019092665311,True,645.8194,646.7930590389747,648.7145922133899,643.3019092665311
2025-09-08 15:30:00,647.0361,10472152,2025-09-08,2025-09-08 16:00:00,647.0361,2025-09-08 16:00:00,True,2025-09-08 16:00:00,2025-09-08 10:00:00,646.5624,16:00,10472152.0,41698365.0,0.0007326439025838738,0.0036685824696794616,14.0,645.4504,648.9343674861939,643.0825119775124,True,647.0361,646.8540964893899,648.9343674861939,643.0825119775124
2025-09-09 09:30:00,647.2455,4310339,2025-09-09,2025-09-09 10:00:00,647.2455,2025-09-09 09:30:00,False,2025-09-09 16:00:00,2025-09-09 10:00:00,647.2455,10:00,4310339.0,4310339.0,0.0,0.0,14.0,647.036,647.2455,647.036,True,647.2455,647.2455,647.2455,647.036
2025-09-09 10:00:00,646.9463,4565043,2025-09-09,2025-09-09 10:30:00,646.9463,2025-09-09 10:00:00,False,2025-09-09 16:00:00,2025-09-09 10:00:00,647.2455,10:30,4565043.0,8875382.0,0.00046226663607551455,0.001962371422016377,14.0,647.036,648.5156360722286,645.7662750445842,True,646.9463,647.0916068080675,648.5156360722286,645.7662750445842
2025-09-09 10:30:00,646.5574,4677759,2025-09-09,2025-09-09 11:00:00,646.5574,2025-09-09 10:30:00,False,2025-09-09 16:00:00,2025-09-09 10:00:00,647.2455,11:00,4677759.0,13553141.0,0.0010631205624449525,0.0031661350080175693,14.0,647.036,649.2947666363319,644.9873966689523,True,646.5574,646.907229570031,649.2947666363319,644.9873966689523
2025-09-09 11:00:00,646.9563,2563110,2025-09-09,2025-09-09 11:30:00,646.9563,2025-09-09 11:00:00,False,2025-09-09 16:00:00,2025-09-09 10:00:00,647.2455,11:30,2563110.0,16116251.0,0.000446816547971296,0.0027368015215238272,14.0,647.036,649.0168824691995,645.2651908907193,True,646.9563,646.9150336747051,649.0168824691995,645.2651908907193
2025-09-09 11:30:00,646.4876,2145975,2025-09-09,2025-09-09 12:00:00,646.4876,2025-09-09 11:30:00,False,2025-09-09 16:00:00,2025-09-09 10:00:00,647.2455,12:00,2145975.0,18262226.0,0.0011709621774117496,0.002906276746040913,14.0,647.036,649.1265745456295,645.1555343193486,True,646.4876,646.8648063924409,649.1265745456295,645.1555343193486
2025-09-09 12:00:00,647.0606,2201340,2025-09-09,2025-09-09 12:30:00,647.0606,2025-09-09 12:00:00,False,2025-09-09 16:00:00,2025-09-09 10:00:00,647.2455,12:30,2201340.0,20463566.0,0.00028567212904528905,0.002968944352378227,14.0,647.036,649.1671358718272,645.1149861220146,True,647.0606,646.8858686207966,649.1671358718272,645.1149861220146
2025-09-09 12:30:00,647.2355,1748365,2025-09-09,2025-09-09 13:00:00,647.2355,2025-09-09 12:30:00,False,2025-09-09 16:00:00,2025-09-09 10:00:00,647.2455,13:00,1748365.0,22211931.0,1.545008810410753e-05,0.0025896078871348277,14.0,647.036,648.9216120517125,645.3604304711398,True,647.2355,646.9133891126576,648.9216120517125,645.3604304711398
2025-09-09 13:00:00,647.769,2482484,2025-09-09,2025-09-09 13:30:00,647.769,2025-09-09 13:00:00,False,2025-09-09 16:00:00,2025-09-09 10:00:00,647.2455,13:30,2482484.0,24694415.0,0.0008088121122511449,0.0030795279129586955,14.0,647.036,649.2387105837869,645.0434345773108,True,647.769,646.9994020972961,649.2387105837869,645.0434345773108
2025-09-09 13:30:00,647.9835,1789615,2025-09-09,2025-09-09 14:00:00,647.9835,2025-09-09 13:30:00,False,2025-09-09 16:00:00,2025-09-09 10:00:00,647.2455,14:00,1789615.0,26484030.0,0.0011402165020846233,0.0031827615235408718,14.0,647.036,649.305528073685,644.9766387148542,True,647.9835,647.0659009031103,649.305528073685,644.9766387148542
2025-09-09 14:00:00,648.0433,1854390,2025-09-09,2025-09-09 14:30:00,648.0433,2025-09-09 14:00:00,False,2025-09-09 16:00:00,2025-09-09 10:00:00,647.2455,14:30,1854390.0,28338420.0,0.001232608028947313,0.003147920579998425,14.0,647.036,649.2829774297614,644.9991820596,True,648.0433,647.1298592716885,649.2829774297614,644.9991820596
2025-09-09 14:30:00,648.0532,2059936,2025-09-09,2025-09-09 15:00:00,648.0532,2025-09-09 14:30:00,False,2025-09-09 16:00:00,2025-09-09 10:00:00,647.2455,15:00,2059936.0,30398356.0,0.0012479036161703316,0.003353124127108079,14.0,647.036,649.4157945022122,644.8664079772924,True,648.0532,647.192429195092,649.4157945022122,644.8664079772924
2025-09-09 15:00:00,648.2676,2381221,2025-09-09,2025-09-09 15:30:00,648.2676,2025-09-09 15:00:00,False,2025-09-09 16:00:00,2025-09-09 10:00:00,647.2455,15:30,2381221.0,32779577.0,0.0015791535051228323,0.003355187723836211,14.0,647.036,649.4171301559082,644.8650727559199,True,648.2676,647.2705332932393,649.4171301559082,644.8650727559199
2025-09-09 15:30:00,648.5319,7445627,2025-09-09,2025-09-09 16:00:00,648.5718,2025-09-09 16:00:00,True,2025-09-09 16:00:00,2025-09-09 10:00:00,647.2455,16:00,7445627.0,40225204.0,0.0019874993337147817,0.00365867522816467,14.0,647.036,649.6135610773911,644.6687054150692,True,648.5718,647.5113958759638,649.6135610773911,644.6687054150692
2025-09-10 09:30:00,651.7546,7894285,2025-09-10,2025-09-10 10:00:00,651.7546,2025-09-10 09:30:00,False,2025-09-10 16:00:00,2025-09-10 10:00:00,651.7546,10:00,7894285.0,7894285.0,0.0,0.0,14.0,648.5319,651.7546,648.5319,True,651.7546,651.7546,651.7546,648.5319
2025-09-10 10:00:00,652.0871,4645773,2025-09-10,2025-09-10 10:30:00,652.0871,2025-09-10 10:00:00,False,2025-09-10 16:00:00,2025-09-10 10:00:00,651.7546,10:30,4645773.0,12540058.0,0.0005101613398661442,0.0019765055888901284,14.0,648.5319,653.0427966094848,647.2500730750763,True,652.0871,651.8777828052549,653.0427966094848,647.2500730750763
2025-09-10 10:30:00,651.6133,3581019,2025-09-10,2025-09-10 11:00:00,651.6133,2025-09-10 10:30:00,False,2025-09-10 16:00:00,2025-09-10 10:00:00,651.7546,11:00,3581019.0,16121077.0,0.00021679939044538798,0.0030615238387967886,14.0,648.5319,653.7499622449454,646.5464041279298,True,651.6133,651.8190325151353,653.7499622449454,646.5464041279298
2025-09-10 11:00:00,651.0449,4143067,2025-09-10,2025-09-10 11:30:00,651.0449,2025-09-10 11:00:00,False,2025-09-10 16:00:00,2025-09-10 10:00:00,651.7546,11:30,4143067.0,20264144.0,0.001088906775648324,0.0026231641553065726,14.0,648.5319,653.4642593047761,646.8306943663471,True,651.0449,651.6607587248837,653.4642593047761,646.8306943663471
2025-09-10 11:30:00,651.5187,2625853,2025-09-10,2025-09-10 12:00:00,651.5187,2025-09-10 11:30:00,False,2025-09-10 16:00:00,2025-09-10 10:00:00,651.7546,12:00,2625853.0,22889997.0,0.00036194604533668073,0.0027510315439247058,14.0,648.5319,653.547597463498,646.7477682858585,True,651.5187,651.6444622907289,653.547597463498,646.7477682858585
2025-09-10 12:00:00,650.8455,1702786,2025-09-10,2025-09-10 12:30:00,650.8455,2025-09-10 12:00:00,False,2025-09-10 16:00:00,2025-09-10 10:00:00,651.7546,12:30,1702786.0,24592783.0,0.001394850147586224,0.0027054746839010246,14.0,648.5319,653.517905570416,646.7773133628477,True,650.8455,651.5891427360783,653.517905570416,646.7773133628477
2025-09-10 12:30:00,651.1047,1755961,2025-09-10,2025-09-10 13:00:00,651.1047,2025-09-10 12:30:00,False,2025-09-10 16:00:00,2025-09-10 10:00:00,651.7546,13:00,1755961.0,26348744.0,0.0009971544504634444,0.0022385056943284376,14.0,648.5319,653.2135563834047,647.0801576488963,True,651.1047,651.556857988415,653.2135563834047,647.0801576488963
2025-09-10 13:00:00,650.4716,2095874,2025-09-10,2025-09-10 13:30:00,650.4716,2025-09-10 13:00:00,False,2025-09-10 16:00:00,2025-09-10 10:00:00,651.7546,13:30,2095874.0,28444618.0,0.0019685323279652334,0.002781763121301747,14.0,648.5319,653.5676269104188,646.7278378775922,True,650.4716,651.4768933356567,653.5676269104188,646.7278378775922
2025-09-10 13:30:00,650.5064,2143827,2025-09-10,2025-09-10 14:00:00,650.5064,2025-09-10 13:30:00,False,2025-09-10 16:00:00,2025-09-10 10:00:00,651.7546,14:00,2143827.0,30588445.0,0.0019151379982588201,0.0029264392004476536,14.0,648.5319,653.661920210512,646.6340108250992,True,650.5064,651.4088751733636,653.661920210512,646.6340108250992
2025-09-10 14:00:00,649.8582,2878052,2025-09-10,2025-09-10 14:30:00,649.8582,2025-09-10 14:00:00,False,2025-09-10 16:00:00,2025-09-10 10:00:00,651.7546,14:30,2878052.0,33466497.0,0.002909684105029675,0.002812641909814554,14.0,648.5319,653.5877523028744,646.7078119982083,True,649.8582,651.2755202009549,653.5877523028744,646.7078119982083
2025-09-10 14:30:00,650.1873,3092900,2025-09-10,2025-09-10 15:00:00,650.1873,2025-09-10 14:30:00,False,2025-09-10 16:00:00,2025-09-10 10:00:00,651.7546,15:00,3092900.0,36559397.0,0.0024047394525484878,0.0030145036734014713,14.0,648.5319,653.7193166358563,646.5768982051319,True,650.1873,651.1834575156888,653.7193166358563,646.5768982051319
2025-09-10 15:00:00,649.0604,4264411,2025-09-10,2025-09-10 15:30:00,649.0604,2025-09-10 15:00:00,False,2025-09-10 16:00:00,2025-09-10 10:00:00,651.7546,15:30,4264411.0,40823808.0,0.004133764456744959,0.0030602270071710047,14.0,648.5319,653.7491170289678,646.5472451646081,True,649.0604,650.9616852149878,653.7491170289678,646.5472451646081
2025-09-10 15:30:00,650.4067,9780332,2025-09-10,2025-09-10 16:00:00,650.4067,2025-09-10 16:00:00,True,2025-09-10 16:00:00,2025-09-10 10:00:00,651.7546,16:00,9780332.0,50604140.0,0.00206810968422777,0.0034595417924696797,14.0,648.5319,654.0093722771343,646.2882767882002,True,650.4067,650.8544224562951,654.0093722771343,646.2882767882002
2025-09-11 09:30:00,653.8023,7147567,2025-09-11,2025-09-11 10:00:00,653.8023,2025-09-11 09:30:00,False,2025-09-11 16:00:00,2025-09-11 10:00:00,653.8023,10:00,7147567.0,7147567.0,0.0,0.0,14.0,650.4066,653.8023,650.4066,True,653.8023,653.8023,653.8023,650.4066
2025-09-11 10:00:00,654.1364,4076095,2025-09-11,2025-09-11 10:30:00,654.1364,2025-09-11 10:00:00,False,2025-09-11 16:00:00,2025-09-11 10:00:00,653.8023,10:30,4076095.0,11223662.0,0.0005110107443795364,0.0018589165232285123,14.0,650.4066,655.0176638983947,649.1975484244431,True,654.1364,653.9236350276852,655.0176638983947,649.1975484244431
2025-09-11 10:30:00,654.8145,3901094,2025-09-11,2025-09-11 11:00:00,654.8145,2025-09-11 10:30:00,False,2025-09-11 16:00:00,2025-09-11 10:00:00,653.8023,11:00,3901094.0,15124756.0,0.001548174425204607,0.002837521334623846,14.0,650.4066,655.6574779748761,648.5610573963198,True,654.8145,654.1534138087978,655.6574779748761,648.5610573963198
2025-09-11 11:00:00,655.6323,3116269,2025-09-11,2025-09-11 11:30:00,655.6323,2025-09-11 11:00:00,False,2025-09-11 16:00:00,2025-09-11 10:00:00,653.8023,11:30,3116269.0,18241025.0,0.002799011260743667,0.002585145119918499,14.0,650.4066,655.4924738252365,648.7252045520472,True,655.6323,654.406064479041,655.4924738252365,648.7252045520472
2025-09-11 11:30:00,655.3929,2716666,2025-09-11,2025-09-11 12:00:00,655.3929,2025-09-11 11:30:00,False,2025-09-11 16:00:00,2025-09-11 10:00:00,653.8023,12:00,2716666.0,20957691.0,0.0024328455253217474,0.0027622620966533435,14.0,650.4066,655.6082733119948,648.6100065014069,True,655.3929,654.5339842249416,655.6082733119948,648.6100065014069
2025-09-11 12:00:00,655.5624,2062764,2025-09-11,2025-09-11 12:30:00,655.5624,2025-09-11 12:00:00,False,2025-09-11 16:00:00,2025-09-11 10:00:00,653.8023,12:30,2062764.0,23020455.0,0.002692098207669247,0.0025667573642766234,14.0,650.4066,655.480451868306,648.7371640696759,True,655.5624,654.626136141045,655.480451868306,648.7371640696759
2025-09-11 12:30:00,655.3032,1562753,2025-09-11,2025-09-11 13:00:00,655.3032,2025-09-11 12:30:00,False,2025-09-11 16:00:00,2025-09-11 10:00:00,653.8023,13:00,1562753.0,24583208.0,0.0022956480881146657,0.002207428230031711,14.0,650.4066,655.2455216538796,648.970874110161,True,655.3032,654.6691770483494,655.2455216538796,648.970874110161
2025-09-11 13:00:00,655.2982,1797225,2025-09-11,2025-09-11 13:30:00,655.2982,2025-09-11 13:00:00,False,2025-09-11 16:00:00,2025-09-11 10:00:00,653.8023,13:30,1797225.0,26380433.0,0.0022880005163641304,0.002780711292918054,14.0,650.4066,655.6203354389457,648.5980070223916,True,655.2982,654.7120306199447,655.6203354389457,648.5980070223916
2025-09-11 13:30:00,655.7619,1641125,2025-09-11,2025-09-11 14:00:00,655.7619,2025-09-11 13:30:00,False,2025-09-11 16:00:00,2025-09-11 10:00:00,653.8023,14:00,1641125.0,28021558.0,0.0029972363205208463,0.002852992069280786,14.0,650.4066,655.6675927767775,648.5509951283922,True,655.7619,654.7735178108549,655.6675927767775,648.5509951283922
2025-09-11 14:00:00,655.5126,2830419,2025-09-11,2025-09-11 14:30:00,655.5126,2025-09-11 14:00:00,False,2025-09-11 16:00:00,2025-09-11 10:00:00,653.8023,14:30,2830419.0,30851977.0,0.002615928393032707,0.0029631467942972905,14.0,650.4066,655.7396121893491,648.4793497682202,True,655.5126,654.841322615413,655.7396121893491,648.4793497682202
2025-09-11 14:30:00,655.6871,2193014,2025-09-11,2025-09-11 15:00:00,655.6871,2025-09-11 14:30:00,False,2025-09-11 16:00:00,2025-09-11 10:00:00,653.8023,15:00,2193014.0,33044991.0,0.002882828647130964,0.0030266270262438283,14.0,650.4066,655.7811157110003,648.4380618063927,True,655.6871,654.8974522008403,655.7811157110003,648.4380618063927
2025-09-11 15:00:00,655.9214,3021699,2025-09-11,2025-09-11 15:30:00,655.9214,2025-09-11 15:00:00,False,2025-09-11 16:00:00,2025-09-11 10:00:00,653.8023,15:30,3021699.0,36066690.0,0.003241193859367053,0.0030227130865117364,14.0,650.4066,655.7785567682014,648.4406074586265,True,655.9214,654.9832394477646,655.7785567682014,648.4406074586265
2025-09-11 15:30:00,655.8117,10704125,2025-09-11,2025-09-11 16:00:00,655.8117,2025-09-11 16:00:00,True,2025-09-11 16:00:00,2025-09-11 10:00:00,653.8023,16:00,10704125.0,46770815.0,0.003073406135157386,0.0032924635728747947,14.0,650.4066,655.9549202566117,648.2651599619427,True,655.8117,655.1728436979514,655.9549202566117,648.2651599619427
2025-09-12 09:30:00,655.8217,5867047,2025-09-12,2025-09-12 10:00:00,655.8217,2025-09-12 09:30:00,False,2025-09-12 16:00:00,2025-09-12 10:00:00,655.8217,10:00,5867047.0,5867047.0,0.0,0.0,14.0,655.8116,655.8217,655.8116,True,655.8217,655.8217,655.8217,655.8116
2025-09-12 10:00:00,656.1409,3584808,2025-09-12,2025-09-12 10:30:00,656.1409,2025-09-12 10:00:00,False,2025-09-12 16:00:00,2025-09-12 10:00:00,655.8217,10:30,3584808.0,9451855.0,0.00048671765511887344,0.0015838540373998805,14.0,655.8116,656.8604258473594,654.7728901495663,True,656.1409,655.942763083765,656.8604258473594,654.7728901495663
2025-09-12 10:30:00,656.5646,2617818,2025-09-12,2025-09-12 11:00:00,656.5646,2025-09-12 10:30:00,False,2025-09-12 16:00:00,2025-09-12 10:00:00,655.8217,11:00,2617818.0,12069673.0,0.0011327773997109603,0.0027062782704417865,14.0,655.8116,657.596536015994,654.0367913174164,True,656.5646,656.077634664162,657.596536015994,654.0367913174164
2025-09-12 11:00:00,655.8217,2329069,2025-09-12,2025-09-12 11:30:00,655.8217,2025-09-12 11:00:00,False,2025-09-12 16:00:00,2025-09-12 10:00:00,655.8217,11:30,2329069.0,14398742.0,0.0,0.002601738965634624,14.0,655.8116,657.5279768713987,654.1053494061648,True,655.8217,656.0362359438901,657.5279768713987,654.1053494061648
2025-09-12 11:30:00,655.7818,2195737,2025-09-12,2025-09-12 12:00:00,655.7818,2025-09-12 11:30:00,False,2025-09-12 16:00:00,2025-09-12 10:00:00,655.8217,12:00,2195737.0,16594479.0,6.083970688985918e-05,0.002873045147667952,14.0,655.8116,657.7059053529204,653.9274236648356,True,655.7818,656.0025696615,657.7059053529204,653.9274236648356
2025-09-12 12:00:00,656.2405,1899098,2025-09-12,2025-09-12 12:30:00,656.2405,2025-09-12 12:00:00,False,2025-09-12 16:00:00,2025-09-12 10:00:00,655.8217,12:30,1899098.0,18493577.0,0.0006385882016408662,0.002741049262515386,14.0,655.8116,657.6193395871264,654.0139880974709,True,656.2405,656.0270026324707,657.6193395871264,654.0139880974709
2025-09-12 12:30:00,656.2605,2092363,2025-09-12,2025-09-12 13:00:00,656.2605,2025-09-12 12:30:00,False,2025-09-12 16:00:00,2025-09-12 10:00:00,655.8217,13:00,2092363.0,20585940.0,0.0006690842953198661,0.0023511577980860105,14.0,655.8116,657.3636403041089,654.2696834425847,True,656.2605,656.0507353963093,657.3636403041089,654.2696834425847
2025-09-12 13:00:00,656.2804,1857194,2025-09-12,2025-09-12 13:30:00,656.2804,2025-09-12 13:00:00,False,2025-09-12 16:00:00,2025-09-12 10:00:00,655.8217,13:30,1857194.0,22443134.0,0.0006994279085306143,0.0028693507348335917,14.0,655.8116,657.7034824768148,653.9298465036276,True,656.2804,656.0697403946302,657.7034824768148,653.9298465036276
2025-09-12 13:30:00,656.5646,1935124,2025-09-12,2025-09-12 14:00:00,656.5646,2025-09-12 13:30:00,False,2025-09-12 16:00:00,2025-09-12 10:00:00,655.8217,14:00,1935124.0,24378258.0,0.0011327773997109603,0.0029759709093102643,14.0,655.8116,657.7734063008943,653.8599237564118,True,656.5646,656.1090219010849,657.7734063008943,653.8599237564118
2025-09-12 14:00:00,656.6893,2442729,2025-09-12,2025-09-12 14:30:00,656.6893,2025-09-12 14:00:00,False,2025-09-12 16:00:00,2025-09-12 10:00:00,655.8217,14:30,2442729.0,26820987.0,0.0013229205438003433,0.0030980377773420615,14.0,655.8116,657.8534604018006,653.7798708883809,True,656.6893,656.1618708935655,657.8534604018006,653.7798708883809
2025-09-12 14:30:00,656.9735,3658342,2025-09-12,2025-09-12 15:00:00,656.9735,2025-09-12 14:30:00,False,2025-09-12 16:00:00,2025-09-12 10:00:00,655.8217,15:00,3658342.0,30479329.0,0.0017562700349804672,0.0031217525300246607,14.0,655.8116,657.86901305122,653.7643184784805,True,656.9735,656.2592882890893,657.86901305122,653.7643184784805
2025-09-12 15:00:00,656.3204,4608264,2025-09-12,2025-09-12 15:30:00,656.3204,2025-09-12 15:00:00,False,2025-09-12 16:00:00,2025-09-12 10:00:00,655.8217,15:30,4608264.0,35087593.0,0.0007604200958888363,0.0031575006644171517,14.0,655.8116,657.8924574534891,653.7408744372675,True,656.3204,656.2673144565545,657.8924574534891,653.7408744372675
2025-09-12 15:30:00,655.5923,13924448,2025-09-12,2025-09-12 16:00:00,655.5923,2025-09-12 16:00:00,True,2025-09-12 16:00:00,2025-09-12 10:00:00,655.8217,16:00,13924448.0,49012041.0,0.00034979019449943305,0.003456873496994544,14.0,655.8116,658.0887926534839,653.5445422609384,True,655.5923,656.0755410982579,658.0887926534839,653.5445422609384
2025-09-15 09:30:00,658.8932,6983647,2025-09-15,2025-09-15 10:00:00,658.8932,2025-09-15 09:30:00,False,2025-09-15 16:00:00,2025-09-15 10:00:00,658.8932,10:00,6983647.0,6983647.0,0.0,0.0,14.0,655.5923,658.8932,655.5923,True,658.8932,658.8932,658.8932,655.5923
2025-09-15 10:00:00,658.8633,3618180,2025-09-15,2025-09-15 10:30:00,658.8633,2025-09-15 10:00:00,False,2025-09-15 16:00:00,2025-09-15 10:00:00,658.8932,10:30,3618180.0,10601827.0,4.537912972846225e-05,0.0010216695138522333,14.0,655.5923,659.5663710953246,654.9225013335738,True,658.8633,658.8829957604854,659.5663710953246,654.9225013335738
2025-09-15 10:30:00,659.2023,3491136,2025-09-15,2025-09-15 11:00:00,659.2023,2025-09-15 10:30:00,False,2025-09-15 16:00:00,2025-09-15 10:00:00,658.8932,11:00,3491136.0,14092963.0,0.0004691200334137058,0.002029209643848784,14.0,655.5923,660.2302324357064,654.2619657824071,True,659.2023,658.9620944230961,660.2302324357064,654.2619657824071
2025-09-15 11:00:00,658.5392,2913610,2025-09-15,2025-09-15 11:30:00,658.5392,2025-09-15 11:00:00,False,2025-09-15 16:00:00,2025-09-15 10:00:00,658.8932,11:30,2913610.0,17006573.0,0.0005372646128385394,0.0018113361756822907,14.0,655.5923,660.086677089071,654.4048019505112,True,658.5392,658.8896430585515,660.086677089071,654.4048019505112
2025-09-15 11:30:00,658.7785,2177889,2025-09-15,2025-09-15 12:00:00,658.7785,2025-09-15 11:30:00,False,2025-09-15 16:00:00,2025-09-15 10:00:00,658.8932,12:00,2177889.0,19184462.0,0.0001740798053462278,0.0021474700528207164,14.0,655.5923,660.3081534150073,654.1844351688902,True,658.7785,658.8770256995323,660.3081534150073,654.1844351688902
2025-09-15 12:00:00,658.7935,2012186,2025-09-15,2025-09-15 12:30:00,658.7935,2025-09-15 12:00:00,False,2025-09-15 16:00:00,2025-09-15 10:00:00,658.8932,12:30,2012186.0,21196648.0,0.00015131435564974538,0.0021281768227961145,14.0,655.5923,660.2954412369379,654.1970836619364,True,658.7935,658.8690966513526,660.2954412369379,654.1970836619364
2025-09-15 12:30:00,658.2998,1950928,2025-09-15,2025-09-15 13:00:00,658.2998,2025-09-15 12:30:00,False,2025-09-15 16:00:00,2025-09-15 10:00:00,658.8932,13:00,1950928.0,23147576.0,0.0009006011899955757,0.0017426945902254767,14.0,655.5923,660.0414496151764,654.4498028453966,True,658.2998,658.8211150926171,660.0414496151764,654.4498028453966
2025-09-15 13:00:00,657.8959,2616018,2025-09-15,2025-09-15 13:30:00,657.8959,2025-09-15 13:00:00,False,2025-09-15 16:00:00,2025-09-15 10:00:00,658.8932,13:30,2616018.0,25763594.0,0.0015135988654914057,0.002108783783122998,14.0,655.5923,660.28266329497,654.2097975894197,True,657.8959,658.7271693746338,660.28266329497,654.2097975894197
2025-09-15 13:30:00,658.7635,2399210,2025-09-15,2025-09-15 14:00:00,658.7635,2025-09-15 13:30:00,False,2025-09-15 16:00:00,2025-09-15 10:00:00,658.8932,14:00,2399210.0,28162804.0,0.00019684525504282124,0.0022866040888477163,14.0,655.5923,660.3998278852339,654.0932199662029,True,658.7635,658.7302644073474,660.3998278852339,654.0932199662029
2025-09-15 14:00:00,658.0655,2458550,2025-09-15,2025-09-15 14:30:00,658.0655,2025-09-15 14:00:00,False,2025-09-15 16:00:00,2025-09-15 10:00:00,658.8932,14:30,2458550.0,30621354.0,0.0012561975142556525,0.002463620281294559,14.0,655.5923,660.5164626507271,653.9771695134594,True,658.0655,658.6768913091596,660.5164626507271,653.9771695134594
2025-09-15 14:30:00,658.1652,3100002,2025-09-15,2025-09-15 15:00:00,658.1652,2025-09-15 14:30:00,False,2025-09-15 16:00:00,2025-09-15 10:00:00,658.8932,15:00,3100002.0,33721356.0,0.0011048831586059071,0.002513815479404269,14.0,655.5923,660.5495359254342,653.9442619280818,True,658.1652,658.6298515613577,660.5495359254342,653.9442619280818
2025-09-15 15:00:00,658.2051,2730160,2025-09-15,2025-09-15 15:30:00,658.2051,2025-09-15 15:00:00,False,2025-09-15 16:00:00,2025-09-15 10:00:00,658.8932,15:30,2730160.0,36451516.0,0.0010443270624130863,0.0025220300860091132,14.0,655.5923,660.5549484738668,653.9388764952441,True,658.2051,658.5980383516477,660.5549484738668,653.9388764952441
2025-09-15 15:30:00,659.0826,9711736,2025-09-15,2025-09-15 16:00:00,659.0826,2025-09-15 16:00:00,True,2025-09-15 16:00:00,2025-09-15 10:00:00,658.8932,16:00,9711736.0,46163252.0,0.0002874517448350211,0.002766354748503262,14.0,655.5923,660.7159323325765,653.7786991278128,True,659.0826,658.6999794974864,660.7159323325765,653.7786991278128
2025-09-16 09:30:00,658.3746,6829256,2025-09-16,2025-09-16 10:00:00,658.3746,2025-09-16 09:30:00,False,2025-09-16 16:00:00,2025-09-16 10:00:00,658.3746,10:00,6829256.0,6829256.0,0.0,0.0,14.0,659.0826,659.0826,658.3746,True,658.3746,658.3746,659.0826,658.3746
2025-09-16 10:00:00,658.0854,4886664,2025-09-16,2025-09-16 10:30:00,658.0854,2025-09-16 10:00:00,False,2025-09-16 16:00:00,2025-09-16 10:00:00,658.3746,10:30,4886664.0,11715920.0,0.00043926360464074943,0.0010016333999119306,14.0,659.0826,659.7427591454607,657.7151500109863,True,658.0854,658.2539758212074,659.7427591454607,657.7151500109863
2025-09-16 10:30:00,658.0655,2490671,2025-09-16,2025-09-16 11:00:00,658.0655,2025-09-16 10:30:00,False,2025-09-16 16:00:00,2025-09-16 10:00:00,658.3746,11:00,2490671.0,14206591.0,0.00046948955807213366,0.0020582828238438727,14.0,659.0826,660.4391783950742,657.0194788691649,True,658.0655,658.2209326187894,660.4391783950742,657.0194788691649
2025-09-16 11:00:00,657.7776,2649531,2025-09-16,2025-09-16 11:30:00,657.7776,2025-09-16 11:00:00,False,2025-09-16 16:00:00,2025-09-16 10:00:00,658.3746,11:30,2649531.0,16856122.0,0.0009067786029411939,0.0017865273110006677,14.0,659.0826,660.2600690651053,657.1983957962308,True,657.7776,658.1512473426153,660.2600690651053,657.1983957962308
2025-09-16 11:30:00,657.8312,2425647,2025-09-16,2025-09-16 12:00:00,657.8312,2025-09-16 11:30:00,False,2025-09-16 16:00:00,2025-09-16 10:00:00,658.3746,12:00,2425647.0,19281769.0,0.0008253659846537698,0.002091172394831325,14.0,659.0826,660.4608553390336,656.9978252110218,True,657.8312,658.1109853792824,660.4608553390336,656.9978252110218
2025-09-16 12:00:00,658.0555,1446374,2025-09-16,2025-09-16 12:30:00,658.0555,2025-09-16 12:00:00,False,2025-09-16 16:00:00,2025-09-16 10:00:00,658.3746,12:30,1446374.0,20728143.0,0.0004846784793944847,0.002075800082601006,14.0,659.0826,660.4507237155209,657.0079459509376,True,658.0555,658.1071137053956,660.4507237155209,657.0079459509376
2025-09-16 12:30:00,658.0804,1696275,2025-09-16,2025-09-16 13:00:00,658.0804,2025-09-16 12:30:00,False,2025-09-16 16:00:00,2025-09-16 10:00:00,658.3746,13:00,1696275.0,22424418.0,0.00044685806530198047,0.0017355233643195117,14.0,659.0826,660.2264532513163,657.2319754992255,True,658.0804,658.1050929710951,660.2264532513163,657.2319754992255
2025-09-16 13:00:00,658.4537,1535396,2025-09-16,2025-09-16 13:30:00,658.4537,2025-09-16 13:00:00,False,2025-09-16 16:00:00,2025-09-16 10:00:00,658.3746,13:30,1535396.0,23959814.0,0.00012014436765950265,0.002182537581038654,14.0,659.0826,660.5210725435087,656.9376726930986,True,658.4537,658.1274324532694,660.5210725435087,656.9376726930986
2025-09-16 13:30:00,658.3547,1586188,2025-09-16,2025-09-16 14:00:00,658.3547,2025-09-16 13:30:00,False,2025-09-16 16:00:00,2025-09-16 10:00:00,658.3746,14:00,1586188.0,25546002.0,3.0225953431384234e-05,0.0022834787026891346,14.0,659.0826,660.5876010804129,656.8712156225085,True,658.3547,658.1415438220627,660.5876010804129,656.8712156225085
2025-09-16 14:00:00,658.3796,1569088,2025-09-16,2025-09-16 14:30:00,658.3796,2025-09-16 14:00:00,False,2025-09-16 16:00:00,2025-09-16 10:00:00,658.3746,14:30,1569088.0,27115090.0,7.5944606612310395e-06,0.0025378303549369796,14.0,659.0826,660.7552398286908,656.7037569552006,True,658.3796,658.1553195864849,660.7552398286908,656.7037569552006
2025-09-16 14:30:00,658.7735,2067146,2025-09-16,2025-09-16 15:00:00,658.7735,2025-09-16 14:30:00,False,2025-09-16 16:00:00,2025-09-16 10:00:00,658.3746,15:00,2067146.0,29182236.0,0.0006058860715465464,0.0025506161381401954,14.0,659.0826,660.7636667159273,656.6953391202984,True,658.7735,658.1991088687412,660.7636667159273,656.6953391202984
2025-09-16 15:00:00,658.3397,2773265,2025-09-16,2025-09-16 15:30:00,658.3397,2025-09-16 15:00:00,False,2025-09-16 16:00:00,2025-09-16 10:00:00,658.3746,15:30,2773265.0,31955501.0,5.300933541485531e-05,0.002524569180085328,14.0,659.0826,660.7464996190904,656.7124877758889,True,658.3397,658.2113101001859,660.7464996190904,656.7124877758889
2025-09-16 15:30:00,658.1752,10303150,2025-09-16,2025-09-16 16:00:00,658.1154,2025-09-16 16:00:00,True,2025-09-16 16:00:00,2025-09-16 10:00:00,658.3746,16:00,10303150.0,42258651.0,0.00030286709116655874,0.002579579599068127,14.0,659.0826,660.7827560290608,656.6762703132953,True,658.1154,658.1879261036468,660.7827560290608,656.6762703132953
2025-09-17 09:30:00,658.0904,5575772,2025-09-17,2025-09-17 10:00:00,658.0904,2025-09-17 09:30:00,False,2025-09-17 16:00:00,2025-09-17 10:00:00,658.0904,10:00,5575772.0,5575772.0,0.0,0.0,14.0,658.1751,658.1751,658.0904,True,658.0904,658.0904,658.1751,658.0904
2025-09-17 10:00:00,657.3475,3693472,2025-09-17,2025-09-17 10:30:00,657.3475,2025-09-17 10:00:00,False,2025-09-17 16:00:00,2025-09-17 10:00:00,658.0904,10:30,3693472.0,9269244.0,0.0011288722643577609,0.0009686057352979767,14.0,658.1751,658.8126121766903,657.4529698642154,True,657.3475,657.794380135942,658.8126121766903,657.4529698642154
2025-09-17 10:30:00,657.5369,2464172,2025-09-17,2025-09-17 11:00:00,657.5369,2025-09-17 10:30:00,False,2025-09-17 16:00:00,2025-09-17 10:00:00,658.0904,11:00,2464172.0,11733416.0,0.000841069859095489,0.002070691794194041,14.0,658.1751,659.5379777787128,656.7276976088822,True,657.5369,657.7403059139469,659.5379777787128,656.7276976088822
2025-09-17 11:00:00,657.1231,1577817,2025-09-17,2025-09-17 11:30:00,657.1231,2025-09-17 11:00:00,False,2025-09-17 16:00:00,2025-09-17 10:00:00,658.0904,11:30,1577817.0,13311233.0,0.0014698588522185085,0.0018446193891252238,14.0,658.1751,659.3891825508995,656.8764736883628,True,657.1231,657.6671468021257,659.3891825508995,656.8764736883628
2025-09-17 11:30:00,657.4472,1400468,2025-09-17,2025-09-17 12:00:00,657.4472,2025-09-17 11:30:00,False,2025-09-17 16:00:00,2025-09-17 10:00:00,658.0904,12:00,1400468.0,14711701.0,0.0009773733213553903,0.002117886270840062,14.0,658.1751,659.5690400080988,656.6966393768683,True,657.4472,657.6462091513347,659.5690400080988,656.6966393768683
2025-09-17 12:00:00,657.0882,1100400,2025-09-17,2025-09-17 12:30:00,657.0882,2025-09-17 12:00:00,False,2025-09-17 16:00:00,2025-09-17 10:00:00,658.0904,12:30,1100400.0,15812101.0,0.0015228910800096918,0.002017030799344629,14.0,658.1751,659.5026594480618,656.763011394447,True,657.0882,657.6073760278853,659.5026594480618,656.763011394447
2025-09-17 12:30:00,656.4899,1953532,2025-09-17,2025-09-17 13:00:00,656.4899,2025-09-17 12:30:00,False,2025-09-17 16:00:00,2025-09-17 10:00:00,658.0904,13:00,1953532.0,17765633.0,0.0024320366928313186,0.0016795041337647912,14.0,658.1751,659.2805078011911,656.9851344528091,True,656.4899,657.4844969174304,659.2805078011911,656.9851344528091
2025-09-17 13:00:00,656.8508,1471484,2025-09-17,2025-09-17 13:30:00,656.8508,2025-09-17 13:00:00,False,2025-09-17 16:00:00,2025-09-17 10:00:00,658.0904,13:30,1471484.0,19237117.0,0.0018836317928357937,0.0020755004687495232,14.0,658.1751,659.5411427285694,656.7245330663205,True,656.8508,657.4360242239989,659.5411427285694,656.7245330663205
2025-09-17 13:30:00,657.8561,2071635,2025-09-17,2025-09-17 14:00:00,657.8561,2025-09-17 13:30:00,False,2025-09-17 16:00:00,2025-09-17 10:00:00,658.0904,14:00,2071635.0,21308752.0,0.00035603011379603533,0.0022439542656770917,14.0,658.1751,659.6520148232075,656.6136752397189,True,657.8561,657.476863954088,659.6520148232075,656.6136752397189
2025-09-17 14:00:00,658.5342,11033222,2025-09-17,2025-09-17 14:30:00,658.5342,2025-09-17 14:00:00,False,2025-09-17 16:00:00,2025-09-17 10:00:00,658.0904,14:30,11033222.0,32341974.0,0.0006743754353506493,0.0024238576436875136,14.0,658.1751,659.7704227470198,656.4952825537227,True,658.5342,657.8375662205344,659.7704227470198,656.4952825537227
2025-09-17 14:30:00,655.8915,13736131,2025-09-17,2025-09-17 15:00:00,655.8915,2025-09-17 14:30:00,False,2025-09-17 16:00:00,2025-09-17 10:00:00,658.0904,15:00,13736131.0,46078105.0,0.00334133426046046,0.0024404710309715743,14.0,658.1751,659.7813572648569,656.4843494430396,True,655.8915,657.2574334103866,659.7813572648569,656.4843494430396
2025-09-17 15:00:00,658.245,9500854,2025-09-17,2025-09-17 15:30:00,658.245,2025-09-17 15:00:00,False,2025-09-17 16:00:00,2025-09-17 10:00:00,658.0904,15:30,9500854.0,55578959.0,0.0002349221322783812,0.002300451192414716,14.0,658.1751,659.6891996936127,656.5764951546033,True,658.245,657.4262513614963,659.6891996936127,656.5764951546033
2025-09-17 15:30:00,657.3574,10858915,2025-09-17,2025-09-17 16:00:00,657.3574,2025-09-17 16:00:00,True,2025-09-17 16:00:00,2025-09-17 10:00:00,658.0904,16:00,10858915.0,66437874.0,0.0011138287384226953,0.0023043787542938532,14.0,658.1751,659.6917847170453,656.5739104638353,True,657.3574,657.4149979748795,659.6917847170453,656.5739104638353
2025-09-18 09:30:00,660.2594,10799744,2025-09-18,2025-09-18 10:00:00,660.2594,2025-09-18 09:30:00,False,2025-09-18 16:00:00,2025-09-18 10:00:00,660.2594,10:00,10799744.0,10799744.0,0.0,0.0,14.0,657.3574,660.2594,657.3574,True,660.2594,660.2594,660.2594,657.3574
2025-09-18 10:00:00,662.6528,6896158,2025-09-18,2025-09-18 10:30:00,662.6528,2025-09-18 10:00:00,False,2025-09-18 16:00:00,2025-09-18 10:00:00,660.2594,10:30,6896158.0,17695902.0,0.0036249389255191833,0.0009615219831006058,14.0,657.3574,660.8942539276488,656.7253364091462,True,662.6528,661.192116770086,661.192116770086,656.7253364091462
2025-09-18 10:30:00,660.9276,4861788,2025-09-18,2025-09-18 11:00:00,660.9276,2025-09-18 10:30:00,False,2025-09-18 16:00:00,2025-09-18 10:00:00,660.2594,11:00,4861788.0,22557690.0,0.0010120264853479277,0.0020292210440798924,14.0,657.3574,661.5992122690317,656.0234765304383,True,660.9276,661.1351063023209,661.5992122690317,656.0234765304383
2025-09-18 11:00:00,661.5558,3701212,2025-09-18,2025-09-18 11:30:00,661.5558,2025-09-18 11:00:00,False,2025-09-18 16:00:00,2025-09-18 10:00:00,660.2594,11:30,3701212.0,26258902.0,0.0019634707207498714,0.0018414136792342622,14.0,657.3574,661.475210691003,656.1469330914941,True,661.5558,661.1944033956332,661.475210691003,656.1469330914941
2025-09-18 11:30:00,660.7281,2705514,2025-09-18,2025-09-18 12:00:00,660.7281,2025-09-18 11:30:00,False,2025-09-18 16:00:00,2025-09-18 10:00:00,660.2594,12:00,2705514.0,28964416.0,0.0007098725137424378,0.002053497446893133,14.0,657.3574,661.6152409921872,656.0075182574037,True,660.7281,661.1508468341914,661.6152409921872,656.0075182574037
2025-09-18 12:00:00,661.6455,2199402,2025-09-18,2025-09-18 12:30:00,661.6455,2025-09-18 12:00:00,False,2025-09-18 16:00:00,2025-09-18 10:00:00,660.2594,12:30,2199402.0,31163818.0,0.002099326416253877,0.0020580144275935608,14.0,657.3574,661.6182233711543,656.0045489867146,True,661.6455,661.1857572281034,661.6182233711543,656.0045489867146
2025-09-18 12:30:00,662.1442,2162056,2025-09-18,2025-09-18 13:00:00,662.1442,2025-09-18 12:30:00,False,2025-09-18 16:00:00,2025-09-18 10:00:00,660.2594,13:00,2162056.0,33325874.0,0.002854635617455692,0.0017477891292872075,14.0,657.3574,661.4133942018298,656.2084778822235,True,662.1442,661.2479373511404,661.4133942018298,656.2084778822235
2025-09-18 13:00:00,661.486,2084382,2025-09-18,2025-09-18 13:30:00,661.486,2025-09-18 13:00:00,False,2025-09-18 16:00:00,2025-09-18 10:00:00,660.2594,13:30,2084382.0,35410256.0,0.0018577546945941492,0.002085800432797515,14.0,657.3574,661.6365693422787,655.9862836505773,True,661.486,661.2619506217634,661.6365693422787,655.9862836505773
2025-09-18 13:30:00,660.9276,2445760,2025-09-18,2025-09-18 14:00:00,660.9276,2025-09-18 13:30:00,False,2025-09-18 16:00:00,2025-09-18 10:00:00,660.2594,14:00,2445760.0,37856016.0,0.0010120264853479277,0.0021119419247083715,14.0,657.3574,661.6538295080428,655.9690993474227,True,660.9276,661.2403492631661,661.6538295080428,655.9690993474227
2025-09-18 14:00:00,660.9674,2032896,2025-09-18,2025-09-18 14:30:00,660.9674,2025-09-18 14:00:00,False,2025-09-18 16:00:00,2025-09-18 10:00:00,660.2594,14:30,2032896.0,39888912.0,0.0010723058240442729,0.0022614520762948486,14.0,657.3574,661.7525449910232,655.8708177429022,True,660.9674,661.2264386941013,661.7525449910232,655.8708177429022
2025-09-18 14:30:00,661.4261,2481645,2025-09-18,2025-09-18 15:00:00,661.4261,2025-09-18 14:30:00,False,2025-09-18 16:00:00,2025-09-18 10:00:00,660.2594,15:00,2481645.0,42370557.0,0.0017670327753001036,0.0024918043818543045,14.0,657.3574,661.9046372660805,655.7193939502357,True,661.4261,661.2381328637455,661.9046372660805,655.7193939502357
2025-09-18 15:00:00,660.8478,3752219,2025-09-18,2025-09-18 15:30:00,660.8478,2025-09-18 15:00:00,False,2025-09-18 16:00:00,2025-09-18 10:00:00,660.2594,15:30,3752219.0,46122776.0,0.0008911648967058206,0.0021664256413589378,14.0,657.3574,661.6898028941083,655.933284073103,True,660.8478,661.2063781751797,661.6898028941083,655.933284073103
2025-09-18 15:30:00,660.429,12326079,2025-09-18,2025-09-18 16:00:00,660.429,2025-09-18 16:00:00,True,2025-09-18 16:00:00,2025-09-18 10:00:00,660.2594,16:00,12326079.0,58448855.0,0.0002568687397710434,0.0022397696065554434,14.0,657.3574,661.7382289365626,655.8850708748356,True,660.429,661.0424395522564,661.7382289365626,655.8850708748356
2025-09-19 09:30:00,662.125,8090484,2025-09-19,2025-09-19 10:00:00,662.125,2025-09-19 09:30:00,False,2025-09-19 16:00:00,2025-09-19 10:00:00,662.125,10:00,8090484.0,8090484.0,0.0,0.0,14.0,660.4288,662.125,660.4288,True,662.125,662.125,662.125,660.4288
2025-09-19 10:00:00,661.875,3229278,2025-09-19,2025-09-19 10:30:00,661.875,2025-09-19 10:00:00,False,2025-09-19 16:00:00,2025-09-19 10:00:00,662.125,10:30,3229278.0,11319762.0,0.0003775722106852397,0.0012171312743756713,14.0,660.4288,662.930893045046,659.6249714530217,True,661.875,662.0536805234951,662.930893045046,659.6249714530217
2025-09-19 10:30:00,661.6,3389325,2025-09-19,2025-09-19 11:00:00,661.6,2025-09-19 10:30:00,False,2025-09-19 16:00:00,2025-09-19 10:00:00,662.125,11:00,3389325.0,14709087.0,0.0007929016424390589,0.002011396105061974,14.0,660.4288,663.4567956460643,659.1004160840092,True,661.6,661.9491416938387,663.4567956460643,659.1004160840092
2025-09-19 11:00:00,660.7,2833472,2025-09-19,2025-09-19 11:30:00,660.7,2025-09-19 11:00:00,False,2025-09-19 16:00:00,2025-09-19 10:00:00,662.125,11:30,2833472.0,17542559.0,0.002152161600906144,0.0019584349906626164,14.0,660.4288,663.4217287681926,659.1353931292387,True,660.7,661.7473804790966,663.4217287681926,659.1353931292387
2025-09-19 11:30:00,661.59,2433049,2025-09-19,2025-09-19 12:00:00,661.59,2025-09-19 11:30:00,False,2025-09-19 16:00:00,2025-09-19 10:00:00,662.125,12:00,2433049.0,19975608.0,0.0008080045308664907,0.0019928590867584156,14.0,660.4288,663.4445218228199,659.1126584647631,True,661.59,661.7282113795985,663.4445218228199,659.1126584647631
2025-09-19 12:00:00,662.46,3022592,2025-09-19,2025-09-19 12:30:00,662.46,2025-09-19 12:00:00,False,2025-09-19 16:00:00,2025-09-19 10:00:00,662.125,12:30,3022592.0,22998200.0,0.0005059467623182989,0.0019757890359524055,14.0,660.4288,663.4332193154299,659.1239320179328,True,662.46,661.8243884034404,663.4332193154299,659.1239320179328
2025-09-19 12:30:00,662.515,2156998,2025-09-19,2025-09-19 13:00:00,662.515,2025-09-19 12:30:00,False,2025-09-19 16:00:00,2025-09-19 10:00:00,662.125,13:00,2156998.0,25155198.0,0.0005890126486689518,0.0017725863379679677,14.0,660.4288,663.2986737290271,659.2581329319195,True,662.515,661.8836066943302,663.2986737290271,659.2581329319195
2025-09-19 13:00:00,662.46,1568501,2025-09-19,2025-09-19 13:30:00,662.46,2025-09-19 13:00:00,False,2025-09-19 16:00:00,2025-09-19 10:00:00,662.125,13:30,1568501.0,26723699.0,0.0005059467623182989,0.0019896348358712473,14.0,660.4288,663.4423869657012,659.1147878529074,True,662.46,661.9174370961895,663.4423869657012,659.1147878529074
2025-09-19 13:30:00,662.7,2046014,2025-09-19,2025-09-19 14:00:00,662.7,2025-09-19 13:30:00,False,2025-09-19 16:00:00,2025-09-19 10:00:00,662.125,14:00,2046014.0,28769713.0,0.0008684160845762179,0.0019281382808547204,14.0,660.4288,663.4016685592109,659.1554019489411,True,662.7,661.973090576538,663.4016685592109,659.1554019489411
2025-09-19 14:00:00,662.525,2859046,2025-09-19,2025-09-19 14:30:00,662.525,2025-09-19 14:00:00,False,2025-09-19 16:00:00,2025-09-19 10:00:00,662.125,14:30,2859046.0,31628759.0,0.0006041155370963835,0.002051687459707265,14.0,660.4288,663.4834735592586,659.0738065130105,True,662.525,662.0229798064478,663.4834735592586,659.0738065130105
2025-09-19 14:30:00,663.07,2508853,2025-09-19,2025-09-19 15:00:00,663.07,2025-09-19 14:30:00,False,2025-09-19 16:00:00,2025-09-19 10:00:00,662.125,15:00,2508853.0,34137612.0,0.001427222956390528,0.0022951990243313164,14.0,660.4288,663.6447086539854,658.9129844625998,True,663.07,662.0999277708705,663.6447086539854,658.9129844625998
2025-09-19 15:00:00,663.85,4989312,2025-09-19,2025-09-19 15:30:00,663.85,2025-09-19 15:00:00,False,2025-09-19 16:00:00,2025-09-19 10:00:00,662.125,15:30,4989312.0,39126924.0,0.0026052482537286537,0.0019122251257030567,14.0,660.4288,663.3911320613562,659.1659114549021,True,663.85,662.3230901225459,663.3911320613562,659.1659114549021
2025-09-19 15:30:00,663.7,14353976,2025-09-19,2025-09-19 16:00:00,663.62,2025-09-19 16:00:00,True,2025-09-19 16:00:00,2025-09-19 10:00:00,662.125,16:00,14353976.0,53480900.0,0.002378704927317399,0.0019419141380517654,14.0,660.4288,663.4107898986574,659.1463039761035,True,663.62,662.6711735178353,663.4107898986574,659.1463039761035
2025-09-22 09:30:00,663.43,6410580,2025-09-22,2025-09-22 10:00:00,663.43,2025-09-22 09:30:00,False,2025-09-22 16:00:00,2025-09-22 10:00:00,663.43,10:00,6410580.0,6410580.0,0.0,0.0,14.0,663.7,663.7,663.43,True,663.43,663.43,663.7,663.43
2025-09-22 10:00:00,664.07,3966920,2025-09-22,2025-09-22 10:30:00,664.07,2025-09-22 10:00:00,False,2025-09-22 16:00:00,2025-09-22 10:00:00,663.43,10:30,3966920.0,10377500.0,0.0009646835385799246,0.0011475514494402555,14.0,663.7,664.4616298969936,662.6686799418978,True,664.07,663.6746474391712,664.4616298969936,662.6686799418978
2025-09-22 10:30:00,664.96,3659337,2025-09-22,2025-09-22 11:00:00,664.96,2025-09-22 10:30:00,False,2025-09-22 16:00:00,2025-09-22 10:00:00,663.43,11:00,3659337.0,14036837.0,0.0023061965844175525,0.001872991539767269,14.0,663.7,664.9431044849435,662.1874012227721,True,664.96,664.0097327709939,664.9431044849435,662.1874012227721
2025-09-22 11:00:00,664.93,3010803,2025-09-22,2025-09-22 11:30:00,664.93,2025-09-22 11:00:00,False,2025-09-22 16:00:00,2025-09-22 10:00:00,663.43,11:30,3010803.0,17047640.0,0.0022609770435464416,0.001995038933353891,14.0,663.7,665.024107340067,662.106431320445,True,664.93,664.1722622081414,665.024107340067,662.106431320445
2025-09-22 11:30:00,664.585,2252363,2025-09-22,2025-09-22 12:00:00,664.585,2025-09-22 11:30:00,False,2025-09-22 16:00:00,2025-09-22 10:00:00,663.43,12:00,2252363.0,19300003.0,0.0017409523235307756,0.0018583073846169767,14.0,663.7,664.9333586111703,662.1971431318235,True,664.585,664.2204298343892,664.9333586111703,662.1971431318235
2025-09-22 12:00:00,665.855,4409707,2025-09-22,2025-09-22 12:30:00,665.855,2025-09-22 12:00:00,False,2025-09-22 16:00:00,2025-09-22 10:00:00,663.43,12:30,4409707.0,23709710.0,0.0036552462204002545,0.001869451063825578,14.0,663.7,664.9407546710611,662.1897500807262,True,665.855,664.5244392677093,664.9407546710611,662.1897500807262
2025-09-22 12:30:00,666.405,3459603,2025-09-22,2025-09-22 13:00:00,666.405,2025-09-22 12:30:00,False,2025-09-22 16:00:00,2025-09-22 10:00:00,663.43,13:00,3459603.0,27169313.0,0.004484271136367068,0.0017264094650020529,14.0,663.7,664.8458179619219,662.2846481686337,True,666.405,664.7639003667483,664.8458179619219,662.2846481686337
2025-09-22 13:00:00,666.49,2037264,2025-09-22,2025-09-22 13:30:00,666.49,2025-09-22 13:00:00,False,2025-09-22 16:00:00,2025-09-22 10:00:00,663.43,13:30,2037264.0,29206577.0,0.004612393168834883,0.0018589514901998308,14.0,663.7,664.9337861040457,662.1967158128566,True,666.49,664.8843020366612,664.9337861040457,662.1967158128566
2025-09-22 13:30:00,666.36,2258214,2025-09-22,2025-09-22 14:00:00,666.36,2025-09-22 13:30:00,False,2025-09-22 16:00:00,2025-09-22 10:00:00,663.43,14:00,2258214.0,31464791.0,0.004416441825060735,0.0018952831838708725,14.0,663.7,664.9578994491351,662.1726122773244,True,666.36,664.9902122205419,664.9902122205419,662.1726122773244
2025-09-22 14:00:00,666.55,3195115,2025-09-22,2025-09-22 14:30:00,666.55,2025-09-22 14:00:00,False,2025-09-22 16:00:00,2025-09-22 10:00:00,663.43,14:30,3195115.0,34659906.0,0.004702832250576661,0.001961216423545512,14.0,663.7,665.0016593403071,662.1288701881272,True,666.55,665.1340008774115,665.1340008774115,662.1288701881272
2025-09-22 14:30:00,666.78,2068949,2025-09-22,2025-09-22 15:00:00,666.78,2025-09-22 14:30:00,False,2025-09-22 16:00:00,2025-09-22 10:00:00,663.43,15:00,2068949.0,36728855.0,0.005049515397253623,0.002284548942658068,14.0,663.7,665.2162551332423,661.9143616949723,True,666.78,665.226720572558,665.226720572558,661.9143616949723
2025-09-22 15:00:00,667.135,2661520,2025-09-22,2025-09-22 15:30:00,667.135,2025-09-22 15:00:00,False,2025-09-22 16:00:00,2025-09-22 10:00:00,663.43,15:30,2661520.0,39390375.0,0.00558461329755966,0.0020023198352095745,14.0,663.7,665.0289396746285,662.1016009517268,True,667.135,665.3556587677828,665.3556587677828,662.1016009517268
2025-09-22 15:30:00,666.84,9173419,2025-09-22,2025-09-22 16:00:00,666.84,2025-09-22 16:00:00,True,2025-09-22 16:00:00,2025-09-22 10:00:00,663.43,16:00,9173419.0,48563794.0,0.005139954478995623,0.002062298660148446,14.0,663.7,665.0687476207405,662.0618091998977,True,666.84,665.6360422168622,665.6360422168622,662.0618091998977
2025-09-23 09:30:00,666.78,6038930,2025-09-23,2025-09-23 10:00:00,666.78,2025-09-23 09:30:00,False,2025-09-23 16:00:00,2025-09-23 10:00:00,666.78,10:00,6038930.0,6038930.0,0.0,0.0,14.0,666.84,666.84,666.78,True,666.78,666.78,666.84,666.78
2025-09-23 10:00:00,666.6101,4200636,2025-09-23,2025-09-23 10:30:00,666.6101,2025-09-23 10:00:00,False,2025-09-23 16:00:00,2025-09-23 10:00:00,666.78,10:30,4200636.0,10239566.0,0.0002548066828639284,0.0012142167390944267,14.0,666.84,667.6496882902978,665.9703845627066,True,666.6101,666.7103009467002,667.6496882902978,665.9703845627066
2025-09-23 10:30:00,666.35,2824140,2025-09-23,2025-09-23 11:00:00,666.35,2025-09-23 10:30:00,False,2025-09-23 16:00:00,2025-09-23 10:00:00,666.78,11:00,2824140.0,13063706.0,0.0006448903686372409,0.001850029525882876,14.0,666.84,668.0736736890399,665.5464373127318,True,666.35,666.6324103147758,668.0736736890399,665.5464373127318
2025-09-23 11:00:00,666.16,2108698,2025-09-23,2025-09-23 11:30:00,666.16,2025-09-23 11:00:00,False,2025-09-23 16:00:00,2025-09-23 10:00:00,666.78,11:30,2108698.0,15172404.0,0.000929841926872399,0.001840366510879654,14.0,666.84,668.067230004115,665.5528804178756,True,666.16,666.5667535680964,668.067230004115,665.5528804178756
2025-09-23 11:30:00,665.5707,2345432,2025-09-23,2025-09-23 12:00:00,665.5707,2025-09-23 11:30:00,False,2025-09-23 16:00:00,2025-09-23 10:00:00,666.78,12:00,2345432.0,17517836.0,0.0018136416809142464,0.0015201292923494908,14.0,666.84,667.8536830173103,665.7664081904472,True,665.5707,666.4333937220327,667.8536830173103,665.7664081904472
2025-09-23 12:00:00,665.23,3233399,2025-09-23,2025-09-23 12:30:00,665.23,2025-09-23 12:00:00,False,2025-09-23 16:00:00,2025-09-23 10:00:00,666.78,12:30,3233399.0,20751235.0,0.0023246048171809974,0.0017160483730884984,14.0,666.84,667.9843296971103,665.6357732657921,True,665.23,666.2458843011512,667.9843296971103,665.6357732657921
2025-09-23 12:30:00,665.14,3235866,2025-09-23,2025-09-23 13:00:00,665.14,2025-09-23 12:30:00,False,2025-09-23 16:00:00,2025-09-23 10:00:00,666.78,13:00,3235866.0,23987101.0,0.0024595818710818618,0.0017763432092389175,14.0,666.84,668.0245367056489,665.5955698749436,True,665.14,666.0967002288437,668.0245367056489,665.5955698749436
2025-09-23 13:00:00,663.61,3500027,2025-09-23,2025-09-23 13:30:00,663.61,2025-09-23 13:00:00,False,2025-09-23 16:00:00,2025-09-23 10:00:00,666.78,13:30,3500027.0,27487128.0,0.0047541917873961115,0.00199852193993432,14.0,666.84,668.1726943704258,665.4474255408905,True,663.61,665.78006045688,668.1726943704258,665.4474255408905
2025-09-23 13:30:00,663.21,6861715,2025-09-23,2025-09-23 14:00:00,663.21,2025-09-23 13:30:00,False,2025-09-23 16:00:00,2025-09-23 10:00:00,666.78,14:00,6861715.0,34348843.0,0.005354089804733064,0.0020956733270102645,14.0,666.84,668.2374788013836,665.3826469390161,True,663.21,665.2666509546187,668.2374788013836,665.2666509546187
2025-09-23 14:00:00,662.67,3563212,2025-09-23,2025-09-23 14:30:00,662.67,2025-09-23 14:00:00,False,2025-09-23 16:00:00,2025-09-23 10:00:00,666.78,14:30,3563212.0,37912055.0,0.00616395212813825,0.00211614229691751,14.0,666.84,668.2511283292765,665.3689986392613,True,662.67,665.0226014605645,668.2511283292765,665.0226014605645
2025-09-23 14:30:00,662.12,3358039,2025-09-23,2025-09-23 15:00:00,662.12,2025-09-23 14:30:00,False,2025-09-23 16:00:00,2025-09-23 10:00:00,666.78,15:00,3358039.0,41270094.0,0.006988811901976644,0.002507807869730578,14.0,666.84,668.5123065998511,665.107843868621,True,662.12,664.7864244141532,668.5123065998511,664.7864244141532
2025-09-23 15:00:00,662.39,3458367,2025-09-23,2025-09-23 15:30:00,662.39,2025-09-23 15:00:00,False,2025-09-23 16:00:00,2025-09-23 10:00:00,666.78,15:30,3458367.0,44728461.0,0.006583880740274162,0.0023783210621375894,14.0,666.84,668.4259596170758,665.1941830821879,True,662.39,664.6011348931947,668.4259596170758,664.6011348931947
2025-09-23 15:30:00,663.21,10922301,2025-09-23,2025-09-23 16:00:00,663.21,2025-09-23 16:00:00,True,2025-09-23 16:00:00,2025-09-23 10:00:00,666.78,16:00,10922301.0,55650762.0,0.005354089804733064,0.0023244065132637737,14.0,666.84,668.3900072393049,665.2301322250859,True,663.21,664.3281036984902,668.3900072393049,664.3281036984902
2025-09-24 09:30:00,663.015,6310528,2025-09-24,2025-09-24 10:00:00,663.015,2025-09-24 09:30:00,False,2025-09-24 16:00:00,2025-09-24 10:00:00,663.015,10:00,6310528.0,6310528.0,0.0,0.0,14.0,663.21,663.21,663.015,True,663.015,663.015,663.21,663.015
2025-09-24 10:00:00,663.17,3755304,2025-09-24,2025-09-24 10:30:00,663.17,2025-09-24 10:00:00,False,2025-09-24 16:00:00,2025-09-24 10:00:00,663.015,10:30,3755304.0,10065832.0,0.00023378053286871037,0.0011923677612773226,14.0,663.21,664.0007902229568,662.2244422887567,True,663.17,663.0728265283983,664.0007902229568,662.2244422887567
2025-09-24 10:30:00,663.02,2670211,2025-09-24,2025-09-24 11:00:00,663.02,2025-09-24 10:30:00,False,2025-09-24 16:00:00,2025-09-24 10:00:00,663.015,11:00,2670211.0,12736043.0,7.541307511793605e-06,0.001680830091092592,14.0,663.21,664.3247433247136,661.9005844371543,True,663.02,663.0617510336609,664.3247433247136,661.9005844371543
2025-09-24 11:00:00,662.665,2044097,2025-09-24,2025-09-24 11:30:00,662.665,2025-09-24 11:00:00,False,2025-09-24 16:00:00,2025-09-24 10:00:00,663.015,11:30,2044097.0,14780140.0,0.0005278915258327688,0.0018628409490604736,14.0,663.21,664.4454547458264,661.7799085081587,True,662.665,663.0068802680489,664.4454547458264,661.7799085081587
2025-09-24 11:30:00,660.38,4263067,2025-09-24,2025-09-24 12:00:00,660.38,2025-09-24 11:30:00,False,2025-09-24 16:00:00,2025-09-24 10:00:00,663.015,12:00,4263067.0,19043207.0,0.0039742690587694085,0.0016201902492632345,14.0,663.21,664.2845263752139,661.9407895618848,True,660.38,662.418819308376,664.2845263752139,661.9407895618848
2025-09-24 12:00:00,660.92,5204705,2025-09-24,2025-09-24 12:30:00,660.92,2025-09-24 12:00:00,False,2025-09-24 16:00:00,2025-09-24 10:00:00,663.015,12:30,5204705.0,24247912.0,0.003159807847484597,0.0018392531598778819,14.0,663.21,664.4298110881626,661.7955475662036,True,660.92,662.0971045005855,664.4298110881626,661.7955475662036
2025-09-24 12:30:00,660.51,2050414,2025-09-24,2025-09-24 13:00:00,660.51,2025-09-24 12:30:00,False,2025-09-24 16:00:00,2025-09-24 10:00:00,663.015,13:00,2050414.0,26298326.0,0.0037781950634601102,0.0019264361383101328,14.0,663.21,664.4876317112887,661.7377439437583,True,660.51,661.9733619746368,664.4876317112887,661.7377439437583
2025-09-24 13:00:00,661.38,2370366,2025-09-24,2025-09-24 13:30:00,661.38,2025-09-24 13:00:00,False,2025-09-24 16:00:00,2025-09-24 10:00:00,663.015,13:30,2370366.0,28668692.0,0.0024660075563901485,0.0023158623284416646,14.0,663.21,664.7459030548458,661.4795485383082,True,661.38,661.9243020087906,664.7459030548458,661.4795485383082
2025-09-24 13:30:00,660.54,2815290,2025-09-24,2025-09-24 14:00:00,660.54,2025-09-24 13:30:00,False,2025-09-24 16:00:00,2025-09-24 10:00:00,663.015,14:00,2815290.0,31483982.0,0.0037329472183887935,0.0023574802465740063,14.0,663.21,664.7735044743304,661.4519552343177,True,660.54,661.800518060422,664.7735044743304,661.4519552343177
2025-09-24 14:00:00,660.39,2974369,2025-09-24,2025-09-24 14:30:00,660.39,2025-09-24 14:00:00,False,2025-09-24 16:00:00,2025-09-24 10:00:00,663.015,14:30,2974369.0,34458351.0,0.003959186443745599,0.002449239308993196,14.0,663.21,664.8343600021175,661.3911175995479,True,660.39,661.6787652466305,664.8343600021175,661.3911175995479
2025-09-24 14:30:00,661.1125,2689825,2025-09-24,2025-09-24 15:00:00,661.1125,2025-09-24 14:30:00,False,2025-09-24 16:00:00,2025-09-24 10:00:00,663.015,15:00,2689825.0,37148176.0,0.0028694675082766574,0.0028740646092322852,14.0,663.21,665.116108389489,661.1094520531099,True,661.1125,661.6377631146008,665.116108389489,661.1094520531099
2025-09-24 15:00:00,660.8025,2249743,2025-09-24,2025-09-24 15:30:00,660.8025,2025-09-24 15:00:00,False,2025-09-24 16:00:00,2025-09-24 10:00:00,663.015,15:30,2249743.0,39397919.0,0.003337028574014078,0.002735121082959583,14.0,663.21,665.0239596534296,661.2015736951815,True,660.8025,661.5900670079808,665.0239596534296,661.2015736951815
2025-09-24 15:30:00,661.1,8816951,2025-09-24,2025-09-24 16:00:00,661.1,2025-09-24 16:00:00,True,2025-09-24 16:00:00,2025-09-24 10:00:00,663.015,16:00,8816951.0,48214870.0,0.0028883207770562525,0.00251938996863935,14.0,663.21,664.8808846211014,661.3446066599425,True,661.1,661.5004494937972,664.8808846211014,661.3446066599425
2025-09-25 09:30:00,655.99,10860807,2025-09-25,2025-09-25 10:00:00,655.99,2025-09-25 09:30:00,False,2025-09-25 16:00:00,2025-09-25 10:00:00,655.99,10:00,10860807.0,10860807.0,0.0,0.0,14.0,661.1,661.1,655.99,True,655.99,655.99,661.1,655.99
2025-09-25 10:00:00,658.52,7091107,2025-09-25,2025-09-25 10:30:00,658.52,2025-09-25 10:00:00,False,2025-09-25 16:00:00,2025-09-25 10:00:00,655.99,10:30,7091107.0,17951914.0,0.0038567661092394623,0.0011915100260615405,14.0,661.1,661.8877072782293,655.2083813380038,True,658.52,656.9893642299088,661.8877072782293,655.2083813380038
2025-09-25 10:30:00,658.78,3305377,2025-09-25,2025-09-25 11:00:00,658.78,2025-09-25 10:30:00,False,2025-09-25 16:00:00,2025-09-25 10:00:00,655.99,11:00,3305377.0,21257291.0,0.00425311361453673,0.0016114320962305234,14.0,661.1,662.1653177588181,654.9329166591938,True,658.78,657.2677969939821,662.1653177588181,654.9329166591938
2025-09-25 11:00:00,657.5283,3945767,2025-09-25,2025-09-25 11:30:00,657.5283,2025-09-25 11:00:00,False,2025-09-25 16:00:00,2025-09-25 10:00:00,655.99,11:30,3945767.0,25203058.0,0.0023450052592264292,0.001763616881575907,14.0,661.1,662.26592712041,654.8330849618551,True,657.5283,657.3085810990119,662.26592712041,654.8330849618551
2025-09-25 11:30:00,658.91,3591616,2025-09-25,2025-09-25 12:00:00,658.91,2025-09-25 11:30:00,False,2025-09-25 16:00:00,2025-09-25 10:00:00,655.99,12:00,3591616.0,28794674.0,0.004451287367185364,0.0017732324212738387,14.0,661.1,662.2722839537041,654.8267772639686,True,658.91,657.508329210329,662.2722839537041,654.8267772639686
2025-09-25 12:00:00,658.055,2411244,2025-09-25,2025-09-25 12:30:00,658.055,2025-09-25 12:00:00,False,2025-09-25 16:00:00,2025-09-25 10:00:00,655.99,12:30,2411244.0,31205918.0,0.0031479138401500073,0.0019628359810575963,14.0,661.1,662.3976308670772,654.7023992247861,True,658.055,657.5505698091016,662.3976308670772,654.7023992247861
2025-09-25 12:30:00,657.775,2338742,2025-09-25,2025-09-25 13:00:00,657.775,2025-09-25 12:30:00,False,2025-09-25 16:00:00,2025-09-25 10:00:00,655.99,13:00,2338742.0,33544660.0,0.0027210780652142663,0.0020942449978284777,14.0,661.1,662.4845053680644,654.6161962238745,True,657.775,657.5662171375742,662.4845053680644,654.6161962238745
2025-09-25 13:00:00,657.24,2953734,2025-09-25,2025-09-25 13:30:00,657.24,2025-09-25 13:00:00,False,2025-09-25 16:00:00,2025-09-25 10:00:00,655.99,13:30,2953734.0,36498394.0,0.0019055168523909316,0.0022860046180221494,14.0,661.1,662.6112776529745,654.4904038306237,True,657.24,657.5398171088323,662.6112776529745,654.4904038306237
2025-09-25 13:30:00,655.565,3021565,2025-09-25,2025-09-25 14:00:00,655.565,2025-09-25 13:30:00,False,2025-09-25 16:00:00,2025-09-25 10:00:00,655.99,14:00,3021565.0,39519959.0,0.0006478757298128413,0.002388957593027779,14.0,661.1,662.6793398647507,654.4228677085497,True,655.565,657.3888291420317,662.6793398647507,654.4228677085497
2025-09-25 14:00:00,656.969,6568456,2025-09-25,2025-09-25 14:30:00,656.969,2025-09-25 14:00:00,False,2025-09-25 16:00:00,2025-09-25 10:00:00,655.99,14:30,6568456.0,46088415.0,0.001492400798792648,0.002487137881388229,14.0,661.1,662.7442468533858,654.3584624211882,True,656.969,657.3289956839501,662.7442468533858,654.3584624211882
2025-09-25 14:30:00,657.8,4143031,2025-09-25,2025-09-25 15:00:00,657.8,2025-09-25 14:30:00,False,2025-09-25 16:00:00,2025-09-25 10:00:00,655.99,15:00,4143031.0,50231446.0,0.0027591884022621915,0.002789829935786089,14.0,661.1,662.9443565705482,654.1598994604236,True,657.8,657.3678435698447,662.9443565705482,654.1598994604236
2025-09-25 15:00:00,657.47,3124805,2025-09-25,2025-09-25 15:30:00,657.47,2025-09-25 15:00:00,False,2025-09-25 16:00:00,2025-09-25 10:00:00,655.99,15:30,3124805.0,53356251.0,0.002256131953231044,0.0026554117143664513,14.0,661.1,662.8554926843677,654.2480764694927,True,657.47,657.3738263538249,662.8554926843677,654.2480764694927
2025-09-25 15:30:00,658.05,7801830,2025-09-25,2025-09-25 16:00:00,658.05,2025-09-25 16:00:00,True,2025-09-25 16:00:00,2025-09-25 10:00:00,655.99,16:00,7801830.0,61158081.0,0.0031402917727403334,0.002271498968006301,14.0,661.1,662.6016879677491,654.4999193919775,True,658.05,657.4600846495674,662.6016879677491,654.4999193919775
2025-09-26 09:30:00,661.83,8174053,2025-09-26,2025-09-26 10:00:00,661.83,2025-09-26 09:30:00,False,2025-09-26 16:00:00,2025-09-26 10:00:00,661.83,10:00,8174053.0,8174053.0,0.0,0.0,14.0,658.05,661.83,658.05,True,661.83,661.83,661.83,658.05
2025-09-26 10:00:00,658.69,6334356,2025-09-26,2025-09-26 10:30:00,658.69,2025-09-26 10:00:00,False,2025-09-26 16:00:00,2025-09-26 10:00:00,661.83,10:30,6334356.0,14508409.0,0.004744420772705982,0.0009672594797755904,14.0,658.05,662.4701613414999,657.4134948993336,True,658.69,660.4590793263411,662.4701613414999,657.4134948993336
2025-09-26 10:30:00,658.45,3465455,2025-09-26,2025-09-26 11:00:00,658.45,2025-09-26 10:30:00,False,2025-09-26 16:00:00,2025-09-26 10:00:00,661.83,11:00,3465455.0,17973864.0,0.00510705165979175,0.0011636998970716652,14.0,658.05,662.600171502879,657.284227282732,True,658.45,660.0717183227825,662.600171502879,657.284227282732
2025-09-26 11:00:00,659.89,2413679,2025-09-26,2025-09-26 11:30:00,659.89,2025-09-26 11:00:00,False,2025-09-26 16:00:00,2025-09-26 10:00:00,661.83,11:30,2413679.0,20387543.0,0.0029312663372770276,0.0014001940585942302,14.0,658.05,662.7566904337995,657.128602299742,True,659.89,660.0502047102979,662.7566904337995,657.128602299742
2025-09-26 11:30:00,658.7156,2391836,2025-09-26,2025-09-26 12:00:00,658.7156,2025-09-26 11:30:00,False,2025-09-26 16:00:00,2025-09-26 10:00:00,661.83,12:00,2391836.0,22779379.0,0.004705740144750226,0.0015036774128810992,14.0,658.05,662.8251788221672,657.0605050784535,True,658.7156,659.9100711451177,662.8251788221672,657.0605050784535
2025-09-26 12:00:00,660.43,2353614,2025-09-26,2025-09-26 12:30:00,660.43,2025-09-26 12:00:00,False,2025-09-26 16:00:00,2025-09-26 10:00:00,661.83,12:30,2353614.0,25132993.0,0.002115346841333965,0.0016051225539323905,14.0,658.05,662.8923182598692,656.9937491033847,True,660.43,659.9587606041032,662.8923182598692,656.9937491033847
2025-09-26 12:30:00,661.29,2277360,2025-09-26,2025-09-26 13:00:00,661.29,2025-09-26 12:30:00,False,2025-09-26 16:00:00,2025-09-26 10:00:00,661.83,13:00,2277360.0,27410353.0,0.0008159194959431737,0.0017817338791260493,14.0,658.05,663.009204933222,656.877530020841,True,661.29,660.0693652121736,663.009204933222,656.877530020841
2025-09-26 13:00:00,661.63,2018997,2025-09-26,2025-09-26 13:30:00,661.63,2025-09-26 13:00:00,False,2025-09-26 16:00:00,2025-09-26 10:00:00,661.83,13:30,2018997.0,29429350.0,0.0003021924059048997,0.0018302192451066315,14.0,658.05,663.041294002989,656.8456242257575,True,661.63,660.1764323731785,663.041294002989,656.8456242257575
2025-09-26 13:30:00,661.33,2035646,2025-09-26,2025-09-26 14:00:00,661.33,2025-09-26 13:30:00,False,2025-09-26 16:00:00,2025-09-26 10:00:00,661.83,14:00,2035646.0,31464996.0,0.0007554810147620827,0.0017858686794103215,14.0,658.05,663.0119414680942,656.874809115514,True,661.33,660.251063093782,663.0119414680942,656.874809115514
2025-09-26 14:00:00,661.77,2571681,2025-09-26,2025-09-26 14:30:00,661.77,2025-09-26 14:00:00,False,2025-09-26 16:00:00,2025-09-26 10:00:00,661.83,14:30,2571681.0,34036677.0,9.065772177152542e-05,0.0020065088708337247,14.0,658.05,663.1579677659839,656.7296168375478,True,661.77,660.3658281509561,663.1579677659839,656.7296168375478
2025-09-26 14:30:00,661.895,2221379,2025-09-26,2025-09-26 15:00:00,661.895,2025-09-26 14:30:00,False,2025-09-26 16:00:00,2025-09-26 10:00:00,661.83,15:00,2221379.0,36258056.0,9.821253191888424e-05,0.0024614043794756258,14.0,658.05,663.4590312604685,656.430272848086,True,661.895,660.459514095753,663.4590312604685,656.430272848086
2025-09-26 15:00:00,661.59,1882116,2025-09-26,2025-09-26 15:30:00,661.59,2025-09-26 15:00:00,False,2025-09-26 16:00:00,2025-09-26 10:00:00,661.83,15:30,1882116.0,38140172.0,0.00036263088708576863,0.002389572322945716,14.0,658.05,663.4114906504951,656.4775419328855,True,661.59,660.5153005669874,663.4114906504951,656.4775419328855
2025-09-26 15:30:00,661.82,8059855,2025-09-26,2025-09-26 16:00:00,661.82,2025-09-26 16:00:00,True,2025-09-26 16:00:00,2025-09-26 10:00:00,661.83,16:00,8059855.0,46200027.0,1.5109620295272741e-05,0.0020767019518015167,14.0,658.05,663.2044236527609,656.6834262806169,True,661.82,660.742912733722,663.2044236527609,656.6834262806169
2025-09-29 09:30:00,664.61,6495314,2025-09-29,2025-09-29 10:00:00,664.61,2025-09-29 09:30:00,False,2025-09-29 16:00:00,2025-09-29 10:00:00,664.61,10:00,6495314.0,6495314.0,0.0,0.0,14.0,661.82,664.61,661.82,True,664.61,664.61,664.61,661.82
2025-09-29 10:00:00,664.76,4245329,2025-09-29,2025-09-29 10:30:00,664.76,2025-09-29 10:00:00,False,2025-09-29 16:00:00,2025-09-29 10:00:00,664.61,10:30,4245329.0,10740643.0,0.0002256962730022849,0.001260045724759248,14.0,661.82,665.4474389891324,660.9860765384399,True,664.76,664.6692887548725,665.4474389891324,660.9860765384399
2025-09-29 10:30:00,664.47,2764912,2025-09-29,2025-09-29 11:00:00,664.47,2025-09-29 10:30:00,False,2025-09-29 16:00:00,2025-09-29 10:00:00,664.61,11:00,2764912.0,13505555.0,0.00021064985480201415,0.001418876635076378,14.0,661.82,665.5529996004382,660.8809590653739,True,664.47,664.6284895526322,665.5529996004382,660.8809590653739
2025-09-29 11:00:00,663.525,3844422,2025-09-29,2025-09-29 11:30:00,663.525,2025-09-29 11:00:00,False,2025-09-29 16:00:00,2025-09-29 10:00:00,664.61,11:30,3844422.0,17349977.0,0.0016325363747160537,0.0014542322190551865,14.0,661.82,665.5764972751062,660.8575600327849,True,663.525,664.3839774410076,665.5764972751062,660.8575600327849
2025-09-29 11:30:00,663.33,3170399,2025-09-29,2025-09-29 12:00:00,663.33,2025-09-29 11:30:00,False,2025-09-29 16:00:00,2025-09-29 10:00:00,664.61,12:00,3170399.0,20520376.0,0.0019259415296187798,0.0017290842990053124,14.0,661.82,665.7591667159619,660.6756574292324,True,663.33,664.2211378797347,665.7591667159619,660.6756574292324
2025-09-29 12:00:00,663.475,2251872,2025-09-29,2025-09-29 12:30:00,663.475,2025-09-29 12:00:00,False,2025-09-29 16:00:00,2025-09-29 10:00:00,664.61,12:30,2251872.0,22772248.0,0.0017077684657167413,0.0017270203818655389,14.0,661.82,665.7577950159916,660.6770233708738,True,663.475,664.1473547820136,665.7577950159916,660.6770233708738
2025-09-29 12:30:00,663.065,1484450,2025-09-29,2025-09-29 13:00:00,663.065,2025-09-29 12:30:00,False,2025-09-29 16:00:00,2025-09-29 10:00:00,664.61,13:00,1484450.0,24256698.0,0.002324671611922735,0.0018185376263087202,14.0,661.82,665.818618291821,660.6164554281564,True,663.065,664.0811173429294,665.818618291821,660.6164554281564
2025-09-29 13:00:00,662.56,2386349,2025-09-29,2025-09-29 13:30:00,662.56,2025-09-29 13:00:00,False,2025-09-29 16:00:00,2025-09-29 10:00:00,664.61,13:30,2386349.0,26643047.0,0.0030845157310303017,0.0018347250799233747,14.0,661.82,665.8293766353679,660.6057422476052,True,662.56,663.9448747859057,665.8293766353679,660.6057422476052
2025-09-29 13:30:00,662.96,2669628,2025-09-29,2025-09-29 14:00:00,662.96,2025-09-29 13:30:00,False,2025-09-29 16:00:00,2025-09-29 10:00:00,664.61,14:00,2669628.0,29312675.0,0.0024826590030242457,0.0017539819789662253,14.0,661.82,665.7757139630407,660.6591796466806,True,662.96,663.8551781169749,665.7757139630407,660.6591796466806
2025-09-29 14:00:00,663.4601,2509028,2025-09-29,2025-09-29 14:30:00,663.4601,2025-09-29 14:00:00,False,2025-09-29 16:00:00,2025-09-29 10:00:00,664.61,14:30,2509028.0,31821703.0,0.0017301876288349227,0.002007482798945922,14.0,661.82,665.9441931430075,660.4914077340017,True,663.4601,663.8240276138835,665.9441931430075,660.4914077340017
2025-09-29 14:30:00,663.34,2474917,2025-09-29,2025-09-29 15:00:00,663.34,2025-09-29 14:30:00,False,2025-09-29 16:00:00,2025-09-29 10:00:00,664.61,15:00,2474917.0,34296620.0,0.0019108951114187311,0.0024502354796301284,14.0,661.82,666.238451002117,660.1983851548713,True,663.34,663.789099152418,666.238451002117,660.1983851548713
2025-09-29 15:00:00,662.64,5401507,2025-09-29,2025-09-29 15:30:00,662.64,2025-09-29 15:00:00,False,2025-09-29 16:00:00,2025-09-29 10:00:00,664.61,15:30,5401507.0,39698127.0,0.002964144385429135,0.0023333920749877995,14.0,661.82,666.1607957069576,660.2757144569316,True,662.64,663.6327475160931,666.1607957069576,660.2757144569316
2025-09-29 15:30:00,663.68,10979093,2025-09-29,2025-09-29 16:00:00,663.68,2025-09-29 16:00:00,True,2025-09-29 16:00:00,2025-09-29 10:00:00,664.61,16:00,10979093.0,50677220.0,0.0013993168926138555,0.002025449503066617,14.0,661.82,665.9561339942331,660.4795170098805,True,663.68,663.6429846485817,665.9561339942331,660.4795170098805
2025-09-30 09:30:00,663.065,5482339,2025-09-30,2025-09-30 10:00:00,663.065,2025-09-30 09:30:00,False,2025-09-30 16:00:00,2025-09-30 10:00:00,663.065,10:00,5482339.0,5482339.0,0.0,0.0,14.0,663.68,663.68,663.065,True,663.065,663.065,663.68,663.065
2025-09-30 10:00:00,662.89,3869893,2025-09-30,2025-09-30 10:30:00,662.89,2025-09-30 10:00:00,False,2025-09-30 16:00:00,2025-09-30 10:00:00,663.065,10:30,3869893.0,9352232.0,0.0002639258594557825,0.0012431478416825886,14.0,663.68,664.5050523595678,662.2407121763548,True,662.89,662.9925861339839,664.5050523595678,662.2407121763548
2025-09-30 10:30:00,663.23,3538986,2025-09-30,2025-09-30 11:00:00,663.23,2025-09-30 10:30:00,False,2025-09-30 16:00:00,2025-09-30 10:00:00,663.065,11:00,3538986.0,12891218.0,0.0002488443817725283,0.0013579858702447395,14.0,663.68,664.5812680623641,662.1645670989462,True,663.23,663.0577626245248,664.5812680623641,662.1645670989462
2025-09-30 11:00:00,662.19,2846151,2025-09-30,2025-09-30 11:30:00,662.19,2025-09-30 11:00:00,False,2025-09-30 16:00:00,2025-09-30 10:00:00,663.065,11:30,2846151.0,15737369.0,0.0013196292972785795,0.0015389264923940976,14.0,663.68,664.7013547344721,662.0445917053207,True,662.19,662.9008251172735,664.7013547344721,662.0445917053207
2025-09-30 11:30:00,663.0019,2548894,2025-09-30,2025-09-30 12:00:00,663.0019,2025-09-30 11:30:00,False,2025-09-30 16:00:00,2025-09-30 10:00:00,663.065,12:00,2548894.0,18286263.0,9.516412418097975e-05,0.0017830113955915289,14.0,663.68,664.8633490030261,661.8827475489821,True,663.0019,662.9149137893073,664.8633490030261,661.8827475489821
2025-09-30 12:00:00,663.41,2051394,2025-09-30,2025-09-30 12:30:00,663.41,2025-09-30 12:00:00,False,2025-09-30 16:00:00,2025-09-30 10:00:00,663.065,12:30,2051394.0,20337657.0,0.0005203109800697714,0.0018285986916277855,14.0,663.68,664.8936043796595,661.8525202085359,True,663.41,662.9648515418271,664.8936043796595,661.8525202085359
2025-09-30 12:30:00,662.78,1580359,2025-09-30,2025-09-30 13:00:00,662.78,2025-09-30 12:30:00,False,2025-09-30 16:00:00,2025-09-30 10:00:00,663.065,13:00,1580359.0,21918016.0,0.0004298221139708014,0.0019834820208671938,14.0,663.68,664.9963973476091,661.7498224938338,True,662.78,662.951523154906,664.9963973476091,661.7498224938338
2025-09-30 13:00:00,662.06,2451626,2025-09-30,2025-09-30 13:30:00,662.06,2025-09-30 13:00:00,False,2025-09-30 16:00:00,2025-09-30 10:00:00,663.065,13:30,2451626.0,24369642.0,0.0015156885071601067,0.0019972753384076003,14.0,663.68,665.0055516965944,661.7406766277388,True,662.06,662.861834461647,665.0055516965944,661.7406766277388
2025-09-30 13:30:00,662.51,2351864,2025-09-30,2025-09-30 14:00:00,662.51,2025-09-30 13:30:00,False,2025-09-30 16:00:00,2025-09-30 10:00:00,663.065,14:00,2351864.0,26721506.0,0.000837022011416777,0.001849870729033341,14.0,663.68,664.9077222054448,661.8384154650536,True,662.51,662.830868137956,664.9077222054448,661.8384154650536
2025-09-30 14:00:00,663.8499,3661834,2025-09-30,2025-09-30 14:30:00,663.8499,2025-09-30 14:00:00,False,2025-09-30 16:00:00,2025-09-30 10:00:00,663.065,14:30,3661834.0,30383340.0,0.0011837451833529578,0.0020430241989378944,14.0,663.68,665.0359143003511,661.7103421595314,True,663.8499,662.953682993713,665.0359143003511,661.7103421595314
2025-09-30 14:30:00,664.43,2676405,2025-09-30,2025-09-30 15:00:00,664.43,2025-09-30 14:30:00,False,2025-09-30 16:00:00,2025-09-30 10:00:00,663.065,15:00,2676405.0,33059745.0,0.002058621703754371,0.002497592015005014,14.0,663.68,665.3376018685185,661.4089341505708,True,664.43,663.0732006190672,665.3376018685185,661.4089341505708
2025-09-30 15:00:00,665.405,4464176,2025-09-30,2025-09-30 15:30:00,665.405,2025-09-30 15:00:00,False,2025-09-30 16:00:00,2025-09-30 10:00:00,663.065,15:30,4464176.0,37523921.0,0.003529065777864826,0.002432319995009678,14.0,663.68,665.2942821342879,661.452213742509,True,665.405,663.3506120024131,665.2942821342879,661.452213742509
2025-09-30 15:30:00,666.18,19029084,2025-09-30,2025-09-30 16:00:00,666.205,2025-09-30 16:00:00,True,2025-09-30 16:00:00,2025-09-30 10:00:00,663.065,16:00,19029084.0,56553005.0,0.00469788029831153,0.0019834364715594077,14.0,663.68,664.9963671174445,661.7498526959855,True,666.205,664.3110629806533,664.9963671174445,661.7498526959855
2025-10-01 09:30:00,663.6824,9018852,2025-10-01,2025-10-01 10:00:00,663.6824,2025-10-01 09:30:00,False,2025-10-01 16:00:00,2025-10-01 10:00:00,663.6824,10:00,9018852.0,9018852.0,0.0,0.0,14.0,666.18,666.18,663.6824,True,663.6824,663.6824,666.18,663.6824
2025-10-01 10:00:00,665.585,4182780,2025-10-01,2025-10-01 10:30:00,665.585,2025-10-01 10:00:00,False,2025-10-01 16:00:00,2025-10-01 10:00:00,663.6824,10:30,4182780.0,13201632.0,0.0028667326419986594,0.0012255595930818486,14.0,666.18,666.9964432897193,662.8690176679204,True,665.585,664.2852161690919,666.9964432897193,662.8690176679204
2025-10-01 10:30:00,665.81,3537509,2025-10-01,2025-10-01 11:00:00,665.81,2025-10-01 10:30:00,False,2025-10-01 16:00:00,2025-10-01 10:00:00,663.6824,11:00,3537509.0,16739141.0,0.003205750220286019,0.001360274798196678,14.0,666.18,667.0861878650626,662.7796095572734,True,665.81,664.6074511347267,667.0861878650626,662.7796095572734
2025-10-01 11:00:00,666.328,2908154,2025-10-01,2025-10-01 11:30:00,666.328,2025-10-01 11:00:00,False,2025-10-01 16:00:00,2025-10-01 10:00:00,663.6824,11:30,2908154.0,19647295.0,0.00398624402274339,0.0015554066725105445,14.0,666.18,667.216180817093,662.6501039666123,True,666.328,664.8621233969766,667.216180817093,662.6501039666123
2025-10-01 11:30:00,667.0,3019978,2025-10-01,2025-10-01 12:00:00,667.0,2025-10-01 11:30:00,False,2025-10-01 16:00:00,2025-10-01 10:00:00,663.6824,12:00,3019978.0,22667273.0,0.004998776523228443,0.0017639555440804072,14.0,666.18,667.3551119043555,662.5116937510114,True,667.0,665.1469543207426,667.3551119043555,662.5116937510114
2025-10-01 12:00:00,666.9,1895100,2025-10-01,2025-10-01 12:30:00,666.9,2025-10-01 12:00:00,False,2025-10-01 16:00:00,2025-10-01 10:00:00,663.6824,12:30,1895100.0,24562373.0,0.004848102043989666,0.0017661316082337533,14.0,666.18,667.3565615547732,662.5102495355316,True,666.9,665.2822098543492,667.3565615547732,662.5102495355316
2025-10-01 12:30:00,666.91,1766033,2025-10-01,2025-10-01 13:00:00,666.91,2025-10-01 12:30:00,False,2025-10-01 16:00:00,2025-10-01 10:00:00,663.6824,13:00,1766033.0,26328406.0,0.004863169491913455,0.0019429582825462905,14.0,666.18,667.4743599486667,662.3928927839398,True,666.91,665.3913972891789,667.4743599486667,662.3928927839398
2025-10-01 13:00:00,667.9987,2854743,2025-10-01,2025-10-01 13:30:00,667.9987,2025-10-01 13:00:00,False,2025-10-01 16:00:00,2025-10-01 10:00:00,663.6824,13:30,2854743.0,29183149.0,0.006503562547387043,0.001964929351207234,14.0,666.18,667.4889966351872,662.3783109723604,True,667.9987,665.6464478720545,667.4889966351872,662.3783109723604
2025-10-01 13:30:00,667.952,1640891,2025-10-01,2025-10-01 14:00:00,667.952,2025-10-01 13:30:00,False,2025-10-01 16:00:00,2025-10-01 10:00:00,663.6824,14:00,1640891.0,30824040.0,0.006433197565582471,0.0017728624442589094,14.0,666.18,667.3610455031164,662.5057823981244,True,667.952,665.7691819373094,667.3610455031164,662.5057823981244
2025-10-01 14:00:00,668.76,2849116,2025-10-01,2025-10-01 14:30:00,668.76,2025-10-01 14:00:00,False,2025-10-01 16:00:00,2025-10-01 10:00:00,663.6824,14:30,2849116.0,33673156.0,0.007650647357832607,0.0019197428473895575,14.0,666.18,667.458894290074,662.4083004596616,True,668.76,666.0222377422213,667.458894290074,662.4083004596616
2025-10-01 14:30:00,669.1,2343186,2025-10-01,2025-10-01 15:00:00,669.1,2025-10-01 14:30:00,False,2025-10-01 16:00:00,2025-10-01 10:00:00,663.6824,15:00,2343186.0,36016342.0,0.00816294058724476,0.002472869318662577,14.0,666.18,667.8273760827067,662.0412001557037,True,669.1,666.222473774902,667.8273760827067,662.0412001557037
2025-10-01 15:00:00,669.1,3042767,2025-10-01,2025-10-01 15:30:00,669.1,2025-10-01 15:00:00,False,2025-10-01 16:00:00,2025-10-01 10:00:00,663.6824,15:30,3042767.0,39059109.0,0.00816294058724476,0.0023891272322325257,14.0,666.18,667.7715887795686,662.0967783046066,True,669.1,666.4466376655673,667.7715887795686,662.0967783046066
2025-10-01 15:30:00,668.45,10397374,2025-10-01,2025-10-01 16:00:00,668.5001,2025-10-01 16:00:00,True,2025-10-01 16:00:00,2025-10-01 10:00:00,663.6824,16:00,10397374.0,49456483.0,0.007183556472192043,0.0021712772297082478,14.0,666.18,667.626461464887,662.241361517122,True,668.5001,666.8783427644926,667.626461464887,662.241361517122
2025-10-02 09:30:00,669.3,6932678,2025-10-02,2025-10-02 10:00:00,669.3,2025-10-02 09:30:00,False,2025-10-02 16:00:00,2025-10-02 10:00:00,669.3,10:00,6932678.0,6932678.0,0.0,0.0,14.0,668.45,669.3,668.45,True,669.3,669.3,669.3,668.45
2025-10-02 10:00:00,668.735,3459009,2025-10-02,2025-10-02 10:30:00,668.735,2025-10-02 10:00:00,False,2025-10-02 16:00:00,2025-10-02 10:00:00,669.3,10:30,3459009.0,10391687.0,0.0008441655460927899,0.001393825442911786,14.0,668.45,670.2328873689409,667.5182973826857,True,668.735,669.1119323566038,670.2328873689409,667.5182973826857
2025-10-02 10:30:00,667.56,2930215,2025-10-02,2025-10-02 11:00:00,667.56,2025-10-02 10:30:00,False,2025-10-02 16:00:00,2025-10-02 10:00:00,669.3,11:00,2930215.0,13321902.0,0.002599731062303934,0.0014786730692739217,14.0,668.45,670.2896758852651,667.4615809868438,True,667.56,668.7705775357753,670.2896758852651,667.4615809868438
2025-10-02 11:00:00,667.61,2867074,2025-10-02,2025-10-02 11:30:00,667.61,2025-10-02 11:00:00,False,2025-10-02 16:00:00,2025-10-02 10:00:00,669.3,11:30,2867074.0,16188976.0,0.002525026146720344,0.001640209012653382,14.0,668.45,670.3977918921689,667.3536022854919,True,667.61,668.5650387989333,670.3977918921689,667.3536022854919
2025-10-02 11:30:00,668.305,2107782,2025-10-02,2025-10-02 12:00:00,668.305,2025-10-02 11:30:00,False,2025-10-02 16:00:00,2025-10-02 10:00:00,669.3,12:00,2107782.0,18296758.0,0.0014866278201105532,0.0019472363296451714,14.0,668.45,670.6032852754314,667.1483698754487,True,668.305,668.5350823935585,670.6032852754314,667.1483698754487
2025-10-02 12:00:00,668.1353,1549520,2025-10-02,2025-10-02 12:30:00,668.1353,2025-10-02 12:00:00,False,2025-10-02 16:00:00,2025-10-02 10:00:00,669.3,12:30,1549520.0,19846278.0,0.0017401763036006823,0.0019201318822566402,14.0,668.45,670.5851442687942,667.1664878433056,True,668.1353,668.5038689431339,670.5851442687942,667.1664878433056
2025-10-02 12:30:00,668.37,1463333,2025-10-02,2025-10-02 13:00:00,668.37,2025-10-02 12:30:00,False,2025-10-02 16:00:00,2025-10-02 10:00:00,669.3,13:00,1463333.0,21309611.0,0.0013895114298519973,0.0021263526685319184,14.0,668.45,670.7231678410484,667.0286395587199,True,668.37,668.4946761501652,670.7231678410484,667.0286395587199
2025-10-02 13:00:00,668.495,1512186,2025-10-02,2025-10-02 13:30:00,668.495,2025-10-02 13:00:00,False,2025-10-02 16:00:00,2025-10-02 10:00:00,669.3,13:30,1512186.0,22821797.0,0.0012027491408933555,0.0022660409248517277,14.0,668.45,670.8166611910033,666.935264943783,True,668.495,668.4946976086502,670.8166611910033,666.935264943783
2025-10-02 13:30:00,668.895,1993107,2025-10-02,2025-10-02 14:00:00,668.895,2025-10-02 13:30:00,False,2025-10-02 16:00:00,2025-10-02 10:00:00,669.3,14:00,1993107.0,24814904.0,0.0006051098162258572,0.002018288247477597,14.0,668.45,670.6508403240366,667.1008752209736,True,668.895,668.5268494758634,670.6508403240366,667.1008752209736
2025-10-02 14:00:00,669.56,2115514,2025-10-02,2025-10-02 14:30:00,669.56,2025-10-02 14:00:00,False,2025-10-02 16:00:00,2025-10-02 10:00:00,669.3,14:30,2115514.0,26930418.0,0.00038846556103400154,0.0022793656305895504,14.0,668.45,670.8255794165535,666.9263580442325,True,669.56,668.6080084240059,670.8255794165535,666.9263580442325
2025-10-02 14:30:00,669.42,1832191,2025-10-02,2025-10-02 15:00:00,669.42,2025-10-02 14:30:00,False,2025-10-02 16:00:00,2025-10-02 10:00:00,669.3,15:00,1832191.0,28762609.0,0.00017929179740017176,0.0028500201715278483,14.0,668.45,671.2075185008035,666.5449040163423,True,669.42,668.6597326489401,671.2075185008035,666.5449040163423
2025-10-02 15:00:00,669.45,1908535,2025-10-02,2025-10-02 15:30:00,669.45,2025-10-02 15:00:00,False,2025-10-02 16:00:00,2025-10-02 10:00:00,669.3,15:30,1908535.0,30671144.0,0.00022411474675054777,0.002740680569938076,14.0,668.45,671.1343375054596,666.617992073025,True,669.45,668.7089076291383,671.1343375054596,666.617992073025
2025-10-02 15:30:00,669.22,9403111,2025-10-02,2025-10-02 16:00:00,669.22,2025-10-02 16:00:00,True,2025-10-02 16:00:00,2025-10-02 10:00:00,669.3,16:00,9403111.0,40074255.0,0.00011952786493341083,0.0024648593966392946,14.0,668.45,670.9497303941706,666.8023647363165,True,669.22,668.828831462893,670.9497303941706,666.8023647363165
2025-10-03 09:30:00,670.67,5222237,2025-10-03,2025-10-03 10:00:00,670.67,2025-10-03 09:30:00,False,2025-10-03 16:00:00,2025-10-03 10:00:00,670.67,10:00,5222237.0,5222237.0,0.0,0.0,14.0,669.22,670.67,669.22,True,670.67,670.67,670.67,669.22
2025-10-03 10:00:00,671.365,4044802,2025-10-03,2025-10-03 10:30:00,671.365,2025-10-03 10:00:00,False,2025-10-03 16:00:00,2025-10-03 10:00:00,670.67,10:30,4044802.0,9267039.0,0.0010362771556802208,0.0014193574351242086,14.0,669.22,671.6219204510147,668.2701376172662,True,671.365,670.9733479615226,671.6219204510147,668.2701376172662
2025-10-03 10:30:00,672.1,3001404,2025-10-03,2025-10-03 11:00:00,672.1,2025-10-03 10:30:00,False,2025-10-03 16:00:00,2025-10-03 10:00:00,670.67,11:00,3001404.0,12268443.0,0.002132196162047073,0.0015834554737448484,14.0,669.22,671.7319760825764,668.1603199278605,True,672.1,671.2489769011438,671.7319760825764,668.1603199278605
2025-10-03 11:00:00,671.76,2315499,2025-10-03,2025-10-03 11:30:00,671.76,2025-10-03 11:00:00,False,2025-10-03 16:00:00,2025-10-03 10:00:00,670.67,11:30,2315499.0,14583942.0,0.001625240431210706,0.0018205680231334065,14.0,669.22,671.8910003560748,668.0016394675587,True,671.76,671.3301122673142,671.8910003560748,668.0016394675587
2025-10-03 11:30:00,672.51,2720911,2025-10-03,2025-10-03 12:00:00,672.51,2025-10-03 11:30:00,False,2025-10-03 16:00:00,2025-10-03 10:00:00,670.67,12:00,2720911.0,17304853.0,0.002743525131584823,0.0020490783377323635,14.0,669.22,672.0442553687668,667.8487157948227,True,672.51,671.5156307175797,672.0442553687668,667.8487157948227
2025-10-03 12:00:00,672.43,1619856,2025-10-03,2025-10-03 12:30:00,672.43,2025-10-03 12:00:00,False,2025-10-03 16:00:00,2025-10-03 10:00:00,670.67,12:30,1619856.0,18924709.0,0.00262424143021156,0.0019988167466823414,14.0,669.22,672.0105464274973,667.8823518567852,True,672.43,671.5938959404872,672.0105464274973,667.8823518567852
2025-10-03 12:30:00,672.2,1456880,2025-10-03,2025-10-03 13:00:00,672.2,2025-10-03 12:30:00,False,2025-10-03 16:00:00,2025-10-03 10:00:00,670.67,13:00,1456880.0,20381589.0,0.0022813007887636516,0.002177811749569928,14.0,669.22,672.130593006084,667.7625648209529,True,672.2,671.637220378156,672.130593006084,667.7625648209529
2025-10-03 13:00:00,670.265,4782275,2025-10-03,2025-10-03 13:30:00,670.265,2025-10-03 13:00:00,False,2025-10-03 16:00:00,2025-10-03 10:00:00,670.67,13:30,4782275.0,25163864.0,0.000603873738202032,0.0023019924414490666,14.0,669.22,672.2138772707067,667.6794606183336,True,670.265,671.3764362947201,672.2138772707067,667.6794606183336
2025-10-03 13:30:00,669.24,5610748,2025-10-03,2025-10-03 14:00:00,669.24,2025-10-03 13:30:00,False,2025-10-03 16:00:00,2025-10-03 10:00:00,670.67,14:00,5610748.0,30774612.0,0.002132196162046851,0.0019805977058000896,14.0,669.22,671.9983274633489,667.8945444033245,True,669.24,670.9869267318463,671.9983274633489,667.8945444033245
2025-10-03 14:00:00,670.55,5035306,2025-10-03,2025-10-03 14:30:00,670.55,2025-10-03 14:00:00,False,2025-10-03 16:00:00,2025-10-03 10:00:00,670.67,14:30,5035306.0,35809918.0,0.00017892555205989424,0.00221261884610624,14.0,669.22,672.153937081518,667.7392712158088,True,670.55,670.9254895681414,672.153937081518,667.7392712158088
2025-10-03 14:30:00,669.9,2709723,2025-10-03,2025-10-03 15:00:00,669.9,2025-10-03 14:30:00,False,2025-10-03 16:00:00,2025-10-03 10:00:00,670.67,15:00,2709723.0,38519641.0,0.0011481056257175437,0.0027373788688435413,14.0,669.22,672.5058778859673,667.3880913133926,True,669.9,670.8533499376331,672.5058778859673,667.3880913133926
2025-10-03 15:00:00,669.62,3208394,2025-10-03,2025-10-03 15:30:00,669.62,2025-10-03 15:00:00,False,2025-10-03 16:00:00,2025-10-03 10:00:00,670.67,15:30,3208394.0,41728035.0,0.0015655985805238526,0.002702373044999627,14.0,669.22,672.4824005300898,667.4115179108254,True,669.62,670.7585198662003,672.4824005300898,667.4115179108254
2025-10-03 15:30:00,669.21,7776043,2025-10-03,2025-10-03 16:00:00,669.24,2025-10-03 16:00:00,True,2025-10-03 16:00:00,2025-10-03 10:00:00,670.67,16:00,7776043.0,49504078.0,0.0021769275500617136,0.002448412087384579,14.0,669.22,672.3120765346463,667.5814736628805,True,669.24,670.5199925316253,672.3120765346463,667.5814736628805
2025-10-06 09:30:00,669.95,7204445,2025-10-06,2025-10-06 10:00:00,669.95,2025-10-06 09:30:00,False,2025-10-06 16:00:00,2025-10-06 10:00:00,669.95,10:00,7204445.0,7204445.0,0.0,0.0,14.0,669.21,669.95,669.21,True,669.95,669.95,669.95,669.21
2025-10-06 10:00:00,670.5,4175636,2025-10-06,2025-10-06 10:30:00,670.5,2025-10-06 10:00:00,False,2025-10-06 16:00:00,2025-10-06 10:00:00,669.95,10:30,4175636.0,11380081.0,0.0008209567878199042,0.001490135865549334,14.0,669.21,670.9483165231247,668.2127861774158,True,670.5,670.1518087393226,670.9483165231247,668.2127861774158
2025-10-06 10:30:00,670.77,2370910,2025-10-06,2025-10-06 11:00:00,670.77,2025-10-06 10:30:00,False,2025-10-06 16:00:00,2025-10-06 10:00:00,669.95,11:00,2370910.0,13750991.0,0.001223971938204338,0.001702246625790089,14.0,669.21,671.0904201269482,668.070839535555,True,670.77,670.2583956639926,671.0904201269482,668.070839535555
2025-10-06 11:00:00,671.17,2037968,2025-10-06,2025-10-06 11:30:00,671.17,2025-10-06 11:00:00,False,2025-10-06 16:00:00,2025-10-06 10:00:00,669.95,11:30,2037968.0,15788959.0,0.001821031420255137,0.0018982805815885612,14.0,669.21,671.2217530756353,667.9396516519952,True,671.17,670.3760614623168,671.2217530756353,667.9396516519952
2025-10-06 11:30:00,671.83,2224150,2025-10-06,2025-10-06 12:00:00,671.83,2025-10-06 11:30:00,False,2025-10-06 16:00:00,2025-10-06 10:00:00,669.95,12:00,2224150.0,18013109.0,0.002806179565639111,0.0022326101467494064,14.0,669.21,671.4457371678147,667.7159149636939,True,671.83,670.5555850192213,671.4457371678147,667.7159149636939
2025-10-06 12:00:00,671.8,1581436,2025-10-06,2025-10-06 12:30:00,671.8,2025-10-06 12:00:00,False,2025-10-06 16:00:00,2025-10-06 10:00:00,669.95,12:30,1581436.0,19594545.0,0.0027614001044853342,0.002175454394865328,14.0,669.21,671.40744567184,667.7541641644123,True,671.8,670.6560192293314,671.40744567184,667.7541641644123
2025-10-06 12:30:00,671.71,1291302,2025-10-06,2025-10-06 13:00:00,671.71,2025-10-06 12:30:00,False,2025-10-06 16:00:00,2025-10-06 10:00:00,669.95,13:00,1291302.0,20885847.0,0.0026270617210240044,0.002276433149481933,14.0,669.21,671.4750963884956,667.6865881720353,True,671.71,670.7211833319473,671.4750963884956,667.6865881720353
2025-10-06 13:00:00,672.08,1946359,2025-10-06,2025-10-06 13:30:00,672.08,2025-10-06 13:00:00,False,2025-10-06 16:00:00,2025-10-06 10:00:00,669.95,13:30,1946359.0,22832206.0,0.003179341741921027,0.0022370120752141114,14.0,669.21,671.4486862397898,667.712969149146,True,672.08,670.8370173013506,671.4486862397898,667.712969149146
2025-10-06 13:30:00,672.28,1890286,2025-10-06,2025-10-06 14:00:00,672.28,2025-10-06 13:30:00,False,2025-10-06 16:00:00,2025-10-06 10:00:00,669.95,14:00,1890286.0,24722492.0,0.0034778714829464263,0.0021188370563003773,14.0,669.21,671.3695148858685,667.7920530535533,True,672.28,670.9473480072317,671.3695148858685,667.7920530535533
2025-10-06 14:00:00,672.24,2098191,2025-10-06,2025-10-06 14:30:00,672.24,2025-10-06 14:00:00,False,2025-10-06 16:00:00,2025-10-06 10:00:00,669.95,14:30,2098191.0,26820683.0,0.003418165534741391,0.002135670848806543,14.0,669.21,671.380792685158,667.7807877112702,True,672.24,671.0484726048923,671.380792685158,667.7807877112702
2025-10-06 14:30:00,672.11,1835848,2025-10-06,2025-10-06 15:00:00,672.11,2025-10-06 14:30:00,False,2025-10-06 16:00:00,2025-10-06 10:00:00,669.95,15:00,1835848.0,28656531.0,0.0032241212030748034,0.002740466187922944,14.0,669.21,671.785975322599,667.3760526223801,True,672.11,671.1164781476865,671.785975322599,667.3760526223801
2025-10-06 15:00:00,671.73,2156797,2025-10-06,2025-10-06 15:30:00,671.73,2025-10-06 15:00:00,False,2025-10-06 16:00:00,2025-10-06 10:00:00,669.95,15:30,2156797.0,30813328.0,0.002656914695126522,0.0027396067248646816,14.0,669.21,671.7853995253231,667.3766277836534,True,671.73,671.159421970259,671.7853995253231,667.3766277836534
2025-10-06 15:30:00,671.61,7281199,2025-10-06,2025-10-06 16:00:00,671.61,2025-10-06 16:00:00,True,2025-10-06 16:00:00,2025-10-06 10:00:00,669.95,16:00,7281199.0,38094527.0,0.0024777968505111936,0.002583374644900771,14.0,669.21,671.6807318433514,667.481179853886,True,671.61,671.2455432206837,671.6807318433514,667.481179853886
2025-10-07 09:30:00,672.095,5514922,2025-10-07,2025-10-07 10:00:00,672.095,2025-10-07 09:30:00,False,2025-10-07 16:00:00,2025-10-07 10:00:00,672.095,10:00,5514922.0,5514922.0,0.0,0.0,14.0,671.61,672.095,671.61,True,672.095,672.095,672.095,671.61
2025-10-07 10:00:00,671.3,3221920,2025-10-07,2025-10-07 10:30:00,671.3,2025-10-07 10:00:00,False,2025-10-07 16:00:00,2025-10-07 10:00:00,672.095,10:30,3221920.0,8736842.0,0.0011828684932935207,0.0015173996643478452,14.0,671.61,673.1148367274099,670.5908992114273,True,671.3,671.8018246856244,673.1148367274099,670.5908992114273
2025-10-07 10:30:00,670.91,3835883,2025-10-07,2025-10-07 11:00:00,670.91,2025-10-07 10:30:00,False,2025-10-07 16:00:00,2025-10-07 10:00:00,672.095,11:00,3835883.0,12572725.0,0.0017631436032109482,0.0017561382243709606,14.0,671.61,673.2752917199086,670.4305600071302,True,670.91,671.529732903567,673.2752917199086,670.4305600071302
2025-10-07 11:00:00,669.23,8734450,2025-10-07,2025-10-07 11:30:00,669.23,2025-10-07 11:00:00,False,2025-10-07 16:00:00,2025-10-07 10:00:00,672.095,11:30,8734450.0,21307175.0,0.004262790230547764,0.001963584354253843,14.0,671.61,673.4147152265723,670.2912371118396,True,669.23,670.587003421148,673.4147152265723,670.2912371118396
2025-10-07 11:30:00,668.23,7297708,2025-10-07,2025-10-07 12:00:00,668.23,2025-10-07 11:30:00,False,2025-10-07 16:00:00,2025-10-07 10:00:00,672.095,12:00,7297708.0,28604883.0,0.005750675127772165,0.002374096831105502,14.0,671.61,673.6906186097018,670.0155328272613,True,668.23,669.985682215865,673.6906186097018,669.985682215865
2025-10-07 12:00:00,668.39,4233517,2025-10-07,2025-10-07 12:30:00,668.39,2025-10-07 12:00:00,False,2025-10-07 16:00:00,2025-10-07 10:00:00,672.095,12:30,4233517.0,32838400.0,0.005512613544216283,0.0023380773680861033,14.0,671.61,673.6664101087039,670.0397238588197,True,668.39,669.7799673275799,673.6664101087039,669.7799673275799
2025-10-07 12:30:00,668.36,2934538,2025-10-07,2025-10-07 13:00:00,668.36,2025-10-07 12:30:00,False,2025-10-07 16:00:00,2025-10-07 10:00:00,672.095,13:00,2934538.0,35772938.0,0.005557250091132948,0.002432161982033506,14.0,671.61,673.7296439073149,669.9765356912465,True,668.36,669.6634840775449,673.7296439073149,669.6634840775449
2025-10-07 13:00:00,668.92,2073371,2025-10-07,2025-10-07 13:30:00,668.92,2025-10-07 13:00:00,False,2025-10-07 16:00:00,2025-10-07 10:00:00,672.095,13:30,2073371.0,37846309.0,0.004724034548687417,0.002455526173375649,14.0,671.61,673.7453468634949,669.9608440666992,True,668.92,669.6227530692623,673.7453468634949,669.6227530692623
2025-10-07 13:30:00,668.33,1741476,2025-10-07,2025-10-07 14:00:00,668.33,2025-10-07 13:30:00,False,2025-10-07 16:00:00,2025-10-07 10:00:00,672.095,14:00,1741476.0,39587785.0,0.0056018866380496135,0.0023650974512657375,14.0,671.61,673.6845701715084,670.0215769007553,True,668.33,669.5658845568147,673.6845701715084,669.5658845568147
2025-10-07 14:00:00,668.64,2204298,2025-10-07,2025-10-07 14:30:00,668.64,2025-10-07 14:00:00,False,2025-10-07 16:00:00,2025-10-07 10:00:00,672.095,14:30,2204298.0,41792083.0,0.0051406423199101825,0.0023792830683836974,14.0,671.61,673.6941042538454,670.0120496984428,True,668.64,669.517049338986,673.6941042538454,669.517049338986
2025-10-07 14:30:00,669.0,1669368,2025-10-07,2025-10-07 15:00:00,669.0,2025-10-07 14:30:00,False,2025-10-07 16:00:00,2025-10-07 10:00:00,672.095,15:00,1669368.0,43461451.0,0.00460500375690942,0.0029274829830321053,14.0,671.61,674.062546675481,669.6438731537658,True,669.0,669.4971893112819,674.062546675481,669.4971893112819
2025-10-07 15:00:00,668.57,2218937,2025-10-07,2025-10-07 15:30:00,668.57,2025-10-07 15:00:00,False,2025-10-07 16:00:00,2025-10-07 10:00:00,672.095,15:30,2218937.0,45680388.0,0.005244794262715846,0.0029255999648440867,14.0,671.61,674.0612811083719,669.645137807611,True,668.57,669.452150843815,674.0612811083719,669.452150843815
2025-10-07 15:30:00,669.12,8083200,2025-10-07,2025-10-07 16:00:00,669.12,2025-10-07 16:00:00,True,2025-10-07 16:00:00,2025-10-07 10:00:00,672.095,16:00,8083200.0,53763588.0,0.004426457569242426,0.002738726770568245,14.0,671.61,673.9356845688651,669.7706437136186,True,669.12,669.4022129248517,673.9356845688651,669.4022129248517
2025-10-08 09:30:00,670.385,6682292,2025-10-08,2025-10-08 10:00:00,670.385,2025-10-08 09:30:00,False,2025-10-08 16:00:00,2025-10-08 10:00:00,670.385,10:00,6682292.0,6682292.0,0.0,0.0,14.0,669.12,670.385,669.12,True,670.385,670.385,670.385,669.12
2025-10-08 10:00:00,671.91,4535845,2025-10-08,2025-10-08 10:30:00,671.91,2025-10-08 10:00:00,False,2025-10-08 16:00:00,2025-10-08 10:00:00,670.385,10:30,4535845.0,11218137.0,0.0022748122347606703,0.0015212565378432566,14.0,669.12,671.4048275641221,668.1020968253983,True,671.91,671.0016053797524,671.4048275641221,668.1020968253983
2025-10-08 10:30:00,671.75,3237325,2025-10-08,2025-10-08 11:00:00,671.75,2025-10-08 10:30:00,False,2025-10-08 16:00:00,2025-10-08 10:00:00,670.385,11:00,3237325.0,14455462.0,0.0020361434101299203,0.001822000634664922,14.0,669.12,671.6064418954699,667.900862935333,True,671.75,671.1692096122558,671.6064418954699,667.900862935333
2025-10-08 11:00:00,672.53,2833528,2025-10-08,2025-10-08 11:30:00,672.53,2025-10-08 11:00:00,False,2025-10-08 16:00:00,2025-10-08 10:00:00,670.385,11:30,2833528.0,17288990.0,0.0031996539302041604,0.0021630794527059327,14.0,669.12,671.8350960189023,667.6726402766054,True,672.53,671.3922323374586,671.8350960189023,667.6726402766054
2025-10-08 11:30:00,672.8,2093811,2025-10-08,2025-10-08 12:00:00,672.8,2025-10-08 11:30:00,False,2025-10-08 16:00:00,2025-10-08 10:00:00,670.385,12:00,2093811.0,19382801.0,0.00360240757176844,0.0027150469601352717,14.0,669.12,672.2051267563703,667.3033077780343,True,672.8,671.5443052714621,672.2051267563703,667.3033077780343
2025-10-08 12:00:00,672.645,1819217,2025-10-08,2025-10-08 12:30:00,672.645,2025-10-08 12:00:00,False,2025-10-08 16:00:00,2025-10-08 10:00:00,670.385,12:30,1819217.0,21202018.0,0.0033711971479075675,0.0026230575441008597,14.0,669.12,672.143458431702,667.3648597360913,True,672.645,671.6387492325023,672.143458431702,667.3648597360913
2025-10-08 12:30:00,672.72,1471107,2025-10-08,2025-10-08 13:00:00,672.72,2025-10-08 12:30:00,False,2025-10-08 16:00:00,2025-10-08 10:00:00,670.385,13:00,1471107.0,22673125.0,0.003483073159453287,0.002655391510483623,14.0,669.12,672.1651346377556,667.3432244325052,True,672.72,671.7089043422554,672.1651346377556,667.3432244325052
2025-10-08 13:00:00,672.915,1312185,2025-10-08,2025-10-08 13:30:00,672.915,2025-10-08 13:00:00,False,2025-10-08 16:00:00,2025-10-08 10:00:00,670.385,13:30,1312185.0,23985310.0,0.003773950789471625,0.0026584120845079074,14.0,669.12,672.1671595852728,667.3412033060141,True,672.915,671.7748872555743,672.1671595852728,667.3412033060141
2025-10-08 13:30:00,672.65,1604507,2025-10-08,2025-10-08 14:00:00,672.65,2025-10-08 13:30:00,False,2025-10-08 16:00:00,2025-10-08 10:00:00,670.385,14:00,1604507.0,25589817.0,0.003378655548677223,0.0027398014887124217,14.0,669.12,672.2217218210104,667.2867440278727,True,672.65,671.8297576958054,672.2217218210104,667.2867440278727
2025-10-08 14:00:00,672.85,2708937,2025-10-08,2025-10-08 14:30:00,672.85,2025-10-08 14:00:00,False,2025-10-08 16:00:00,2025-10-08 10:00:00,670.385,14:30,2708937.0,28298754.0,0.0036769915794656605,0.002698302131566521,14.0,669.12,672.1939012744702,667.3145120777262,True,672.85,671.9274217882527,672.1939012744702,667.3145120777262
2025-10-08 14:30:00,672.2407,2187735,2025-10-08,2025-10-08 15:00:00,672.2407,2025-10-08 14:30:00,False,2025-10-08 16:00:00,2025-10-08 10:00:00,670.385,15:00,2187735.0,30486489.0,0.0027681108616690597,0.0030177450899213165,14.0,669.12,672.4080510421069,667.1007664054318,True,672.2407,671.949902884996,672.4080510421069,667.1007664054318
2025-10-08 15:00:00,672.875,3044969,2025-10-08,2025-10-08 15:30:00,672.875,2025-10-08 15:00:00,False,2025-10-08 16:00:00,2025-10-08 10:00:00,670.385,15:30,3044969.0,33531458.0,0.0037142835833141596,0.0032834479741610484,14.0,669.12,672.5861742701579,666.9229792915294,True,672.875,672.0339103277138,672.5861742701579,666.9229792915294
2025-10-08 15:30:00,673.11,9794114,2025-10-08,2025-10-08 16:00:00,673.11,2025-10-08 16:00:00,True,2025-10-08 16:00:00,2025-10-08 10:00:00,670.385,16:00,9794114.0,43325572.0,0.004064828419490407,0.0029753431156267973,14.0,669.12,672.3796253945694,667.1291384144719,True,673.11,672.2771695494176,672.3796253945694,667.1291384144719
2025-10-09 09:30:00,671.73,7266878,2025-10-09,2025-10-09 10:00:00,671.73,2025-10-09 09:30:00,False,2025-10-09 16:00:00,2025-10-09 10:00:00,671.73,10:00,7266878.0,7266878.0,0.0,0.0,14.0,673.11,673.11,671.73,True,671.73,671.73,673.11,671.73
2025-10-09 10:00:00,671.18,4176116,2025-10-09,2025-10-09 10:30:00,671.18,2025-10-09 10:00:00,False,2025-10-09 16:00:00,2025-10-09 10:00:00,671.73,10:30,4176116.0,11442994.0,0.0008187813556043144,0.0014248189170747913,14.0,673.11,674.0690598612722,670.7729063888333,True,671.18,671.5292777239943,674.0690598612722,670.7729063888333
2025-10-09 10:30:00,671.4,5057093,2025-10-09,2025-10-09 11:00:00,671.4,2025-10-09 10:30:00,False,2025-10-09 16:00:00,2025-10-09 10:00:00,671.73,11:00,5057093.0,16500087.0,0.0004912688133625887,0.0018951518435779216,14.0,673.11,674.3856456574307,670.4569696521135,True,671.4,671.4896555406042,674.3856456574307,670.4569696521135
2025-10-09 11:00:00,670.75,2659396,2025-10-09,2025-10-09 11:30:00,670.75,2025-10-09 11:00:00,False,2025-10-09 16:00:00,2025-10-09 10:00:00,671.73,11:30,2659396.0,19159483.0,0.0014589195063493543,0.002251378253381239,14.0,673.11,674.6254252161335,670.2176816858562,True,670.75,671.3869890445374,674.6254252161335,670.2176816858562
2025-10-09 11:30:00,671.33,3030773,2025-10-09,2025-10-09 12:00:00,671.33,2025-10-09 11:30:00,False,2025-10-09 16:00:00,2025-10-09 10:00:00,671.73,12:00,3030773.0,22190256.0,0.000595477349530249,0.002921656607137129,14.0,673.11,675.07659627883,669.7674356072878,True,671.33,671.3792054093473,675.07659627883,669.7674356072878
2025-10-09 12:00:00,670.965,1701604,2025-10-09,2025-10-09 12:30:00,670.965,2025-10-09 12:00:00,False,2025-10-09 16:00:00,2025-10-09 10:00:00,671.73,12:30,1701604.0,23891860.0,0.0011388504309767233,0.0027139054535046947,14.0,673.11,674.9367568998085,669.9069882897173,True,670.965,671.3497052540071,674.9367568998085,669.9069882897173
2025-10-09 12:30:00,669.76,2162337,2025-10-09,2025-10-09 13:00:00,669.76,2025-10-09 12:30:00,False,2025-10-09 16:00:00,2025-10-09 10:00:00,671.73,13:00,2162337.0,26054197.0,0.002932725946436898,0.0027002799063405936,14.0,673.11,674.927585407757,669.9161409785139,True,669.76,671.2177695628079,674.927585407757,669.9161409785139
2025-10-09 13:00:00,669.47,3277290,2025-10-09,2025-10-09 13:30:00,669.47,2025-10-09 13:00:00,False,2025-10-09 16:00:00,2025-10-09 10:00:00,671.73,13:30,3277290.0,29331487.0,0.0033644470248462843,0.002795283234142013,14.0,673.11,674.9915330977334,669.8523243931298,True,669.47,671.0224863263836,674.9915330977334,669.8523243931298
2025-10-09 13:30:00,670.18,2355896,2025-10-09,2025-10-09 14:00:00,670.18,2025-10-09 13:30:00,False,2025-10-09 16:00:00,2025-10-09 10:00:00,671.73,14:00,2355896.0,31687383.0,0.002307474729430048,0.0029088464218073712,14.0,673.11,675.0679736149829,669.7760405930794,True,670.18,670.9598490878847,675.0679736149829,669.7760405930794
2025-10-09 14:00:00,669.815,1995276,2025-10-09,2025-10-09 14:30:00,669.815,2025-10-09 14:00:00,False,2025-10-09 16:00:00,2025-10-09 10:00:00,671.73,14:30,1995276.0,33682659.0,0.0028508478108763002,0.0028843511140966204,14.0,673.11,675.0514855784096,669.792494826128,True,669.815,670.892031107461,675.0514855784096,669.792494826128
2025-10-09 14:30:00,669.92,1687433,2025-10-09,2025-10-09 15:00:00,669.92,2025-10-09 14:30:00,False,2025-10-09 16:00:00,2025-10-09 10:00:00,671.73,15:00,1687433.0,35370092.0,0.002694535006624754,0.0030892506675190994,14.0,673.11,675.1894055168137,669.6548576491074,True,669.92,670.8456575394263,675.1894055168137,669.6548576491074
2025-10-09 15:00:00,670.48,2990931,2025-10-09,2025-10-09 15:30:00,670.48,2025-10-09 15:00:00,False,2025-10-09 16:00:00,2025-10-09 10:00:00,671.73,15:30,2990931.0,38361023.0,0.0018608667172822502,0.003485099308918787,14.0,673.11,675.4558551958264,669.38895424122,True,670.48,670.817147964224,675.4558551958264,669.38895424122
2025-10-09 15:30:00,671.16,9335711,2025-10-09,2025-10-09 16:00:00,671.08,2025-10-09 16:00:00,True,2025-10-09 16:00:00,2025-10-09 10:00:00,671.73,16:00,9335711.0,47696734.0,0.0008485552230808047,0.0032473402356067516,14.0,673.11,675.2958171859893,669.5486641435359,True,671.08,670.8685961544033,675.2958171859893,669.5486641435359
2025-10-10 09:30:00,673.17,6539333,2025-10-10,2025-10-10 10:00:00,673.17,2025-10-10 09:30:00,False,2025-10-10 16:00:00,2025-10-10 10:00:00,673.17,10:00,6539333.0,6539333.0,0.0,0.0,14.0,671.16,673.17,671.16,True,673.17,673.17,673.17,671.16
2025-10-10 10:00:00,672.565,3841054,2025-10-10,2025-10-10 10:30:00,672.565,2025-10-10 10:00:00,False,2025-10-10 16:00:00,2025-10-10 10:00:00,673.17,10:30,3841054.0,10380387.0,0.0008987328609413314,0.0014563338559975825,14.0,671.16,674.1503602618419,670.1825669692086,True,672.565,672.9461318850637,674.1503602618419,670.1825669692086
2025-10-10 10:30:00,668.725,5993044,2025-10-10,2025-10-10 11:00:00,668.725,2025-10-10 10:30:00,False,2025-10-10 16:00:00,2025-10-10 10:00:00,673.17,11:00,5993044.0,16373431.0,0.006603086887413179,0.0018736066415010308,14.0,671.16,674.4312557828592,669.9025101664902,True,668.725,671.4011026778688,674.4312557828592,669.9025101664902
2025-10-10 11:00:00,662.42,24806214,2025-10-10,2025-10-10 11:30:00,662.42,2025-10-10 11:00:00,False,2025-10-10 16:00:00,2025-10-10 10:00:00,673.17,11:30,24806214.0,41179645.0,0.015969220256398797,0.002201860960912897,14.0,671.16,674.6522267430577,669.6821989974736,True,662.42,665.9909745676536,674.6522267430577,665.9909745676536
2025-10-10 11:30:00,661.52,15537008,2025-10-10,2025-10-10 12:00:00,661.52,2025-10-10 11:30:00,False,2025-10-10 16:00:00,2025-10-10 10:00:00,673.17,12:00,15537008.0,56716653.0,0.017306178231353164,0.0029064760941845402,14.0,671.16,675.1265525123222,669.209289504627,True,661.52,664.7661920046656,675.1265525123222,664.7661920046656
2025-10-10 12:00:00,661.5,7123150,2025-10-10,2025-10-10 12:30:00,661.5,2025-10-10 12:00:00,False,2025-10-10 16:00:00,2025-10-10 10:00:00,673.17,12:30,7123150.0,63839803.0,0.01733588840857425,0.002759112858408868,14.0,671.16,675.027352002895,669.3081938139502,True,661.5,664.4017551723961,675.027352002895,664.4017551723961
2025-10-10 12:30:00,659.04,5907052,2025-10-10,2025-10-10 13:00:00,659.04,2025-10-10 12:30:00,False,2025-10-10 16:00:00,2025-10-10 10:00:00,673.17,13:00,5907052.0,69746855.0,0.020990240206782862,0.002867687999038304,14.0,671.16,675.1004415303127,669.2353225225654,True,659.04,663.9476534553422,675.1004415303127,663.9476534553422
2025-10-10 13:00:00,659.84,5303657,2025-10-10,2025-10-10 13:30:00,659.84,2025-10-10 13:00:00,False,2025-10-10 16:00:00,2025-10-10 10:00:00,673.17,13:30,5303657.0,75050512.0,0.019801833117934486,0.0029994618243225834,14.0,671.16,675.1891477162792,669.1468812019876,True,659.84,663.657374489597,675.1891477162792,663.657374489597
2025-10-10 13:30:00,659.64,4075539,2025-10-10,2025-10-10 14:00:00,659.64,2025-10-10 13:30:00,False,2025-10-10 16:00:00,2025-10-10 10:00:00,673.17,14:00,4075539.0,79126051.0,0.02009893489014658,0.0030116363250112166,14.0,671.16,675.1973432249077,669.1387101641054,True,659.64,663.4504519122279,675.1973432249077,663.4504519122279
2025-10-10 14:00:00,659.11,3678936,2025-10-10,2025-10-10 14:30:00,659.11,2025-10-10 14:00:00,False,2025-10-10 16:00:00,2025-10-10 10:00:00,673.17,14:30,3678936.0,82804987.0,0.0208862545865085,0.003044831990795186,14.0,671.16,675.2196895512435,669.1164305610579,True,659.11,663.2576103289528,675.2196895512435,663.2576103289528
2025-10-10 14:30:00,657.215,4528662,2025-10-10,2025-10-10 15:00:00,657.215,2025-10-10 14:30:00,False,2025-10-10 16:00:00,2025-10-10 10:00:00,673.17,15:00,4528662.0,87333649.0,0.023701293878217844,0.003179772956821544,14.0,671.16,675.3105277613435,669.0258635822996,True,657.215,662.9442724564274,675.3105277613435,662.9442724564274
2025-10-10 15:00:00,656.12,5154336,2025-10-10,2025-10-10 15:30:00,656.12,2025-10-10 15:00:00,False,2025-10-10 16:00:00,2025-10-10 10:00:00,673.17,15:30,5154336.0,92487985.0,0.025327926081079033,0.0034319291991726153,14.0,671.16,675.480271779007,668.8566263986833,True,656.12,662.5639571841683,675.480271779007,662.5639571841683
2025-10-10 15:30:00,653.02,19075100,2025-10-10,2025-10-10 16:00:00,653.02,2025-10-10 16:00:00,True,2025-10-10 16:00:00,2025-10-10 10:00:00,673.17,16:00,19075100.0,111563085.0,0.0299330035503661,0.0031380438281612805,14.0,671.16,675.2824369638032,669.0538705042912,True,653.02,660.9321276441037,675.2824369638032,660.9321276441037
2025-10-13 09:30:00,662.88,10964328,2025-10-13,2025-10-13 10:00:00,662.88,2025-10-13 09:30:00,False,2025-10-13 16:00:00,2025-10-13 10:00:00,662.88,10:00,10964328.0,10964328.0,0.0,0.0,14.0,653.02,662.88,653.02,True,662.88,662.88,662.88,653.02
2025-10-13 10:00:00,660.87,6255059,2025-10-13,2025-10-13 10:30:00,660.87,2025-10-13 10:00:00,False,2025-10-13 16:00:00,2025-10-13 10:00:00,662.88,10:30,6255059.0,17219387.0,0.00303222302679218,0.0014516230933091115,14.0,653.02,663.8422519160927,652.0720610876073,True,660.87,662.1498538809774,663.8422519160927,652.0720610876073
2025-10-13 10:30:00,660.2112,3797946,2025-10-13,2025-10-13 11:00:00,660.2112,2025-10-13 10:30:00,False,2025-10-13 16:00:00,2025-10-13 10:00:00,662.88,11:00,3797946.0,21017333.0,0.004026068066618427,0.00218052737742929,14.0,653.02,664.3254279879503,651.5960720119912,True,660.2112,661.7995286159857,664.3254279879503,651.5960720119912
2025-10-13 11:00:00,662.695,3556082,2025-10-13,2025-10-13 11:30:00,662.695,2025-10-13 11:00:00,False,2025-10-13 16:00:00,2025-10-13 10:00:00,662.88,11:30,3556082.0,24573415.0,0.00027908520395836245,0.0031810211904023506,14.0,653.02,664.988635326694,650.9427295422435,True,662.695,661.9291145799313,664.988635326694,650.9427295422435
2025-10-13 11:30:00,662.99,2591026,2025-10-13,2025-10-13 12:00:00,662.99,2025-10-13 11:30:00,False,2025-10-13 16:00:00,2025-10-13 10:00:00,662.88,12:00,2591026.0,27164441.0,0.00016594255370505628,0.0040182779447432825,14.0,653.02,665.5436360840114,650.3959841365237,True,662.99,662.0303050188,665.5436360840114,650.3959841365237
2025-10-13 12:00:00,663.49,3658602,2025-10-13,2025-10-13 12:30:00,663.49,2025-10-13 12:00:00,False,2025-10-13 16:00:00,2025-10-13 10:00:00,662.88,12:30,3658602.0,30823043.0,0.0009202268887280596,0.003736301586135582,14.0,653.02,665.3567195954175,650.5801203382217,True,663.49,662.2035663991774,665.3567195954175,650.5801203382217
2025-10-13 12:30:00,664.27,2049361,2025-10-13,2025-10-13 13:00:00,664.27,2025-10-13 12:30:00,False,2025-10-13 16:00:00,2025-10-13 10:00:00,662.88,13:00,2049361.0,32872404.0,0.0020969104513637316,0.004046685789782289,14.0,653.02,665.5624670763309,650.3774332455564,True,664.27,662.3323938628035,665.5624670763309,650.3774332455564
2025-10-13 13:00:00,663.18,2069267,2025-10-13,2025-10-13 13:30:00,663.18,2025-10-13 13:00:00,False,2025-10-13 16:00:00,2025-10-13 10:00:00,662.88,13:30,2069267.0,34941671.0,0.00045257060101366875,0.004084421820686841,14.0,653.02,665.5874815364969,650.3527908626551,True,663.18,662.3825896135648,665.5874815364969,650.3527908626551
2025-10-13 13:30:00,663.26,1702041,2025-10-13,2025-10-13 14:00:00,663.26,2025-10-13 13:30:00,False,2025-10-13 16:00:00,2025-10-13 10:00:00,662.88,14:00,1702041.0,36643712.0,0.000573256094617447,0.004131814401088777,14.0,653.02,665.6188971301937,650.321842559801,True,663.26,662.4233439031832,665.6188971301937,650.321842559801
2025-10-13 14:00:00,663.95,2070112,2025-10-13,2025-10-13 14:30:00,663.95,2025-10-13 14:00:00,False,2025-10-13 16:00:00,2025-10-13 10:00:00,662.88,14:30,2070112.0,38713824.0,0.0016141684769490627,0.004200790729076032,14.0,653.02,665.6646201584899,650.2767996380987,True,663.95,662.5049775104935,665.6646201584899,650.2767996380987
2025-10-13 14:30:00,662.21,3294501,2025-10-13,2025-10-13 15:00:00,662.21,2025-10-13 14:30:00,False,2025-10-13 16:00:00,2025-10-13 10:00:00,662.88,15:00,3294501.0,42008325.0,0.0010107410089306157,0.004512042848318988,14.0,653.02,665.8709429632937,650.0735457791907,True,662.21,662.4818439124912,665.8709429632937,650.0735457791907
2025-10-13 15:00:00,662.725,3544635,2025-10-13,2025-10-13 15:30:00,662.725,2025-10-13 15:00:00,False,2025-10-13 16:00:00,2025-10-13 10:00:00,662.88,15:30,3544635.0,45552960.0,0.0002338281438570844,0.0048421658265668565,14.0,653.02,666.0897748831147,649.8579688719353,True,662.725,662.5007647373562,666.0897748831147,649.8579688719353
2025-10-13 15:30:00,663.04,8803629,2025-10-13,2025-10-13 16:00:00,663.04,2025-10-13 16:00:00,True,2025-10-13 16:00:00,2025-10-13 10:00:00,662.88,16:00,8803629.0,54356589.0,0.0002413709872073344,0.0049089759046877434,14.0,653.02,666.1340619476994,649.8143405547208,True,663.04,662.5880996360937,666.1340619476994,649.8143405547208
2025-10-14 09:30:00,656.8,9808411,2025-10-14,2025-10-14 10:00:00,656.8,2025-10-14 09:30:00,False,2025-10-14 16:00:00,2025-10-14 10:00:00,656.8,10:00,9808411.0,9808411.0,0.0,0.0,14.0,663.04,663.04,656.8,True,656.8,656.8,663.04,656.8
2025-10-14 10:00:00,659.77,6002223,2025-10-14,2025-10-14 10:30:00,659.77,2025-10-14 10:00:00,False,2025-10-14 16:00:00,2025-10-14 10:00:00,656.8,10:30,6002223.0,15810634.0,0.0045219244823386795,0.0016500099750182723,14.0,663.04,664.1340226138361,655.716273448408,True,659.77,657.9275071138828,664.1340226138361,655.716273448408
2025-10-14 10:30:00,659.85,3320399,2025-10-14,2025-10-14 11:00:00,659.85,2025-10-14 10:30:00,False,2025-10-14 16:00:00,2025-10-14 10:00:00,656.8,11:00,3320399.0,19131033.0,0.004643727161997679,0.0024220400701422317,14.0,663.04,664.6459094481071,655.2092040819306,True,659.85,658.2611766787502,664.6459094481071,655.2092040819306
2025-10-14 11:00:00,659.68,2532506,2025-10-14,2025-10-14 11:30:00,659.68,2025-10-14 11:00:00,False,2025-10-14 16:00:00,2025-10-14 10:00:00,656.8,11:30,2532506.0,21663539.0,0.004384896467722221,0.0031345385673370624,14.0,663.04,665.1183244516872,654.741235068973,True,659.68,658.4270396328135,665.1183244516872,654.741235068973
2025-10-14 11:30:00,662.46,4095883,2025-10-14,2025-10-14 12:00:00,662.46,2025-10-14 11:30:00,False,2025-10-14 16:00:00,2025-10-14 10:00:00,656.8,12:00,4095883.0,25759422.0,0.00861753958587097,0.003900585149942626,14.0,663.04,665.6262439778178,654.2380956735176,True,662.46,659.068301451795,665.6262439778178,654.2380956735176
2025-10-14 12:00:00,663.67,3207004,2025-10-14,2025-10-14 12:30:00,663.67,2025-10-14 12:00:00,False,2025-10-14 16:00:00,2025-10-14 10:00:00,656.8,12:30,3207004.0,28966426.0,0.01045980511571254,0.003635988876960372,14.0,663.04,665.4508060649798,654.4118825056124,True,663.67,659.5777763055752,665.4508060649798,654.4118825056124
2025-10-14 12:30:00,664.355,3434340,2025-10-14,2025-10-14 13:00:00,664.355,2025-10-14 12:30:00,False,2025-10-14 16:00:00,2025-10-14 10:00:00,656.8,13:00,3434340.0,32400766.0,0.011502740560292324,0.004020780688373852,14.0,663.04,665.7059384276193,654.159151243876,True,664.355,660.0841411990074,665.7059384276193,654.159151243876
2025-10-14 13:00:00,665.33,2261416,2025-10-14,2025-10-14 13:30:00,665.33,2025-10-14 13:00:00,False,2025-10-14 16:00:00,2025-10-14 10:00:00,656.8,13:30,2261416.0,34662182.0,0.012987210718635955,0.0037771631645166664,14.0,663.04,665.5444102646011,654.3191592335454,True,665.33,660.4263893882965,665.5444102646011,654.3191592335454
2025-10-14 13:30:00,665.2093,2114072,2025-10-14,2025-10-14 14:00:00,665.2093,2025-10-14 13:30:00,False,2025-10-14 16:00:00,2025-10-14 10:00:00,656.8,14:00,2114072.0,36776254.0,0.012803440925700516,0.0037903262789376613,14.0,663.04,665.5531379359868,654.3105136999937,True,665.2093,660.7013335792602,665.5531379359868,654.3105136999937
2025-10-14 14:00:00,665.14,2220470,2025-10-14,2025-10-14 14:30:00,665.14,2025-10-14 14:00:00,False,2025-10-14 16:00:00,2025-10-14 10:00:00,656.8,14:30,2220470.0,38996724.0,0.012697929354445803,0.0038758061825625184,14.0,663.04,665.6098145312862,654.2543704992929,True,665.14,660.9540708509156,665.6098145312862,654.2543704992929
2025-10-14 14:30:00,664.95,1820099,2025-10-14,2025-10-14 15:00:00,664.95,2025-10-14 14:30:00,False,2025-10-14 16:00:00,2025-10-14 10:00:00,656.8,15:00,1820099.0,40816823.0,0.012408647990255872,0.004085037784529987,14.0,663.04,665.7485434526548,654.1169471831207,True,664.95,661.132256856434,665.7485434526548,654.1169471831207
2025-10-14 15:00:00,664.75,2438846,2025-10-14,2025-10-14 15:30:00,664.75,2025-10-14 15:00:00,False,2025-10-14 16:00:00,2025-10-14 10:00:00,656.8,15:30,2438846.0,43255669.0,0.012104141291108483,0.004388590641108493,14.0,663.04,665.9498111386806,653.9175736669199,True,664.75,661.3362328577001,665.9498111386806,653.9175736669199
2025-10-14 15:30:00,662.23,15931589,2025-10-14,2025-10-14 16:00:00,662.16,2025-10-14 16:00:00,True,2025-10-14 16:00:00,2025-10-14 10:00:00,656.8,16:00,15931589.0,59187258.0,0.008267356881851429,0.004543781703435905,14.0,663.04,666.0527090206461,653.8156441771832,True,662.16,661.5579684133974,666.0527090206461,653.8156441771832
2025-10-15 09:30:00,668.4105,7937964,2025-10-15,2025-10-15 10:00:00,668.4105,2025-10-15 09:30:00,False,2025-10-15 16:00:00,2025-10-15 10:00:00,668.4105,10:00,7937964.0,7937964.0,0.0,0.0,14.0,662.23,668.4105,662.23,True,668.4105,668.4105000000001,668.4105000000001,662.23
2025-10-15 10:00:00,669.68,3676429,2025-10-15,2025-10-15 10:30:00,669.68,2025-10-15 10:00:00,False,2025-10-15 16:00:00,2025-10-15 10:00:00,668.4105,10:30,3676429.0,11614393.0,0.001899281953230858,0.0019563059714089843,14.0,662.23,669.7181154525024,660.9344754965539,True,669.68,668.8123485180844,669.7181154525024,660.9344754965539
2025-10-15 10:30:00,669.02,2068803,2025-10-15,2025-10-15 11:00:00,669.02,2025-10-15 10:30:00,False,2025-10-15 16:00:00,2025-10-15 10:00:00,668.4105,11:00,2068803.0,13683196.0,0.0009118647896764198,0.002753196202605509,14.0,662.23,670.2507652503816,660.4067508787485,True,669.02,668.8437439617177,670.2507652503816,660.4067508787485
2025-10-15 11:00:00,667.6412,2049624,2025-10-15,2025-10-15 11:30:00,667.6412,2025-10-15 11:00:00,False,2025-10-15 16:00:00,2025-10-15 10:00:00,668.4105,11:30,2049624.0,15732820.0,0.0011509394301854048,0.0034100389203291664,14.0,662.23,670.6898058197565,659.9717699257905,True,667.6412,668.6870801872011,670.6898058197565,659.9717699257905
2025-10-15 11:30:00,665.26,4392639,2025-10-15,2025-10-15 12:00:00,665.26,2025-10-15 11:30:00,False,2025-10-15 16:00:00,2025-10-15 10:00:00,668.4105,12:00,4392639.0,20125459.0,0.004713420869360885,0.00423224733044988,14.0,662.23,671.2393785542696,659.4272788503562,True,665.26,667.9390760752736,671.2393785542696,659.4272788503562
2025-10-15 12:00:00,665.58,2782855,2025-10-15,2025-10-15 12:30:00,665.58,2025-10-15 12:00:00,False,2025-10-15 16:00:00,2025-10-15 10:00:00,668.4105,12:30,2782855.0,22908314.0,0.004234673153698076,0.004157417253262368,14.0,662.23,671.1893613449616,659.4768335723721,True,665.58,667.6525003520906,671.1893613449616,659.4768335723721
2025-10-15 12:30:00,664.1,1774952,2025-10-15,2025-10-15 13:00:00,664.1,2025-10-15 12:30:00,False,2025-10-15 16:00:00,2025-10-15 10:00:00,668.4105,13:00,1774952.0,24683266.0,0.0064488813386384125,0.0045725339381475815,14.0,662.23,671.4668296958641,659.2019308501406,True,664.1,667.397043168874,671.4668296958641,659.2019308501406
2025-10-15 13:00:00,660.78,7317288,2025-10-15,2025-10-15 13:30:00,660.78,2025-10-15 13:00:00,False,2025-10-15 16:00:00,2025-10-15 10:00:00,668.4105,13:30,7317288.0,32000554.0,0.011415888888639536,0.004528677676105652,14.0,662.23,671.4375157098245,659.2309737825526,True,660.78,665.8839815332822,671.4375157098245,659.2309737825526
2025-10-15 13:30:00,664.23,2972579,2025-10-15,2025-10-15 14:00:00,664.23,2025-10-15 13:30:00,False,2025-10-15 16:00:00,2025-10-15 10:00:00,668.4105,14:00,2972579.0,34973133.0,0.006254390079150407,0.004438218686602784,14.0,662.23,671.3770519714215,659.290878439171,True,664.23,665.7433995965074,671.3770519714215,659.290878439171
2025-10-15 14:00:00,664.2613,2202558,2025-10-15,2025-10-15 14:30:00,664.2613,2025-10-15 14:00:00,False,2025-10-15 16:00:00,2025-10-15 10:00:00,668.4105,14:30,2202558.0,37175691.0,0.006207562568212088,0.00450000210475539,14.0,662.23,671.4183486568406,659.2499636061679,True,664.2613,665.655589249604,671.4183486568406,659.2499636061679
2025-10-15 14:30:00,665.7,1965786,2025-10-15,2025-10-15 15:00:00,665.7,2025-10-15 14:30:00,False,2025-10-15 16:00:00,2025-10-15 10:00:00,668.4105,15:00,1965786.0,39141477.0,0.004055142760324593,0.0047664078189570734,14.0,662.23,671.596417033473,659.0735417500521,True,665.7,665.6578196721141,671.596417033473,659.0735417500521
2025-10-15 15:00:00,665.37,2494614,2025-10-15,2025-10-15 15:30:00,665.37,2025-10-15 15:00:00,False,2025-10-15 16:00:00,2025-10-15 10:00:00,668.4105,15:30,2494614.0,41636091.0,0.004548851342101812,0.005014812978043808,14.0,662.23,671.7624536500607,658.90904040155,True,665.37,665.6405750421239,671.7624536500607,658.90904040155
2025-10-15 15:30:00,665.17,11080478,2025-10-15,2025-10-15 16:00:00,665.17,2025-10-15 16:00:00,True,2025-10-15 16:00:00,2025-10-15 10:00:00,668.4105,16:00,11080478.0,52716569.0,0.004848068664391136,0.0049279985680641325,14.0,662.23,671.704425986879,658.9665315082709,True,665.17,665.5416650314666,671.704425986879,658.9665315082709
2025-10-16 09:30:00,666.665,6188574,2025-10-16,2025-10-16 10:00:00,666.665,2025-10-16 09:30:00,False,2025-10-16 16:00:00,2025-10-16 10:00:00,666.665,10:00,6188574.0,6188574.0,0.0,0.0,14.0,665.17,666.665,665.17,True,666.665,666.665,666.665,665.17
2025-10-16 10:00:00,666.9399,5043538,2025-10-16,2025-10-16 10:30:00,666.9399,2025-10-16 10:00:00,False,2025-10-16 16:00:00,2025-10-16 10:00:00,666.665,10:30,5043538.0,11232112.0,0.00041235103087755576,0.001816485674551227,14.0,665.17,667.8759874222247,663.9617282238587,True,666.9399,666.7884379247821,667.8759874222247,663.9617282238587
2025-10-16 10:30:00,667.11,3840578,2025-10-16,2025-10-16 11:00:00,667.11,2025-10-16 10:30:00,False,2025-10-16 16:00:00,2025-10-16 10:00:00,666.665,11:00,3840578.0,15072690.0,0.000667501668754289,0.002514535572258344,14.0,665.17,668.3413528572796,663.4974063734008,True,667.11,666.8703731488009,668.3413528572796,663.4974063734008
2025-10-16 11:00:00,665.75,3250979,2025-10-16,2025-10-16 11:30:00,665.75,2025-10-16 11:00:00,False,2025-10-16 16:00:00,2025-10-16 10:00:00,666.665,11:30,3250979.0,18323669.0,0.0013725034312584983,0.0033247485039690932,14.0,665.17,668.8814934613986,662.9584770376148,True,665.75,666.6715969332453,668.8814934613986,662.9584770376148
2025-10-16 11:30:00,664.44,5005656,2025-10-16,2025-10-16 12:00:00,664.44,2025-10-16 11:30:00,False,2025-10-16 16:00:00,2025-10-16 10:00:00,666.665,12:00,5005656.0,23329325.0,0.0033375083437707787,0.004250971152033846,14.0,665.17,669.4989736830705,662.3423815188016,True,664.44,666.1927743964388,669.4989736830705,662.3423815188016
2025-10-16 12:00:00,662.46,4085611,2025-10-16,2025-10-16 12:30:00,662.46,2025-10-16 12:00:00,False,2025-10-16 16:00:00,2025-10-16 10:00:00,666.665,12:30,4085611.0,27414936.0,0.006307515768789296,0.004235042918515801,14.0,665.17,669.4883548872723,662.3529765018908,True,662.46,665.6364840540281,669.4883548872723,662.3529765018908
2025-10-16 12:30:00,663.28,7881612,2025-10-16,2025-10-16 13:00:00,663.28,2025-10-16 12:30:00,False,2025-10-16 16:00:00,2025-10-16 10:00:00,666.665,13:00,7881612.0,35296548.0,0.0050775126937817605,0.00483880560053502,14.0,665.17,669.8908623356807,661.951371678692,True,663.28,665.1102883195887,669.8908623356807,661.951371678692
2025-10-16 13:00:00,663.47,5136943,2025-10-16,2025-10-16 13:30:00,663.47,2025-10-16 13:00:00,False,2025-10-16 16:00:00,2025-10-16 10:00:00,666.665,13:30,5136943.0,40433491.0,0.0047925119812798345,0.005207989964409124,14.0,665.17,670.1369846296227,661.705801315374,True,663.47,664.9018950447836,670.1369846296227,661.705801315374
2025-10-16 13:30:00,661.81,3394562,2025-10-16,2025-10-16 14:00:00,661.81,2025-10-16 13:30:00,False,2025-10-16 16:00:00,2025-10-16 10:00:00,666.665,14:00,3394562.0,43828053.0,0.007282518206295552,0.004838683997269754,14.0,665.17,669.8907812670399,661.9514525655361,True,661.81,664.6624221796071,669.8907812670399,661.9514525655361
2025-10-16 14:00:00,658.35,6322698,2025-10-16,2025-10-16 14:30:00,658.35,2025-10-16 14:00:00,False,2025-10-16 16:00:00,2025-10-16 10:00:00,666.665,14:30,6322698.0,50150751.0,0.01247253118132785,0.004836799373999635,14.0,665.17,669.8895248546675,661.9527061603966,True,658.35,663.866590845194,669.8895248546675,661.9527061603966
2025-10-16 14:30:00,660.58,4905675,2025-10-16,2025-10-16 15:00:00,660.58,2025-10-16 14:30:00,False,2025-10-16 16:00:00,2025-10-16 10:00:00,666.665,15:00,4905675.0,55056426.0,0.00912752281880691,0.004858975987390102,14.0,665.17,669.9043092266334,661.9379549424677,True,660.58,663.57374679926,669.9043092266334,661.9379549424677
2025-10-16 15:00:00,659.01,4483562,2025-10-16,2025-10-16 15:30:00,659.01,2025-10-16 15:00:00,False,2025-10-16 16:00:00,2025-10-16 10:00:00,666.665,15:30,4483562.0,59539988.0,0.011482528706321715,0.005178578648677434,14.0,665.17,670.1173771348205,661.7253648402592,True,659.01,663.2300812659922,670.1173771348205,661.7253648402592
2025-10-16 15:30:00,660.64,11974899,2025-10-16,2025-10-16 16:00:00,660.68,2025-10-16 16:00:00,True,2025-10-16 16:00:00,2025-10-16 10:00:00,666.665,16:00,11974899.0,71514887.0,0.009037522593806413,0.005049982631753476,14.0,665.17,670.0316466711978,661.8109030528365,True,660.68,662.8030797438888,670.0316466711978,661.8109030528365
2025-10-17 09:30:00,660.65,10317915,2025-10-17,2025-10-17 10:00:00,660.65,2025-10-17 09:30:00,False,2025-10-17 16:00:00,2025-10-17 10:00:00,660.65,10:00,10317915.0,10317915.0,0.0,0.0,14.0,660.64,660.65,660.64,True,660.65,660.65,660.65,660.64
2025-10-17 10:00:00,662.4,5032286,2025-10-17,2025-10-17 10:30:00,662.4,2025-10-17 10:00:00,False,2025-10-17 16:00:00,2025-10-17 10:00:00,660.65,10:30,5032286.0,15350201.0,0.002648906380080307,0.0015070521215634822,14.0,660.64,661.6456339841109,659.6443810864104,True,662.4,661.223705875252,661.6456339841109,659.6443810864104
2025-10-17 10:30:00,659.57,3799633,2025-10-17,2025-10-17 11:00:00,659.57,2025-10-17 10:30:00,False,2025-10-17 16:00:00,2025-10-17 10:00:00,660.65,11:00,3799633.0,19149834.0,0.0016347536517065109,0.0021974248586128114,14.0,660.64,662.1017287328425,659.188293241406,True,659.57,660.8955842102862,662.1017287328425,659.188293241406
2025-10-17 11:00:00,659.41,3723178,2025-10-17,2025-10-17 11:30:00,659.41,2025-10-17 11:00:00,False,2025-10-17 16:00:00,2025-10-17 10:00:00,660.65,11:30,3723178.0,22873012.0,0.001876939377885467,0.003213408296396341,14.0,660.64,662.7729381910142,658.5170939430686,True,659.41,660.6537667159882,662.7729381910142,658.5170939430686
2025-10-17 11:30:00,661.73,3696034,2025-10-17,2025-10-17 12:00:00,661.73,2025-10-17 11:30:00,False,2025-10-17 16:00:00,2025-10-17 10:00:00,660.65,12:00,3696034.0,26569046.0,0.001634753651706733,0.004153240309106743,14.0,660.64,663.3938382102114,657.8962033221917,True,661.73,660.8034820956689,663.3938382102114,657.8962033221917
2025-10-17 12:00:00,663.12,2569079,2025-10-17,2025-10-17 12:30:00,663.12,2025-10-17 12:00:00,False,2025-10-17 16:00:00,2025-10-17 10:00:00,660.65,12:30,2569079.0,29138125.0,0.0037387421478847216,0.004534483556191182,14.0,660.64,663.6457065613977,657.6443387834379,True,663.12,661.0077271354969,663.6457065613977,657.6443387834379
2025-10-17 12:30:00,662.0,2699570,2025-10-17,2025-10-17 13:00:00,662.0,2025-10-17 12:30:00,False,2025-10-17 16:00:00,2025-10-17 10:00:00,660.65,13:00,2699570.0,31837695.0,0.0020434420646333606,0.005143205114666348,14.0,660.64,664.0478584590043,657.2421929730468,True,662.0,661.0918635673845,664.0478584590043,657.2421929730468
2025-10-17 13:00:00,661.19,2083470,2025-10-17,2025-10-17 13:30:00,661.19,2025-10-17 13:00:00,False,2025-10-17 16:00:00,2025-10-17 10:00:00,660.65,13:30,2083470.0,33921165.0,0.0008173768258534775,0.005528727076935905,14.0,660.64,664.3025535433777,656.9875017438931,True,661.19,661.0978911997863,664.3025535433777,656.9875017438931
2025-10-17 13:30:00,662.87,2575193,2025-10-17,2025-10-17 14:00:00,662.87,2025-10-17 13:30:00,False,2025-10-17 16:00:00,2025-10-17 10:00:00,660.65,14:00,2575193.0,36496358.0,0.003360326950730297,0.005304900939522144,14.0,660.64,664.1546828056952,657.135370243314,True,662.87,661.2229316812927,664.1546828056952,657.135370243314
2025-10-17 14:00:00,664.65,3279184,2025-10-17,2025-10-17 14:30:00,664.65,2025-10-17 14:00:00,False,2025-10-17 16:00:00,2025-10-17 10:00:00,660.65,14:30,3279184.0,39775542.0,0.006054643154469019,0.005721218906825087,14.0,660.64,664.4297232707939,656.8603339413951,True,664.65,661.5054668029414,664.4297232707939,656.8603339413951
2025-10-17 14:30:00,664.37,2439929,2025-10-17,2025-10-17 15:00:00,664.37,2025-10-17 14:30:00,False,2025-10-17 16:00:00,2025-10-17 10:00:00,660.65,15:00,2439929.0,42215471.0,0.005630818133656179,0.005503926722167818,14.0,660.64,664.2861691890002,657.003885850267,True,664.37,661.6710283246633,664.2861691890002,657.003885850267
2025-10-17 15:00:00,665.115,3062281,2025-10-17,2025-10-17 15:30:00,665.115,2025-10-17 15:00:00,False,2025-10-17 16:00:00,2025-10-17 10:00:00,660.65,15:30,3062281.0,45277752.0,0.006758495421176125,0.005972857064337145,14.0,660.64,664.5959680195543,656.6940917090163,True,665.115,661.9039552823868,664.5959680195543,656.6940917090163
2025-10-17 15:30:00,664.39,8441151,2025-10-17,2025-10-17 16:00:00,664.39,2025-10-17 16:00:00,True,2025-10-17 16:00:00,2025-10-17 10:00:00,660.65,16:00,8441151.0,53718903.0,0.005661091349428604,0.0056944407012899855,14.0,660.64,664.4120322493072,656.8780246950997,True,664.39,662.2946013619265,664.4120322493072,656.8780246950997
2025-10-20 09:30:00,668.76,5713520,2025-10-20,2025-10-20 10:00:00,668.76,2025-10-20 09:30:00,False,2025-10-20 16:00:00,2025-10-20 10:00:00,668.76,10:00,5713520.0,5713520.0,0.0,0.0,14.0,664.39,668.76,664.39,True,668.76,668.76,668.76,664.39
2025-10-20 10:00:00,670.3,3575692,2025-10-20,2025-10-20 10:30:00,670.3,2025-10-20 10:00:00,False,2025-10-20 16:00:00,2025-10-20 10:00:00,668.76,10:30,3575692.0,9289212.0,0.0023027693043842223,0.001680138557783341,14.0,664.39,669.8836094619032,663.2737327435943,True,670.3,669.3527914746696,669.8836094619032,663.2737327435943
2025-10-20 10:30:00,671.22,2963140,2025-10-20,2025-10-20 11:00:00,671.22,2025-10-20 10:30:00,False,2025-10-20 16:00:00,2025-10-20 10:00:00,668.76,11:00,2963140.0,12252352.0,0.0036784496680424272,0.0022991465583917037,14.0,664.39,670.29757725239,662.8624700180701,True,671.22,669.8043619380181,670.29757725239,662.8624700180701
2025-10-20 11:00:00,670.97,2161407,2025-10-20,2025-10-20 11:30:00,670.97,2025-10-20 11:00:00,False,2025-10-20 16:00:00,2025-10-20 10:00:00,668.76,11:30,2161407.0,14413759.0,0.0033046234822657894,0.003230865653765585,14.0,664.39,670.9206737146122,662.2434451682947,True,670.97,669.9791545279757,670.9206737146122,662.2434451682947
2025-10-20 11:30:00,670.64,2427353,2025-10-20,2025-10-20 12:00:00,670.64,2025-10-20 11:30:00,False,2025-10-20 16:00:00,2025-10-20 10:00:00,668.76,12:00,2427353.0,16841112.0,0.002811172917040583,0.004132441174970168,14.0,664.39,671.523611360173,661.6444474077616,True,670.64,670.0744038938759,671.523611360173,661.6444474077616
2025-10-20 12:00:00,670.83,1558334,2025-10-20,2025-10-20 12:30:00,670.83,2025-10-20 12:00:00,False,2025-10-20 16:00:00,2025-10-20 10:00:00,668.76,12:30,1558334.0,18399446.0,0.003095280818230739,0.0046795531049174666,14.0,664.39,671.8894979344446,661.2809517126238,True,670.83,670.1383988153774,671.8894979344446,661.2809517126238
2025-10-20 12:30:00,671.02,1349418,2025-10-20,2025-10-20 13:00:00,671.02,2025-10-20 12:30:00,False,2025-10-20 16:00:00,2025-10-20 10:00:00,668.76,13:00,1349418.0,19748864.0,0.003379388719420895,0.005123117289859964,14.0,664.39,672.1861359187668,660.98625210379,True,671.02,670.1986376477148,672.1861359187668,660.98625210379
2025-10-20 13:00:00,671.6195,1943256,2025-10-20,2025-10-20 13:30:00,671.6195,2025-10-20 13:00:00,False,2025-10-20 16:00:00,2025-10-20 10:00:00,668.76,13:30,1943256.0,21692120.0,0.004275823912913479,0.005366788583708989,14.0,664.39,672.3490935332412,660.8243593328696,True,671.6195,670.3259234681534,672.3490935332412,660.8243593328696
2025-10-20 13:30:00,671.77,1236692,2025-10-20,2025-10-20 14:00:00,671.77,2025-10-20 13:30:00,False,2025-10-20 16:00:00,2025-10-20 10:00:00,668.76,14:00,1236692.0,22928812.0,0.0045008672767510305,0.005367591507215433,14.0,664.39,672.3496304963653,660.8238258785211,True,671.77,670.4038114064523,672.3496304963653,660.8238258785211
2025-10-20 14:00:00,671.88,1578409,2025-10-20,2025-10-20 14:30:00,671.88,2025-10-20 14:00:00,False,2025-10-20 16:00:00,2025-10-20 10:00:00,668.76,14:30,1578409.0,24507221.0,0.00466535079849284,0.006030108587227523,14.0,664.39,672.7926954187943,660.3836561557318,True,671.88,670.4988866237425,672.7926954187943,660.3836561557318
2025-10-20 14:30:00,671.65,2037653,2025-10-20,2025-10-20 15:00:00,671.65,2025-10-20 14:30:00,False,2025-10-20 16:00:00,2025-10-20 10:00:00,668.76,15:00,2037653.0,26544874.0,0.004321430707578289,0.005769635509470493,14.0,664.39,672.6185014433134,660.5567118638629,True,671.65,670.5872490557688,672.6185014433134,660.5567118638629
2025-10-20 15:00:00,671.72,2205112,2025-10-20,2025-10-20 15:30:00,671.72,2025-10-20 15:00:00,False,2025-10-20 16:00:00,2025-10-20 10:00:00,668.76,15:30,2205112.0,28749986.0,0.004426102039595703,0.006243882138319072,14.0,664.39,672.9356586188222,660.2416271461221,True,671.72,670.6741305832984,672.9356586188222,660.2416271461221
2025-10-20 15:30:00,671.3,8173985,2025-10-20,2025-10-20 16:00:00,671.3,2025-10-20 16:00:00,True,2025-10-20 16:00:00,2025-10-20 10:00:00,668.76,16:00,8173985.0,36923971.0,0.0037980740474907737,0.005998853162491039,14.0,664.39,672.7717930409475,660.4044219473726,True,671.3,670.8126814239996,672.7717930409475,660.4044219473726
2025-10-21 09:30:00,670.58,4705520,2025-10-21,2025-10-21 10:00:00,670.58,2025-10-21 09:30:00,False,2025-10-21 16:00:00,2025-10-21 10:00:00,670.58,10:00,4705520.0,4705520.0,0.0,0.0,14.0,671.3,671.3,670.58,True,670.58,670.58,671.3,670.58
2025-10-21 10:00:00,670.59,3684516,2025-10-21,2025-10-21 10:30:00,670.59,2025-10-21 10:00:00,False,2025-10-21 16:00:00,2025-10-21 10:00:00,670.58,10:30,3684516.0,8390036.0,1.4912463837335466e-05,0.0018257702324210867,14.0,671.3,672.5256395570243,669.355674997543,True,670.59,670.5843915377718,672.5256395570243,669.355674997543
2025-10-21 10:30:00,672.605,3072595,2025-10-21,2025-10-21 11:00:00,672.605,2025-10-21 10:30:00,False,2025-10-21 16:00:00,2025-10-21 10:00:00,670.58,11:00,3072595.0,11462631.0,0.0030197739270481083,0.0025441183645538395,14.0,671.3,673.007866658125,668.8739651070975,True,672.605,671.1260221161268,673.007866658125,668.8739651070975
2025-10-21 11:00:00,671.95,2844499,2025-10-21,2025-10-21 11:30:00,671.95,2025-10-21 11:00:00,False,2025-10-21 16:00:00,2025-10-21 10:00:00,670.58,11:30,2844499.0,14307130.0,0.002043007545706743,0.0033726509526932425,14.0,671.3,673.564060584543,668.3183677241431,True,671.95,671.2898428311619,673.564060584543,668.3183677241431
2025-10-21 11:30:00,672.218,2090613,2025-10-21,2025-10-21 12:00:00,672.218,2025-10-21 11:30:00,False,2025-10-21 16:00:00,2025-10-21 10:00:00,670.58,12:00,2090613.0,16397743.0,0.0024426615765456017,0.004326441803031568,14.0,671.3,674.204340382375,667.6787746557231,True,672.218,671.4081772533574,674.204340382375,667.6787746557231
2025-10-21 12:00:00,672.65,1893536,2025-10-21,2025-10-21 12:30:00,672.65,2025-10-21 12:00:00,False,2025-10-21 16:00:00,2025-10-21 10:00:00,670.58,12:30,1893536.0,18291279.0,0.003086880014315785,0.004863479521928964,14.0,671.3,674.5648538030708,667.3186479021849,True,672.65,671.5367322918753,674.5648538030708,667.3186479021849
2025-10-21 12:30:00,671.42,3263327,2025-10-21,2025-10-21 13:00:00,671.42,2025-10-21 12:30:00,False,2025-10-21 16:00:00,2025-10-21 10:00:00,670.58,13:00,3263327.0,21554606.0,0.001252646962331072,0.0053338006188206845,14.0,671.3,674.8805803554143,667.0032599810312,True,671.42,671.5190592413983,674.8805803554143,667.0032599810312
2025-10-21 13:00:00,671.6,2819711,2025-10-21,2025-10-21 13:30:00,671.6,2025-10-21 13:00:00,False,2025-10-21 16:00:00,2025-10-21 10:00:00,670.58,13:30,2819711.0,24374317.0,0.0015210713114020002,0.005563941112691373,14.0,671.3,675.0350736689496,666.8489323686515,True,671.6,671.5284227672513,675.0350736689496,666.8489323686515
2025-10-21 13:30:00,672.2,1455300,2025-10-21,2025-10-21 14:00:00,672.2,2025-10-21 13:30:00,False,2025-10-21 16:00:00,2025-10-21 10:00:00,670.58,14:00,1455300.0,25829617.0,0.0024158191416385755,0.005629294740453594,14.0,671.3,675.0789455592666,666.8051075329466,True,672.2,671.5662609723946,675.0789455592666,666.8051075329466
2025-10-21 14:00:00,672.2858,1883249,2025-10-21,2025-10-21 14:30:00,672.2858,2025-10-21 14:00:00,False,2025-10-21 16:00:00,2025-10-21 10:00:00,670.58,14:30,1883249.0,27712866.0,0.002543768081362252,0.006278794702594658,14.0,671.3,675.5149548838517,666.3695658483341,True,672.2858,671.6151577972195,675.5149548838517,666.3695658483341
2025-10-21 14:30:00,671.93,1451423,2025-10-21,2025-10-21 15:00:00,671.93,2025-10-21 14:30:00,False,2025-10-21 16:00:00,2025-10-21 10:00:00,670.58,15:00,1451423.0,29164289.0,0.002013182618032072,0.005931264724029344,14.0,671.3,675.2816580092408,666.6026125013605,True,671.93,671.6308265904648,675.2816580092408,666.6026125013605
2025-10-21 15:00:00,671.885,2055411,2025-10-21,2025-10-21 15:30:00,671.885,2025-10-21 15:00:00,False,2025-10-21 16:00:00,2025-10-21 10:00:00,670.58,15:30,2055411.0,31219700.0,0.0019460765307643957,0.006307956157014135,14.0,671.3,675.5345309682035,666.3500107602295,True,671.885,671.6475606020621,675.5345309682035,666.3500107602295
2025-10-21 15:30:00,671.29,6088426,2025-10-21,2025-10-21 16:00:00,671.29,2025-10-21 16:00:00,True,2025-10-21 16:00:00,2025-10-21 10:00:00,670.58,16:00,6088426.0,37308126.0,0.0010587849324463772,0.005934581287432413,14.0,671.3,675.2838844182534,666.6003884802736,True,671.29,671.5892092052064,675.2838844182534,666.6003884802736
2025-10-22 09:30:00,671.215,4047917,2025-10-22,2025-10-22 10:00:00,671.215,2025-10-22 09:30:00,False,2025-10-22 16:00:00,2025-10-22 10:00:00,671.215,10:00,4047917.0,4047917.0,0.0,0.0,14.0,671.29,671.29,671.215,True,671.215,671.215,671.29,671.215
2025-10-22 10:00:00,669.3375,3117723,2025-10-22,2025-10-22 10:30:00,669.3375,2025-10-22 10:00:00,False,2025-10-22 16:00:00,2025-10-22 10:00:00,671.215,10:30,3117723.0,7165640.0,0.0027971663326952223,0.0016220687911238493,14.0,671.29,672.3788785587935,670.1262430963659,True,669.3375,670.3981120552387,672.3788785587935,670.1262430963659
2025-10-22 10:30:00,670.08,5137910,2025-10-22,2025-10-22 11:00:00,670.08,2025-10-22 10:30:00,False,2025-10-22 16:00:00,2025-10-22 10:00:00,671.215,11:00,5137910.0,12303550.0,0.00169096340218855,0.0025308343436082742,14.0,671.29,672.9889237865208,669.5162660260551,True,670.08,670.2652698178575,672.9889237865208,669.5162660260551
2025-10-22 11:00:00,667.89,3657272,2025-10-22,2025-10-22 11:30:00,667.89,2025-10-22 11:00:00,False,2025-10-22 16:00:00,2025-10-22 10:00:00,671.215,11:30,3657272.0,15960822.0,0.004953703358834383,0.003233848347190625,14.0,671.29,673.4608500569855,669.0443924816404,True,667.89,669.7209991156784,673.4608500569855,669.0443924816404
2025-10-22 11:30:00,669.008,2985556,2025-10-22,2025-10-22 12:00:00,669.008,2025-10-22 11:30:00,False,2025-10-22 16:00:00,2025-10-22 10:00:00,671.215,12:00,2985556.0,18946378.0,0.0032880671617886437,0.004143862163982793,14.0,671.29,674.0717332320601,668.4335775576023,True,669.008,669.6086452511134,674.0717332320601,668.4335775576023
2025-10-22 12:00:00,667.63,2084920,2025-10-22,2025-10-22 12:30:00,667.63,2025-10-22 12:00:00,False,2025-10-22 16:00:00,2025-10-22 10:00:00,671.215,12:30,2084920.0,21031298.0,0.005341060613961335,0.00473767794838083,14.0,671.29,674.4703558299685,668.0349994958775,True,667.63,669.4124939219396,674.4703558299685,668.0349994958775
2025-10-22 12:30:00,667.19,8470844,2025-10-22,2025-10-22 13:00:00,667.19,2025-10-22 12:30:00,False,2025-10-22 16:00:00,2025-10-22 10:00:00,671.215,13:00,8470844.0,29502142.0,0.005996588276483639,0.005075906152421943,14.0,671.29,674.6974050410593,667.8079756519021,True,667.19,668.774357229909,674.6974050410593,667.8079756519021
2025-10-22 13:00:00,665.3101,2904815,2025-10-22,2025-10-22 13:30:00,665.3101,2025-10-22 13:00:00,False,2025-10-22 16:00:00,2025-10-22 10:00:00,671.215,13:30,2904815.0,32406957.0,0.008797330214610821,0.005208048881549584,14.0,671.29,674.7861111336954,667.7192794699707,True,665.3101,668.4638366720764,674.7861111336954,667.7192794699707
2025-10-22 13:30:00,664.78,3811183,2025-10-22,2025-10-22 14:00:00,664.78,2025-10-22 13:30:00,False,2025-10-22 16:00:00,2025-10-22 10:00:00,671.215,14:00,3811183.0,36218140.0,0.00958709206439079,0.005342339138743316,14.0,671.29,674.8762588404469,667.6291418349884,True,664.78,668.0761918151237,674.8762588404469,667.6291418349884
2025-10-22 14:00:00,665.64,3283899,2025-10-22,2025-10-22 14:30:00,665.64,2025-10-22 14:00:00,False,2025-10-22 16:00:00,2025-10-22 10:00:00,671.215,14:30,3283899.0,39502039.0,0.008305833451278666,0.005914017611418203,14.0,671.29,675.260020882369,667.245422668952,True,665.64,667.8736653616032,675.260020882369,667.245422668952
2025-10-22 14:30:00,666.49,2465559,2025-10-22,2025-10-22 15:00:00,666.49,2025-10-22 14:30:00,False,2025-10-22 16:00:00,2025-10-22 10:00:00,671.215,15:00,2465559.0,41967598.0,0.007039473194133006,0.005491996297657009,14.0,671.29,674.9767221946541,667.5286897050682,True,666.49,667.7923762541044,674.9767221946541,667.5286897050682
2025-10-22 15:00:00,667.46,4694892,2025-10-22,2025-10-22 15:30:00,667.46,2025-10-22 15:00:00,False,2025-10-22 16:00:00,2025-10-22 10:00:00,671.215,15:30,4694892.0,46662490.0,0.005594332665390334,0.005863894438694109,14.0,671.29,675.226373697751,667.279066094332,True,667.46,667.7589346050114,675.226373697751,667.279066094332
2025-10-22 15:30:00,667.8,8790732,2025-10-22,2025-10-22 16:00:00,667.86,2025-10-22 16:00:00,True,2025-10-22 16:00:00,2025-10-22 10:00:00,671.215,16:00,8790732.0,55453222.0,0.005087788562532225,0.005497097606022009,14.0,671.29,674.9801466519465,667.525265630374,True,667.86,667.7749560149455,674.9801466519465,667.525265630374
2025-10-23 09:30:00,670.1184,5483750,2025-10-23,2025-10-23 10:00:00,670.1184,2025-10-23 09:30:00,False,2025-10-23 16:00:00,2025-10-23 10:00:00,670.1184,10:00,5483750.0,5483750.0,0.0,0.0,14.0,667.8,670.1184,667.8,True,670.1184,670.1184,670.1184,667.8
2025-10-23 10:00:00,669.37,3941819,2025-10-23,2025-10-23 10:30:00,669.37,2025-10-23 10:00:00,False,2025-10-23 16:00:00,2025-10-23 10:00:00,670.1184,10:30,3941819.0,9425569.0,0.001116817565373407,0.0017615688473097374,14.0,667.8,671.2988596974491,666.6236243237665,True,669.37,669.8054154640425,671.2988596974491,666.6236243237665
2025-10-23 10:30:00,670.22,2511700,2025-10-23,2025-10-23 11:00:00,670.22,2025-10-23 10:30:00,False,2025-10-23 16:00:00,2025-10-23 10:00:00,670.1184,11:00,2511700.0,11937269.0,0.00015161499818550084,0.002465922367885747,14.0,667.8,671.7708599516918,666.1532570427258,True,670.22,669.8926474748956,671.7708599516918,666.1532570427258
2025-10-23 11:00:00,670.09,1962058,2025-10-23,2025-10-23 11:30:00,670.09,2025-10-23 11:00:00,False,2025-10-23 16:00:00,2025-10-23 10:00:00,670.1184,11:30,1962058.0,13899327.0,4.238057035876874e-05,0.0034073252909130563,14.0,667.8,672.4017113722261,665.5245881707282,True,670.09,669.9205061691116,672.4017113722261,665.5245881707282
2025-10-23 11:30:00,670.24,2016869,2025-10-23,2025-10-23 12:00:00,670.24,2025-10-23 11:30:00,False,2025-10-23 16:00:00,2025-10-23 10:00:00,670.1184,12:00,2016869.0,15916196.0,0.00018146047026923462,0.004272536402674086,14.0,667.8,672.9815052581017,664.9468001902942,True,670.24,669.9609917979145,672.9815052581017,664.9468001902942
2025-10-23 12:00:00,670.52,1890097,2025-10-23,2025-10-23 12:30:00,670.52,2025-10-23 12:00:00,False,2025-10-23 16:00:00,2025-10-23 10:00:00,670.1184,12:30,1890097.0,17806293.0,0.0005992970794415076,0.0049948839705494475,14.0,667.8,673.4655636545301,664.464416484467,True,670.52,670.0203292313565,673.4655636545301,664.464416484467
2025-10-23 12:30:00,671.46,1936419,2025-10-23,2025-10-23 13:00:00,671.46,2025-10-23 12:30:00,False,2025-10-23 16:00:00,2025-10-23 10:00:00,670.1184,13:00,1936419.0,19742712.0,0.0020020342673774394,0.005404983070038489,14.0,667.8,673.7403786069212,664.1905523058283,True,671.46,670.1615360640423,673.7403786069212,664.1905523058283
2025-10-23 13:00:00,670.9903,2712728,2025-10-23,2025-10-23 13:30:00,670.9903,2025-10-23 13:00:00,False,2025-10-23 16:00:00,2025-10-23 10:00:00,670.1184,13:30,2712728.0,22455440.0,0.0013011133554907683,0.005750518958243689,14.0,667.8,673.9719285634678,663.9598034396848,True,670.9903,670.2616548385781,673.9719285634678,663.9598034396848
2025-10-23 13:30:00,672.387,2548084,2025-10-23,2025-10-23 14:00:00,672.387,2025-10-23 13:30:00,False,2025-10-23 16:00:00,2025-10-23 10:00:00,670.1184,14:00,2548084.0,25003524.0,0.0033853718984584447,0.005983909299326525,14.0,667.8,674.1283277254098,663.8039453699097,True,672.387,670.4782466278114,674.1283277254098,663.8039453699097
2025-10-23 14:00:00,672.48,1954329,2025-10-23,2025-10-23 14:30:00,672.48,2025-10-23 14:00:00,False,2025-10-23 16:00:00,2025-10-23 10:00:00,670.1184,14:30,1954329.0,26957853.0,0.0035241533436480843,0.0064795438892928225,14.0,667.8,674.4604615838226,663.4729605907302,True,672.48,670.6233651825462,674.4604615838226,663.4729605907302
2025-10-23 14:30:00,672.59,1522696,2025-10-23,2025-10-23 15:00:00,672.59,2025-10-23 14:30:00,False,2025-10-23 16:00:00,2025-10-23 10:00:00,670.1184,15:00,1522696.0,28480549.0,0.003688303440108509,0.005982009254566497,14.0,667.8,674.1270544704553,663.8052142198004,True,672.59,670.7285101700954,674.1270544704553,663.8052142198004
2025-10-23 15:00:00,672.435,2355927,2025-10-23,2025-10-23 15:30:00,672.435,2025-10-23 15:00:00,False,2025-10-23 16:00:00,2025-10-23 10:00:00,670.1184,15:30,2355927.0,30836476.0,0.0034570010314594057,0.0062474814328826655,14.0,667.8,674.3049522618329,663.6279318991209,True,672.435,670.858887112827,674.3049522618329,663.6279318991209
2025-10-23 15:30:00,671.76,10284979,2025-10-23,2025-10-23 16:00:00,671.66,2025-10-23 16:00:00,True,2025-10-23 16:00:00,2025-10-23 10:00:00,670.1184,16:00,10284979.0,41121455.0,0.002449716348633446,0.00585197337013621,14.0,667.8,674.0399150316383,663.892052183423,True,671.66,671.0592552472036,674.0399150316383,663.892052183423
2025-10-24 09:30:00,677.47,6623301,2025-10-24,2025-10-24 10:00:00,677.47,2025-10-24 09:30:00,False,2025-10-24 16:00:00,2025-10-24 10:00:00,677.47,10:00,6623301.0,6623301.0,0.0,0.0,14.0,671.76,677.47,671.76,True,677.47,677.47,677.47,671.76
2025-10-24 10:00:00,676.74,3416477,2025-10-24,2025-10-24 10:30:00,676.74,2025-10-24 10:00:00,False,2025-10-24 16:00:00,2025-10-24 10:00:00,677.47,10:30,3416477.0,10039778.0,0.0010775384887892203,0.0017673217337163935,14.0,671.76,678.6673074549409,670.5727839521586,True,676.74,677.2215853229027,678.6673074549409,670.5727839521586
2025-10-24 10:30:00,676.68,2813888,2025-10-24,2025-10-24 11:00:00,676.68,2025-10-24 10:30:00,False,2025-10-24 16:00:00,2025-10-24 10:00:00,677.47,11:00,2813888.0,12853666.0,0.0011661032960870177,0.0023244522847527776,14.0,671.76,679.0447466893514,670.1985259331944,True,676.68,677.1030230044877,679.0447466893514,670.1985259331944
2025-10-24 11:00:00,678.19,3199351,2025-10-24,2025-10-24 11:30:00,678.19,2025-10-24 11:00:00,False,2025-10-24 16:00:00,2025-10-24 10:00:00,677.47,11:30,3199351.0,16053017.0,0.0010627776875729023,0.003294263872280775,14.0,671.76,679.7017649455541,669.5470453011566,True,678.19,677.31965648451,679.7017649455541,669.5470453011566
2025-10-24 11:30:00,677.96,2499033,2025-10-24,2025-10-24 12:00:00,677.96,2025-10-24 11:30:00,False,2025-10-24 16:00:00,2025-10-24 10:00:00,677.47,12:00,2499033.0,18552050.0,0.0007232792595981419,0.0040895317840086865,14.0,671.76,680.2405350977124,669.0128161287743,True,677.96,677.4059132365426,680.2405350977124,669.0128161287743
2025-10-24 12:00:00,677.88,1810182,2025-10-24,2025-10-24 12:30:00,677.88,2025-10-24 12:00:00,False,2025-10-24 16:00:00,2025-10-24 10:00:00,677.47,12:30,1810182.0,20362232.0,0.0006051928498678194,0.004850245088351587,14.0,671.76,680.7558955400056,668.5017993594489,True,677.88,677.4480590742704,680.7558955400056,668.5017993594489
2025-10-24 12:30:00,677.908,1848955,2025-10-24,2025-10-24 13:00:00,677.908,2025-10-24 12:30:00,False,2025-10-24 16:00:00,2025-10-24 10:00:00,677.47,13:00,1848955.0,22211187.0,0.00064652309327351,0.005385035461368045,14.0,671.76,681.118199974013,668.1425485784714,True,677.908,677.4863465405969,681.118199974013,668.1425485784714
2025-10-24 13:00:00,678.04,1039575,2025-10-24,2025-10-24 13:30:00,678.04,2025-10-24 13:00:00,False,2025-10-24 16:00:00,2025-10-24 10:00:00,677.47,13:30,1039575.0,23250762.0,0.0008413656693284643,0.005800321788050027,14.0,671.76,681.3995440017503,667.8635758356595,True,678.04,677.5111011828344,681.3995440017503,667.8635758356595
2025-10-24 13:30:00,678.06,1372238,2025-10-24,2025-10-24 14:00:00,678.06,2025-10-24 13:30:00,False,2025-10-24 16:00:00,2025-10-24 10:00:00,677.47,14:00,1372238.0,24623000.0,0.0008708872717611005,0.006073421851927353,14.0,671.76,681.5845611020253,667.6801181367492,True,678.06,677.5416912740121,681.5845611020253,667.6801181367492
2025-10-24 14:00:00,678.15,1271205,2025-10-24,2025-10-24 14:30:00,678.15,2025-10-24 14:00:00,False,2025-10-24 16:00:00,2025-10-24 10:00:00,677.47,14:30,1271205.0,25894205.0,0.00100373448270763,0.0067184887315491215,14.0,671.76,682.0215745609627,667.2467880096946,True,678.15,677.5715545231067,682.0215745609627,667.2467880096946
2025-10-24 14:30:00,678.2,1669400,2025-10-24,2025-10-24 15:00:00,678.2,2025-10-24 14:30:00,False,2025-10-24 16:00:00,2025-10-24 10:00:00,677.47,15:00,1669400.0,27563605.0,0.0010775384887891093,0.006163451955594423,14.0,671.76,681.6455537963566,667.6196395143098,True,678.2,677.6096165574133,681.6455537963566,667.6196395143098
2025-10-24 15:00:00,678.22,2374989,2025-10-24,2025-10-24 15:30:00,678.22,2025-10-24 15:00:00,False,2025-10-24 16:00:00,2025-10-24 10:00:00,677.47,15:30,2374989.0,29938594.0,0.0011070600912217454,0.00638258160794949,14.0,671.76,681.7940075619375,667.4724369790439,True,678.22,677.6580374672906,681.7940075619375,667.4724369790439
2025-10-24 15:30:00,677.25,11619461,2025-10-24,2025-10-24 16:00:00,677.26,2025-10-24 16:00:00,True,2025-10-24 16:00:00,2025-10-24 10:00:00,677.47,16:00,11619461.0,41558055.0,0.0003247376267584423,0.005871458284319905,14.0,671.76,681.4477368438783,667.8157891829253,True,677.26,677.546747830956,681.4477368438783,667.8157891829253
2025-10-27 09:30:00,683.145,5765971,2025-10-27,2025-10-27 10:00:00,683.145,2025-10-27 09:30:00,False,2025-10-27 16:00:00,2025-10-27 10:00:00,683.145,10:00,5765971.0,5765971.0,0.0,0.0,14.0,677.25,683.145,677.25,True,683.145,683.145,683.145,677.25
2025-10-27 10:00:00,683.02,4079001,2025-10-27,2025-10-27 10:30:00,683.02,2025-10-27 10:00:00,False,2025-10-27 16:00:00,2025-10-27 10:00:00,683.145,10:30,4079001.0,9844972.0,0.00018297725958615896,0.0017856489980713447,14.0,677.25,684.3648571847875,676.0406692160562,True,683.02,683.0932095911497,684.3648571847875,676.0406692160562
2025-10-27 10:30:00,682.65,2593194,2025-10-27,2025-10-27 11:00:00,682.65,2025-10-27 10:30:00,False,2025-10-27 16:00:00,2025-10-27 10:00:00,683.145,11:00,2593194.0,12438166.0,0.0007245899479613183,0.002320318810315826,14.0,677.25,684.7301141936732,675.6785640857137,True,682.65,683.0008062213512,684.7301141936732,675.6785640857137
2025-10-27 11:00:00,683.365,1950768,2025-10-27,2025-10-27 11:30:00,683.365,2025-10-27 11:00:00,False,2025-10-27 16:00:00,2025-10-27 10:00:00,683.145,11:30,1950768.0,14388934.0,0.00032203997687174635,0.0032401028913749013,14.0,677.25,685.3584600897283,675.0556403168164,True,683.365,683.0501814960719,685.3584600897283,675.0556403168164
2025-10-27 11:30:00,683.418,1861660,2025-10-27,2025-10-27 12:00:00,683.418,2025-10-27 11:30:00,False,2025-10-27 16:00:00,2025-10-27 10:00:00,683.145,12:00,1861660.0,16250594.0,0.0003996223349362893,0.0039407531907200465,14.0,677.25,685.8371058384745,674.5811249015849,True,683.418,683.0923186017077,685.8371058384745,674.5811249015849
2025-10-27 12:00:00,683.53,1838711,2025-10-27,2025-10-27 12:30:00,683.53,2025-10-27 12:00:00,False,2025-10-27 16:00:00,2025-10-27 10:00:00,683.145,12:30,1838711.0,18089305.0,0.0005635699595254451,0.004696230284450336,14.0,677.25,686.3532062376709,674.069478039856,True,683.53,683.1368072982904,686.3532062376709,674.069478039856
2025-10-27 12:30:00,683.77,1534923,2025-10-27,2025-10-27 13:00:00,683.77,2025-10-27 12:30:00,False,2025-10-27 16:00:00,2025-10-27 10:00:00,683.145,13:00,1534923.0,19624228.0,0.0009148862979309058,0.005243568416528724,14.0,677.25,686.7271175459094,673.6987932899059,True,683.77,683.186332917402,686.7271175459094,673.6987932899059
2025-10-27 13:00:00,683.46,1871031,2025-10-27,2025-10-27 13:30:00,683.46,2025-10-27 13:00:00,False,2025-10-27 16:00:00,2025-10-27 10:00:00,683.145,13:30,1871031.0,21495259.0,0.0004611026941572227,0.0056333234971505585,14.0,677.25,686.993376780461,673.4348316615548,True,683.46,683.2101539653465,686.993376780461,673.4348316615548
2025-10-27 13:30:00,683.9,2521634,2025-10-27,2025-10-27 14:00:00,683.9,2025-10-27 13:30:00,False,2025-10-27 16:00:00,2025-10-27 10:00:00,683.145,14:00,2521634.0,24016893.0,0.0011051826479004934,0.005887208693985545,14.0,677.25,687.1668171832528,673.2628879119983,True,683.9,683.2825837844637,687.1668171832528,673.2628879119983
2025-10-27 14:00:00,683.86,1265480,2025-10-27,2025-10-27 14:30:00,683.86,2025-10-27 14:00:00,False,2025-10-27 16:00:00,2025-10-27 10:00:00,683.145,14:30,1265480.0,25282373.0,0.0010466299248330646,0.006546029370689567,14.0,677.25,687.6168872344397,672.8167016087004,True,683.86,683.3114856866877,687.6168872344397,672.8167016087004
2025-10-27 14:30:00,684.134,2460274,2025-10-27,2025-10-27 15:00:00,684.134,2025-10-27 14:30:00,False,2025-10-27 16:00:00,2025-10-27 10:00:00,683.145,15:00,2460274.0,27742647.0,0.0014477160778458842,0.006010124618859731,14.0,677.25,687.250786582751,673.1796431018772,True,684.134,683.3844279181794,687.250786582751,673.1796431018772
2025-10-27 15:00:00,684.24,2567590,2025-10-27,2025-10-27 15:30:00,684.24,2025-10-27 15:00:00,False,2025-10-27 16:00:00,2025-10-27 10:00:00,683.145,15:30,2567590.0,30310237.0,0.00160288079397497,0.006271877707670578,14.0,677.25,687.4296018966066,673.0023708224801,True,684.24,683.4569037065266,687.4296018966066,673.0023708224801
2025-10-27 15:30:00,685.24,11765461,2025-10-27,2025-10-27 16:00:00,685.24,2025-10-27 16:00:00,True,2025-10-27 16:00:00,2025-10-27 10:00:00,683.145,16:00,11765461.0,42075698.0,0.0030666988706644638,0.005717668339766137,14.0,677.25,687.0509965379696,673.3777091168934,True,685.24,683.9555038699774,687.0509965379696,673.3777091168934
2025-10-28 09:30:00,685.73,5824642,2025-10-28,2025-10-28 10:00:00,685.73,2025-10-28 09:30:00,False,2025-10-28 16:00:00,2025-10-28 10:00:00,685.73,10:00,5824642.0,5824642.0,0.0,0.0,14.0,685.24,685.73,685.24,True,685.73,685.73,685.73,685.24
2025-10-28 10:00:00,686.11,2245732,2025-10-28,2025-10-28 10:30:00,686.11,2025-10-28 10:00:00,False,2025-10-28 16:00:00,2025-10-28 10:00:00,685.73,10:30,2245732.0,8070374.0,0.000554153967304849,0.001714228195663676,14.0,685.24,686.9054977006125,684.0653422712035,True,686.11,685.8357420833286,686.9054977006125,684.0653422712035
2025-10-28 10:30:00,685.82,2472484,2025-10-28,2025-10-28 11:00:00,685.82,2025-10-28 10:30:00,False,2025-10-28 16:00:00,2025-10-28 10:00:00,685.73,11:00,2472484.0,10542858.0,0.00013124699225652847,0.002246136406369424,14.0,685.24,687.2702431179398,683.7008574888995,True,685.82,685.8320502903482,687.2702431179398,683.7008574888995
2025-10-28 11:00:00,685.52,1297690,2025-10-28,2025-10-28 11:30:00,685.52,2025-10-28 11:00:00,False,2025-10-28 16:00:00,2025-10-28 10:00:00,685.73,11:30,1297690.0,11840548.0,0.00030624298193171473,0.0029586207303980427,14.0,685.24,687.7588149934559,683.2126347307021,True,685.52,685.7978504761774,687.7588149934559,683.2126347307021
2025-10-28 11:30:00,685.585,1978277,2025-10-28,2025-10-28 12:00:00,685.585,2025-10-28 11:30:00,False,2025-10-28 16:00:00,2025-10-28 10:00:00,685.73,12:00,1978277.0,13818825.0,0.0002114534875242713,0.003558535134088912,14.0,685.24,688.1701942974988,682.801549384717,True,685.585,685.7673792022839,688.1701942974988,682.801549384717
2025-10-28 12:00:00,686.18,1540607,2025-10-28,2025-10-28 12:30:00,686.18,2025-10-28 12:00:00,False,2025-10-28 16:00:00,2025-10-28 10:00:00,685.73,12:30,1540607.0,15359432.0,0.0006562349612819762,0.004342727171258133,14.0,685.24,688.7079383031469,682.2641896331671,True,686.18,685.808766571902,688.7079383031469,682.2641896331671
2025-10-28 12:30:00,686.87,3525361,2025-10-28,2025-10-28 13:00:00,686.87,2025-10-28 12:30:00,False,2025-10-28 16:00:00,2025-10-28 10:00:00,685.73,13:00,3525361.0,18884793.0,0.001662461901914769,0.004911971002728578,14.0,685.24,689.0982858757011,681.8741209900903,True,686.87,686.0068746972763,689.0982858757011,681.8741209900903
2025-10-28 13:00:00,686.98,1712700,2025-10-28,2025-10-28 13:30:00,686.98,2025-10-28 13:00:00,False,2025-10-28 16:00:00,2025-10-28 10:00:00,685.73,13:30,1712700.0,20597493.0,0.0018228748924504767,0.005328828364684116,14.0,685.24,689.3841374745149,681.5884736513839,True,686.98,686.0877909381982,689.3841374745149,681.5884736513839
2025-10-28 13:30:00,687.625,2014364,2025-10-28,2025-10-28 14:00:00,687.625,2025-10-28 13:30:00,False,2025-10-28 16:00:00,2025-10-28 10:00:00,685.73,14:00,2014364.0,22611857.0,0.0027634783369547833,0.005566015551832036,14.0,685.24,689.5467838443578,681.4259435032626,True,687.625,686.2247323046047,689.5467838443578,681.4259435032626
2025-10-28 14:00:00,688.04,2421132,2025-10-28,2025-10-28 14:30:00,688.04,2025-10-28 14:00:00,False,2025-10-28 16:00:00,2025-10-28 10:00:00,685.73,14:30,2421132.0,25032989.0,0.003368672801248307,0.0062535999138983445,14.0,685.24,690.0182810689575,680.9547831950002,True,688.04,686.4003007397558,690.0182810689575,680.9547831950002
2025-10-28 14:30:00,688.13,1860159,2025-10-28,2025-10-28 15:00:00,688.13,2025-10-28 14:30:00,False,2025-10-28 16:00:00,2025-10-28 10:00:00,685.73,15:00,1860159.0,26893148.0,0.0034999197935046134,0.005784604070355193,14.0,685.24,689.6966765491647,681.2761579068298,True,688.13,686.519941461855,689.6966765491647,681.2761579068298
2025-10-28 15:00:00,688.695,3110467,2025-10-28,2025-10-28 15:30:00,688.695,2025-10-28 15:00:00,False,2025-10-28 16:00:00,2025-10-28 10:00:00,685.73,15:30,3110467.0,30003615.0,0.004323859244892425,0.006011741031331944,14.0,685.24,689.8524311774152,681.1205145756901,True,688.695,686.7454292174459,689.8524311774152,681.1205145756901
2025-10-28 15:30:00,687.06,9451838,2025-10-28,2025-10-28 16:00:00,687.05,2025-10-28 16:00:00,True,2025-10-28 16:00:00,2025-10-28 10:00:00,685.73,16:00,9451838.0,39455453.0,0.0019395388855671936,0.00562054271843914,14.0,685.24,689.5841747583153,681.3885793076167,True,687.05,686.8183913425098,689.5841747583153,681.3885793076167
2025-10-29 09:30:00,689.64,6167277,2025-10-29,2025-10-29 10:00:00,689.64,2025-10-29 09:30:00,False,2025-10-29 16:00:00,2025-10-29 10:00:00,689.64,10:00,6167277.0,6167277.0,0.0,0.0,14.0,687.06,689.64,687.06,True,689.64,689.64,689.64,687.06
2025-10-29 10:00:00,688.99,3642926,2025-10-29,2025-10-29 10:30:00,688.99,2025-10-29 10:00:00,False,2025-10-29 16:00:00,2025-10-29 10:00:00,689.64,10:30,3642926.0,9810203.0,0.0009425207354561982,0.0015913240337025458,14.0,687.06,690.7374407066026,685.9666649094042,True,688.99,689.3986286542695,690.7374407066026,685.9666649094042
2025-10-29 10:30:00,688.375,3991548,2025-10-29,2025-10-29 11:00:00,688.375,2025-10-29 10:30:00,False,2025-10-29 16:00:00,2025-10-29 10:00:00,689.64,11:00,3991548.0,13801751.0,0.0018342903543877576,0.0021100723765213247,14.0,687.06,691.0951903137441,685.6102536729873,True,688.375,689.1025891946609,691.0951903137441,685.6102536729873
2025-10-29 11:00:00,688.24,3555989,2025-10-29,2025-10-29 11:30:00,688.24,2025-10-29 11:00:00,False,2025-10-29 16:00:00,2025-10-29 10:00:00,689.64,11:30,3555989.0,17357740.0,0.002030044660982555,0.0027519485198071536,14.0,687.06,691.5378537771998,685.1692462499813,True,688.24,688.9258750782072,691.5378537771998,685.1692462499813
2025-10-29 11:30:00,688.0,2874439,2025-10-29,2025-10-29 12:00:00,688.0,2025-10-29 11:30:00,False,2025-10-29 16:00:00,2025-10-29 10:00:00,689.64,12:00,2874439.0,20232179.0,0.002378052317150936,0.0033163241280714717,14.0,687.06,691.9270697716831,684.7814863445672,True,688.0,688.7943335653565,691.9270697716831,684.7814863445672
2025-10-29 12:00:00,688.48,1773432,2025-10-29,2025-10-29 12:30:00,688.48,2025-10-29 12:00:00,False,2025-10-29 16:00:00,2025-10-29 10:00:00,689.64,12:30,1773432.0,22005611.0,0.0016820370048140632,0.004148801300784877,14.0,687.06,692.5011793290732,684.2095245782826,True,688.48,688.7690014260454,692.5011793290732,684.2095245782826
2025-10-29 12:30:00,688.5675,1340541,2025-10-29,2025-10-29 13:00:00,688.5675,2025-10-29 12:30:00,False,2025-10-29 16:00:00,2025-10-29 10:00:00,689.64,13:00,1340541.0,23346152.0,0.0015551592135026882,0.004781927341475827,14.0,687.06,692.9378083717753,683.7745290007655,True,688.5675,688.7574311714196,692.9378083717753,683.7745290007655
2025-10-29 13:00:00,687.86,1285040,2025-10-29,2025-10-29 13:30:00,687.86,2025-10-29 13:00:00,False,2025-10-29 16:00:00,2025-10-29 10:00:00,689.64,13:30,1285040.0,24631192.0,0.002581056783249158,0.005189465800611177,14.0,687.06,693.2188631947334,683.494525627032,True,687.86,688.7106110681733,693.2188631947334,683.494525627032
2025-10-29 13:30:00,688.17,1722399,2025-10-29,2025-10-29 14:00:00,688.17,2025-10-29 13:30:00,False,2025-10-29 16:00:00,2025-10-29 10:00:00,689.64,14:00,1722399.0,26353591.0,0.0021315468940317217,0.00552207432242329,14.0,687.06,693.448243335716,683.2660036160358,True,688.17,688.6752781997527,693.448243335716,683.2660036160358
2025-10-29 14:00:00,688.04,3168449,2025-10-29,2025-10-29 14:30:00,688.04,2025-10-29 14:00:00,False,2025-10-29 16:00:00,2025-10-29 10:00:00,689.64,14:30,3168449.0,29522040.0,0.0023200510411229835,0.006231577144025676,14.0,687.06,693.9375448616059,682.7785326074256,True,688.04,688.6070970518128,693.9375448616059,682.7785326074256
2025-10-29 14:30:00,686.12,11901486,2025-10-29,2025-10-29 15:00:00,686.12,2025-10-29 14:30:00,False,2025-10-29 16:00:00,2025-10-29 10:00:00,689.64,15:00,11901486.0,41423526.0,0.005104112290470364,0.005836876136914875,14.0,687.06,693.6653432590621,683.0497158813712,True,686.12,687.8925236293863,693.6653432590621,683.0497158813712
2025-10-29 15:00:00,685.45,4660243,2025-10-29,2025-10-29 15:30:00,685.45,2025-10-29 15:00:00,False,2025-10-29 16:00:00,2025-10-29 10:00:00,689.64,15:30,4660243.0,46083769.0,0.006075633663940483,0.006055282150016106,14.0,687.06,693.8159647819372,682.8996578460099,True,685.45,687.6455222687515,693.8159647819372,682.8996578460099
2025-10-29 15:30:00,687.39,9228824,2025-10-29,2025-10-29 16:00:00,687.39,2025-10-29 16:00:00,True,2025-10-29 16:00:00,2025-10-29 10:00:00,689.64,16:00,9228824.0,55312593.0,0.0032625717765790707,0.00546873632315891,14.0,687.06,693.4114593179033,683.3026500218103,True,687.39,687.602888757674,693.4114593179033,683.3026500218103
2025-10-30 09:30:00,685.05,8460491,2025-10-30,2025-10-30 10:00:00,685.05,2025-10-30 09:30:00,False,2025-10-30 16:00:00,2025-10-30 10:00:00,685.05,10:00,8460491.0,8460491.0,0.0,0.0,14.0,687.39,687.39,685.05,True,685.05,685.05,687.39,685.05
2025-10-30 10:00:00,683.44,4549223,2025-10-30,2025-10-30 10:30:00,683.44,2025-10-30 10:00:00,False,2025-10-30 16:00:00,2025-10-30 10:00:00,685.05,10:30,4549223.0,13009714.0,0.0023501934165387484,0.0016001625608348233,14.0,687.39,688.4899357426923,683.9538086377,True,683.44,684.4870169067514,688.4899357426923,683.9538086377
2025-10-30 10:30:00,684.49,3106609,2025-10-30,2025-10-30 11:00:00,684.49,2025-10-30 10:30:00,False,2025-10-30 16:00:00,2025-10-30 10:00:00,685.05,11:00,3106609.0,16116323.0,0.000817458579665642,0.002206002486594551,14.0,687.39,688.9063840492603,683.5387779965583,True,684.49,684.4875919327255,688.9063840492603,683.5387779965583
2025-10-30 11:00:00,684.8,1808362,2025-10-30,2025-10-30 11:30:00,684.8,2025-10-30 11:00:00,False,2025-10-30 16:00:00,2025-10-30 10:00:00,685.05,11:30,1808362.0,17924685.0,0.0003649368659222052,0.0027927431737095254,14.0,687.39,689.3097037301762,683.1368312888503,True,684.8,684.5191097461407,689.3097037301762,683.1368312888503
2025-10-30 11:30:00,683.35,2474038,2025-10-30,2025-10-30 12:00:00,683.35,2025-10-30 11:30:00,False,2025-10-30 16:00:00,2025-10-30 10:00:00,685.05,12:00,2474038.0,20398723.0,0.0024815706882708177,0.003443650911472949,14.0,687.39,689.7571312000374,682.6909269430954,True,683.35,684.377315480974,689.7571312000374,682.6909269430954
2025-10-30 12:00:00,684.9,1839499,2025-10-30,2025-10-30 12:30:00,684.9,2025-10-30 12:00:00,False,2025-10-30 16:00:00,2025-10-30 10:00:00,685.05,12:30,1839499.0,22238222.0,0.00021896211955330092,0.004187600341773258,14.0,687.39,690.2685145989316,682.1812843858683,True,684.9,684.4205508461962,690.2685145989316,682.1812843858683
2025-10-30 12:30:00,684.41,1756649,2025-10-30,2025-10-30 13:00:00,684.41,2025-10-30 12:30:00,False,2025-10-30 16:00:00,2025-10-30 10:00:00,685.05,13:00,1756649.0,23994871.0,0.0009342383767607654,0.004683529717694812,14.0,687.39,690.6094114926462,681.8415479668931,True,684.41,684.4197784255643,690.6094114926462,681.8415479668931
2025-10-30 13:00:00,684.33,1848790,2025-10-30,2025-10-30 13:30:00,684.33,2025-10-30 13:00:00,False,2025-10-30 16:00:00,2025-10-30 10:00:00,685.05,13:30,1848790.0,25843661.0,0.0010510181738557778,0.00513350935478281,14.0,687.39,690.9187229953842,681.5332894165059,True,684.33,684.4133559045678,690.9187229953842,681.5332894165059
2025-10-30 13:30:00,684.38,1617928,2025-10-30,2025-10-30 14:00:00,684.38,2025-10-30 13:30:00,False,2025-10-30 16:00:00,2025-10-30 10:00:00,685.05,14:00,1617928.0,27461589.0,0.0009780308006713812,0.005509508048466267,14.0,687.39,691.1771807374352,681.2757115113981,True,684.38,684.4113907068523,691.1771807374352,681.2757115113981
2025-10-30 14:00:00,682.96,2785709,2025-10-30,2025-10-30 14:30:00,682.96,2025-10-30 14:00:00,False,2025-10-30 16:00:00,2025-10-30 10:00:00,685.05,14:30,2785709.0,30247298.0,0.003050872199109489,0.0061936630890432965,14.0,687.39,691.6474620707775,680.8070311008508,True,682.96,684.2777208446851,691.6474620707775,680.8070311008508
2025-10-30 14:30:00,682.35,2604523,2025-10-30,2025-10-30 15:00:00,682.35,2025-10-30 14:30:00,False,2025-10-30 16:00:00,2025-10-30 10:00:00,685.05,15:00,2604523.0,32851821.0,0.0039413181519596385,0.006008988800046704,14.0,687.39,691.5205188112641,680.9335422225279,True,682.35,684.1248893387067,691.5205188112641,680.9335422225279
2025-10-30 15:00:00,681.31,3945813,2025-10-30,2025-10-30 15:30:00,681.31,2025-10-30 15:00:00,False,2025-10-30 16:00:00,2025-10-30 10:00:00,685.05,15:30,3945813.0,36797634.0,0.005459455514196021,0.0063563369319202655,14.0,687.39,691.7592824436326,680.6955913847879,True,681.31,683.8230485479039,691.7592824436326,680.6955913847879
2025-10-30 15:30:00,679.83,10199511,2025-10-30,2025-10-30 16:00:00,679.83,2025-10-30 16:00:00,True,2025-10-30 16:00:00,2025-10-30 10:00:00,685.05,16:00,10199511.0,46997145.0,0.00761988176045536,0.005641166076980215,14.0,687.39,691.2676811496553,681.1855191789647,True,679.83,682.9564609586391,691.2676811496553,681.1855191789647
2025-10-31 09:30:00,683.55,5536158,2025-10-31,2025-10-31 10:00:00,683.55,2025-10-31 09:30:00,False,2025-10-31 16:00:00,2025-10-31 10:00:00,683.55,10:00,5536158.0,5536158.0,0.0,0.0,14.0,679.83,683.55,679.83,True,683.55,683.55,683.55,679.83
2025-10-31 10:00:00,683.24,3218244,2025-10-31,2025-10-31 10:30:00,683.24,2025-10-31 10:00:00,False,2025-10-31 16:00:00,2025-10-31 10:00:00,683.55,10:30,3218244.0,8754402.0,0.00045351473922894403,0.0017038383148060673,14.0,679.83,684.7146586800856,678.6716795984455,True,683.24,683.4360395444485,684.7146586800856,678.6716795984455
2025-10-31 10:30:00,684.48,2579272,2025-10-31,2025-10-31 11:00:00,684.48,2025-10-31 10:30:00,False,2025-10-31 16:00:00,2025-10-31 10:00:00,683.55,11:00,2579272.0,11333674.0,0.0013605442176871652,0.0017927433217554412,14.0,679.83,684.7754296975859,678.611239307571,True,684.48,683.6736198711909,684.7754296975859,678.611239307571
2025-10-31 11:00:00,683.7599,2291699,2025-10-31,2025-10-31 11:30:00,683.7599,2025-10-31 11:00:00,False,2025-10-31 16:00:00,2025-10-31 10:00:00,683.55,11:30,2291699.0,13625373.0,0.00030707336698121424,0.0016781515029611973,14.0,679.83,684.697100459849,678.6891422637419,True,683.7599,683.688131626936,684.697100459849,678.6891422637419
2025-10-31 11:30:00,682.06,3610522,2025-10-31,2025-10-31 12:00:00,682.06,2025-10-31 11:30:00,False,2025-10-31 16:00:00,2025-10-31 10:00:00,683.55,12:00,3610522.0,17235895.0,0.0021797966498426913,0.002384750372681353,14.0,679.83,685.1800961172462,678.2087751541401,True,682.06,683.3470756470783,685.1800961172462,678.2087751541401
2025-10-31 12:00:00,681.77,3861851,2025-10-31,2025-10-31 12:30:00,681.77,2025-10-31 12:00:00,False,2025-10-31 16:00:00,2025-10-31 10:00:00,683.55,12:30,3861851.0,21097746.0,0.0026040523736375887,0.0029649627497003333,14.0,679.83,685.5767002875576,677.8143293738713,True,681.77,683.0583987825097,685.5767002875576,677.8143293738713
2025-10-31 12:30:00,680.365,2283647,2025-10-31,2025-10-31 13:00:00,680.365,2025-10-31 12:30:00,False,2025-10-31 16:00:00,2025-10-31 10:00:00,683.55,13:00,2283647.0,23381393.0,0.004659498207885249,0.0032509581584075193,14.0,679.83,685.7721924491794,677.6199011151699,True,680.365,682.795336096318,685.7721924491794,677.6199011151699
2025-10-31 13:00:00,679.79,3339748,2025-10-31,2025-10-31 13:30:00,679.79,2025-10-31 13:00:00,False,2025-10-31 16:00:00,2025-10-31 10:00:00,683.55,13:30,3339748.0,26721141.0,0.005500694901616532,0.00379416543020576,14.0,679.83,686.1435017798171,677.2506125155833,True,679.79,682.4197134678905,686.1435017798171,677.2506125155833
2025-10-31 13:30:00,680.8493,2210722,2025-10-31,2025-10-31 14:00:00,680.8493,2025-10-31 13:30:00,False,2025-10-31 16:00:00,2025-10-31 10:00:00,683.55,14:00,2210722.0,28931863.0,0.0039509911491477645,0.004143729184932324,14.0,679.83,686.3824460843604,677.0129685882075,True,680.8493,682.299716093281,686.3824460843604,677.0129685882075
2025-10-31 14:00:00,682.298,2712924,2025-10-31,2025-10-31 14:30:00,682.298,2025-10-31 14:00:00,False,2025-10-31 16:00:00,2025-10-31 10:00:00,683.55,14:30,2712924.0,31644787.0,0.001831614366176515,0.004919707204229081,14.0,679.83,686.9128658594508,676.485435451349,True,682.298,682.299568971714,686.9128658594508,676.485435451349
2025-10-31 14:30:00,682.59,2451090,2025-10-31,2025-10-31 15:00:00,682.59,2025-10-31 14:30:00,False,2025-10-31 16:00:00,2025-10-31 10:00:00,683.55,15:00,2451090.0,34095877.0,0.001404432740838124,0.004597561962456832,14.0,679.83,686.6926634794372,676.704439451063,True,682.59,682.3204475251274,686.6926634794372,676.704439451063
2025-10-31 15:00:00,684.08,3549439,2025-10-31,2025-10-31 15:30:00,684.08,2025-10-31 15:00:00,False,2025-10-31 16:00:00,2025-10-31 10:00:00,683.55,15:30,3549439.0,37645316.0,0.0007753639090046782,0.004937160462857193,14.0,679.83,686.924796034386,676.4735702025358,True,684.08,682.4863492850399,686.924796034386,676.4735702025358
2025-10-31 15:30:00,682.06,15130306,2025-10-31,2025-10-31 16:00:00,682.06,2025-10-31 16:00:00,True,2025-10-31 16:00:00,2025-10-31 10:00:00,683.55,16:00,15130306.0,52775622.0,0.0021797966498426913,0.004047371663415162,14.0,679.83,686.3165809005274,677.0784753220605,True,682.06,682.3641187001396,686.3165809005274,677.0784753220605
2025-11-03 09:30:00,682.52,6966296,2025-11-03,2025-11-03 10:00:00,682.52,2025-11-03 09:30:00,False,2025-11-03 16:00:00,2025-11-03 10:00:00,682.52,10:00,6966296.0,6966296.0,0.0,0.0,14.0,682.06,682.52,682.06,True,682.52,682.52,682.52,682.06
2025-11-03 10:00:00,680.3899,4981801,2025-11-03,2025-11-03 10:30:00,680.3899,2025-11-03 10:00:00,False,2025-11-03 16:00:00,2025-11-03 10:00:00,682.52,10:30,4981801.0,11948097.0,0.0031209341850787498,0.0015196448656944076,14.0,682.06,683.5571880137337,681.0235110229044,True,680.3899,681.6318473251347,683.5571880137337,681.0235110229044
2025-11-03 10:30:00,682.42,3985107,2025-11-03,2025-11-03 11:00:00,682.42,2025-11-03 10:30:00,False,2025-11-03 16:00:00,2025-11-03 10:00:00,682.52,11:00,3985107.0,15933204.0,0.00014651585301528325,0.0016023487611174939,14.0,682.06,683.6136350764378,680.9671020039921,True,682.42,681.8289748295384,683.6136350764378,680.9671020039921
2025-11-03 11:00:00,682.05,2041916,2025-11-03,2025-11-03 11:30:00,682.05,2025-11-03 11:00:00,False,2025-11-03 16:00:00,2025-11-03 10:00:00,682.52,11:30,2041916.0,17975120.0,0.0006886245091719534,0.0016801506574628295,14.0,682.06,683.6667364267315,680.9140364425708,True,682.05,681.8540825802498,683.6667364267315,680.9140364425708
2025-11-03 11:30:00,683.43,2289146,2025-11-03,2025-11-03 12:00:00,683.43,2025-11-03 11:30:00,False,2025-11-03 16:00:00,2025-11-03 10:00:00,682.52,12:00,2289146.0,20264266.0,0.0013332942624391109,0.0025285970938340413,14.0,682.06,684.2458180884836,680.3353450661796,True,683.43,682.0321055620717,684.2458180884836,680.3353450661796
2025-11-03 12:00:00,682.755,2149125,2025-11-03,2025-11-03 12:30:00,682.755,2025-11-03 12:00:00,False,2025-11-03 16:00:00,2025-11-03 10:00:00,682.52,12:30,2149125.0,22413391.0,0.0003443122545858657,0.0030852359986224425,14.0,682.06,684.6257352737798,679.9556839347796,True,682.755,682.1014208436778,684.6257352737798,679.9556839347796
2025-11-03 12:30:00,683.855,1554945,2025-11-03,2025-11-03 13:00:00,683.855,2025-11-03 12:30:00,False,2025-11-03 16:00:00,2025-11-03 10:00:00,682.52,13:00,1554945.0,23968336.0,0.0019559866377543145,0.003434000141016199,14.0,682.06,684.8637737762464,679.7178058638184,True,683.855,682.2151842330607,684.8637737762464,679.7178058638184
2025-11-03 13:00:00,683.64,1472354,2025-11-03,2025-11-03 13:30:00,683.64,2025-11-03 13:00:00,False,2025-11-03 16:00:00,2025-11-03 10:00:00,682.52,13:30,1472354.0,25440690.0,0.00164097755377135,0.004154745737391679,14.0,682.06,685.3556970606845,679.2262141223546,True,683.64,682.2976439931424,685.3556970606845,679.2262141223546
2025-11-03 13:30:00,683.82,1364008,2025-11-03,2025-11-03 14:00:00,683.82,2025-11-03 13:30:00,False,2025-11-03 16:00:00,2025-11-03 10:00:00,682.52,14:00,1364008.0,26804698.0,0.0019047060891990153,0.004384995974541632,14.0,682.06,685.5128474525442,679.069169645604,True,683.82,682.3751119717857,685.5128474525442,679.069169645604
2025-11-03 14:00:00,683.2507,2197413,2025-11-03,2025-11-03 14:30:00,683.2507,2025-11-03 14:00:00,False,2025-11-03 16:00:00,2025-11-03 10:00:00,682.52,14:30,2197413.0,29002111.0,0.001070591337982929,0.004935239053459614,14.0,682.06,685.8883993587673,678.6938708511973,True,683.2507,682.4414529535107,685.8883993587673,678.6938708511973
2025-11-03 14:30:00,683.47,2389341,2025-11-03,2025-11-03 15:00:00,683.47,2025-11-03 14:30:00,False,2025-11-03 16:00:00,2025-11-03 10:00:00,682.52,15:00,2389341.0,31391452.0,0.0013919006036453574,0.004625682800450226,14.0,682.06,685.6771210249633,678.9050067891249,True,683.47,682.519740177326,685.6771210249633,678.9050067891249
2025-11-03 15:00:00,683.13,2236635,2025-11-03,2025-11-03 15:30:00,683.13,2025-11-03 15:00:00,False,2025-11-03 16:00:00,2025-11-03 10:00:00,682.52,15:30,2236635.0,33628087.0,0.0008937467033933721,0.004975841588939164,14.0,682.06,685.9161114012827,678.6661774858482,True,683.13,682.5603291194947,685.9161114012827,678.6661774858482
2025-11-03 15:30:00,683.34,8066997,2025-11-03,2025-11-03 16:00:00,683.34,2025-11-03 16:00:00,True,2025-11-03 16:00:00,2025-11-03 10:00:00,682.52,16:00,8066997.0,41695084.0,0.0012014299947256113,0.004185830639317688,14.0,682.06,685.3769131279471,679.2050123541469,True,683.34,682.711176702726,685.3769131279471,679.2050123541469
2025-11-04 09:30:00,678.8,9412625,2025-11-04,2025-11-04 10:00:00,678.8,2025-11-04 09:30:00,False,2025-11-04 16:00:00,2025-11-04 10:00:00,678.8,10:00,9412625.0,9412625.0,0.0,0.0,14.0,683.34,683.34,678.8,True,678.8,678.8,683.34,678.8
2025-11-04 10:00:00,679.24,4089751,2025-11-04,2025-11-04 10:30:00,679.24,2025-11-04 10:00:00,False,2025-11-04 16:00:00,2025-11-04 10:00:00,678.8,10:30,4089751.0,13502376.0,0.0006482027106660126,0.001419574130175841,14.0,683.34,684.3100517861144,677.8363930804367,True,679.24,678.9332721322529,684.3100517861144,677.8363930804367
2025-11-04 10:30:00,678.13,3320847,2025-11-04,2025-11-04 11:00:00,678.13,2025-11-04 10:30:00,False,2025-11-04 16:00:00,2025-11-04 10:00:00,678.8,11:00,3320847.0,16823223.0,0.0009870359457866407,0.0012811193819044656,14.0,683.34,684.2154401184306,677.9303761635632,True,678.13,678.7747089454857,684.2154401184306,677.9303761635632
2025-11-04 11:00:00,678.15,3029974,2025-11-04,2025-11-04 11:30:00,678.15,2025-11-04 11:00:00,False,2025-11-04 16:00:00,2025-11-04 10:00:00,678.8,11:30,3029974.0,19853197.0,0.0009575721862109532,0.001416131231852096,14.0,683.34,684.3076991159738,677.8387301198187,True,678.15,678.6793665246963,684.3076991159738,677.8387301198187
2025-11-04 11:30:00,678.13,2767591,2025-11-04,2025-11-04 12:00:00,678.13,2025-11-04 11:30:00,False,2025-11-04 16:00:00,2025-11-04 10:00:00,678.8,12:00,2767591.0,22620788.0,0.0009870359457866407,0.002008293856446051,14.0,683.34,684.7123475238639,677.4367701302443,True,678.13,678.6121530461273,684.7123475238639,677.4367701302443
2025-11-04 12:00:00,676.94,3533177,2025-11-04,2025-11-04 12:30:00,676.94,2025-11-04 12:00:00,False,2025-11-04 16:00:00,2025-11-04 10:00:00,678.8,12:30,3533177.0,26153965.0,0.002740129640541933,0.002362700794256251,14.0,683.34,684.954527960747,677.1961987008588,True,676.94,678.3862594700269,684.954527960747,677.1961987008588
2025-11-04 12:30:00,675.92,2734638,2025-11-04,2025-11-04 13:00:00,675.92,2025-11-04 12:30:00,False,2025-11-04 16:00:00,2025-11-04 10:00:00,678.8,13:00,2734638.0,28888603.0,0.0042427813789039925,0.0027520891465491987,14.0,683.34,685.2206125974029,676.9318818873223,True,675.92,678.152799691283,685.2206125974029,676.9318818873223
2025-11-04 13:00:00,675.22,2422527,2025-11-04,2025-11-04 13:30:00,675.22,2025-11-04 13:00:00,False,2025-11-04 16:00:00,2025-11-04 10:00:00,678.8,13:30,2422527.0,31311130.0,0.005274012964054053,0.0033443005113299213,14.0,683.34,685.6252943114122,676.5298888129092,True,675.22,677.9258903961627,685.6252943114122,676.5298888129092
2025-11-04 13:30:00,676.08,3342166,2025-11-04,2025-11-04 14:00:00,676.08,2025-11-04 13:30:00,False,2025-11-04 16:00:00,2025-11-04 10:00:00,678.8,14:00,3342166.0,34653296.0,0.004007071302298049,0.0036065149147915254,14.0,683.34,685.8044759018736,676.3518976758395,True,676.08,677.7478619592202,685.8044759018736,676.3518976758395
2025-11-04 14:00:00,676.23,3699800,2025-11-04,2025-11-04 14:30:00,676.23,2025-11-04 14:00:00,False,2025-11-04 16:00:00,2025-11-04 10:00:00,678.8,14:30,3699800.0,38353096.0,0.0037860931054801705,0.004104714909426551,14.0,683.34,686.1449158862076,676.0137195194812,True,676.23,677.601438690634,686.1449158862076,676.0137195194812
2025-11-04 14:30:00,675.225,3402308,2025-11-04,2025-11-04 15:00:00,675.225,2025-11-04 14:30:00,False,2025-11-04 16:00:00,2025-11-04 10:00:00,678.8,15:00,3402308.0,41755404.0,0.0052666470241601315,0.003838772272835189,14.0,683.34,685.9631866449192,676.1942413811994,True,675.225,677.407802044976,685.9631866449192,676.1942413811994
2025-11-04 15:00:00,675.985,3616653,2025-11-04,2025-11-04 15:30:00,675.985,2025-11-04 15:00:00,False,2025-11-04 16:00:00,2025-11-04 10:00:00,678.8,15:30,3616653.0,45372057.0,0.004147024160282786,0.004175099118388085,14.0,683.34,686.1930122315592,675.9659427184381,True,675.985,677.2943890409244,686.1930122315592,675.9659427184381
2025-11-04 15:30:00,675.24,11500869,2025-11-04,2025-11-04 16:00:00,675.24,2025-11-04 16:00:00,True,2025-11-04 16:00:00,2025-11-04 10:00:00,678.8,16:00,11500869.0,56872926.0,0.005244549204478366,0.0036811215759515576,14.0,683.34,685.8554576177107,676.301254674244,True,675.24,676.8789495533429,685.8554576177107,676.301254674244
2025-11-05 09:30:00,677.17,6889394,2025-11-05,2025-11-05 10:00:00,677.17,2025-11-05 09:30:00,False,2025-11-05 16:00:00,2025-11-05 10:00:00,677.17,10:00,6889394.0,6889394.0,0.0,0.0,14.0,675.24,677.17,675.24,True,677.17,677.17,677.17,675.24
2025-11-05 10:00:00,677.41,6154960,2025-11-05,2025-11-05 10:30:00,677.41,2025-11-05 10:00:00,False,2025-11-05 16:00:00,2025-11-05 10:00:00,677.17,10:30,6154960.0,13044354.0,0.0003544161731914297,0.001330211327135495,14.0,675.24,678.0707792043962,674.341788103465,True,677.41,677.2832436608206,678.0707792043962,674.341788103465
2025-11-05 10:30:00,677.85,3188136,2025-11-05,2025-11-05 11:00:00,677.85,2025-11-05 10:30:00,False,2025-11-05 16:00:00,2025-11-05 10:00:00,677.17,11:00,3188136.0,16232490.0,0.0010041791573756065,0.001286488750198053,14.0,675.24,678.0411715869716,674.3713113363162,True,677.85,677.3945572231987,678.0411715869716,674.3713113363162
2025-11-05 11:00:00,678.34,3203921,2025-11-05,2025-11-05 11:30:00,678.34,2025-11-05 11:00:00,False,2025-11-05 16:00:00,2025-11-05 10:00:00,677.17,11:30,3203921.0,19436411.0,0.00172777884430797,0.001402319285853921,14.0,675.24,678.1196085508017,674.29309792542,True,678.34,677.5504051298359,678.1196085508017,674.29309792542
2025-11-05 11:30:00,679.3682,3556790,2025-11-05,2025-11-05 12:00:00,679.3682,2025-11-05 11:30:00,False,2025-11-05 16:00:00,2025-11-05 10:00:00,677.17,12:00,3556790.0,22993201.0,0.0032461567996220353,0.0017421235047621767,14.0,675.24,678.3497137737197,674.0636485246443,True,679.3682,677.8315975839118,678.3497137737197,674.0636485246443
2025-11-05 12:00:00,680.0299,2379887,2025-11-05,2025-11-05 12:30:00,680.0299,2025-11-05 12:00:00,False,2025-11-05 16:00:00,2025-11-05 10:00:00,677.17,12:30,2379887.0,25373088.0,0.004223311723791756,0.00225594768617367,14.0,675.24,678.6976600946462,673.7166938843881,True,680.0299,678.0377889368176,678.6976600946462,673.7166938843881
2025-11-05 12:30:00,680.198,2781963,2025-11-05,2025-11-05 13:00:00,680.198,2025-11-05 12:30:00,False,2025-11-05 16:00:00,2025-11-05 10:00:00,677.17,13:00,2781963.0,28155051.0,0.004471550718431194,0.00259451057799674,14.0,675.24,678.926924728102,673.4880826773135,True,680.198,678.2512365079111,678.926924728102,673.4880826773135
2025-11-05 13:00:00,680.38,1872566,2025-11-05,2025-11-05 13:30:00,680.38,2025-11-05 13:00:00,False,2025-11-05 16:00:00,2025-11-05 10:00:00,677.17,13:30,1872566.0,30027617.0,0.004740316316434567,0.002905595088145244,14.0,675.24,679.1375818258392,673.2780259726808,True,680.38,678.3839893046891,679.1375818258392,673.2780259726808
2025-11-05 13:30:00,680.595,1672864,2025-11-05,2025-11-05 14:00:00,680.595,2025-11-05 13:30:00,False,2025-11-05 16:00:00,2025-11-05 10:00:00,677.17,14:00,1672864.0,31700481.0,0.005057814138252015,0.003445992145016357,14.0,675.24,679.5035225008406,672.9131282639992,True,680.595,678.5006664048188,679.5035225008406,672.9131282639992
2025-11-05 14:00:00,680.2,2558259,2025-11-05,2025-11-05 14:30:00,680.2,2025-11-05 14:00:00,False,2025-11-05 16:00:00,2025-11-05 10:00:00,677.17,14:30,2558259.0,34258740.0,0.004474504186541273,0.0039317528049457,14.0,675.24,679.832465046925,672.5851232359885,True,680.2,678.6275635254916,679.832465046925,672.5851232359885
2025-11-05 14:30:00,680.215,1800669,2025-11-05,2025-11-05 15:00:00,680.215,2025-11-05 14:30:00,False,2025-11-05 16:00:00,2025-11-05 10:00:00,677.17,15:00,1800669.0,36059409.0,0.004496655197365529,0.003925308291680585,14.0,675.24,679.8281010158773,672.5894748291256,True,680.215,678.7068340329233,679.8281010158773,672.5894748291256
2025-11-05 15:00:00,679.76,2805710,2025-11-05,2025-11-05 15:30:00,679.76,2025-11-05 15:00:00,False,2025-11-05 16:00:00,2025-11-05 10:00:00,677.17,15:30,2805710.0,38865119.0,0.003824741202356874,0.004146397176829583,14.0,675.24,679.9778157762337,672.4401867703176,True,679.76,678.7828630883209,679.9778157762337,672.4401867703176
2025-11-05 15:30:00,677.58,12882110,2025-11-05,2025-11-05 16:00:00,677.545,2025-11-05 16:00:00,True,2025-11-05 16:00:00,2025-11-05 10:00:00,677.17,16:00,12882110.0,51747229.0,0.0006054609625354423,0.003709441614529217,14.0,675.24,679.6819225781106,672.7352366442053,True,677.545,678.4747057477861,679.6819225781106,672.7352366442053
2025-11-06 09:30:00,674.05,6341946,2025-11-06,2025-11-06 10:00:00,674.05,2025-11-06 09:30:00,False,2025-11-06 16:00:00,2025-11-06 10:00:00,674.05,10:00,6341946.0,6341946.0,0.0,0.0,14.0,677.58,677.58,674.05,True,674.05,674.05,677.58,674.05
2025-11-06 10:00:00,674.61,7322498,2025-11-06,2025-11-06 10:30:00,674.61,2025-11-06 10:00:00,False,2025-11-06 16:00:00,2025-11-06 10:00:00,674.05,10:30,7322498.0,13664444.0,0.0008307989021587581,0.0013260731230150574,14.0,677.58,678.4785206266927,673.1561604114316,True,674.61,674.3500926257958,678.4785206266927,673.1561604114316
2025-11-06 10:30:00,670.91,7033850,2025-11-06,2025-11-06 11:00:00,670.91,2025-11-06 10:30:00,False,2025-11-06 16:00:00,2025-11-06 10:00:00,674.05,11:00,7033850.0,20698294.0,0.004658408129960656,0.0013105371422424325,14.0,677.58,678.4679937568407,673.1666324392714,True,670.91,673.1810544666145,678.4679937568407,673.1666324392714
2025-11-06 11:00:00,671.34,4312779,2025-11-06,2025-11-06 11:30:00,671.34,2025-11-06 11:00:00,False,2025-11-06 16:00:00,2025-11-06 10:00:00,674.05,11:30,4312779.0,25011073.0,0.004020473258660173,0.0014276961010717404,14.0,677.58,678.5473783241642,673.0876614430725,True,671.34,672.86359263515,678.5473783241642,672.86359263515
2025-11-06 11:30:00,669.44,3829637,2025-11-06,2025-11-06 12:00:00,669.44,2025-11-06 11:30:00,False,2025-11-06 16:00:00,2025-11-06 10:00:00,674.05,12:00,3829637.0,28840710.0,0.0068392552481268964,0.001735598394465838,14.0,677.58,678.7560067601222,672.8801199022103,True,669.44,672.408988118531,678.7560067601222,672.408988118531
2025-11-06 12:00:00,669.54,3785228,2025-11-06,2025-11-06 12:30:00,669.54,2025-11-06 12:00:00,False,2025-11-06 16:00:00,2025-11-06 10:00:00,674.05,12:30,3785228.0,32625938.0,0.006690898301312975,0.0021070759686738455,14.0,677.58,679.0077125348541,672.6297254433154,True,669.54,672.0761310476346,679.0077125348541,672.0761310476346
2025-11-06 12:30:00,671.04,3235021,2025-11-06,2025-11-06 13:00:00,671.04,2025-11-06 12:30:00,False,2025-11-06 16:00:00,2025-11-06 10:00:00,674.05,13:00,3235021.0,35860959.0,0.004465544099102381,0.002551227579757414,14.0,677.58,679.3086607834921,672.3303450498645,True,671.04,671.9826615534738,679.3086607834921,671.9826615534738
2025-11-06 13:00:00,670.95,3525997,2025-11-06,2025-11-06 13:30:00,670.95,2025-11-06 13:00:00,False,2025-11-06 16:00:00,2025-11-06 10:00:00,674.05,13:30,3525997.0,39386956.0,0.004599065351234888,0.002901866826370582,14.0,677.58,679.5462469242121,672.0939966656848,True,670.95,671.8902156802876,679.5462469242121,671.8902156802876
2025-11-06 13:30:00,671.43,2461193,2025-11-06,2025-11-06 14:00:00,671.43,2025-11-06 13:30:00,False,2025-11-06 16:00:00,2025-11-06 10:00:00,674.05,14:00,2461193.0,41848149.0,0.0038869520065276664,0.0032870847115846757,14.0,677.58,679.8072628588756,671.8343405501563,True,671.43,671.863149259481,679.8072628588756,671.8343405501563
2025-11-06 14:00:00,673.4,3366419,2025-11-06,2025-11-06 14:30:00,673.4,2025-11-06 14:00:00,False,2025-11-06 16:00:00,2025-11-06 10:00:00,674.05,14:30,3366419.0,45214568.0,0.0009643201542911539,0.0033604651624609444,14.0,677.58,679.8569839847804,671.7848784572432,True,673.4,671.9775744052226,679.8569839847804,671.7848784572432
2025-11-06 14:30:00,673.01,3866257,2025-11-06,2025-11-06 15:00:00,673.01,2025-11-06 14:30:00,False,2025-11-06 16:00:00,2025-11-06 10:00:00,674.05,15:00,3866257.0,49080825.0,0.0015429122468658685,0.0035945320330062003,14.0,677.58,680.0155830149243,671.6271056831521,True,673.01,672.0589019436816,680.0155830149243,671.6271056831521
2025-11-06 15:00:00,672.3675,3191483,2025-11-06,2025-11-06 15:30:00,672.3675,2025-11-06 15:00:00,False,2025-11-06 16:00:00,2025-11-06 10:00:00,674.05,15:30,3191483.0,52272308.0,0.002496105630146128,0.0035994123551178086,14.0,677.58,680.0188898235807,671.6238161020327,True,672.3675,672.0777433816869,680.0188898235807,671.6238161020327
2025-11-06 15:30:00,670.31,13135499,2025-11-06,2025-11-06 16:00:00,670.31,2025-11-06 16:00:00,True,2025-11-06 16:00:00,2025-11-06 10:00:00,674.05,16:00,13135499.0,65407807.0,0.0055485498108449605,0.003107151498009862,14.0,677.58,679.6853437120216,671.9556245327664,True,670.31,671.722736961392,679.6853437120216,671.722736961392
2025-11-07 09:30:00,666.345,10900807,2025-11-07,2025-11-07 10:00:00,666.345,2025-11-07 09:30:00,False,2025-11-07 16:00:00,2025-11-07 10:00:00,666.345,10:00,10900807.0,10900807.0,0.0,0.0,14.0,670.31,670.31,666.345,True,666.345,666.345,670.31,666.345
2025-11-07 10:00:00,665.88,6775582,2025-11-07,2025-11-07 10:30:00,665.88,2025-11-07 10:00:00,False,2025-11-07 16:00:00,2025-11-07 10:00:00,666.345,10:30,6775582.0,17676389.0,0.0006978367062108193,0.0011962083031635182,14.0,670.31,671.1118303876935,665.5479125782285,True,665.88,666.1667596574731,671.1118303876935,665.5479125782285
2025-11-07 10:30:00,663.36,6451361,2025-11-07,2025-11-07 11:00:00,663.36,2025-11-07 10:30:00,False,2025-11-07 16:00:00,2025-11-07 10:00:00,666.345,11:00,6451361.0,24127750.0,0.004479661436643245,0.0015265124621177287,14.0,670.31,671.3332365684821,665.3278160534302,True,663.36,665.4162785810944,671.3332365684821,665.3278160534302
2025-11-07 11:00:00,662.76,6369441,2025-11-07,2025-11-07 11:30:00,662.76,2025-11-07 11:00:00,False,2025-11-07 16:00:00,2025-11-07 10:00:00,666.345,11:30,6369441.0,30497191.0,0.005380095896269976,0.0015808056639842194,14.0,670.31,671.3696298446251,665.2916380498325,True,662.76,664.8615058578673,671.3696298446251,664.8615058578673
2025-11-07 11:30:00,662.03,4741872,2025-11-07,2025-11-07 12:00:00,662.03,2025-11-07 11:30:00,False,2025-11-07 16:00:00,2025-11-07 10:00:00,666.345,12:00,4741872.0,35239063.0,0.00647562448881589,0.0021073485084958494,14.0,670.31,671.7225767787298,664.9407788581063,True,662.03,664.4804900985874,671.7225767787298,664.4804900985874
2025-11-07 12:00:00,663.5,4525295,2025-11-07,2025-11-07 12:30:00,663.5,2025-11-07 12:00:00,False,2025-11-07 16:00:00,2025-11-07 10:00:00,666.345,12:30,4525295.0,39764358.0,0.004269560062730271,0.002317944265347292,14.0,670.31,671.863741220505,664.8004494285072,True,663.5,664.3689075869149,671.863741220505,664.3689075869149
2025-11-07 12:30:00,663.95,3590967,2025-11-07,2025-11-07 13:00:00,663.95,2025-11-07 12:30:00,False,2025-11-07 16:00:00,2025-11-07 10:00:00,666.345,13:00,3590967.0,43355325.0,0.003594234218010195,0.0027242348679337725,14.0,670.31,672.1360818743246,664.5297197169267,True,663.95,664.3342109649737,672.1360818743246,664.3342109649737
2025-11-07 13:00:00,665.3,3318704,2025-11-07,2025-11-07 13:30:00,665.3,2025-11-07 13:00:00,False,2025-11-07 16:00:00,2025-11-07 10:00:00,666.345,13:30,3318704.0,46674029.0,0.0015682566838500778,0.003171987435326397,14.0,670.31,672.4362148977737,664.2313620324074,True,665.3,664.4028823010972,672.4362148977737,664.2313620324074
2025-11-07 13:30:00,665.4499,3160712,2025-11-07,2025-11-07 14:00:00,665.4499,2025-11-07 13:30:00,False,2025-11-07 16:00:00,2025-11-07 10:00:00,666.345,14:00,3160712.0,49834741.0,0.0013432981413532552,0.0033247007869987738,14.0,670.31,672.5385801845331,664.1296022540873,True,665.4499,664.4692882126908,672.5385801845331,664.1296022540873
2025-11-07 14:00:00,666.5501,3609428,2025-11-07,2025-11-07 14:30:00,666.5501,2025-11-07 14:00:00,False,2025-11-07 16:00:00,2025-11-07 10:00:00,666.345,14:30,3609428.0,53444169.0,0.0003077985127823979,0.00299687066244824,14.0,670.31,672.3188323737455,664.3480502184309,True,666.5501,664.609818797568,672.3188323737455,664.3480502184309
2025-11-07 14:30:00,669.79,8328720,2025-11-07,2025-11-07 15:00:00,669.79,2025-11-07 14:30:00,False,2025-11-07 16:00:00,2025-11-07 10:00:00,666.345,15:00,8328720.0,61772889.0,0.005169994522356891,0.003302538755378321,14.0,670.31,672.5237247531176,664.1443698130474,True,669.79,665.3082526814732,672.5237247531176,664.1443698130474
2025-11-07 15:00:00,668.72,6723249,2025-11-07,2025-11-07 15:30:00,668.72,2025-11-07 15:00:00,False,2025-11-07 16:00:00,2025-11-07 10:00:00,666.345,15:30,6723249.0,68496138.0,0.0035642197360226113,0.0032949559414728086,14.0,670.31,672.5186419171285,664.1494225831793,True,668.72,665.6431332662376,672.5186419171285,664.1494225831793
2025-11-07 15:30:00,670.97,10560701,2025-11-07,2025-11-07 16:00:00,670.97,2025-11-07 16:00:00,True,2025-11-07 16:00:00,2025-11-07 10:00:00,666.345,16:00,10560701.0,79056839.0,0.006940848959622992,0.003099112816682459,14.0,670.31,672.3873663121503,664.2799216701678,True,670.97,666.3547155601124,672.3873663121503,664.2799216701678
2025-11-10 09:30:00,678.525,10055489,2025-11-10,2025-11-10 10:00:00,678.525,2025-11-10 09:30:00,False,2025-11-10 16:00:00,2025-11-10 10:00:00,678.525,10:00,10055489.0,10055489.0,0.0,0.0,14.0,670.97,678.525,670.97,True,678.525,678.525,678.525,670.97
2025-11-10 10:00:00,678.88,4149593,2025-11-10,2025-11-10 10:30:00,678.88,2025-11-10 10:00:00,False,2025-11-10 16:00:00,2025-11-10 10:00:00,678.525,10:30,4149593.0,14205082.0,0.0005231936922001079,0.0010815702604368466,14.0,670.97,679.2588724609628,670.2442988023547,True,678.88,678.6287027111141,679.2588724609628,670.2442988023547
2025-11-10 10:30:00,676.18,4627555,2025-11-10,2025-11-10 11:00:00,676.18,2025-11-10 10:30:00,False,2025-11-10 16:00:00,2025-11-10 10:00:00,678.525,11:00,4627555.0,18832637.0,0.0034560259386169356,0.0015837418741606443,14.0,670.97,679.5996084551648,669.9073567146944,True,676.18,678.0270075542262,679.5996084551648,669.9073567146944
2025-11-10 11:00:00,675.64,4392697,2025-11-10,2025-11-10 11:30:00,675.64,2025-11-10 11:00:00,False,2025-11-10 16:00:00,2025-11-10 10:00:00,678.525,11:30,4392697.0,23225334.0,0.004251869864780211,0.001729053693555947,14.0,670.97,679.69820615742,669.8098568432348,True,675.64,677.5755436087592,679.69820615742,669.8098568432348
2025-11-10 11:30:00,676.62,2675966,2025-11-10,2025-11-10 12:00:00,676.62,2025-11-10 11:30:00,False,2025-11-10 16:00:00,2025-11-10 10:00:00,678.525,12:00,2675966.0,25901300.0,0.0028075605172984686,0.002369095049336943,14.0,670.97,680.1324902183513,669.3804082947464,True,676.62,677.476822609869,680.1324902183513,669.3804082947464
2025-11-10 12:00:00,677.52,2942370,2025-11-10,2025-11-10 12:30:00,677.52,2025-11-10 12:00:00,False,2025-11-10 16:00:00,2025-11-10 10:00:00,678.525,12:30,2942370.0,28843670.0,0.0014811539736929724,0.0024018213542401157,14.0,670.97,680.1546958343857,669.3584499259455,True,677.52,677.481227176188,680.1546958343857,669.3584499259455
2025-11-10 12:30:00,679.42,3095441,2025-11-10,2025-11-10 13:00:00,679.42,2025-11-10 12:30:00,False,2025-11-10 16:00:00,2025-11-10 10:00:00,678.525,13:00,3095441.0,31939111.0,0.0013190376183633834,0.0027395809749758654,14.0,670.97,680.3838741810455,669.1318233532205,True,679.42,677.6691271114277,680.3838741810455,669.1318233532205
2025-11-10 13:00:00,679.51,2502673,2025-11-10,2025-11-10 13:30:00,679.51,2025-11-10 13:00:00,False,2025-11-10 16:00:00,2025-11-10 10:00:00,678.525,13:30,2502673.0,34441784.0,0.0014516782727238553,0.0029785897761075825,14.0,670.97,680.5460476278334,668.9714556179251,True,679.51,677.8028920428453,680.5460476278334,668.9714556179251
2025-11-10 13:30:00,679.8488,2232572,2025-11-10,2025-11-10 14:00:00,679.8488,2025-11-10 13:30:00,False,2025-11-10 16:00:00,2025-11-10 10:00:00,678.525,14:00,2232572.0,36674356.0,0.0019509966471389362,0.003099160134470361,14.0,670.97,680.6278576302415,668.8905565245744,True,679.8488,677.927437837725,680.6278576302415,668.8905565245744
2025-11-10 14:00:00,680.755,2200272,2025-11-10,2025-11-10 14:30:00,680.755,2025-11-10 14:00:00,False,2025-11-10 16:00:00,2025-11-10 10:00:00,678.525,14:30,2200272.0,38874628.0,0.003286540658045123,0.0026856169277546366,14.0,670.97,680.3472582259047,669.1680316099845,True,680.755,678.0874755325915,680.3472582259047,669.1680316099845
2025-11-10 14:30:00,681.27,3387156,2025-11-10,2025-11-10 15:00:00,681.27,2025-11-10 14:30:00,False,2025-11-10 16:00:00,2025-11-10 10:00:00,678.525,15:00,3387156.0,42261784.0,0.0040455399579970575,0.0033631504564339354,14.0,670.97,680.8069816634519,668.7134269382465,True,681.27,678.3425453811557,680.8069816634519,668.7134269382465
2025-11-10 15:00:00,681.22,3603174,2025-11-10,2025-11-10 15:30:00,681.22,2025-11-10 15:00:00,False,2025-11-10 16:00:00,2025-11-10 10:00:00,678.525,15:30,3603174.0,45864958.0,0.003971850705574598,0.0032333929197890165,14.0,670.97,680.7189379308998,668.8004903526092,True,681.22,678.5685996526717,680.7189379308998,668.8004903526092
2025-11-10 15:30:00,681.44,11625992,2025-11-10,2025-11-10 16:00:00,681.43,2025-11-10 16:00:00,True,2025-11-10 16:00:00,2025-11-10 10:00:00,678.525,16:00,11625992.0,57490950.0,0.004296083416233776,0.0033235967389776172,14.0,670.97,680.7801434773147,668.7399662960482,True,681.43,679.1472405961042,680.7801434773147,668.7399662960482
2025-11-11 09:30:00,680.645,4766355,2025-11-11,2025-11-11 10:00:00,680.645,2025-11-11 09:30:00,False,2025-11-11 16:00:00,2025-11-11 10:00:00,680.645,10:00,4766355.0,4766355.0,0.0,0.0,14.0,681.44,681.44,680.645,True,680.645,680.645,681.44,680.645
2025-11-11 10:00:00,679.365,3506420,2025-11-11,2025-11-11 10:30:00,679.365,2025-11-11 10:00:00,False,2025-11-11 16:00:00,2025-11-11 10:00:00,680.645,10:30,3506420.0,8272775.0,0.0018805691660116475,0.001117876062462759,14.0,681.44,682.2017654640048,679.884123247465,True,679.365,680.1024713321708,682.2017654640048,679.884123247465
2025-11-11 10:30:00,679.25,2558803,2025-11-11,2025-11-11 11:00:00,679.25,2025-11-11 10:30:00,False,2025-11-11 16:00:00,2025-11-11 10:00:00,680.645,11:00,2558803.0,10831578.0,0.0020495265520205086,0.0016149027321298462,14.0,681.44,682.5404593177827,679.5458245298895,True,679.25,679.9010873600319,682.5404593177827,679.5458245298895
2025-11-11 11:00:00,679.29,2630504,2025-11-11,2025-11-11 11:30:00,679.29,2025-11-11 11:00:00,False,2025-11-11 16:00:00,2025-11-11 10:00:00,680.645,11:30,2630504.0,13462082.0,0.001990758765582634,0.0018868295734897661,14.0,681.44,682.7257611445589,679.3607388849521,True,679.29,679.781680291726,682.7257611445589,679.3607388849521
2025-11-11 11:30:00,679.7,2127360,2025-11-11,2025-11-11 12:00:00,679.7,2025-11-11 11:30:00,False,2025-11-11 16:00:00,2025-11-11 10:00:00,680.645,12:00,2127360.0,15589442.0,0.0013883889545944772,0.002395159259390719,14.0,681.44,683.0721573257192,679.014746825892,True,679.7,679.7705340694682,683.0721573257192,679.014746825892
2025-11-11 12:00:00,681.02,2365125,2025-11-11,2025-11-11 12:30:00,681.02,2025-11-11 12:00:00,False,2025-11-11 16:00:00,2025-11-11 10:00:00,680.645,12:30,2365125.0,17954567.0,0.0005509479978549336,0.002287126637052772,14.0,681.44,682.9985395755533,679.0882786901232,True,681.02,679.9351241210662,682.9985395755533,679.0882786901232
2025-11-11 12:30:00,682.09,2147881,2025-11-11,2025-11-11 13:00:00,682.09,2025-11-11 12:30:00,False,2025-11-11 16:00:00,2025-11-11 10:00:00,680.645,13:00,2147881.0,20102448.0,0.002122986285068018,0.002744323164692459,14.0,681.44,683.3100915773481,678.7770901595679,True,682.09,680.1653655801025,683.3100915773481,678.7770901595679
2025-11-11 13:00:00,682.89,2998419,2025-11-11,2025-11-11 13:30:00,682.89,2025-11-11 13:00:00,False,2025-11-11 16:00:00,2025-11-11 10:00:00,680.645,13:30,2998419.0,23100867.0,0.003298342013825062,0.002973633130487715,14.0,681.44,683.4663525604396,678.6210114778992,True,682.89,680.5190144545224,683.4663525604396,678.6210114778992
2025-11-11 13:30:00,683.092,2638673,2025-11-11,2025-11-11 14:00:00,683.092,2025-11-11 13:30:00,False,2025-11-11 16:00:00,2025-11-11 10:00:00,680.645,14:00,2638673.0,25739540.0,0.0035951193353362942,0.0030659585277203866,14.0,681.44,683.5292667791299,678.5581706578997,True,683.092,680.7827824740069,683.5292667791299,678.5581706578997
2025-11-11 14:00:00,683.14,2390509,2025-11-11,2025-11-11 14:30:00,683.14,2025-11-11 14:00:00,False,2025-11-11 16:00:00,2025-11-11 10:00:00,680.645,14:30,2390509.0,28130049.0,0.0036656406790618323,0.0027386721118034135,14.0,681.44,683.3062407238674,678.7809365204615,True,683.14,680.983100280451,683.3062407238674,678.7809365204615
2025-11-11 14:30:00,683.145,2072638,2025-11-11,2025-11-11 15:00:00,683.145,2025-11-11 14:30:00,False,2025-11-11 16:00:00,2025-11-11 10:00:00,680.645,15:00,2072638.0,30202687.0,0.0036729866523665944,0.003508318837860006,14.0,681.44,683.8307087888713,678.2570803246048,True,683.145,681.1314591172302,683.8307087888713,678.2570803246048
2025-11-11 15:00:00,682.84,3049702,2025-11-11,2025-11-11 15:30:00,682.84,2025-11-11 15:00:00,False,2025-11-11 16:00:00,2025-11-11 10:00:00,680.645,15:30,3049702.0,33252389.0,0.0032248822807778854,0.003378091075132602,14.0,681.44,683.7419663822385,678.3457192001663,True,682.84,681.2881558450131,683.7419663822385,678.3457192001663
2025-11-11 15:30:00,683.0,10221125,2025-11-11,2025-11-11 16:00:00,683.0,2025-11-11 16:00:00,True,2025-11-11 16:00:00,2025-11-11 10:00:00,680.645,16:00,10221125.0,43473514.0,0.003459953426529383,0.0035548323449624314,14.0,681.44,683.8624049531512,678.225421138563,True,683.0,681.6906301673934,683.8624049531512,678.225421138563
2025-11-12 09:30:00,683.61,6448524,2025-11-12,2025-11-12 10:00:00,683.61,2025-11-12 09:30:00,False,2025-11-12 16:00:00,2025-11-12 10:00:00,683.61,10:00,6448524.0,6448524.0,0.0,0.0,14.0,683.0,683.61,683.0,True,683.61,683.61,683.61,683.0
2025-11-12 10:00:00,683.23,3800790,2025-11-12,2025-11-12 10:30:00,683.23,2025-11-12 10:00:00,False,2025-11-12 16:00:00,2025-11-12 10:00:00,683.61,10:30,3800790.0,10249314.0,0.0005558725004022325,0.001052404836271075,14.0,683.0,684.3294344701233,682.2812074968268,True,683.23,683.4690832323022,684.3294344701233,682.2812074968268
2025-11-12 10:30:00,682.29,3364587,2025-11-12,2025-11-12 11:00:00,682.29,2025-11-12 10:30:00,False,2025-11-12 16:00:00,2025-11-12 10:00:00,683.61,11:00,3364587.0,13613901.0,0.0019309255277132342,0.0016405143856892718,14.0,683.0,684.731472039201,681.8795286745742,True,682.29,683.1776804877602,684.731472039201,681.8795286745742
2025-11-12 11:00:00,682.35,2954031,2025-11-12,2025-11-12 11:30:00,682.35,2025-11-12 11:00:00,False,2025-11-12 16:00:00,2025-11-12 10:00:00,683.61,11:30,2954031.0,16567932.0,0.0018431561855444256,0.0016751906739717842,14.0,683.0,684.7551770966339,681.8558447696772,True,682.35,683.0301066192208,684.7551770966339,681.8558447696772
2025-11-12 11:30:00,681.81,2913717,2025-11-12,2025-11-12 12:00:00,681.81,2025-11-12 11:30:00,False,2025-11-12 16:00:00,2025-11-12 10:00:00,683.61,12:00,2913717.0,19481649.0,0.002633080265063481,0.00225946795887685,14.0,683.0,685.1545948913678,681.4567833840871,True,681.81,682.8476248694349,685.1545948913678,681.4567833840871
2025-11-12 12:00:00,682.44,2179192,2025-11-12,2025-11-12 12:30:00,682.44,2025-11-12 12:00:00,False,2025-11-12 16:00:00,2025-11-12 10:00:00,683.61,12:30,2179192.0,21660841.0,0.0017115021722912127,0.0019449757359023148,14.0,683.0,684.9396048628201,681.6715815723787,True,682.44,682.8066157112736,684.9396048628201,681.6715815723787
2025-11-12 12:30:00,683.68,2439079,2025-11-12,2025-11-12 13:00:00,683.68,2025-11-12 12:30:00,False,2025-11-12 16:00:00,2025-11-12 10:00:00,683.61,13:00,2439079.0,24099920.0,0.000102397565863388,0.0024676373081627717,14.0,683.0,685.2969015402331,681.3146037185248,True,683.68,682.8950082568739,685.2969015402331,681.3146037185248
2025-11-12 13:00:00,683.4617,1860792,2025-11-12,2025-11-12 13:30:00,683.4617,2025-11-12 13:00:00,False,2025-11-12 16:00:00,2025-11-12 10:00:00,683.61,13:30,1860792.0,25960712.0,0.00021693655739396522,0.002580848259003018,14.0,683.0,685.3742936783372,681.237280639101,True,683.4617,682.9356271529225,685.3742936783372,681.237280639101
2025-11-12 13:30:00,683.64,1879714,2025-11-12,2025-11-12 14:00:00,683.64,2025-11-12 13:30:00,False,2025-11-12 16:00:00,2025-11-12 10:00:00,683.61,14:00,1879714.0,27840426.0,4.38846710844043e-05,0.002637960475645066,14.0,683.0,685.4133361607556,681.1982729951344,True,683.64,682.9831845969742,685.4133361607556,681.1982729951344
2025-11-12 14:00:00,682.74,2546259,2025-11-12,2025-11-12 14:30:00,682.74,2025-11-12 14:00:00,False,2025-11-12 16:00:00,2025-11-12 10:00:00,683.61,14:30,2546259.0,30386685.0,0.0012726554614472807,0.002407229770930782,14.0,683.0,685.255606343706,681.3558620664543,True,682.74,682.9628068898071,685.255606343706,681.3558620664543
2025-11-12 14:30:00,682.735,2917133,2025-11-12,2025-11-12 15:00:00,682.735,2025-11-12 14:30:00,False,2025-11-12 16:00:00,2025-11-12 10:00:00,683.61,15:00,2917133.0,33303818.0,0.0012799695732946814,0.0032678555134481196,14.0,683.0,685.8439387075483,680.768054684315,True,682.735,682.9428529314987,685.8439387075483,680.768054684315
2025-11-12 15:00:00,683.325,2874617,2025-11-12,2025-11-12 15:30:00,683.325,2025-11-12 15:00:00,False,2025-11-12 16:00:00,2025-11-12 10:00:00,683.61,15:30,2874617.0,36178435.0,0.00041690437530161883,0.003208844619088856,14.0,683.0,685.8035982700553,680.8083591251623,True,683.325,682.9732170547566,685.8035982700553,680.8083591251623
2025-11-12 15:30:00,683.38,10631041,2025-11-12,2025-11-12 16:00:00,683.38,2025-11-12 16:00:00,True,2025-11-12 16:00:00,2025-11-12 10:00:00,683.61,16:00,10631041.0,46809476.0,0.00033644914498032197,0.003438558406676514,14.0,683.0,685.9606329123882,680.65146460824,True,683.38,683.0656027539467,685.9606329123882,680.65146460824
2025-11-13 09:30:00,678.72,7649125,2025-11-13,2025-11-13 10:00:00,678.72,2025-11-13 09:30:00,False,2025-11-13 16:00:00,2025-11-13 10:00:00,678.72,10:00,7649125.0,7649125.0,0.0,0.0,14.0,683.38,683.38,678.72,True,678.72,678.72,683.38,678.72
2025-11-13 10:00:00,678.9,5194692,2025-11-13,2025-11-13 10:30:00,678.9,2025-11-13 10:00:00,False,2025-11-13 16:00:00,2025-11-13 10:00:00,678.72,10:30,5194692.0,12843817.0,0.00026520509193761477,0.001012337331630277,14.0,683.38,684.0718110856894,678.0329064062759,True,678.9,678.7928011431492,684.0718110856894,678.0329064062759
2025-11-13 10:30:00,676.3,6706710,2025-11-13,2025-11-13 11:00:00,676.3,2025-11-13 10:30:00,False,2025-11-13 16:00:00,2025-11-13 10:00:00,678.72,11:00,6706710.0,19550527.0,0.003565535124941177,0.001767607994941253,14.0,683.38,684.587947951583,677.5202891016735,True,676.3,677.9376582431768,684.587947951583,677.5202891016735
2025-11-13 11:00:00,675.64,4856252,2025-11-13,2025-11-13 11:30:00,675.64,2025-11-13 11:00:00,False,2025-11-13 16:00:00,2025-11-13 10:00:00,678.72,11:30,4856252.0,24406779.0,0.004537953795379579,0.0018038175036279025,14.0,683.38,684.6126928056292,677.4957129839377,True,675.64,677.4804898704576,684.6126928056292,677.4804898704576
2025-11-13 11:30:00,675.11,4363872,2025-11-13,2025-11-13 12:00:00,675.11,2025-11-13 11:30:00,False,2025-11-13 16:00:00,2025-11-13 10:00:00,678.72,12:00,4363872.0,28770651.0,0.005318835454974136,0.0024345836585050106,14.0,683.38,685.0437457805491,677.0675993792995,True,675.11,677.1209389387817,685.0437457805491,677.0675993792995
2025-11-13 12:00:00,675.9041,3768722,2025-11-13,2025-11-13 12:30:00,675.9041,2025-11-13 12:00:00,False,2025-11-13 16:00:00,2025-11-13 10:00:00,678.72,12:30,3768722.0,32539373.0,0.004148838991042014,0.002024418956820151,14.0,683.38,684.7634474267118,677.345986365627,True,675.9041,676.9800042109048,684.7634474267118,676.9800042109048
2025-11-13 12:30:00,674.23,3616735,2025-11-13,2025-11-13 13:00:00,674.23,2025-11-13 12:30:00,False,2025-11-13 16:00:00,2025-11-13 10:00:00,678.72,13:00,3616735.0,36156108.0,0.006615393682225412,0.0023319489723403397,14.0,683.38,684.973607288718,677.1372595934932,True,674.23,676.7049182840752,684.973607288718,676.7049182840752
2025-11-13 13:00:00,672.76,3586345,2025-11-13,2025-11-13 13:30:00,672.76,2025-11-13 13:00:00,False,2025-11-13 16:00:00,2025-11-13 10:00:00,678.72,13:30,3586345.0,39742453.0,0.008781235266383858,0.0025034070591389607,14.0,683.38,685.0907783160744,677.0208875608212,True,672.76,676.3489302436918,685.0907783160744,676.3489302436918
2025-11-13 13:30:00,672.76,4804392,2025-11-13,2025-11-13 14:00:00,672.76,2025-11-13 13:30:00,False,2025-11-13 16:00:00,2025-11-13 10:00:00,678.72,14:00,4804392.0,44546845.0,0.008781235266383858,0.00239928281654692,14.0,683.38,685.0196218911718,677.0915587667533,True,672.76,675.9618629272219,685.0196218911718,675.9618629272219
2025-11-13 14:00:00,673.45,3948352,2025-11-13,2025-11-13 14:30:00,673.45,2025-11-13 14:00:00,False,2025-11-13 16:00:00,2025-11-13 10:00:00,678.72,14:30,3948352.0,48495197.0,0.007764615747289039,0.002246408493630725,14.0,683.38,684.9151506363773,677.195317627203,True,673.45,675.7573536226731,684.9151506363773,675.7573536226731
2025-11-13 14:30:00,671.66,4996112,2025-11-13,2025-11-13 15:00:00,671.66,2025-11-13 14:30:00,False,2025-11-13 16:00:00,2025-11-13 10:00:00,678.72,15:00,4996112.0,53491309.0,0.010401933050448009,0.0030958316658185603,14.0,683.38,685.495629443787,676.6187971317756,True,671.66,675.3746589759132,685.495629443787,675.3746589759132
2025-11-13 15:00:00,671.68,6134418,2025-11-13,2025-11-13 15:30:00,671.68,2025-11-13 15:00:00,False,2025-11-13 16:00:00,2025-11-13 10:00:00,678.72,15:30,6134418.0,59625727.0,0.010372465818010435,0.0029916948579347285,14.0,683.38,685.4244644320154,676.6894768660226,True,671.68,674.9945448260983,685.4244644320154,674.9945448260983
2025-11-13 15:30:00,672.04,14569200,2025-11-13,2025-11-13 16:00:00,672.04,2025-11-13 16:00:00,True,2025-11-13 16:00:00,2025-11-13 10:00:00,678.72,16:00,14569200.0,74194927.0,0.009842055634134983,0.0032876107492727197,14.0,683.38,685.626687433838,676.4886328322536,True,672.04,674.4143790894248,685.626687433838,674.4143790894248
2025-11-14 09:30:00,668.75,13044593,2025-11-14,2025-11-14 10:00:00,668.75,2025-11-14 09:30:00,False,2025-11-14 16:00:00,2025-11-14 10:00:00,668.75,10:00,13044593.0,13044593.0,0.0,0.0,14.0,672.04,672.04,668.75,True,668.75,668.75,672.04,668.75
2025-11-14 10:00:00,669.74,7052865,2025-11-14,2025-11-14 10:30:00,669.74,2025-11-14 10:00:00,False,2025-11-14 16:00:00,2025-11-14 10:00:00,668.75,10:30,7052865.0,20097458.0,0.0014803738317756832,0.000954313517569448,14.0,672.04,672.6813368563472,668.1118028351254,True,669.74,669.0974238557932,672.6813368563472,668.1118028351254
2025-11-14 10:30:00,672.3636,6712977,2025-11-14,2025-11-14 11:00:00,672.3636,2025-11-14 10:30:00,False,2025-11-14 16:00:00,2025-11-14 10:00:00,668.75,11:00,6712977.0,26810435.0,0.0054035140186916575,0.0019389959827165498,14.0,672.04,673.3430828602247,667.4532964365583,True,672.3636,669.915231001929,673.3430828602247,667.4532964365583
2025-11-14 11:00:00,674.48,4879283,2025-11-14,2025-11-14 11:30:00,674.48,2025-11-14 11:00:00,False,2025-11-14 16:00:00,2025-11-14 10:00:00,668.75,11:30,4879283.0,31689718.0,0.008568224299065452,0.0020520443684712364,14.0,672.04,673.4190558973874,667.3776953285849,True,674.48,670.6180709505588,673.4190558973874,667.3776953285849
2025-11-14 11:30:00,674.65,3787360,2025-11-14,2025-11-14 12:00:00,674.65,2025-11-14 11:30:00,False,2025-11-14 16:00:00,2025-11-14 10:00:00,668.75,12:00,3787360.0,35477078.0,0.008822429906542029,0.0027628376724604387,14.0,672.04,673.8967374294003,666.9023523065421,True,674.65,671.0485000519828,673.8967374294003,666.9023523065421
2025-11-14 12:00:00,674.94,3015286,2025-11-14,2025-11-14 12:30:00,674.94,2025-11-14 12:00:00,False,2025-11-14 16:00:00,2025-11-14 10:00:00,668.75,12:30,3015286.0,38492364.0,0.00925607476635526,0.0022775365383325935,14.0,672.04,673.5705956552209,667.22689743999,True,674.94,671.3533393523766,673.5705956552209,667.22689743999
2025-11-14 12:30:00,674.0271,4271472,2025-11-14,2025-11-14 13:00:00,674.0271,2025-11-14 12:30:00,False,2025-11-14 16:00:00,2025-11-14 10:00:00,668.75,13:00,4271472.0,42763836.0,0.007890990654205732,0.0027582968715511897,14.0,672.04,673.8936858295572,666.9053889671502,True,674.0271,671.6204083248847,673.8936858295572,666.9053889671502
2025-11-14 13:00:00,672.99,4547401,2025-11-14,2025-11-14 13:30:00,672.99,2025-11-14 13:00:00,False,2025-11-14 16:00:00,2025-11-14 10:00:00,668.75,13:30,4547401.0,47311237.0,0.006340186915887891,0.0030705406017857745,14.0,672.04,674.103526106024,666.6965759725557,True,672.99,671.752048986764,674.103526106024,666.6965759725557
2025-11-14 13:30:00,673.25,4518391,2025-11-14,2025-11-14 14:00:00,673.25,2025-11-14 13:30:00,False,2025-11-14 16:00:00,2025-11-14 10:00:00,668.75,14:00,4518391.0,51829628.0,0.006728971962616903,0.0029643076733056883,14.0,672.04,674.0321333287683,666.7676192434768,True,673.25,671.8826370044254,674.0321333287683,666.7676192434768
2025-11-14 14:00:00,674.0401,3927741,2025-11-14,2025-11-14 14:30:00,674.0401,2025-11-14 14:00:00,False,2025-11-14 16:00:00,2025-11-14 10:00:00,668.75,14:30,3927741.0,55757369.0,0.007910429906542227,0.0027293285839579684,14.0,672.04,673.8742179815631,666.9247615094781,True,674.0401,672.0346161242383,673.8742179815631,666.9247615094781
2025-11-14 14:30:00,674.67,3200676,2025-11-14,2025-11-14 15:00:00,674.67,2025-11-14 14:30:00,False,2025-11-14 16:00:00,2025-11-14 10:00:00,668.75,15:00,3200676.0,58958045.0,0.008852336448598175,0.003761859848794196,14.0,672.04,674.5681202927836,666.2342562261189,True,674.67,672.177684130003,674.5681202927836,666.2342562261189
2025-11-14 15:00:00,672.46,4511262,2025-11-14,2025-11-14 15:30:00,672.46,2025-11-14 15:00:00,False,2025-11-14 16:00:00,2025-11-14 10:00:00,668.75,15:30,4511262.0,63469307.0,0.005547663551402016,0.003653509552705349,14.0,672.04,674.4953045598,666.3067154866283,True,672.46,672.1977505355857,674.4953045598,666.3067154866283
2025-11-14 15:30:00,671.93,9590459,2025-11-14,2025-11-14 16:00:00,671.91,2025-11-14 16:00:00,True,2025-11-14 16:00:00,2025-11-14 10:00:00,668.75,16:00,9590459.0,73059766.0,0.004755140186915918,0.003967419178371044,14.0,672.04,674.7062643846324,666.0967884244643,True,671.91,672.1599779027831,674.7062643846324,666.0967884244643
2025-11-17 09:30:00,672.82,7229073,2025-11-17,2025-11-17 10:00:00,672.82,2025-11-17 09:30:00,False,2025-11-17 16:00:00,2025-11-17 10:00:00,672.82,10:00,7229073.0,7229073.0,0.0,0.0,14.0,671.93,672.82,671.93,True,672.82,672.82,672.82,671.93
2025-11-17 10:00:00,672.05,4448601,2025-11-17,2025-11-17 10:30:00,672.05,2025-11-17 10:00:00,False,2025-11-17 16:00:00,2025-11-17 10:00:00,672.82,10:30,4448601.0,11677674.0,0.0011444368478941147,0.001046984701297271,14.0,671.93,673.5244322467269,671.2264995696572,True,672.05,672.5266690875254,673.5244322467269,671.2264995696572
2025-11-17 10:30:00,670.675,4254695,2025-11-17,2025-11-17 11:00:00,670.675,2025-11-17 10:30:00,False,2025-11-17 16:00:00,2025-11-17 10:00:00,672.82,11:00,4254695.0,15932369.0,0.0031880740762760817,0.0022732048449115743,14.0,671.93,674.3494576837535,670.4025654685586,True,670.675,672.0321859878464,674.3494576837535,670.4025654685586
2025-11-17 11:00:00,670.52,5660934,2025-11-17,2025-11-17 11:30:00,670.52,2025-11-17 11:00:00,False,2025-11-17 16:00:00,2025-11-17 10:00:00,672.82,11:30,5660934.0,21593303.0,0.00341844772747546,0.0026410575343422155,14.0,671.93,674.5969563302563,670.1553942109495,True,670.52,671.6357489502648,674.5969563302563,670.1553942109495
2025-11-17 11:30:00,673.0,3662712,2025-11-17,2025-11-17 12:00:00,673.0,2025-11-17 11:30:00,False,2025-11-17 16:00:00,2025-11-17 10:00:00,672.82,12:00,3662712.0,25256015.0,0.0002675306917154785,0.0033644667847179915,14.0,671.93,675.0836805420939,669.6693138333444,True,673.0,671.8335972129807,675.0836805420939,669.6693138333444
2025-11-17 12:00:00,672.39,2096318,2025-11-17,2025-11-17 12:30:00,672.39,2025-11-17 12:00:00,False,2025-11-17 16:00:00,2025-11-17 10:00:00,672.82,12:30,2096318.0,27352333.0,0.000639101096875927,0.0028984297388204372,14.0,671.93,674.7701214968732,669.9824581055943,True,672.39,671.8762406385956,674.7701214968732,669.9824581055943
2025-11-17 12:30:00,669.233,3117844,2025-11-17,2025-11-17 13:00:00,669.233,2025-11-17 12:30:00,False,2025-11-17 16:00:00,2025-11-17 10:00:00,672.82,13:00,3117844.0,30470177.0,0.005331292173241131,0.0032565900398565345,14.0,671.93,675.0110989106163,669.7417994545191,True,669.233,671.6057725029625,675.0110989106163,669.7417994545191
2025-11-17 13:00:00,668.64,3146641,2025-11-17,2025-11-17 13:30:00,668.64,2025-11-17 13:00:00,False,2025-11-17 16:00:00,2025-11-17 10:00:00,672.82,13:30,3146641.0,33616818.0,0.006212657174281433,0.0034904751890522507,14.0,671.93,675.1684615166982,669.5846450062201,True,668.64,671.3281667713761,675.1684615166982,669.5846450062201
2025-11-17 13:30:00,666.5222,3739115,2025-11-17,2025-11-17 14:00:00,666.5222,2025-11-17 13:30:00,False,2025-11-17 16:00:00,2025-11-17 10:00:00,672.82,14:00,3739115.0,37355933.0,0.00936030439047597,0.003366006910071146,14.0,671.93,675.0847167692341,669.6682789769159,True,666.5222,670.8471170156558,675.0847167692341,669.6682789769159
2025-11-17 14:00:00,665.77,5489532,2025-11-17,2025-11-17 14:30:00,665.77,2025-11-17 14:00:00,False,2025-11-17 16:00:00,2025-11-17 10:00:00,672.82,14:30,5489532.0,42845465.0,0.010478285425522538,0.0032196000112229084,14.0,671.93,674.9862112795511,669.7666541644589,True,665.77,670.196616517524,674.9862112795511,669.7666541644589
2025-11-17 14:30:00,662.56,6041038,2025-11-17,2025-11-17 15:00:00,662.56,2025-11-17 14:30:00,False,2025-11-17 16:00:00,2025-11-17 10:00:00,672.82,15:00,6041038.0,48886503.0,0.01524924942778172,0.004290761303847931,14.0,671.93,675.706910020455,669.0469087571054,True,662.56,669.2529390658195,675.706910020455,669.0469087571054
2025-11-17 15:00:00,663.88,7345725,2025-11-17,2025-11-17 15:30:00,663.88,2025-11-17 15:00:00,False,2025-11-17 16:00:00,2025-11-17 10:00:00,672.82,15:30,7345725.0,56232228.0,0.013287357688534951,0.003935279749664423,14.0,671.93,675.4677349211693,669.2857674778079,True,663.88,668.5510616154139,675.4677349211693,668.5510616154139
2025-11-17 15:30:00,665.67,14357186,2025-11-17,2025-11-17 16:00:00,665.67,2025-11-17 16:00:00,True,2025-11-17 16:00:00,2025-11-17 10:00:00,672.82,16:00,14357186.0,70589414.0,0.010626913587586717,0.004088022129531862,14.0,671.93,675.5705030491916,669.1831352905036,True,665.67,667.9650822858509,675.5705030491916,667.9650822858509
2025-11-18 09:30:00,658.56,14880890,2025-11-18,2025-11-18 10:00:00,658.56,2025-11-18 09:30:00,False,2025-11-18 16:00:00,2025-11-18 10:00:00,658.56,10:00,14880890.0,14880890.0,0.0,0.0,14.0,665.67,665.67,658.56,True,658.56,658.56,665.67,658.56
2025-11-18 10:00:00,659.1,10907580,2025-11-18,2025-11-18 10:30:00,659.1,2025-11-18 10:00:00,False,2025-11-18 16:00:00,2025-11-18 10:00:00,658.56,10:30,10907580.0,25788470.0,0.0008199708454812438,0.0010891477641965044,14.0,665.67,666.3950129921927,657.8427308484106,True,659.1,658.7884002579448,666.3950129921927,657.8427308484106
2025-11-18 10:30:00,657.11,6850688,2025-11-18,2025-11-18 11:00:00,657.11,2025-11-18 10:30:00,False,2025-11-18 16:00:00,2025-11-18 10:00:00,658.56,11:00,6850688.0,32639158.0,0.002201773566569365,0.0024915496366272566,14.0,665.67,667.3285498466137,656.9191650713027,True,657.11,658.4361179929948,667.3285498466137,656.9191650713027
2025-11-18 11:00:00,661.48,7440123,2025-11-18,2025-11-18 11:30:00,661.48,2025-11-18 11:00:00,False,2025-11-18 16:00:00,2025-11-18 10:00:00,658.56,11:30,7440123.0,40079281.0,0.004433916423712381,0.002863357873309626,14.0,665.67,667.576051435526,656.6743070389532,True,661.48,659.0011694601009,667.576051435526,656.6743070389532
2025-11-18 11:30:00,661.1699,5094226,2025-11-18,2025-11-18 12:00:00,661.1699,2025-11-18 11:30:00,False,2025-11-18 16:00:00,2025-11-18 10:00:00,658.56,12:00,5094226.0,45173507.0,0.003963040573372156,0.0033684722993030775,14.0,665.67,667.912290955477,656.341658882571,True,661.1699,659.2457376647202,667.912290955477,656.341658882571
2025-11-18 12:00:00,658.57,3812004,2025-11-18,2025-11-18 12:30:00,658.57,2025-11-18 12:00:00,False,2025-11-18 16:00:00,2025-11-18 10:00:00,658.56,12:30,3812004.0,48985511.0,1.5184645286936416e-05,0.0028972058913628623,14.0,665.67,667.5985830457034,656.652016088184,True,658.57,659.1931524282231,667.5985830457034,656.652016088184
2025-11-18 12:30:00,663.75,5761666,2025-11-18,2025-11-18 13:00:00,663.75,2025-11-18 12:30:00,False,2025-11-18 16:00:00,2025-11-18 10:00:00,658.56,13:00,5761666.0,54747177.0,0.007880830903790104,0.0035186493449512746,14.0,665.67,668.0122593094537,656.2427582873888,True,663.75,659.6727211504879,668.0122593094537,656.2427582873888
2025-11-18 13:00:00,663.47,3933508,2025-11-18,2025-11-18 13:30:00,663.47,2025-11-18 13:00:00,False,2025-11-18 16:00:00,2025-11-18 10:00:00,658.56,13:30,3933508.0,58680685.0,0.0074556608357629894,0.0038040310663258908,14.0,665.67,668.2022293599211,656.0548173009604,True,663.47,659.9272619202962,668.2022293599211,656.0548173009604
2025-11-18 13:30:00,663.14,4562879,2025-11-18,2025-11-18 14:00:00,663.14,2025-11-18 13:30:00,False,2025-11-18 16:00:00,2025-11-18 10:00:00,658.56,14:00,4562879.0,63243564.0,0.006954567541302303,0.003837208771036945,14.0,665.67,668.2243147626161,656.0329677917458,True,663.14,660.1590536503825,668.2243147626161,656.0329677917458
2025-11-18 14:00:00,662.97,3556440,2025-11-18,2025-11-18 14:30:00,662.97,2025-11-18 14:00:00,False,2025-11-18 16:00:00,2025-11-18 10:00:00,658.56,14:30,3556440.0,66800004.0,0.006696428571428603,0.0037274294843853534,14.0,665.67,668.1512379848708,656.1052640387632,True,662.97,660.3087087617151,668.1512379848708,656.1052640387632
2025-11-18 14:30:00,664.4185,4679559,2025-11-18,2025-11-18 15:00:00,664.4185,2025-11-18 14:30:00,False,2025-11-18 16:00:00,2025-11-18 10:00:00,658.56,15:00,4679559.0,71479563.0,0.008895924441205239,0.005129999134867724,14.0,665.67,669.0848865241073,655.1815877697414,True,664.4185,660.5777648355083,669.0848865241073,655.1815877697414
2025-11-18 15:00:00,662.45,5473369,2025-11-18,2025-11-18 15:30:00,662.45,2025-11-18 15:00:00,False,2025-11-18 16:00:00,2025-11-18 10:00:00,658.56,15:30,5473369.0,76952932.0,0.00590682701652101,0.004575529638496033,14.0,665.67,668.7157928144576,655.546739201272,True,662.45,660.7109297928882,668.7157928144576,655.546739201272
2025-11-18 15:30:00,660.08,13809027,2025-11-18,2025-11-18 16:00:00,660.08,2025-11-18 16:00:00,True,2025-11-18 16:00:00,2025-11-18 10:00:00,658.56,16:00,13809027.0,90761959.0,0.0023080660835763656,0.004708548893961828,14.0,665.67,668.8043397422435,655.4591380403925,True,660.08,660.6149366406789,668.8043397422435,655.4591380403925
2025-11-19 09:30:00,665.85,8685680,2025-11-19,2025-11-19 10:00:00,665.85,2025-11-19 09:30:00,False,2025-11-19 16:00:00,2025-11-19 10:00:00,665.85,10:00,8685680.0,8685680.0,0.0,0.0,14.0,660.08,665.85,660.08,True,665.85,665.85,665.85,660.08
2025-11-19 10:00:00,666.32,7297990,2025-11-19,2025-11-19 10:30:00,666.32,2025-11-19 10:00:00,False,2025-11-19 16:00:00,2025-11-19 10:00:00,665.85,10:30,7297990.0,15983670.0,0.0007058646842381666,0.0010803942006268647,14.0,660.08,666.5693804784873,659.3668533960503,True,666.32,666.0645974798027,666.5693804784873,659.3668533960503
2025-11-19 10:30:00,662.79,5123602,2025-11-19,2025-11-19 11:00:00,662.79,2025-11-19 10:30:00,False,2025-11-19 16:00:00,2025-11-19 10:00:00,665.85,11:00,5123602.0,21107272.0,0.004595629646316879,0.002517798437497371,14.0,660.08,667.5264760896076,658.4180516073768,True,662.79,665.2697181511661,667.5264760896076,658.4180516073768
2025-11-19 11:00:00,661.86,5885206,2025-11-19,2025-11-19 11:30:00,661.86,2025-11-19 11:00:00,False,2025-11-19 16:00:00,2025-11-19 10:00:00,665.85,11:30,5885206.0,26992478.0,0.0059923406172561755,0.0030350629992188993,14.0,660.08,667.8708966980299,658.0766156154757,True,661.86,664.5262927523735,667.8708966980299,658.0766156154757
2025-11-19 11:30:00,662.47,4139582,2025-11-19,2025-11-19 12:00:00,662.47,2025-11-19 11:30:00,False,2025-11-19 16:00:00,2025-11-19 10:00:00,665.85,12:00,4139582.0,31132060.0,0.005076218367500163,0.003481685746176022,14.0,660.08,668.1682804540914,657.7818088726642,True,662.47,664.2528706767237,668.1682804540914,657.7818088726642
2025-11-19 12:00:00,661.16,4085293,2025-11-19,2025-11-19 12:30:00,661.16,2025-11-19 12:00:00,False,2025-11-19 16:00:00,2025-11-19 10:00:00,665.85,12:30,4085293.0,35217353.0,0.007043628444844963,0.002778145008539496,14.0,660.08,667.6998278539361,658.2462020427633,True,661.16,663.8940906478689,667.6998278539361,658.2462020427633
2025-11-19 12:30:00,661.3,5667995,2025-11-19,2025-11-19 13:00:00,661.3,2025-11-19 12:30:00,False,2025-11-19 16:00:00,2025-11-19 10:00:00,665.85,13:00,5667995.0,40885348.0,0.006833370879327227,0.0039704830371146615,14.0,660.08,668.4937461302627,657.4591635568614,True,661.3,663.5344681048085,668.4937461302627,657.4591635568614
2025-11-19 13:00:00,660.84,4084929,2025-11-19,2025-11-19 13:30:00,660.84,2025-11-19 13:00:00,False,2025-11-19 16:00:00,2025-11-19 10:00:00,665.85,13:30,4084929.0,44970277.0,0.0075242171660283574,0.004152217070076879,14.0,660.08,668.6147537361107,657.3392045563837,True,660.84,663.2897128656779,668.6147537361107,657.3392045563837
2025-11-19 13:30:00,662.69,4420012,2025-11-19,2025-11-19 14:00:00,662.69,2025-11-19 13:30:00,False,2025-11-19 16:00:00,2025-11-19 10:00:00,665.85,14:00,4420012.0,49390289.0,0.004745813621686468,0.0041817102458419865,14.0,660.08,668.6343917671938,657.3197367009246,True,662.69,663.2360436502001,668.6343917671938,657.3197367009246
2025-11-19 14:00:00,659.74,4305464,2025-11-19,2025-11-19 14:30:00,659.74,2025-11-19 14:00:00,False,2025-11-19 16:00:00,2025-11-19 10:00:00,665.85,14:30,4305464.0,53695753.0,0.009176240895096499,0.004040027879407183,14.0,660.08,668.5400525635033,657.413258397361,True,659.74,662.9557218512235,668.5400525635033,657.413258397361
2025-11-19 14:30:00,661.12,3835230,2025-11-19,2025-11-19 15:00:00,661.12,2025-11-19 14:30:00,False,2025-11-19 16:00:00,2025-11-19 10:00:00,665.85,15:00,3835230.0,57530983.0,0.007103702034992887,0.005400842859920215,14.0,660.08,669.4461512182778,656.5150116450238,True,661.12,662.833345782741,669.4461512182778,656.5150116450238
2025-11-19 15:00:00,663.52,4843473,2025-11-19,2025-11-19 15:30:00,663.52,2025-11-19 15:00:00,False,2025-11-19 16:00:00,2025-11-19 10:00:00,665.85,15:30,4843473.0,62374456.0,0.003499286626117093,0.004563472020823213,14.0,660.08,668.8885878450651,657.067743388495,True,663.52,662.8866655449467,668.8885878450651,657.067743388495
2025-11-19 15:30:00,662.63,9497011,2025-11-19,2025-11-19 16:00:00,662.63,2025-11-19 16:00:00,True,2025-11-19 16:00:00,2025-11-19 10:00:00,665.85,16:00,9497011.0,71871467.0,0.004835924006908465,0.004640369915890207,14.0,660.08,668.9397903084955,657.0169846259192,True,662.63,662.8527500621352,668.9397903084955,657.0169846259192
2025-11-20 09:30:00,675.1099,11128208,2025-11-20,2025-11-20 10:00:00,675.1099,2025-11-20 09:30:00,False,2025-11-20 16:00:00,2025-11-20 10:00:00,675.1099,10:00,11128208.0,11128208.0,0.0,0.0,14.0,662.63,675.1099,662.63,True,675.1099,675.1099,675.1099,662.63
2025-11-20 10:00:00,674.94,6610609,2025-11-20,2025-11-20 10:30:00,674.94,2025-11-20 10:00:00,False,2025-11-20 16:00:00,2025-11-20 10:00:00,675.1099,10:30,6610609.0,17738817.0,0.0002516627292830087,0.0009629421483196803,14.0,662.63,675.7599917774579,661.9919256442589,True,674.94,675.0465844773752,675.7599917774579,661.9919256442589
2025-11-20 10:30:00,672.67,4693231,2025-11-20,2025-11-20 11:00:00,672.67,2025-11-20 10:30:00,False,2025-11-20 16:00:00,2025-11-20 10:00:00,675.1099,11:00,4693231.0,22432048.0,0.003614078241187202,0.0027876677994010312,14.0,662.63,676.9918821292869,660.782807686083,True,672.67,674.5493556936576,676.9918821292869,660.782807686083
2025-11-20 11:00:00,667.68,11121366,2025-11-20,2025-11-20 11:30:00,667.68,2025-11-20 11:00:00,False,2025-11-20 16:00:00,2025-11-20 10:00:00,675.1099,11:30,11121366.0,33553414.0,0.011005467406121738,0.0034370204100284685,14.0,662.63,677.4302665053123,660.3525271657028,True,667.68,672.2724899519673,677.4302665053123,660.3525271657028
2025-11-20 11:30:00,659.75,15303407,2025-11-20,2025-11-20 12:00:00,659.75,2025-11-20 11:30:00,False,2025-11-20 16:00:00,2025-11-20 10:00:00,675.1099,12:00,15303407.0,48856821.0,0.02275170309308161,0.0036670177232638324,14.0,662.63,677.5855399684509,660.2001240460337,True,659.75,668.3500742796834,677.5855399684509,660.2001240460337
2025-11-20 12:00:00,658.38,15712958,2025-11-20,2025-11-20 12:30:00,658.38,2025-11-20 12:00:00,False,2025-11-20 16:00:00,2025-11-20 10:00:00,675.1099,12:30,15712958.0,64569779.0,0.024781002322732948,0.0032656211746317576,14.0,662.63,677.3145531846436,660.4661014410538,True,658.38,665.9238717923937,677.3145531846436,660.4661014410538
2025-11-20 12:30:00,657.0106,10500736,2025-11-20,2025-11-20 13:00:00,657.0106,2025-11-20 12:30:00,False,2025-11-20 16:00:00,2025-11-20 10:00:00,675.1099,13:00,10500736.0,75070515.0,0.026809412808196265,0.004391849644440837,14.0,662.63,678.0748811742735,659.7198286701041,True,657.0106,664.6770984888115,678.0748811742735,659.7198286701041
2025-11-20 13:00:00,659.44,9531009,2025-11-20,2025-11-20 13:30:00,659.44,2025-11-20 13:00:00,False,2025-11-20 16:00:00,2025-11-20 10:00:00,675.1099,13:30,9531009.0,84601524.0,0.023210887590301987,0.004614588426660634,14.0,662.63,678.2252543312641,659.5722352708418,True,659.44,664.087099272831,678.2252543312641,659.5722352708418
2025-11-20 13:30:00,655.08,6457565,2025-11-20,2025-11-20 14:00:00,655.08,2025-11-20 13:30:00,False,2025-11-20 16:00:00,2025-11-20 10:00:00,675.1099,14:00,6457565.0,91059089.0,0.029669095357659492,0.004450837590200207,14.0,662.63,678.1147045204362,659.6807414876057,True,655.08,663.4483499765828,678.1147045204362,659.6807414876057
2025-11-20 14:00:00,656.94,5844936,2025-11-20,2025-11-20 14:30:00,656.94,2025-11-20 14:00:00,False,2025-11-20 16:00:00,2025-11-20 10:00:00,675.1099,14:30,5844936.0,96904025.0,0.026913988374337228,0.004477554214834827,14.0,662.63,678.1327411782217,659.6630382506239,True,656.94,663.0557874480528,678.1327411782217,659.6630382506239
2025-11-20 14:30:00,658.07,5835598,2025-11-20,2025-11-20 15:00:00,658.07,2025-11-20 14:30:00,False,2025-11-20 16:00:00,2025-11-20 10:00:00,675.1099,15:00,5835598.0,102739623.0,0.025240186819953325,0.005626727422994019,14.0,662.63,678.9085593878648,658.9015616077015,True,658.07,662.772595331801,678.9085593878648,658.9015616077015
2025-11-20 15:00:00,656.21,6617920,2025-11-20,2025-11-20 15:30:00,656.21,2025-11-20 15:00:00,False,2025-11-20 16:00:00,2025-11-20 10:00:00,675.1099,15:30,6617920.0,109357543.0,0.02799529380327559,0.004423459957389004,14.0,662.63,678.0962216094869,659.6988827284354,True,656.21,662.3754509766263,678.0962216094869,659.6988827284354
2025-11-20 15:30:00,652.53,18537154,2025-11-20,2025-11-20 16:00:00,652.53,2025-11-20 16:00:00,True,2025-11-20 16:00:00,2025-11-20 10:00:00,675.1099,16:00,18537154.0,127894697.0,0.033446258157375675,0.004441515790636856,14.0,662.63,678.1084112812653,659.6869183916502,True,652.53,660.9484438744227,678.1084112812653,659.6869183916502
2025-11-21 09:30:00,654.83,11043132,2025-11-21,2025-11-21 10:00:00,654.83,2025-11-21 09:30:00,False,2025-11-21 16:00:00,2025-11-21 10:00:00,654.83,10:00,11043132.0,11043132.0,0.0,0.0,14.0,652.53,654.83,652.53,True,654.83,654.83,654.83,652.53
2025-11-21 10:00:00,652.96,8540855,2025-11-21,2025-11-21 10:30:00,652.96,2025-11-21 10:00:00,False,2025-11-21 16:00:00,2025-11-21 10:00:00,654.83,10:30,8540855.0,19583987.0,0.0028557030068873113,0.0009485241476092564,14.0,652.53,655.451122067579,651.9110595379605,True,652.96,654.0144664291291,655.451122067579,651.9110595379605
2025-11-21 10:30:00,653.01,7367896,2025-11-21,2025-11-21 11:00:00,653.01,2025-11-21 10:30:00,False,2025-11-21 16:00:00,2025-11-21 10:00:00,654.83,11:00,7367896.0,26951883.0,0.0027793473115160783,0.0029486345153653193,14.0,652.53,656.7608543396967,650.6059275196886,True,653.01,653.7398732147954,656.7608543396967,650.6059275196886
2025-11-21 11:00:00,655.875,4818814,2025-11-21,2025-11-21 11:30:00,655.875,2025-11-21 11:00:00,False,2025-11-21 16:00:00,2025-11-21 10:00:00,654.83,11:30,4818814.0,31770697.0,0.0015958340332604681,0.00420119141282422,14.0,652.53,657.5810661728597,649.7885965673897,True,655.875,654.0637181352993,657.5810661728597,649.7885965673897
2025-11-21 11:30:00,660.82,6699364,2025-11-21,2025-11-21 12:00:00,660.82,2025-11-21 11:30:00,False,2025-11-21 16:00:00,2025-11-21 10:00:00,654.83,12:00,6699364.0,38470061.0,0.00914741230548377,0.005136439612066612,14.0,652.53,658.1934947511696,649.1783190599382,True,660.82,655.2402900023997,658.1934947511696,649.1783190599382
2025-11-21 12:00:00,660.52,6067053,2025-11-21,2025-11-21 12:30:00,660.52,2025-11-21 12:00:00,False,2025-11-21 16:00:00,2025-11-21 10:00:00,654.83,12:30,6067053.0,44537114.0,0.008689278133255929,0.0048496890281385695,14.0,652.53,658.0057218662961,649.3654324184687,True,660.52,655.9595166765857,658.0057218662961,649.3654324184687
2025-11-21 12:30:00,660.23,3669363,2025-11-21,2025-11-21 13:00:00,660.23,2025-11-21 12:30:00,False,2025-11-21 16:00:00,2025-11-21 10:00:00,654.83,13:00,3669363.0,48206477.0,0.008246415100102267,0.00597398640160591,14.0,652.53,658.7419455153637,648.6317946533601,True,660.23,656.2845757656175,658.7419455153637,648.6317946533601
2025-11-21 13:00:00,658.13,4654852,2025-11-21,2025-11-21 13:30:00,658.13,2025-11-21 13:00:00,False,2025-11-21 16:00:00,2025-11-21 10:00:00,654.83,13:30,4654852.0,52861329.0,0.0050394758945069285,0.005879602190138167,14.0,652.53,658.6801399021682,648.6933831828691,True,658.13,656.4470797520055,658.6801399021682,648.6933831828691
2025-11-21 13:30:00,662.29,6028615,2025-11-21,2025-11-21 14:00:00,662.29,2025-11-21 13:30:00,False,2025-11-21 16:00:00,2025-11-21 10:00:00,654.83,14:00,6028615.0,58889944.0,0.011392269749400441,0.00628784503366533,14.0,652.53,658.9474695633952,648.4269924801823,True,662.29,657.0452246008249,658.9474695633952,648.4269924801823
2025-11-21 14:00:00,664.23,4637597,2025-11-21,2025-11-21 14:30:00,664.23,2025-11-21 14:00:00,False,2025-11-21 16:00:00,2025-11-21 10:00:00,654.83,14:30,4637597.0,63527541.0,0.01435487072980779,0.006269152358274878,14.0,652.53,658.9352290387692,648.4391900116549,True,664.23,657.5697229886484,658.9352290387692,648.4391900116549
2025-11-21 14:30:00,661.67,4758770,2025-11-21,2025-11-21 15:00:00,661.67,2025-11-21 14:30:00,False,2025-11-21 16:00:00,2025-11-21 10:00:00,654.83,15:00,4758770.0,68286311.0,0.010445459126796175,0.007329281285787962,14.0,652.53,659.6294332643726,647.7474240825848,True,661.67,657.85546510808,659.6294332643726,647.7474240825848
2025-11-21 15:00:00,659.44,4792389,2025-11-21,2025-11-21 15:30:00,659.44,2025-11-21 15:00:00,False,2025-11-21 16:00:00,2025-11-21 10:00:00,654.83,15:30,4792389.0,73078700.0,0.007039995113235609,0.006367740664122641,14.0,652.53,658.9997876190876,648.3748581844401,True,659.44,657.9593764746774,658.9997876190876,648.3748581844401
2025-11-21 15:30:00,659.03,14373103,2025-11-21,2025-11-21 16:00:00,659.0,2025-11-21 16:00:00,True,2025-11-21 16:00:00,2025-11-21 10:00:00,654.83,16:00,14373103.0,87451803.0,0.006413878411190677,0.006674834469746356,14.0,652.53,659.200881855824,648.1744702634563,True,659.0,658.1304077010282,659.200881855824,648.1744702634563
2025-11-24 09:30:00,664.22,8193853,2025-11-24,2025-11-24 10:00:00,664.22,2025-11-24 09:30:00,False,2025-11-24 16:00:00,2025-11-24 10:00:00,664.22,10:00,8193853.0,8193853.0,0.0,0.0,14.0,659.03,664.22,659.03,True,664.22,664.22,664.22,659.03
2025-11-24 10:00:00,665.435,5717053,2025-11-24,2025-11-24 10:30:00,665.435,2025-11-24 10:00:00,False,2025-11-24 16:00:00,2025-11-24 10:00:00,664.22,10:30,5717053.0,13910906.0,0.0018292132124897442,0.000929579063452725,14.0,659.03,664.8374450055265,658.4173795098127,True,665.435,664.7193362326652,664.8374450055265,658.4173795098127
2025-11-24 10:30:00,666.6771,3995140,2025-11-24,2025-11-24 11:00:00,666.6771,2025-11-24 10:30:00,False,2025-11-24 16:00:00,2025-11-24 10:00:00,664.22,11:00,3995140.0,17906046.0,0.003699226160007285,0.0031366939052582333,14.0,659.03,666.3034548257506,656.9628246156176,True,666.6771,665.1561462541199,666.3034548257506,656.9628246156176
2025-11-24 11:00:00,667.91,3698517,2025-11-24,2025-11-24 11:30:00,667.91,2025-11-24 11:00:00,False,2025-11-24 16:00:00,2025-11-24 10:00:00,664.22,11:30,3698517.0,21604563.0,0.005555388274969042,0.004265992093116257,14.0,659.03,667.0535572680898,656.2185832308735,True,667.91,665.6275825379573,667.0535572680898,656.2185832308735
2025-11-24 11:30:00,667.48,2464983,2025-11-24,2025-11-24 12:00:00,667.48,2025-11-24 11:30:00,False,2025-11-24 16:00:00,2025-11-24 10:00:00,664.22,12:00,2464983.0,24069546.0,0.004908012405528295,0.005694590900855516,14.0,659.03,668.0024611681662,655.2770937586091,True,667.48,665.8172902105839,668.0024611681662,655.2770937586091
2025-11-24 12:00:00,668.21,2205127,2025-11-24,2025-11-24 12:30:00,668.21,2025-11-24 12:00:00,False,2025-11-24 16:00:00,2025-11-24 10:00:00,664.22,12:30,2205127.0,26274673.0,0.00600704585829992,0.0054457580194721454,14.0,659.03,667.8371813916939,655.4410820924272,True,668.21,666.0181006625277,667.8371813916939,655.4410820924272
2025-11-24 12:30:00,669.1,2522911,2025-11-24,2025-11-24 13:00:00,669.1,2025-11-24 12:30:00,False,2025-11-24 16:00:00,2025-11-24 10:00:00,664.22,13:00,2522911.0,28797584.0,0.007346963355514768,0.006423302720345049,14.0,659.03,668.4864861329077,654.7968508082109,True,669.1,666.2881010118418,668.4864861329077,654.7968508082109
2025-11-24 13:00:00,669.15,2196681,2025-11-24,2025-11-24 13:30:00,669.15,2025-11-24 13:00:00,False,2025-11-24 16:00:00,2025-11-24 10:00:00,664.22,13:30,2196681.0,30994265.0,0.007422239619403026,0.006122352071619279,14.0,659.03,668.286588693011,654.9951863142408,True,669.15,666.4909346370691,668.286588693011,654.9951863142408
2025-11-24 13:30:00,669.23,1713978,2025-11-24,2025-11-24 14:00:00,669.23,2025-11-24 13:30:00,False,2025-11-24 16:00:00,2025-11-24 10:00:00,664.22,14:00,1713978.0,32708243.0,0.00754268164162486,0.006965528152251147,14.0,659.03,668.8466431092883,654.4395079818219,True,669.23,666.6344671946763,668.8466431092883,654.4395079818219
2025-11-24 14:00:00,668.96,2426362,2025-11-24,2025-11-24 14:30:00,668.96,2025-11-24 14:00:00,False,2025-11-24 16:00:00,2025-11-24 10:00:00,664.22,14:30,2426362.0,35134605.0,0.007136189816627114,0.00721802945769094,14.0,659.03,669.0143595263875,654.2731020464979,True,668.96,666.7950662516058,669.0143595263875,654.2731020464979
2025-11-24 14:30:00,668.36,3823076,2025-11-24,2025-11-24 15:00:00,668.36,2025-11-24 14:30:00,False,2025-11-24 16:00:00,2025-11-24 10:00:00,664.22,15:00,3823076.0,38957681.0,0.006232874649965359,0.007975964037441592,14.0,659.03,669.5177948329494,653.7736004204048,True,668.36,666.9486395778794,669.5177948329494,653.7736004204048
2025-11-24 15:00:00,668.92,3361335,2025-11-24,2025-11-24 15:30:00,668.92,2025-11-24 15:00:00,False,2025-11-24 16:00:00,2025-11-24 10:00:00,664.22,15:30,3361335.0,42319016.0,0.007075968805516197,0.0068067584076828,14.0,659.03,668.7411850695511,654.5441420065848,True,668.92,667.105221734338,668.7411850695511,654.5441420065848
2025-11-24 15:30:00,668.73,14041883,2025-11-24,2025-11-24 16:00:00,668.67,2025-11-24 16:00:00,True,2025-11-24 16:00:00,2025-11-24 10:00:00,664.22,16:00,14041883.0,56360899.0,0.0067899190027400635,0.007047152213779574,14.0,659.03,668.9008594434367,654.3857152765528,True,668.67,667.4950741624792,668.9008594434367,654.3857152765528
2025-11-25 09:30:00,668.81,10075047,2025-11-25,2025-11-25 10:00:00,668.81,2025-11-25 09:30:00,False,2025-11-25 16:00:00,2025-11-25 10:00:00,668.81,10:00,10075047.0,10075047.0,0.0,0.0,14.0,668.73,668.81,668.73,True,668.81,668.81,668.81,668.73
2025-11-25 10:00:00,668.46,6537845,2025-11-25,2025-11-25 10:30:00,668.46,2025-11-25 10:00:00,False,2025-11-25 16:00:00,2025-11-25 10:00:00,668.81,10:30,6537845.0,16612892.0,0.0005233175341275986,0.0010139369564401343,14.0,668.73,669.4881311758367,668.0519499391198,True,668.46,668.6722608423627,669.4881311758367,668.0519499391198
2025-11-25 10:30:00,669.54,5367606,2025-11-25,2025-11-25 11:00:00,669.54,2025-11-25 10:30:00,False,2025-11-25 16:00:00,2025-11-25 10:00:00,668.81,11:00,5367606.0,21980498.0,0.0010914908568950832,0.003330421777702565,14.0,668.73,671.0374193891453,666.5028470445969,True,669.54,668.8841614967049,671.0374193891453,666.5028470445969
2025-11-25 11:00:00,670.62,3772418,2025-11-25,2025-11-25 11:30:00,670.62,2025-11-25 11:00:00,False,2025-11-25 16:00:00,2025-11-25 10:00:00,668.81,11:30,3772418.0,25752916.0,0.002706299247918098,0.004594407528027549,14.0,668.73,671.88278569882,665.6575818537822,True,670.62,669.1384359413901,671.88278569882,665.6575818537822
2025-11-25 11:30:00,671.7506,2988349,2025-11-25,2025-11-25 12:00:00,671.7506,2025-11-25 11:30:00,False,2025-11-25 16:00:00,2025-11-25 10:00:00,668.81,12:00,2988349.0,28741265.0,0.004396764402446074,0.00597466064797992,14.0,668.73,672.8059127879754,664.7345651848764,True,671.7506,669.4100335155532,672.8059127879754,664.7345651848764
2025-11-25 12:00:00,673.33,4137887,2025-11-25,2025-11-25 12:30:00,673.33,2025-11-25 12:00:00,False,2025-11-25 16:00:00,2025-11-25 10:00:00,668.81,12:30,4137887.0,32879152.0,0.006758272155021672,0.00567910917788343,14.0,668.73,672.6082450092601,664.932209319474,True,673.33,669.9033667486133,672.6082450092601,664.932209319474
2025-11-25 12:30:00,673.331,3204484,2025-11-25,2025-11-25 13:00:00,673.331,2025-11-25 12:30:00,False,2025-11-25 16:00:00,2025-11-25 10:00:00,668.81,13:00,3204484.0,36083636.0,0.006759767347976453,0.006645030004388676,14.0,668.73,673.2542625172352,664.2862690851651,True,673.331,670.2077650058159,673.2542625172352,664.2862690851651
2025-11-25 13:00:00,674.04,2817500,2025-11-25,2025-11-25 13:30:00,674.04,2025-11-25 13:00:00,False,2025-11-25 16:00:00,2025-11-25 10:00:00,668.81,13:30,2817500.0,38901136.0,0.007819859152823794,0.0062757968327156344,14.0,668.73,673.0073156796885,664.5331863840581,True,674.04,670.4853230209884,673.0073156796885,664.5331863840581
2025-11-25 13:30:00,673.82,2272627,2025-11-25,2025-11-25 14:00:00,673.82,2025-11-25 13:30:00,False,2025-11-25 16:00:00,2025-11-25 10:00:00,668.81,14:00,2272627.0,41173763.0,0.007490916702800554,0.007218071747917347,14.0,668.73,673.6375185657246,663.9030588800152,True,673.82,670.6693838496957,673.6375185657246,663.9030588800152
2025-11-25 14:00:00,673.34,3322590,2025-11-25,2025-11-25 14:30:00,673.34,2025-11-25 14:00:00,False,2025-11-25 16:00:00,2025-11-25 10:00:00,668.81,14:30,3322590.0,44496353.0,0.006773224084568152,0.007457322079915721,14.0,668.73,673.7975315802684,663.743065005498,True,673.34,670.8688015978163,673.7975315802684,663.743065005498
2025-11-25 14:30:00,674.0,3399604,2025-11-25,2025-11-25 15:00:00,674.0,2025-11-25 14:30:00,False,2025-11-25 16:00:00,2025-11-25 10:00:00,668.81,15:00,3399604.0,47895957.0,0.007760051434637649,0.00804498029642768,14.0,668.73,674.1905632720537,663.35008032637,True,674.0,671.0910507244567,674.1905632720537,663.35008032637
2025-11-25 15:00:00,674.52,4217875,2025-11-25,2025-11-25 15:30:00,674.52,2025-11-25 15:00:00,False,2025-11-25 16:00:00,2025-11-25 10:00:00,668.81,15:30,4217875.0,52113832.0,0.008537551771056195,0.007015968739485187,14.0,668.73,673.5023500526551,664.0382112248441,True,674.52,671.3685754980252,673.5023500526551,664.0382112248441
2025-11-25 15:30:00,675.02,10452618,2025-11-25,2025-11-25 16:00:00,675.02,2025-11-25 16:00:00,True,2025-11-25 16:00:00,2025-11-25 10:00:00,668.81,16:00,10452618.0,62566450.0,0.009285148248381558,0.007157535770798267,14.0,668.73,673.5970314988675,663.9435411039941,True,675.02,671.978598049648,673.5970314988675,663.9435411039941
2025-11-26 09:30:00,677.18,7001221,2025-11-26,2025-11-26 10:00:00,677.18,2025-11-26 09:30:00,False,2025-11-26 16:00:00,2025-11-26 10:00:00,677.18,10:00,7001221.0,7001221.0,0.0,0.0,14.0,675.02,677.18,675.02,True,677.18,677.18,677.18,675.02
2025-11-26 10:00:00,678.2,4053965,2025-11-26,2025-11-26 10:30:00,678.2,2025-11-26 10:00:00,False,2025-11-26 16:00:00,2025-11-26 10:00:00,677.18,10:30,4053965.0,11055186.0,0.0015062464928086161,0.0010260013393641465,14.0,675.02,677.8747875869906,674.3274285759024,True,678.2,677.5540366105101,677.8747875869906,674.3274285759024
2025-11-26 10:30:00,679.59,2992341,2025-11-26,2025-11-26 11:00:00,679.59,2025-11-26 10:30:00,False,2025-11-26 16:00:00,2025-11-26 10:00:00,677.18,11:00,2992341.0,14047527.0,0.003558876517322007,0.003336658327668242,14.0,675.02,679.4395182863303,672.7676888956573,True,679.59,677.9877283716913,679.4395182863303,672.7676888956573
2025-11-26 11:00:00,680.64,3215330,2025-11-26,2025-11-26 11:30:00,680.64,2025-11-26 11:00:00,False,2025-11-26 16:00:00,2025-11-26 10:00:00,677.18,11:30,3215330.0,17262857.0,0.0051094243775657855,0.004664301842571129,14.0,675.02,680.3385719217523,671.8715029702277,True,680.64,678.4817328423678,680.3385719217523,671.8715029702277
2025-11-26 11:30:00,681.4086,3385408,2025-11-26,2025-11-26 12:00:00,681.4086,2025-11-26 11:30:00,False,2025-11-26 16:00:00,2025-11-26 10:00:00,677.18,12:00,3385408.0,20648265.0,0.006244425411264354,0.0060568469053244945,14.0,675.02,681.2815755873477,670.9315072019679,True,681.4086,678.9616104248371,681.2815755873477,670.9315072019679
2025-11-26 12:00:00,680.97,2483390,2025-11-26,2025-11-26 12:30:00,680.97,2025-11-26 12:00:00,False,2025-11-26 16:00:00,2025-11-26 10:00:00,677.18,12:30,2483390.0,23131655.0,0.005596739419356789,0.0058601777801141385,14.0,675.02,681.1483951891377,671.0642627948673,True,680.97,679.1772290040984,681.1483951891377,671.0642627948673
2025-11-26 12:30:00,681.09,2183488,2025-11-26,2025-11-26 13:00:00,681.09,2025-11-26 12:30:00,False,2025-11-26 16:00:00,2025-11-26 10:00:00,677.18,13:00,2183488.0,25315143.0,0.005773944889098992,0.006808474049356195,14.0,675.02,681.7905624567429,670.4241438472036,True,681.09,679.3422098029943,681.7905624567429,670.4241438472036
2025-11-26 13:00:00,681.07,3424580,2025-11-26,2025-11-26 13:30:00,681.07,2025-11-26 13:00:00,False,2025-11-26 16:00:00,2025-11-26 10:00:00,677.18,13:30,3424580.0,28739723.0,0.005744410644141995,0.006495764178172008,14.0,675.02,681.5788015861744,670.6352292644503,True,681.07,679.5480905539278,681.5788015861744,670.6352292644503
2025-11-26 13:30:00,680.3847,2767456,2025-11-26,2025-11-26 14:00:00,680.3847,2025-11-26 13:30:00,False,2025-11-26 16:00:00,2025-11-26 10:00:00,677.18,14:00,2767456.0,31507179.0,0.004732419740689275,0.007391864788242243,14.0,675.02,682.1856229973018,670.0303434306406,True,680.3847,679.6215747535506,682.1856229973018,670.0303434306406
2025-11-26 14:00:00,681.23,2989060,2025-11-26,2025-11-26 14:30:00,681.23,2025-11-26 14:00:00,False,2025-11-26 16:00:00,2025-11-26 10:00:00,677.18,14:30,2989060.0,34496239.0,0.005980684603798192,0.007621516358346213,14.0,675.02,682.3411384475448,669.8753240277891,True,681.23,679.7609429776388,682.3411384475448,669.8753240277891
2025-11-26 14:30:00,680.88,3198195,2025-11-26,2025-11-26 15:00:00,680.88,2025-11-26 14:30:00,False,2025-11-26 16:00:00,2025-11-26 10:00:00,677.18,15:00,3198195.0,37694434.0,0.005463835317050192,0.008278080027661403,14.0,675.02,682.7857502331317,669.432130419728,True,680.88,679.8558896897616,682.7857502331317,669.432130419728
2025-11-26 15:00:00,681.205,3981080,2025-11-26,2025-11-26 15:30:00,681.205,2025-11-26 15:00:00,False,2025-11-26 16:00:00,2025-11-26 10:00:00,677.18,15:30,3981080.0,41675514.0,0.00594376679760189,0.007352598065820852,14.0,675.02,682.1590323582126,670.0568492536096,True,681.205,679.9847643108133,682.1590323582126,670.0568492536096
2025-11-26 15:30:00,679.68,10852250,2025-11-26,2025-11-26 16:00:00,679.7,2025-11-26 16:00:00,True,2025-11-26 16:00:00,2025-11-26 10:00:00,677.18,16:00,10852250.0,52527764.0,0.003691780619628382,0.00777751343407299,14.0,675.02,682.4467765472855,669.7700228817321,True,679.7,679.9259319285321,682.4467765472855,669.7700228817321
2025-11-28 09:30:00,681.265,4362583,2025-11-28,2025-11-28 10:00:00,681.265,2025-11-28 09:30:00,False,2025-11-28 13:00:00,2025-11-28 10:00:00,681.265,10:00,4362583.0,4362583.0,0.0,0.0,14.0,679.68,681.265,679.68,True,681.265,681.265,681.265,679.68
2025-11-28 10:00:00,681.695,3602503,2025-11-28,2025-11-28 10:30:00,681.695,2025-11-28 10:00:00,False,2025-11-28 13:00:00,2025-11-28 10:00:00,681.265,10:30,3602503.0,7965086.0,0.0006311787630364218,0.0010742475958391365,14.0,679.68,681.9968472883794,678.94985539406,True,681.695,681.4594833100358,681.9968472883794,678.94985539406
2025-11-28 10:30:00,682.47,3250550,2025-11-28,2025-11-28 11:00:00,682.47,2025-11-28 10:30:00,False,2025-11-28 13:00:00,2025-11-28 10:00:00,681.265,11:00,3250550.0,11215636.0,0.0017687683940905696,0.00325812035533691,14.0,679.68,683.4846433638786,677.4655207568845,True,682.47,681.7523543542247,683.4846433638786,677.4655207568845
2025-11-28 11:00:00,682.1499,3453564,2025-11-28,2025-11-28 11:30:00,682.1499,2025-11-28 11:00:00,False,2025-11-28 13:00:00,2025-11-28 10:00:00,681.265,11:30,3453564.0,14669200.0,0.0012989071800253438,0.004742084065350102,14.0,679.68,684.4956159007806,676.4569003024627,True,682.1499,681.845948369618,684.4956159007806,676.4569003024627
2025-11-28 11:30:00,682.72,3460775,2025-11-28,2025-11-28 12:00:00,682.72,2025-11-28 11:30:00,False,2025-11-28 13:00:00,2025-11-28 10:00:00,681.265,12:00,3460775.0,18129975.0,0.002135732791204603,0.006014359059834313,14.0,679.68,685.3623723248979,675.5921604342118,True,682.72,682.0127933890477,685.3623723248979,675.5921604342118
2025-11-28 12:00:00,682.22,3330290,2025-11-28,2025-11-28 12:30:00,682.22,2025-11-28 12:00:00,False,2025-11-28 13:00:00,2025-11-28 10:00:00,681.265,12:30,3330290.0,21460265.0,0.001401803996976314,0.0057820235742601245,14.0,679.68,685.2040902903183,675.7500742170469,True,682.22,682.0449485420427,685.2040902903183,675.7500742170469
2025-11-28 12:30:00,683.39,10363832,2025-11-28,2025-11-28 13:00:00,683.39,2025-11-28 13:00:00,True,2025-11-28 13:00:00,2025-11-28 10:00:00,681.265,13:00,10363832.0,31824097.0,0.003119197375470728,0.006901931248641667,14.0,679.68,685.9670441921058,674.9888953689232,True,683.39,682.4829778549129,685.9670441921058,674.9888953689232
2025-12-01 09:30:00,681.55,6398375,2025-12-01,2025-12-01 10:00:00,681.55,2025-12-01 09:30:00,False,2025-12-01 16:00:00,2025-12-01 10:00:00,681.55,10:00,6398375.0,6398375.0,0.0,0.0,14.0,683.39,683.39,681.55,True,681.55,681.55,683.39,681.55
2025-12-01 10:00:00,679.675,3953647,2025-12-01,2025-12-01 10:30:00,679.675,2025-12-01 10:00:00,False,2025-12-01 16:00:00,2025-12-01 10:00:00,681.55,10:30,3953647.0,10352022.0,0.0027510820922895807,0.0010694863141838223,14.0,683.39,684.12087625225,680.821091602568,True,679.675,680.8338995005034,684.12087625225,680.821091602568
2025-12-01 10:30:00,681.73,3181322,2025-12-01,2025-12-01 11:00:00,681.73,2025-12-01 10:30:00,False,2025-12-01 16:00:00,2025-12-01 10:00:00,681.55,11:00,3181322.0,13533344.0,0.00026410388085995606,0.003064485138011719,14.0,683.39,685.4842384984659,679.461400154188,True,681.73,681.04454841575,685.4842384984659,679.461400154188
2025-12-01 11:00:00,681.11,1802813,2025-12-01,2025-12-01 11:30:00,681.11,2025-12-01 11:00:00,False,2025-12-01 16:00:00,2025-12-01 10:00:00,681.55,11:30,1802813.0,15336157.0,0.0006455872643238436,0.004450570585618342,14.0,683.39,686.4314754325057,678.5167136173718,True,681.11,681.052242453243,686.4314754325057,678.5167136173718
2025-12-01 11:30:00,681.93,1954095,2025-12-01,2025-12-01 12:00:00,681.93,2025-12-01 11:30:00,False,2025-12-01 16:00:00,2025-12-01 10:00:00,681.55,12:00,1954095.0,17290252.0,0.000557552637370673,0.005704366795719221,14.0,683.39,687.2883072245265,677.6621888103775,True,681.93,681.1514441093744,687.2883072245265,677.6621888103775
2025-12-01 12:00:00,682.01,1516606,2025-12-01,2025-12-01 12:30:00,682.01,2025-12-01 12:00:00,False,2025-12-01 16:00:00,2025-12-01 10:00:00,681.55,12:30,1516606.0,18806858.0,0.0006749321399750485,0.0055771838552777,14.0,683.39,687.2013916748582,677.7488703434354,True,682.01,681.2206790137407,687.2013916748582,677.7488703434354
2025-12-01 12:30:00,682.005,1374588,2025-12-01,2025-12-01 13:00:00,682.005,2025-12-01 12:30:00,False,2025-12-01 16:00:00,2025-12-01 10:00:00,681.55,13:00,1374588.0,20181446.0,0.0006675959210622473,0.006868000045603133,14.0,683.39,688.0835225511647,676.8691145689191,True,682.005,681.2741002708627,688.0835225511647,676.8691145689191
2025-12-01 13:00:00,682.49,1345902,2025-12-01,2025-12-01 13:30:00,682.49,2025-12-01 13:00:00,False,2025-12-01 16:00:00,2025-12-01 10:00:00,681.55,13:30,1345902.0,21527348.0,0.001379209155601302,0.006962906700266549,13.0,683.39,688.1483808098951,676.8044309384333,True,682.49,681.3501190111759,688.1483808098951,676.8044309384333
2025-12-01 13:30:00,682.815,1582845,2025-12-01,2025-12-01 14:00:00,682.815,2025-12-01 13:30:00,False,2025-12-01 16:00:00,2025-12-01 10:00:00,681.55,14:00,1582845.0,23110193.0,0.0018560633849316055,0.007922175125246135,13.0,683.39,688.8039352588419,676.1506415433885,True,682.815,681.4504504774148,688.8039352588419,676.1506415433885
2025-12-01 14:00:00,680.49,3145771,2025-12-01,2025-12-01 14:30:00,680.49,2025-12-01 14:00:00,False,2025-12-01 16:00:00,2025-12-01 10:00:00,681.55,14:30,3145771.0,26255964.0,0.0015552784095076433,0.008569984227197817,13.0,683.39,689.2466415210247,675.7091272499533,True,680.49,681.3353772978969,689.2466415210247,675.7091272499533
2025-12-01 14:30:00,680.14,3033602,2025-12-01,2025-12-01 15:00:00,680.14,2025-12-01 14:30:00,False,2025-12-01 16:00:00,2025-12-01 10:00:00,681.55,15:00,3033602.0,29289566.0,0.002068813733401731,0.008818772995006698,13.0,683.39,689.4166612770576,675.5395652652531,True,680.14,681.2115687388472,689.4166612770576,675.5395652652531
2025-12-01 15:00:00,680.765,2548565,2025-12-01,2025-12-01 15:30:00,680.765,2025-12-01 15:00:00,False,2025-12-01 16:00:00,2025-12-01 10:00:00,681.55,15:30,2548565.0,31838131.0,0.001151786369305241,0.007909216488686545,13.0,683.39,688.7950794562034,676.1594735021356,True,680.765,681.1758219967435,688.7950794562034,676.1594735021356
2025-12-01 15:30:00,680.27,12550585,2025-12-01,2025-12-01 16:00:00,680.27,2025-12-01 16:00:00,True,2025-12-01 16:00:00,2025-12-01 10:00:00,681.55,16:00,12550585.0,44388716.0,0.0018780720416696761,0.007699043840475561,13.0,683.39,688.6514495701426,676.3027166705239,True,680.27,680.9197074480595,688.6514495701426,676.3027166705239
